pnl_rank,isin,number_of_signals,number_of_trades,gross_pnl,net_pnl,gross_return_pct,net_return_pct,annualized_volatility,sharpe,sortino,max_drawdown,win_rate,average_trade_return,median_trade_return,profit_factor,best_trade,worst_trade,exposure_pct,turnover,trade_std,standard_error,t_stat,p_value,confidence_95_low,confidence_95_high,positive_months,negative_months,best_month,worst_month,monthly_return_std,buy_hold_pnl,excess_pnl,pnl_0bps,pnl_5bps,pnl_10bps,pnl_20bps,pnl_30bps,symbol,company_name,series,first_traded_date,last_traded_date,sessions_available,median_daily_value,median_volume,pct_near_zero_volume,average_daily_range,circuit_like_sessions,corporate_action_observations,coverage_ratio,liquidity_flag,coverage_flag,new_listing_flag,suspension_flag,strategy,parameters,execution_class,evaluation_start,evaluation_end
3328,INE414B01021,2084,2084,-99999.99991841412,-99999.99999879862,-0.9999999991841412,-0.9999999999879863,0.615654695755551,-3.8346296536397455,-4.517851422926109,-0.9999999999999178,0.2720729366602687,-0.011094494587977718,-0.002,0.4719991196979561,0.15849382716049365,-0.15584615384615386,0.8444084278768234,4168.0,0.0419786580058496,0.0009195591992405428,-12.065013973152116,1.8997857750756904e-32,-0.012897845359187428,-0.009291143816768009,43,61,0.9902623059385616,-0.8226041107458947,0.33446419998098054,-28993.10344827584,-71006.89655052278,-99999.99991841412,-99999.99999008916,-99999.99999879862,-99999.99999998246,-99999.99999999975,ANTGRAPHIC,ANTARCTICA LTD,EQ,2016-08-29,2026-08-27,2118,152082.965,162378.0,0.0028328611898017,0.06542492468771342,279,0,0.8581847649918962,LOW,PARTIAL,False,True,close_to_open,{},LONG_ONLY,2016-08-29,2026-08-27
3327,INE215G01021,941,941,-99999.99969943057,-99999.99995656131,-0.9999999969943058,-0.999999999565613,0.9803394817850355,-1.7157220211532078,-1.3420136589921385,-0.9999999999613628,0.24335812964930925,-0.01750565681381647,-0.002,0.5246422357166189,0.4979999999999998,-0.33533333333333326,0.3812803889789303,1882.0,0.09909219572815049,0.0032303132597039925,-5.4191824155842365,7.610341826694477e-08,-0.023845117108519675,-0.011166196519113266,21,33,0.755673218165017,-0.9382386684784424,0.3025922155357128,-99919.85178798885,-80.14816857245751,-99999.99969943057,-99999.99988567815,-99999.99995656131,-99999.99999374745,-99999.99999910365,SMPL,SMPL,BZ,2016-08-29,2021-06-18,1070,21831.574999999997,36224.5,0.008411214953271028,0.15732583753892612,113,56,0.43354943273906,LOW,PARTIAL,False,True,close_to_open,{},LONG_ONLY,2016-08-29,2026-08-27
3326,INE533D01024,954,954,-99999.98381997041,-99999.9977553787,-0.9999998381997041,-0.999999977553787,1.9787583242954,-0.0382859427499148,-0.04386392354251379,-0.9999999981605235,0.17714884696016772,-0.0007777290843328444,-0.002,0.9850981899529364,0.998,-0.502,0.386547811993517,1908.0,0.20055274174421547,0.0064931347571048,-0.11977713591757073,0.9046849393751168,-0.013520222697909635,0.011964764529243947,17,44,14.77737114687998,-0.9146770397119515,1.467915698320001,-99897.113199079,-102.88455629970122,-99999.98381997041,-99999.99397035904,-99999.9977553787,-99999.99968992935,-99999.99995734954,RAJRAYON,RAJRAYON,BZ,2016-08-29,2021-10-22,1209,32175.4,210554.0,0.0008271298593879239,0.3253103763576687,203,143,0.489870340356564,LOW,PARTIAL,False,True,close_to_open,{},LONG_ONLY,2016-08-29,2026-08-27
3325,INE744I01034,655,655,-99999.97955172752,-99999.99478739491,-0.9999997955172751,-0.9999999478739491,1.282848909831232,-0.5684532325454755,-0.37022781181979686,-0.9999999996032376,0.2595419847328244,-0.010903691728119207,-0.002,0.8046680931464386,0.3313333333333335,-0.502,0.2653970826580227,1310.0,0.1566745765346375,0.0061217822745720145,-1.7811302720467148,0.07535520062259866,-0.022924410661372525,0.0011170272051341124,16,22,3.579988041931676,-0.9962396664810733,0.5803885219695466,-96587.05971457741,-3412.935072817505,-99999.97955172752,-99999.98967196529,-99999.99478739491,-99999.9986751879,-99999.99966430187,MVL,MVL,BZ,2016-08-29,2020-03-09,717,36986.35,164978.0,0.0,0.26784183583346766,12,35,0.29051863857374394,LOW,PARTIAL,False,True,close_to_open,{},LONG_ONLY,2016-08-29,2026-08-27
3324,INE455J01027,233,233,-99999.8554892529,-99999.91211426216,-0.9999985548925291,-0.9999991211426216,0.5735596641946018,-2.1630053842041272,-0.9341138468112224,-0.99999967189754,0.1072961373390558,-0.05214646774303425,-0.002,0.24013310064545093,0.19799999999999995,-0.2520000000000001,0.09440842787682334,466.0,0.10681010132557942,0.006997362392460365,-7.452303427820445,1.805138060084331e-12,-0.06593296457145174,-0.03835997091461675,3,11,0.9826430965887243,-0.9340313718855314,0.22765501748497122,46938.775510204345,-146938.6876244665,-99999.8554892529,-99999.88728865852,-99999.91211426216,-99999.94660889806,-99999.9675996625,AUSTRAL,AUSTRAL,BZ,2016-08-29,2018-07-16,263,10116.65,34432.0,0.0076045627376425855,0.19679220230551028,57,7,0.10656401944894651,LOW,PARTIAL,False,True,close_to_open,{},LONG_ONLY,2016-08-29,2026-08-27
3323,INE861A01058,904,904,-99999.31691090908,-99999.89506630157,-0.9999931691090908,-0.9999989506630157,1.9362131668142457,0.18754848495952545,0.18154370273308668,-0.9999999999810337,0.21128318584070796,0.003934077521048039,-0.002,1.0992373190395097,0.998,-0.502,0.36628849270664504,1808.0,0.20157707189443194,0.0067043536833486265,0.5867944483327264,0.5574884329052454,-0.009223850475059891,0.01709200551715597,33,36,14.651530329989031,-0.9774679005749629,1.5477570340526021,-99977.03944554957,-22.855620752001414,-99999.31691090908,-99999.73213361127,-99999.89506630157,-99999.98394641768,-99999.99755409338,VISESHINFO,VISESH INFOTECNICS LTD,BZ,2016-08-29,2024-12-02,1412,1224214.5,4784856.0,0.0,0.3702489445142174,81,280,0.5721231766612642,OK,PARTIAL,False,True,close_to_open,{},LONG_ONLY,2016-08-29,2026-08-27
3322,INE655I01024,56,56,-99999.61853027344,-99999.67174131397,-0.9999961853027344,-0.9999967174131398,0.8459353075556005,-0.9791431174461176,-0.2140885353587647,-0.9999991677725981,0.03571428571428571,-0.14485714285714285,-0.002,0.19746735259200626,0.998,-0.502,0.022690437601296597,112.0,0.3263334284033839,0.04360813867631381,-3.3217914649455897,0.0015940116156147916,-0.2322498056803592,-0.05746448003392653,1,6,0.9940039999999999,-0.9850186507638621,0.20950470506080948,100000.0,-199999.67174131397,-99999.61853027344,-99999.64611422944,-99999.67174131397,-99999.71766019521,-99999.75726837914,BIRLACOT,BIRLACOT,EQ,2016-08-29,2017-03-08,130,89646.4,1133433.5,0.0,0.7038461538461539,0,52,0.0526742301458671,LOW,PARTIAL,False,True,close_to_open,{},LONG_ONLY,2016-08-29,2026-08-27
3321,INE183H01011,715,715,-99996.24704353517,-99999.12348998063,-0.9999624704353518,-0.9999912348998062,0.48918234547790856,-2.1741156112994613,-1.6646502459875363,-0.9999947856293042,0.22237762237762237,-0.014567733311236534,-0.002,0.47281708034541164,0.19799999999999995,-0.1984285714285714,0.28970826580226905,1430.0,0.05594724991873392,0.002092308516430847,-6.962516854869386,7.588486419611047e-12,-0.018675545960114573,-0.010459920662358494,6,36,0.5383824017415673,-0.7660517147887419,0.16886744214727722,-69607.40148849397,-30391.72200148666,-99996.24704353517,-99998.18562805312,-99999.12348998063,-99999.79589734002,-99999.95261470864,XLENERGY,XLENERGY,BZ,2016-08-29,2020-03-09,773,2595.5,2000.0,0.07761966364812418,0.06303925303761043,226,0,0.3132090761750405,LOW,PARTIAL,False,True,close_to_open,{},LONG_ONLY,2016-08-29,2026-08-27
3320,INE213M01024,55,55,-99995.93098958333,-99996.46565044802,-0.9999593098958334,-0.9999646565044802,0.7444283443193225,-0.9066380553627301,-0.18649558826272333,-0.999989422514573,0.09090909090909091,-0.12018181818181821,-0.002,0.2736263736263735,0.4979999999999998,-0.502,0.022285251215559156,110.0,0.2933991355640289,0.03956193136882048,-3.037814738148396,0.0036665169488466196,-0.19949871498388377,-0.04086492137975266,1,8,2.3413891953717587,-0.9995346455696333,0.25701233208085095,0.0,-99996.46565044802,-99995.93098958333,-99996.20753736471,-99996.46565044802,-99996.93131476823,-99997.33672399173,VKSPL,VKSPL,BZ,2016-08-29,2018-04-02,166,8537.65,85123.0,0.030120481927710843,0.48092369477911645,46,65,0.06726094003241491,LOW,PARTIAL,False,True,close_to_open,{},LONG_ONLY,2016-08-29,2026-08-27
3319,INE292A01023,794,794,-99974.32693947175,-99994.97275210409,-0.9997432693947175,-0.9999497275210408,1.4955011553256894,0.05446919674312415,0.04857137543808017,-0.9999973775098251,0.18765743073047858,0.001004758839882566,-0.002,1.0273223352853316,0.998,-0.502,0.3217179902755267,1588.0,0.16616099007647178,0.005896832884224824,0.17038957345569203,0.8647472329207296,-0.010570488196186268,0.0125800058759514,18,34,4.489868540208716,-0.9395923080428625,0.6036616851956654,-99588.81658430283,-406.15616780126584,-99974.32693947175,-99988.63439455742,-99994.97275210409,-99999.01899608929,-99999.80923788442,UVSL,UVSL,EQ,2016-08-29,2020-11-20,1045,526102.75,3630507.0,0.0,0.35026963623361035,15,164,0.423419773095624,LOW,PARTIAL,False,True,close_to_open,{},LONG_ONLY,2016-08-29,2026-08-27
3328,INE965A01016,21,21,-100000.0,-100176.1055862445,-1.0,-1.001761055862445,0.3213355428847049,-0.35758377358894794,-0.03319309498077849,-1.001761055862445,0.0,-0.05358730158730159,-0.002,0.0,-0.002,-1.002,0.008508914100486223,42.0,0.21806629737974195,0.047585967345781806,-1.126115629801351,0.2734483060168075,-0.15284989007338812,0.04567528689878494,0,9,0.0,-1.001988023984,0.09142276519696499,-54182.330827067635,-45993.77475917687,-100000.0,-100089.84246952574,-100176.1055862445,-100338.29814035859,-100487.36237070225,VISUINTL,VISUINTL,BZ,2016-09-09,2018-04-02,98,249.575,564.5,0.2653061224489796,0.035797279898341375,85,5,0.03970826580226904,LOW,PARTIAL,True,True,gap_continuation_050,"{""gap_threshold"":0.005}",INTRADAY_SHORT_ALLOWED_RESEARCH,2016-08-29,2026-08-27
3327,INE657B01025,558,558,-100000.0,-100000.00676566012,-1.0,-1.0000000676566012,0.5588642058012618,-1.7885192294833636,-0.8631621269006431,-1.000002684395965,0.014336917562724014,-0.017543260985548627,-0.002,0.002115636143180667,0.007459459459459474,-1.002,0.2260940032414911,1116.0,0.07246243611343521,0.0030675795297164877,-5.718926213844573,1.7503185880398654e-08,-0.02356869920285678,-0.011517822768240475,0,52,0.0,-1.001996,0.17205707736674097,23225074.08708341,-23325074.09384907,-100000.0,-100000.00597782833,-100000.00676566012,-100000.00432557681,-100000.00206923259,BLUECHIP,BLUE CHIP INDIA LIMITED,EQ,2016-08-29,2026-08-27,1060,17301.9,18969.5,0.04433962264150943,0.05414549249468766,714,35,0.42949756888168555,LOW,PARTIAL,False,True,gap_continuation_050,"{""gap_threshold"":0.005}",INTRADAY_SHORT_ALLOWED_RESEARCH,2016-08-29,2026-08-27
3326,INE803A01027,76,76,-100000.0,-100000.00100018033,-1.0,-1.0000000100018034,0.6611272075626843,-1.688526231141256,-0.36693637390402395,-1.0000000151688357,0.0,-0.14385463659147874,-0.002,0.0,-0.002,-1.002,0.03079416531604538,152.0,0.1916469035094912,0.02198340750632533,-6.5437824663936714,6.565892145903066e-09,-0.18764783003713847,-0.100061443145819,0,16,0.0,-1.0013293333333333,0.18956582137665146,53773.43750000006,-153773.43850018037,-100000.0,-100000.00054738036,-100000.00100018033,-100000.00166907693,-100000.00208801938,ATNINTER,ATNINTER,BE,2016-08-31,2022-05-02,307,781.4,5005.0,0.0781758957654723,0.21816865725660514,145,52,0.12439222042139383,LOW,PARTIAL,True,True,gap_continuation_050,"{""gap_threshold"":0.005}",INTRADAY_SHORT_ALLOWED_RESEARCH,2016-08-29,2026-08-27
3232,INE655I01024,32,32,-100000.0,-100000.0,-1.0,-1.0,1.6155875825963308,-1.7420760901532937,-0.6784198438242431,-1.000496008,0.0,-0.861375,-1.002,0.0,-0.002,-1.002,0.012965964343598054,64.0,0.26133574376219937,0.04619806914517029,-18.645259768179102,2.1068488849195904e-18,-0.9555965832191258,-0.7671534167808742,0,6,0.0,-1.000000001984032,0.2179922698842821,100000.0,-200000.0,-100000.0,-100000.0,-100000.0,-100000.0,-100000.0,BIRLACOT,BIRLACOT,EQ,2016-08-29,2017-03-08,130,89646.4,1133433.5,0.0,0.7038461538461539,0,52,0.0526742301458671,LOW,PARTIAL,False,True,gap_continuation_050,"{""gap_threshold"":0.005}",INTRADAY_SHORT_ALLOWED_RESEARCH,2016-08-29,2026-08-27
3233,INE213M01024,35,35,-100000.0,-100000.0,-1.0,-1.0,1.4161836428826486,-1.7594825485446333,-0.5411736059532984,-1.002,0.0,-0.6972380952380952,-0.502,0.0,-0.33533333333333326,-1.002,0.014181523500810372,70.0,0.2900465206255441,0.049026810195176206,-14.22156759663506,7.119837283022071e-16,-0.796872561066604,-0.5976036294095864,0,9,0.0,-1.002,0.22970939501200355,0.0,-100000.0,-100000.0,-100000.0,-100000.0,-100000.0,-100000.0,VKSPL,VKSPL,BZ,2016-08-29,2018-04-02,166,8537.65,85123.0,0.030120481927710843,0.48092369477911645,46,65,0.06726094003241491,LOW,PARTIAL,False,True,gap_continuation_050,"{""gap_threshold"":0.005}",INTRADAY_SHORT_ALLOWED_RESEARCH,2016-08-29,2026-08-27
3234,INE292A01023,325,325,-100000.0,-100000.0,-1.0,-1.0,2.001835177054546,-3.4208966941763648,-1.4889633746740323,-1.0000000000491902,0.009230769230769232,-0.20636190556552544,-0.10199999999999998,0.004053177883503078,0.10911111111111105,-1.002,0.13168557536466774,650.0,0.28981145178026224,0.016075846917083,-12.836767271417283,8.94121327215295e-31,-0.2379881245213811,-0.1747356866096698,0,49,0.0,-1.002,0.3631154795216134,-99588.81658430283,-411.1834156971745,-100000.0,-100000.0,-100000.0,-100000.0,-100000.0,UVSL,UVSL,EQ,2016-08-29,2020-11-20,1045,526102.75,3630507.0,0.0,0.35026963623361035,15,164,0.423419773095624,LOW,PARTIAL,False,True,gap_continuation_050,"{""gap_threshold"":0.005}",INTRADAY_SHORT_ALLOWED_RESEARCH,2016-08-29,2026-08-27
3235,INE744I01034,351,351,-100000.0,-100000.0,-1.0,-1.0,1.760166693330619,-3.5707497875459997,-1.6145178602447534,-1.0,0.008547008547008548,-0.17536814815447296,-0.11311111111111116,0.004070423404198058,0.08890909090909083,-1.002,0.14222042139384117,702.0,0.24536174544286776,0.01309644110405339,-13.390519360270781,2.663724622225437e-33,-0.20112577017998834,-0.1496105261289576,0,38,0.0,-1.000000008,0.349363860489113,-96587.05971457741,-3412.940285422592,-100000.0,-100000.0,-100000.0,-100000.0,-100000.0,MVL,MVL,BZ,2016-08-29,2020-03-09,717,36986.35,164978.0,0.0,0.26784183583346766,12,35,0.29051863857374394,LOW,PARTIAL,False,True,gap_continuation_050,"{""gap_threshold"":0.005}",INTRADAY_SHORT_ALLOWED_RESEARCH,2016-08-29,2026-08-27
3236,INE216G01011,478,478,-100000.0,-100000.0,-1.0,-1.0,0.9948556363933592,-4.013990599356598,-2.0857061015842384,-1.0,0.03347280334728033,-0.0818188053147147,-0.03903703703703704,0.028158755129049213,0.1313333333333333,-0.6686666666666667,0.19367909238249595,956.0,0.12208088611312384,0.005583849760406325,-14.652759086548366,2.090473282555105e-40,-0.09279078938303349,-0.0708468212463959,1,50,0.10594277955448783,-0.9924188351453074,0.2917571279057716,-99992.96833019955,-7.031669800446252,-100000.0,-100000.0,-100000.0,-100000.0,-100000.0,SUJANAUNI,SUJANAUNI,BE,2016-08-29,2021-02-02,1047,55035.6,121430.0,0.0009551098376313276,0.18726107911243595,55,59,0.42423014586709884,LOW,PARTIAL,False,True,gap_continuation_050,"{""gap_threshold"":0.005}",INTRADAY_SHORT_ALLOWED_RESEARCH,2016-08-29,2026-08-27
3237,INE215G01021,536,536,-100000.0,-100000.0,-1.0,-1.0,1.1999700803858793,-4.1183417279514245,-2.203108947426471,-1.0,0.061567164179104475,-0.09029685468880963,-0.03533333333333333,0.028211266739182072,0.13525490196078427,-0.6686666666666667,0.2171799027552674,1072.0,0.14125797171850427,0.006101415081464029,-14.79932990678336,8.68461718457422e-42,-0.10228252337280364,-0.07831118600481562,2,52,0.029096346245444993,-0.9957639516959049,0.31792754173813836,-99919.85178798885,-80.14821201114682,-100000.0,-100000.0,-100000.0,-100000.0,-100000.0,SMPL,SMPL,BZ,2016-08-29,2021-06-18,1070,21831.574999999997,36224.5,0.008411214953271028,0.15732583753892612,113,56,0.43354943273906,LOW,PARTIAL,False,True,gap_continuation_050,"{""gap_threshold"":0.005}",INTRADAY_SHORT_ALLOWED_RESEARCH,2016-08-29,2026-08-27
3238,INE861A01058,418,418,-100000.0,-100000.0,-1.0,-1.0,2.891826512833281,-4.275166216606494,-2.1899831083207655,-1.002,0.0,-0.28966336562520945,-0.10199999999999998,0.0,-0.002,-1.002,0.1693679092382496,836.0,0.35561838408637186,0.017393863729920085,-16.65319276515571,4.1819186786821937e-48,-0.32385394698074993,-0.25547278426966896,0,67,0.0,-1.002,0.4069020071235572,-99977.03944554957,-22.96055445043021,-100000.0,-100000.0,-100000.0,-100000.0,-100000.0,VISESHINFO,VISESH INFOTECNICS LTD,BZ,2016-08-29,2024-12-02,1412,1224214.5,4784856.0,0.0,0.3702489445142174,81,280,0.5721231766612642,OK,PARTIAL,False,True,gap_continuation_050,"{""gap_threshold"":0.005}",INTRADAY_SHORT_ALLOWED_RESEARCH,2016-08-29,2026-08-27
3328,INE965A01016,21,21,-100000.0,-100176.1055862445,-1.0,-1.001761055862445,0.3213355428847049,-0.35758377358894794,-0.03319309498077849,-1.001761055862445,0.0,-0.05358730158730159,-0.002,0.0,-0.002,-1.002,0.008508914100486223,42.0,0.21806629737974195,0.047585967345781806,-1.126115629801351,0.2734483060168075,-0.15284989007338812,0.04567528689878494,0,9,0.0,-1.001988023984,0.09142276519696499,-54182.330827067635,-45993.77475917687,-100000.0,-100089.84246952574,-100176.1055862445,-100338.29814035859,-100487.36237070225,VISUINTL,VISUINTL,BZ,2016-09-09,2018-04-02,98,249.575,564.5,0.2653061224489796,0.035797279898341375,85,5,0.03970826580226904,LOW,PARTIAL,True,True,gap_continuation_100,"{""gap_threshold"":0.01}",INTRADAY_SHORT_ALLOWED_RESEARCH,2016-08-29,2026-08-27
3327,INE657B01025,556,556,-100000.0,-100000.00694829879,-1.0,-1.000000069482988,0.5587985999820471,-1.7839481643939925,-0.8600929991276925,-1.000002684395965,0.012589928057553957,-0.01755930665599834,-0.002,0.0017143749037632217,0.007459459459459474,-1.002,0.2252836304700162,1112.0,0.07258515272563029,0.0030782961500504793,-5.704229157974419,1.9023223029013068e-08,-0.023605842250866958,-0.01151277106112972,0,52,0.0,-1.001996,0.17191599052506687,23225074.08708341,-23325074.09403171,-100000.0,-100000.00612677354,-100000.00694829879,-100000.00446041078,-100000.00214242806,BLUECHIP,BLUE CHIP INDIA LIMITED,EQ,2016-08-29,2026-08-27,1060,17301.9,18969.5,0.04433962264150943,0.05414549249468766,714,35,0.42949756888168555,LOW,PARTIAL,False,True,gap_continuation_100,"{""gap_threshold"":0.01}",INTRADAY_SHORT_ALLOWED_RESEARCH,2016-08-29,2026-08-27
3326,INE803A01027,76,76,-100000.0,-100000.00100018033,-1.0,-1.0000000100018034,0.6611272075626843,-1.688526231141256,-0.36693637390402395,-1.0000000151688357,0.0,-0.14385463659147874,-0.002,0.0,-0.002,-1.002,0.03079416531604538,152.0,0.1916469035094912,0.02198340750632533,-6.5437824663936714,6.565892145903066e-09,-0.18764783003713847,-0.100061443145819,0,16,0.0,-1.0013293333333333,0.18956582137665146,53773.43750000006,-153773.43850018037,-100000.0,-100000.00054738036,-100000.00100018033,-100000.00166907693,-100000.00208801938,ATNINTER,ATNINTER,BE,2016-08-31,2022-05-02,307,781.4,5005.0,0.0781758957654723,0.21816865725660514,145,52,0.12439222042139383,LOW,PARTIAL,True,True,gap_continuation_100,"{""gap_threshold"":0.01}",INTRADAY_SHORT_ALLOWED_RESEARCH,2016-08-29,2026-08-27
3245,INE655I01024,32,32,-100000.0,-100000.0,-1.0,-1.0,1.6155875825963308,-1.7420760901532937,-0.6784198438242431,-1.000496008,0.0,-0.861375,-1.002,0.0,-0.002,-1.002,0.012965964343598054,64.0,0.26133574376219937,0.04619806914517029,-18.645259768179102,2.1068488849195904e-18,-0.9555965832191258,-0.7671534167808742,0,6,0.0,-1.000000001984032,0.2179922698842821,100000.0,-200000.0,-100000.0,-100000.0,-100000.0,-100000.0,-100000.0,BIRLACOT,BIRLACOT,EQ,2016-08-29,2017-03-08,130,89646.4,1133433.5,0.0,0.7038461538461539,0,52,0.0526742301458671,LOW,PARTIAL,False,True,gap_continuation_100,"{""gap_threshold"":0.01}",INTRADAY_SHORT_ALLOWED_RESEARCH,2016-08-29,2026-08-27
3246,INE213M01024,35,35,-100000.0,-100000.0,-1.0,-1.0,1.4161836428826486,-1.7594825485446333,-0.5411736059532984,-1.002,0.0,-0.6972380952380952,-0.502,0.0,-0.33533333333333326,-1.002,0.014181523500810372,70.0,0.2900465206255441,0.049026810195176206,-14.22156759663506,7.119837283022071e-16,-0.796872561066604,-0.5976036294095864,0,9,0.0,-1.002,0.22970939501200355,0.0,-100000.0,-100000.0,-100000.0,-100000.0,-100000.0,-100000.0,VKSPL,VKSPL,BZ,2016-08-29,2018-04-02,166,8537.65,85123.0,0.030120481927710843,0.48092369477911645,46,65,0.06726094003241491,LOW,PARTIAL,False,True,gap_continuation_100,"{""gap_threshold"":0.01}",INTRADAY_SHORT_ALLOWED_RESEARCH,2016-08-29,2026-08-27
3247,INE292A01023,325,325,-100000.0,-100000.0,-1.0,-1.0,2.001835177054546,-3.4208966941763648,-1.4889633746740323,-1.0000000000491902,0.009230769230769232,-0.20636190556552544,-0.10199999999999998,0.004053177883503078,0.10911111111111105,-1.002,0.13168557536466774,650.0,0.28981145178026224,0.016075846917083,-12.836767271417283,8.94121327215295e-31,-0.2379881245213811,-0.1747356866096698,0,49,0.0,-1.002,0.3631154795216134,-99588.81658430283,-411.1834156971745,-100000.0,-100000.0,-100000.0,-100000.0,-100000.0,UVSL,UVSL,EQ,2016-08-29,2020-11-20,1045,526102.75,3630507.0,0.0,0.35026963623361035,15,164,0.423419773095624,LOW,PARTIAL,False,True,gap_continuation_100,"{""gap_threshold"":0.01}",INTRADAY_SHORT_ALLOWED_RESEARCH,2016-08-29,2026-08-27
3248,INE744I01034,351,351,-100000.0,-100000.0,-1.0,-1.0,1.760166693330619,-3.5707497875459997,-1.6145178602447534,-1.0,0.008547008547008548,-0.17536814815447296,-0.11311111111111116,0.004070423404198058,0.08890909090909083,-1.002,0.14222042139384117,702.0,0.24536174544286776,0.01309644110405339,-13.390519360270781,2.663724622225437e-33,-0.20112577017998834,-0.1496105261289576,0,38,0.0,-1.000000008,0.349363860489113,-96587.05971457741,-3412.940285422592,-100000.0,-100000.0,-100000.0,-100000.0,-100000.0,MVL,MVL,BZ,2016-08-29,2020-03-09,717,36986.35,164978.0,0.0,0.26784183583346766,12,35,0.29051863857374394,LOW,PARTIAL,False,True,gap_continuation_100,"{""gap_threshold"":0.01}",INTRADAY_SHORT_ALLOWED_RESEARCH,2016-08-29,2026-08-27
3249,INE216G01011,478,478,-100000.0,-100000.0,-1.0,-1.0,0.9948556363933592,-4.013990599356598,-2.0857061015842384,-1.0,0.03347280334728033,-0.0818188053147147,-0.03903703703703704,0.028158755129049213,0.1313333333333333,-0.6686666666666667,0.19367909238249595,956.0,0.12208088611312384,0.005583849760406325,-14.652759086548366,2.090473282555105e-40,-0.09279078938303349,-0.0708468212463959,1,50,0.10594277955448783,-0.9924188351453074,0.2917571279057716,-99992.96833019955,-7.031669800446252,-100000.0,-100000.0,-100000.0,-100000.0,-100000.0,SUJANAUNI,SUJANAUNI,BE,2016-08-29,2021-02-02,1047,55035.6,121430.0,0.0009551098376313276,0.18726107911243595,55,59,0.42423014586709884,LOW,PARTIAL,False,True,gap_continuation_100,"{""gap_threshold"":0.01}",INTRADAY_SHORT_ALLOWED_RESEARCH,2016-08-29,2026-08-27
3250,INE215G01021,536,536,-100000.0,-100000.0,-1.0,-1.0,1.1999700803858793,-4.1183417279514245,-2.203108947426471,-1.0,0.061567164179104475,-0.09029685468880963,-0.03533333333333333,0.028211266739182072,0.13525490196078427,-0.6686666666666667,0.2171799027552674,1072.0,0.14125797171850427,0.006101415081464029,-14.79932990678336,8.68461718457422e-42,-0.10228252337280364,-0.07831118600481562,2,52,0.029096346245444993,-0.9957639516959049,0.31792754173813836,-99919.85178798885,-80.14821201114682,-100000.0,-100000.0,-100000.0,-100000.0,-100000.0,SMPL,SMPL,BZ,2016-08-29,2021-06-18,1070,21831.574999999997,36224.5,0.008411214953271028,0.15732583753892612,113,56,0.43354943273906,LOW,PARTIAL,False,True,gap_continuation_100,"{""gap_threshold"":0.01}",INTRADAY_SHORT_ALLOWED_RESEARCH,2016-08-29,2026-08-27
3251,INE861A01058,418,418,-100000.0,-100000.0,-1.0,-1.0,2.891826512833281,-4.275166216606494,-2.1899831083207655,-1.002,0.0,-0.28966336562520945,-0.10199999999999998,0.0,-0.002,-1.002,0.1693679092382496,836.0,0.35561838408637186,0.017393863729920085,-16.65319276515571,4.1819186786821937e-48,-0.32385394698074993,-0.25547278426966896,0,67,0.0,-1.002,0.4069020071235572,-99977.03944554957,-22.96055445043021,-100000.0,-100000.0,-100000.0,-100000.0,-100000.0,VISESHINFO,VISESH INFOTECNICS LTD,BZ,2016-08-29,2024-12-02,1412,1224214.5,4784856.0,0.0,0.3702489445142174,81,280,0.5721231766612642,OK,PARTIAL,False,True,gap_continuation_100,"{""gap_threshold"":0.01}",INTRADAY_SHORT_ALLOWED_RESEARCH,2016-08-29,2026-08-27
3328,INE531E01026,1417,1417,-80456.12600566752,-98859.97138892376,-0.8045612600566753,-0.9885997138892375,0.38177507620465584,-1.0000001869337705,-0.9306477268217933,-0.9930031712242388,0.49611856033874385,-0.0026386538299279553,-0.00023113207547164998,0.7893435994743055,0.13055813953488382,-0.18927050183598526,0.5741491085899514,2834.0,0.0316971285723173,0.0008420444085542205,-3.1336278741622317,0.0017620177790863827,-0.004290442434782049,-0.0009868652250738614,48,73,0.6975788756124215,-0.4536873083363906,0.13165943871677802,737314.597970333,-836174.5693592567,-80456.12600566752,-95276.40244816685,-98859.97138892376,-99933.8791594594,-99996.18698529918,HINDCOPPER,HINDUSTAN COPPER LTD,EQ,2016-08-29,2026-08-27,2468,337077793.9,2890156.5,0.0,0.04114681959769065,0,0,1.0,OK,FULL,False,False,gap_fade_050,"{""gap_threshold"":0.005}",INTRADAY_SHORT_ALLOWED_RESEARCH,2016-08-29,2026-08-27
3327,INE139A01034,1319,1319,-78005.69527658215,-98437.8708157749,-0.7800569527658214,-0.9843787081577491,0.32751254741660585,-1.1312330289203523,-1.1786669226300843,-0.9870591056753505,0.46853677028051555,-0.0027509318964764563,-0.002,0.7635972528131841,0.2520983606557379,-0.18892307692307686,0.5344408427876823,2638.0,0.028163812286881685,0.0007754772174160845,-3.547405177991754,0.0004026962568475588,-0.004272236357540092,-0.0012296274354128209,43,78,0.26946894855452364,-0.2658145134482378,0.09402758469677559,735407.7253218851,-833845.59613766,-78005.69527658215,-94134.5450421931,-98437.8708157749,-99889.63938355035,-99992.24481007177,NATIONALUM,NATIONAL ALUMINIUM CO LTD,EQ,2016-08-29,2026-08-27,2468,932991640.475,10011338.0,0.0,0.03719196153182587,0,0,1.0,OK,FULL,False,False,gap_fade_050,"{""gap_threshold"":0.005}",INTRADAY_SHORT_ALLOWED_RESEARCH,2016-08-29,2026-08-27
3326,INE749A01030,1302,1302,-77590.56893687556,-98353.46551177997,-0.7759056893687555,-0.9835346551177997,0.3469795753423283,-1.0320879267738468,-1.0360546961358055,-0.9854623496474083,0.47081413210445466,-0.002693731093166495,-0.0017362876471880267,0.7781767665129437,0.17664077669902922,-0.21692537313432836,0.5275526742301458,2604.0,0.030041780420144607,0.0008325688832308459,-3.23544531560352,0.0012450859782884623,-0.004327055632177163,-0.0010604065541558272,47,74,0.3561747666900106,-0.3207280699396544,0.0950260891257859,1271629.5427901468,-1369983.0083019268,-77590.56893687556,-93921.65561692753,-98353.46551177997,-99879.65432661762,-99991.25015057146,JINDALSTEL,JINDAL STEEL LIMITED,EQ,2016-08-29,2026-08-27,2468,1738278011.025,6061049.0,0.0,0.03931513148500303,0,0,1.0,OK,FULL,False,False,gap_fade_050,"{""gap_threshold"":0.005}",INTRADAY_SHORT_ALLOWED_RESEARCH,2016-08-29,2026-08-27
3325,INE205A01025,1299,1299,-76419.4056806191,-98256.04414002252,-0.764194056806191,-0.9825604414002252,0.2793143013609549,-1.3383628275839572,-1.3605942689161958,-0.9852014570908024,0.4488067744418784,-0.00281839916933747,-0.0024387889425185865,0.7249983429249148,0.14700888585099103,-0.1182260711030082,0.5263371150729336,2598.0,0.02417943163166372,0.000670874851964151,-4.201080367054919,2.837902295314621e-05,-0.004134516956877691,-0.001502281381797249,44,77,0.15379415632694027,-0.2546485267755032,0.07927918180231174,361794.8952580612,-460050.9393980837,-76419.4056806191,-93583.04900092458,-98256.04414002252,-99871.69522367093,-99990.60995682035,VEDL,VEDANTA LIMITED,EQ,2016-08-29,2026-08-27,2468,2928894368.625,11199912.0,0.0,0.033416710787523736,0,1,1.0,OK,FULL,False,False,gap_fade_050,"{""gap_threshold"":0.005}",INTRADAY_SHORT_ALLOWED_RESEARCH,2016-08-29,2026-08-27
3324,INE038A01020,1311,1311,-74527.23810936631,-98160.36108194293,-0.7452723810936631,-0.9816036108194294,0.26122428324221414,-1.4290031302961215,-1.4768995476970095,-0.9835452784710494,0.4691075514874142,-0.0027886155786973838,-0.0017749943748595048,0.7162370947281304,0.11696400351185243,-0.13005208898535003,0.5311993517017828,2622.0,0.02250106442316789,0.0006214435964235934,-4.487318872936918,7.845201545608455e-06,-0.004007749037439228,-0.0015694821199555402,44,77,0.1565890649386088,-0.32604594478542437,0.07344127811102209,546873.0259001892,-645033.3869821321,-74527.23810936631,-93150.00187629704,-98160.36108194293,-99867.84140421906,-99990.55601531731,HINDALCO,HINDALCO  INDUSTRIES  LTD,EQ,2016-08-29,2026-08-27,2468,2782230198.025,7791607.5,0.0,0.03064526658730609,0,0,1.0,OK,FULL,False,False,gap_fade_050,"{""gap_threshold"":0.005}",INTRADAY_SHORT_ALLOWED_RESEARCH,2016-08-29,2026-08-27
3323,INE155A01022,1197,1197,-74478.70346310199,-97684.52957701423,-0.7447870346310199,-0.9768452957701422,0.27622589302925277,-1.250710401399127,-1.117515244941726,-0.9774008139850366,0.47953216374269003,-0.002826647235639045,-0.0010425531914893798,0.7271874419550446,0.09557281553398056,-0.13728637261356136,0.48500810372771475,2394.0,0.024908439414739254,0.0007199452047269315,-3.9261977398837815,9.122559872385287e-05,-0.004239143343881059,-0.0014141511273970309,40,81,0.16913440116006195,-0.25938051827266306,0.0767275118425541,513.7031679383217,-98198.23274495255,-74478.70346310199,-92308.12244103031,-97684.52957701423,-99790.93539056892,-99981.21469987305,TMPV,TATA MOTORS PASS VEH LTD,EQ,2016-08-29,2026-08-27,2468,5572396381.575,13143832.0,0.0,0.03054539166795528,0,1,1.0,OK,FULL,False,False,gap_fade_050,"{""gap_threshold"":0.005}",INTRADAY_SHORT_ALLOWED_RESEARCH,2016-08-29,2026-08-27
3322,INE114A01011,1219,1219,-47115.94055729075,-95403.08611227693,-0.4711594055729075,-0.9540308611227694,0.3209685670983682,-0.8195167796461251,-0.8571740781189081,-0.9621137711060014,0.4725184577522559,-0.002113300533038334,-0.0011922455573506446,0.8134814100944093,0.29405263157894734,-0.19514736203759853,0.4939222042139384,2438.0,0.028736187432439053,0.000823052038477056,-2.5676390243182006,0.010357834021223335,-0.0037280574928897064,-0.000498543573186962,40,81,0.31368740602939194,-0.2972051827800397,0.07971648726358257,299999.99999999703,-395403.086112274,-47115.94055729075,-84398.67366356388,-95403.08611227693,-99602.37277272657,-99965.77484437053,SAIL,STEEL AUTHORITY OF INDIA,EQ,2016-08-29,2026-08-27,2468,1439546162.755,19252699.0,0.0,0.036969044702198584,0,0,1.0,OK,FULL,False,False,gap_fade_050,"{""gap_threshold"":0.005}",INTRADAY_SHORT_ALLOWED_RESEARCH,2016-08-29,2026-08-27
3321,INE046A01015,1106,1106,-55966.43064266998,-95203.24900151302,-0.5596643064266997,-0.9520324900151302,0.3355663900452345,-0.7521573159068224,-0.6043244889852176,-0.9588741167883845,0.4719710669077758,-0.0022349953687841734,-0.0011449989665223686,0.7994348079793399,0.20444989339019193,-0.19375842145426803,0.4481361426256078,2212.0,0.031541345203492985,0.0009484242462396526,-2.3565354614726113,0.01862010229564672,-0.004095911053928583,-0.00037407968363976376,47,73,0.22244984252116784,-0.2594467887381564,0.07515295316907283,73008.09301265227,-168211.3420141653,-55966.43064266998,-85458.57237280259,-95203.24900151302,-99479.79507379566,-99943.83601193501,RIIL,RELIANCE INDUSTRIAL INFRA,EQ,2016-08-29,2026-08-27,2468,141678894.475,243265.5,0.0,0.03943332540799436,0,0,1.0,OK,FULL,False,False,gap_fade_050,"{""gap_threshold"":0.005}",INTRADAY_SHORT_ALLOWED_RESEARCH,2016-08-29,2026-08-27
3320,INE113A01013,1083,1083,-35354.981668856024,-92618.3766766003,-0.3535498166885602,-0.926183766766003,0.29628534332219836,-0.7481567979158993,-0.6869270621193724,-0.9317104845341222,0.4884579870729455,-0.002004559504477688,-0.0008215884987037275,0.822138363395527,0.15826252983293554,-0.17259925093632966,0.43881685575364665,2166.0,0.028142514017964193,0.000855162528628655,-2.3440684517505868,0.019254841953344128,-0.0036825242579170124,-0.0003265947510383634,51,69,0.23270905739063674,-0.2863802307451331,0.07588529524492227,275773.3637251732,-368391.74040177354,-35354.981668856024,-78143.54690221128,-92618.3766766003,-99160.7812383574,-99905.00574396804,GNFC,GUJ NAR VAL FER & CHEM L,EQ,2016-08-29,2026-08-27,2468,260666975.725,667391.5,0.0,0.03682226974743088,0,0,1.0,OK,FULL,False,False,gap_fade_050,"{""gap_threshold"":0.005}",INTRADAY_SHORT_ALLOWED_RESEARCH,2016-08-29,2026-08-27
3319,INE070D01027,1367,1367,16929.311535523157,-92435.88100006021,0.1692931153552315,-0.924358810000602,0.41428936502140795,-0.42623256186736025,-0.4073244617622127,-0.9315639314106874,0.5003657644476956,-0.001265104816948399,4.008016031955067e-06,0.8991864296692615,0.20619256756756754,-0.1924540523787388,0.5538897893030794,2734.0,0.03506199037171281,0.000948314320438254,-1.3340564301124795,0.18240772637826652,-0.0031254150615832354,0.000595205427686437,56,65,0.29243921589947885,-0.30996955350627264,0.11524875748656266,34814.8148148146,-127250.69581487481,16929.311535523157,-70239.58391304329,-92435.88100006021,-99513.36482006001,-99968.86497615709,JAICORPLTD,JAI CORP LIMITED,EQ,2016-08-29,2026-08-27,2468,145575566.95,1081494.0,0.0,0.04748092868586385,0,0,1.0,OK,FULL,False,False,gap_fade_050,"{""gap_threshold"":0.005}",INTRADAY_SHORT_ALLOWED_RESEARCH,2016-08-29,2026-08-27
3328,INE531E01026,633,633,-76077.65546431803,-93288.34475827398,-0.7607765546431803,-0.9328834475827398,0.2854568873218675,-0.8196742191436105,-0.5411722627584816,-0.9493301613198555,0.47709320695102686,-0.0036201178264119106,-0.002,0.7524082875084854,0.13055813953488382,-0.18088888888888888,0.25648298217179905,1266.0,0.03539001850497009,0.0014066269525151514,-2.573616138905113,0.010290943367885833,-0.006382345853194293,-0.0008578897996295281,49,68,0.4596257949757234,-0.34169172641701484,0.09622401639791495,737314.597970333,-830602.942728607,-76077.65546431803,-87324.78278939048,-93288.34475827398,-98121.79263291601,-99475.74697582175,HINDCOPPER,HINDUSTAN COPPER LTD,EQ,2016-08-29,2026-08-27,2468,337077793.9,2890156.5,0.0,0.04114681959769065,0,0,1.0,OK,FULL,False,False,gap_fade_100,"{""gap_threshold"":0.01}",INTRADAY_SHORT_ALLOWED_RESEARCH,2016-08-29,2026-08-27
3327,INE038A01020,596,596,-61811.473630516775,-88446.21275580095,-0.6181147363051678,-0.8844621275580095,0.20103672877551856,-0.994215972315758,-0.693634080446376,-0.9123742457375086,0.4563758389261745,-0.003284388324745428,-0.0025513799880249027,0.7080735657243105,0.11696400351185243,-0.13005208898535003,0.24149108589951376,1192.0,0.025627615592170104,0.001049748036994861,-3.128739667994737,0.0018414624200997405,-0.005346050408480803,-0.0012227262410100539,43,76,0.14237940889230405,-0.33995141676357277,0.05671619051147319,546873.0259001892,-635319.2386559901,-61811.473630516775,-78988.41058734008,-88446.21275580095,-96512.8425830307,-98950.04605893891,HINDALCO,HINDALCO  INDUSTRIES  LTD,EQ,2016-08-29,2026-08-27,2468,2782230198.025,7791607.5,0.0,0.03064526658730609,0,0,1.0,OK,FULL,False,False,gap_fade_100,"{""gap_threshold"":0.01}",INTRADAY_SHORT_ALLOWED_RESEARCH,2016-08-29,2026-08-27
3326,INE139A01034,608,608,-48422.036220692265,-84759.06176738928,-0.48422036220692266,-0.8475906176738928,0.24243327067818507,-0.6717103992564715,-0.5112972239410938,-0.9103868264854821,0.4654605263157895,-0.0026231029019909815,-0.002,0.789832413885137,0.2520983606557379,-0.10823003194888181,0.24635332252836303,1216.0,0.030703580739194283,0.0012451946253288014,-2.106580649027725,0.035563765667639635,-0.005068515531397849,-0.00017769027258411358,50,63,0.18583543983580997,-0.2310412010522941,0.06712562258598037,735407.7253218851,-820166.7870892744,-48422.036220692265,-71954.0102169307,-84759.06176738928,-95507.43380042457,-98678.9834917917,NATIONALUM,NATIONAL ALUMINIUM CO LTD,EQ,2016-08-29,2026-08-27,2468,932991640.475,10011338.0,0.0,0.03719196153182587,0,0,1.0,OK,FULL,False,False,gap_fade_100,"{""gap_threshold"":0.01}",INTRADAY_SHORT_ALLOWED_RESEARCH,2016-08-29,2026-08-27
3325,INE155A01022,565,565,-47663.66558441269,-83142.58480170507,-0.47663665584412684,-0.8314258480170507,0.2163624498999248,-0.7298818205346066,-0.44974416197596456,-0.849895133382643,0.5079646017699115,-0.002737351724035726,0.0003880597014924731,0.7651924170363709,0.09557281553398056,-0.13728637261356136,0.22893030794165317,1130.0,0.028403662224382058,0.0011949510507668626,-2.290764732395544,0.02234504512701577,-0.005084449515728248,-0.00039025393234320494,49,70,0.1222369766948137,-0.21533456228242853,0.05470470930669147,513.7031679383217,-83656.2879696434,-47663.66558441269,-70288.77451051545,-83142.58480170507,-94582.6200451158,-98263.02227192916,TMPV,TATA MOTORS PASS VEH LTD,EQ,2016-08-29,2026-08-27,2468,5572396381.575,13143832.0,0.0,0.03054539166795528,0,1,1.0,OK,FULL,False,False,gap_fade_100,"{""gap_threshold"":0.01}",INTRADAY_SHORT_ALLOWED_RESEARCH,2016-08-29,2026-08-27
3324,INE070D01027,539,539,-50203.15380983004,-83111.5954388171,-0.5020315380983004,-0.831115954388171,0.28910745731751064,-0.4808313443840213,-0.29481720339689016,-0.8684455460620937,0.4897959183673469,-0.0025258520832053192,-0.0009071038251366997,0.8293538233644698,0.1773576326236015,-0.18771428571428572,0.21839546191247974,1078.0,0.038934805425341196,0.00167704079066689,-1.5061363428142327,0.13261906893777528,-0.005820202802050366,0.0007684986356397278,55,59,0.289566917684591,-0.25817404553163237,0.08020718050947431,34814.8148148146,-117926.4102536317,-50203.15380983004,-70992.30737975516,-83111.5954388171,-94284.82048138583,-98070.15790921274,JAICORPLTD,JAI CORP LIMITED,EQ,2016-08-29,2026-08-27,2468,145575566.95,1081494.0,0.0,0.04748092868586385,0,0,1.0,OK,FULL,False,False,gap_fade_100,"{""gap_threshold"":0.01}",INTRADAY_SHORT_ALLOWED_RESEARCH,2016-08-29,2026-08-27
3323,INE205A01025,627,627,-30626.991433355186,-80252.80216436833,-0.3062699143335519,-0.8025280216436833,0.22439281650648316,-0.6249135010606743,-0.4493240284040253,-0.8228201927905457,0.45773524720893144,-0.0021903117403445473,-0.0025578800557879405,0.8080944902334787,0.14700888585099103,-0.1182260711030082,0.2540518638573744,1254.0,0.02799725019304694,0.0011181024726514958,-1.9589543838056167,0.05056164690829372,-0.004385997510914012,5.374030224917451e-06,49,67,0.1376945040068227,-0.20669529566210443,0.05729653619237064,361794.8952580612,-442047.6974224295,-30626.991433355186,-62975.8749722193,-80252.80216436833,-94393.08698624362,-98412.03424158314,VEDL,VEDANTA LIMITED,EQ,2016-08-29,2026-08-27,2468,2928894368.625,11199912.0,0.0,0.033416710787523736,0,1,1.0,OK,FULL,False,False,gap_fade_100,"{""gap_threshold"":0.01}",INTRADAY_SHORT_ALLOWED_RESEARCH,2016-08-29,2026-08-27
3322,INE134E01011,343,343,-60239.848525415604,-80034.63717330892,-0.602398485254156,-0.8003463717330892,0.18140819513525425,-0.8143921988343461,-0.4104376927282477,-0.8082677857604765,0.43731778425655976,-0.004218334373425377,-0.003941747572815511,0.6649547827664201,0.21042603550295857,-0.21882877592218752,0.13897893030794164,686.0,0.0304408544271905,0.0016436516430748083,-2.5664406391697834,0.01069997100271886,-0.007451273298773372,-0.000985395448077382,46,57,0.10153307584525795,-0.2779794209943215,0.04636051269366339,211193.7035417591,-291228.34071506804,-60239.848525415604,-71820.20709843868,-80034.63717330892,-89988.39416253571,-94986.68258355725,PFC,POWER FIN CORP LTD.,EQ,2016-08-29,2026-08-27,2468,930610161.5,6399466.0,0.0,0.032679142419121926,0,0,1.0,OK,FULL,False,False,gap_fade_100,"{""gap_threshold"":0.01}",INTRADAY_SHORT_ALLOWED_RESEARCH,2016-08-29,2026-08-27
3321,INE451A01017,321,321,-53833.64941350355,-75769.55754712757,-0.5383364941350355,-0.7576955754712756,0.21008499990477766,-0.5814628843327969,-0.2603970763028126,-0.7790697937372404,0.49221183800623053,-0.003726976250299516,-0.0017495721858175033,0.7374218677301269,0.1762375488620982,-0.18301898882550582,0.130064829821718,642.0,0.036580206929179085,0.0020417080527167027,-1.8254207526587312,0.06886952972062567,-0.007743842828155115,0.00028989032755608263,35,46,0.23008595334076976,-0.22983923412812068,0.060065070468963276,910719.1999102624,-986488.75745739,-53833.64941350355,-66548.63656084827,-75769.55754712757,-87299.14447412001,-93351.27825613301,FORCEMOT,FORCE MOTORS LIMITED,EQ,2019-08-19,2026-08-27,1661,108640588.9,44032.0,0.0,0.04175440426958151,1,0,0.6730145867098866,OK,PARTIAL,True,True,gap_fade_100,"{""gap_threshold"":0.01}",INTRADAY_SHORT_ALLOWED_RESEARCH,2016-08-29,2026-08-27
3320,INE271C01023,439,439,-34229.38334529297,-72724.21308945009,-0.34229383345292963,-0.727242130894501,0.21507009264147903,-0.508649316743379,-0.32338134856458794,-0.7534191091420637,0.46697038724373574,-0.0024404987074112343,-0.002448933782267069,0.8128794786934441,0.1476035849706996,-0.14625355450236976,0.1778768233387358,878.0,0.032077018414953105,0.0015309525600797273,-1.594104723456709,0.11163389546952543,-0.005449425018005287,0.0005684276031828186,47,61,0.2102156948135001,-0.2056043943189627,0.06245194734929177,327132.02779532643,-399856.2408847765,-34229.38334529297,-57635.654535109585,-72724.21308945009,-88708.44062065467,-95333.849806564,DLF,DLF LIMITED,EQ,2016-08-29,2026-08-27,2468,1839067032.625,5767144.0,0.0,0.03476156401029529,0,0,1.0,OK,FULL,False,False,gap_fade_100,"{""gap_threshold"":0.01}",INTRADAY_SHORT_ALLOWED_RESEARCH,2016-08-29,2026-08-27
3319,INE140A01024,356,356,-43215.8363528358,-72201.38882959558,-0.432158363528358,-0.7220138882959559,0.20370947568499587,-0.537159433460428,-0.26251070502653256,-0.8020650525753871,0.49719101123595505,-0.0030102949822108514,-0.00032188503383945126,0.7844759819670142,0.09477287581699345,-0.17750287356321826,0.14424635332252836,712.0,0.03371325481572805,0.0017867989316392972,-1.6847418749288476,0.09291724686044688,-0.006524336857819812,0.0005037468933981096,43,57,0.24261309300585876,-0.2600596628533156,0.05833592446107417,8742.188066847273,-80943.57689644286,-43215.8363528358,-60262.269592865116,-72201.38882959558,-86410.77886802322,-93366.55531071754,PEL,PIRAMAL ENTERPRISES LTD,EQ,2016-08-29,2025-09-22,2239,1042643805.0,714528.0,0.0,0.03660092444135484,0,1,0.9072123176661264,OK,PARTIAL,False,True,gap_fade_100,"{""gap_threshold"":0.01}",INTRADAY_SHORT_ALLOWED_RESEARCH,2016-08-29,2026-08-27
3328,INE803A01027,67,67,-100000.0,-100117.41730998553,-1.0,-1.0011741730998551,0.5334451597684865,-0.1291017799110031,-0.027006789154988452,-1.001195841376705,0.1791044776119403,-0.010066808813077466,-0.002,0.8334822478250649,0.498,-1.002,0.027147487844408427,134.0,0.20520437579522913,0.02506970457038559,-0.4015527500459345,0.6893104941331539,-0.060120088951955475,0.03998647132580055,5,11,0.49211379200000005,-1.0013266746666667,0.13155206294678679,53773.43750000006,-153890.85480998558,-100000.0,-100062.80013186675,-100117.41730998553,-100205.18855407987,-100268.85127546558,ATNINTER,ATNINTER,BE,2016-08-31,2022-05-02,307,781.4,5005.0,0.0781758957654723,0.21816865725660514,145,52,0.12439222042139383,LOW,PARTIAL,True,True,momentum_1d,"{""move_threshold"":0.02,""signal_feature"":""previous_cc_signal""}",INTRADAY_SHORT_ALLOWED_RESEARCH,2016-08-29,2026-08-27
3327,INE696K01024,998,998,-99997.74736773506,-99999.70294236732,-0.9999774736773507,-0.9999970294236732,0.679522515279814,-1.5185177159427174,-1.132337797553558,-0.9999980793578492,0.25250501002004005,-0.01012599684008964,-0.002,0.558289661993199,0.2480000000000001,-0.6686666666666667,0.40437601296596437,1996.0,0.06687945996209256,0.0021170323135120185,-4.783109249424385,1.986277411797077e-06,-0.014280347232189688,-0.005971646447989592,24,82,0.3551997150000894,-0.8124539647360094,0.17201818335024593,2304.6875000001455,-102304.39044236747,-99997.74736773506,-99999.18155271262,-99999.70294236732,-99999.96098912183,-99999.99489826632,PRAKASHSTL,PRAKASH STEELAGE LTD,EQ,2016-08-29,2026-08-27,2247,728217.2,229693.0,0.0022251891410769915,0.07030736477561618,407,13,0.910453808752026,LOW,PARTIAL,False,True,momentum_1d,"{""move_threshold"":0.02,""signal_feature"":""previous_cc_signal""}",INTRADAY_SHORT_ALLOWED_RESEARCH,2016-08-29,2026-08-27
3326,INE516K01024,1173,1173,-99994.66254740636,-99999.50318311562,-0.9999466254740637,-0.9999950318311562,0.7627476677155942,-1.236163369905064,-1.1051045983407286,-0.9999952070812436,0.2259164535379369,-0.007872331273097081,-0.002,0.6744475062746359,0.33133333333333326,-0.252,0.4752836304700162,2346.0,0.06947718238556089,0.0020285849141272842,-3.88070088576195,0.00010995850918252142,-0.011852394919792328,-0.0038922676264018337,28,77,0.6087321689125669,-0.5496985491871567,0.1911794680875296,1326174.619186616,-1426174.1223697318,-99994.66254740636,-99998.37060085103,-99999.50318311562,-99999.95397900669,-99999.99575767134,GOENKA,GOENKA DIAMOND&JEWELS LTD,BZ,2016-08-29,2025-12-15,2066,95958.175,123886.5,0.002904162633107454,0.1045403180036589,285,0,0.8371150729335495,LOW,PARTIAL,False,True,momentum_1d,"{""move_threshold"":0.02,""signal_feature"":""previous_cc_signal""}",INTRADAY_SHORT_ALLOWED_RESEARCH,2016-08-29,2026-08-27
3325,INE938A01021,1044,1044,-99995.773072481,-99999.49177996533,-0.9999577307248099,-0.9999949177996533,0.7027908747511964,-1.346144462167442,-1.0285304079271187,-0.9999968219390827,0.2624521072796935,-0.008874867925784825,-0.002,0.5682180117959382,0.6646666666666667,-0.6686666666666667,0.42301458670988656,2088.0,0.06775276759051375,0.0020968955150252756,-4.232384428404794,2.515877447793106e-05,-0.012989482383815417,-0.0047602534677542345,18,67,0.5756299121364516,-0.9190259901372151,0.18006898234060273,194561.42126158887,-294560.9130415542,-99995.773072481,-99998.53352579869,-99999.49177996533,-99999.93916049381,-99999.99274865654,LCCINFOTEC,LCC INFOTECH LTD,EQ,2016-08-29,2026-08-27,1681,215026.8,81821.0,0.007733491969066032,0.07104652402396887,399,3,0.6811183144246353,LOW,PARTIAL,False,True,momentum_1d,"{""move_threshold"":0.02,""signal_feature"":""previous_cc_signal""}",INTRADAY_SHORT_ALLOWED_RESEARCH,2016-08-29,2026-08-27
3324,INE287Z01012,1077,1077,-99994.77587775295,-99999.4094662276,-0.9999477587775295,-0.999994094662276,0.6206208076505021,-1.6552777038978341,-1.406211855963196,-0.9999964801481885,0.22934076137418755,-0.009341704140550727,-0.002,0.5863030554524021,0.33133333333333326,-0.252,0.43638573743922204,2154.0,0.058780366062355545,0.0017911189746783057,-5.215568743683566,2.1969875662485007e-07,-0.012856186096483438,-0.005827222184618015,24,65,0.36573615545071325,-0.6543995310572274,0.16939728134718132,288144.3877218902,-388143.79718811775,-99994.77587775295,-99998.24260454855,-99999.4094662276,-99999.93354180917,-99999.99255410756,GAYAHWS,GAYATRI HIGHWAYS LIMITED,EQ,2018-06-28,2026-08-27,1770,134264.09999999998,159036.5,0.0,0.07967226799489845,345,1,0.7171799027552674,LOW,PARTIAL,True,True,momentum_1d,"{""move_threshold"":0.02,""signal_feature"":""previous_cc_signal""}",INTRADAY_SHORT_ALLOWED_RESEARCH,2016-08-29,2026-08-27
3323,INE691G01015,1112,1112,-99992.995596434,-99999.26185058749,-0.9999299559643401,-0.9999926185058748,0.6379768348899479,-1.543174632391399,-1.2322822951052095,-0.9999941238381292,0.24550359712230216,-0.008670812848913129,-0.002,0.5811227833852723,0.2837142857142858,-0.4019999999999999,0.4505672609400324,2224.0,0.059540754294604835,0.0017855085681944452,-4.856214640113036,1.3677223905070699e-06,-0.012174161943679509,-0.005167463754146749,24,79,0.6112705453342273,-0.7612873678142035,0.1762544654512579,6406558.499939557,-6506557.761790144,-99992.995596434,-99997.72487096746,-99999.26185058749,-99999.92256686851,-99999.99191443033,IMPEXFERRO,IMPEX FERRO TECH LIMITED,BZ,2016-08-29,2026-08-27,2005,21582.05,14692.0,0.013965087281795512,0.06544044435210963,522,0,0.8123987034035657,LOW,PARTIAL,False,True,momentum_1d,"{""move_threshold"":0.02,""signal_feature"":""previous_cc_signal""}",INTRADAY_SHORT_ALLOWED_RESEARCH,2016-08-29,2026-08-27
3322,INE699B01027,1273,1273,-99987.04999641383,-99999.00849364011,-0.9998704999641383,-0.9999900849364012,0.55029929880914,-1.8515059687498396,-1.8425293881369365,-0.9999911758859317,0.3762765121759623,-0.007838632192723502,-0.002,0.6402925047026616,0.18847619047619046,-0.2379374999999999,0.5158022690437601,2546.0,0.047967573834041495,0.0013444156238375093,-5.830512568984326,6.99790348992842e-09,-0.010476148068509033,-0.005201116316937971,28,91,0.34106685604536824,-0.40122061013067956,0.13293560316810576,4999.999999999622,-104999.00849363973,-99987.04999641383,-99996.4143742,-99999.00849364011,-99999.92448062492,-99999.99427798067,SAMBHAAV,SAMBHAAV MEDIA LTD,EQ,2016-08-29,2026-08-27,2468,202131.15000000002,43577.5,0.0004051863857374392,0.06947994649001467,65,0,1.0,LOW,FULL,False,False,momentum_1d,"{""move_threshold"":0.02,""signal_feature"":""previous_cc_signal""}",INTRADAY_SHORT_ALLOWED_RESEARCH,2016-08-29,2026-08-27
3321,INE512B01022,1129,1129,-99988.57255943427,-99998.84090913153,-0.9998857255943426,-0.9999884090913153,0.9750963914838984,-0.6901166040257206,-0.6436877442275852,-0.9999928548095547,0.2604074402125775,-0.005837416729906614,-0.002,0.8000355332526871,0.3979999999999999,-0.2877142857142858,0.4574554294975689,2258.0,0.0907381316871739,0.0027004917936256072,-2.1616124676570325,0.030857881572563275,-0.01113596872428189,-0.000538864735531339,36,78,2.995780006906299,-0.7911240975722954,0.3679332353220997,-74482.93864727013,-25515.902261861396,-99988.57255943427,-99996.3584415448,-99998.84090913153,-99999.88298290082,-99999.98824192959,FCSSOFT,FCS SOFTWARE SOLN. LTD.,EQ,2016-08-29,2026-08-27,2352,2996247.2,1874331.5,0.0,0.112784013190898,154,16,0.9529983792544571,OK,FULL,False,True,momentum_1d,"{""move_threshold"":0.02,""signal_feature"":""previous_cc_signal""}",INTRADAY_SHORT_ALLOWED_RESEARCH,2016-08-29,2026-08-27
3320,INE093R01011,1479,1479,-99975.12896066076,-99998.73770318765,-0.9997512896066076,-0.9999873770318766,0.5548402651482405,-1.7882115739478879,-1.8216250251756643,-0.9999907441365872,0.28329952670723463,-0.0065699688831294826,-0.002,0.6293264449407859,0.204896551724138,-0.2747272727272725,0.5992706645056726,2958.0,0.04496389149536103,0.0011691757637191636,-5.619316690443809,2.2877326900834748e-08,-0.008863389374553134,-0.004276548391705831,28,92,0.5383956935831897,-0.5024382167926533,0.1627948721733748,4632972.972972999,-4732971.710676187,-99975.12896066076,-99994.3926904255,-99998.73770318765,-99999.93631910748,-99999.99680679903,LLOYDSENGG,LLOYDS ENGG WORK LIMITED,EQ,2016-08-29,2026-08-27,2468,7826372.25,1741402.5,0.0,0.0636177844739399,200,0,1.0,OK,FULL,False,False,momentum_1d,"{""move_threshold"":0.02,""signal_feature"":""previous_cc_signal""}",INTRADAY_SHORT_ALLOWED_RESEARCH,2016-08-29,2026-08-27
3319,INE425B01027,1415,1415,-99958.92133951894,-99997.62576816491,-0.9995892133951894,-0.9999762576816491,0.47949541897406844,-2.0186244539738,-1.9803291774060336,-0.9999796297587652,0.3462897526501767,-0.006699280576778745,-0.002,0.6127685479361467,0.18702439024390227,-0.16526530612244894,0.5733387358184765,2830.0,0.03965647950604923,0.0010542313753636834,-6.354658695741874,2.810899469150513e-10,-0.008767306279585885,-0.004631254873971604,26,83,0.49267275096999663,-0.5039238745343078,0.129977857459855,-36017.79297532143,-63979.83279284349,-99958.92133951894,-99990.11715440566,-99997.62576816491,-99999.86356480353,-99999.99220500213,BCG,BRIGHTCOM GROUP LIMITED,EQ,2016-08-29,2026-08-27,2228,22770873.17,1992405.5,0.0,0.051134107306952864,275,2,0.9027552674230146,OK,PARTIAL,False,True,momentum_1d,"{""move_threshold"":0.02,""signal_feature"":""previous_cc_signal""}",INTRADAY_SHORT_ALLOWED_RESEARCH,2016-08-29,2026-08-27
3328,INE655I01024,28,28,-100000.0,-146428.61021951892,-1.0,-1.4642861021951892,0.8580282583829607,0.7668480648905693,0.1758518329038424,-1.0398034689499784,0.35714285714285715,0.23014285714285718,-0.002,7.22007722007722,0.998,-1.002,0.011345218800648298,56.0,0.4611206730697238,0.08714361609522915,2.6409606056668653,0.013576386978829158,0.051338926322223616,0.4089467879634907,4,2,4.896802334897966,-1.002984027984,0.5853640086948864,100000.0,-246428.61021951892,-100000.0,-123751.19332611597,-146428.61021951892,-188701.1799183045,-227086.243409432,BIRLACOT,BIRLACOT,EQ,2016-08-29,2017-03-08,130,89646.4,1133433.5,0.0,0.7038461538461539,0,52,0.0526742301458671,LOW,PARTIAL,False,True,momentum_5d,"{""move_threshold"":0.05,""signal_feature"":""previous_5d_signal""}",INTRADAY_SHORT_ALLOWED_RESEARCH,2016-08-29,2026-08-27
3327,INE744I01034,359,359,-100000.0,-100440.78677940242,-1.0,-1.0044078677940242,1.0018483729301086,0.37013295003983504,0.2354078467529511,-1.004425552301019,0.2479108635097493,0.01011602541686108,-0.002,1.2445480246585856,0.998,-1.002,0.1454619124797407,718.0,0.165405477940888,0.008729767237713834,1.1587966942759267,0.24731144079700423,-0.00705204411943334,0.0272840949531555,13,23,4.71280368385485,-1.001984047936032,0.5785458703624172,-96587.05971457741,-3853.7270648250123,-100000.0,-100316.10414718959,-100440.78677940242,-100428.06668173302,-100311.32079164781,MVL,MVL,BZ,2016-08-29,2020-03-09,717,36986.35,164978.0,0.0,0.26784183583346766,12,35,0.29051863857374394,LOW,PARTIAL,False,True,momentum_5d,"{""move_threshold"":0.05,""signal_feature"":""previous_5d_signal""}",INTRADAY_SHORT_ALLOWED_RESEARCH,2016-08-29,2026-08-27
3326,INE657B01025,458,458,-100000.0,-100010.10025306624,-1.0,-1.0001010025306625,0.48601024019768513,-0.6411123127325005,-0.28523156867571176,-1.0002731216921776,0.09388646288209607,-0.006662829105069365,-0.002,0.42919790001406594,0.2480000000000001,-1.002,0.18557536466774716,916.0,0.07087793177034615,0.0033119082521763377,-2.01177949319431,0.04482962646037603,-0.013171286848621426,-0.0001543713615173043,11,38,0.2380459120839682,-1.001988023984,0.1290148626614052,23225074.08708341,-23325084.18733648,-100000.0,-100008.00991172336,-100010.10025306624,-100008.01856129093,-100004.76539844443,BLUECHIP,BLUE CHIP INDIA LIMITED,EQ,2016-08-29,2026-08-27,1060,17301.9,18969.5,0.04433962264150943,0.05414549249468766,714,35,0.42949756888168555,LOW,PARTIAL,False,True,momentum_5d,"{""move_threshold"":0.05,""signal_feature"":""previous_5d_signal""}",INTRADAY_SHORT_ALLOWED_RESEARCH,2016-08-29,2026-08-27
3325,INE512B01022,1122,1122,-99998.24350421564,-99999.82033443969,-0.9999824350421563,-0.9999982033443968,1.0304271367489488,-0.7678454891854621,-0.6843564095172201,-0.9999994938719025,0.25935828877005346,-0.006906259335982534,-0.002,0.7786397107667664,0.3313333333333335,-0.5019999999999998,0.4546191247974068,2244.0,0.096158617128301,0.002870726250448711,-2.4057533646418037,0.016300302652022033,-0.012538860908525956,-0.0012736577634391115,30,84,1.1201582942657775,-0.7168132349835639,0.24983927050806823,-74482.93864727013,-25516.88168716956,-99998.24350421564,-99999.43790427965,-99999.82033443969,-99999.98170872919,-99999.99814657199,FCSSOFT,FCS SOFTWARE SOLN. LTD.,EQ,2016-08-29,2026-08-27,2352,2996247.2,1874331.5,0.0,0.112784013190898,154,16,0.9529983792544571,OK,FULL,False,True,momentum_5d,"{""move_threshold"":0.05,""signal_feature"":""previous_5d_signal""}",INTRADAY_SHORT_ALLOWED_RESEARCH,2016-08-29,2026-08-27
3324,INE938A01021,923,923,-99995.7049017641,-99999.34290144904,-0.9999570490176409,-0.9999934290144904,0.7142955585723586,-1.2488139075866032,-0.8849485109942272,-0.9999939073249493,0.228602383531961,-0.009464955794148376,-0.002,0.5634772167724394,0.4979999999999998,-0.6686666666666667,0.3739870340356564,1846.0,0.07322083744446285,0.0024100932211954086,-3.9272156408347345,9.234177411083948e-05,-0.014194860796043134,-0.004735050792253618,19,63,0.39243325274649377,-0.8038558034759324,0.15892149583915371,194561.42126158887,-294560.7641630379,-99995.7049017641,-99998.31921326034,-99999.34290144904,-99999.8998622526,-99999.98479915547,LCCINFOTEC,LCC INFOTECH LTD,EQ,2016-08-29,2026-08-27,1681,215026.8,81821.0,0.007733491969066032,0.07104652402396887,399,3,0.6811183144246353,LOW,PARTIAL,False,True,momentum_5d,"{""move_threshold"":0.05,""signal_feature"":""previous_5d_signal""}",INTRADAY_SHORT_ALLOWED_RESEARCH,2016-08-29,2026-08-27
3323,INE516K01024,1038,1038,-99983.77790565588,-99998.02298130424,-0.9998377790565588,-0.9999802298130425,0.8352794984474358,-0.8544808000609794,-0.6928376862476144,-0.999989627697822,0.2321772639691715,-0.006734128382796178,-0.002,0.7414957194687583,0.3313333333333335,-0.6686666666666667,0.4205834683954619,2076.0,0.08099494306745274,0.0025139650039218996,-2.6786881966497673,0.007508048796697847,-0.011667166872138472,-0.0018010898934538834,32,70,0.603755454308545,-0.6104972117570671,0.21721080663222608,1326174.619186616,-1426172.6421679202,-99983.77790565588,-99994.3337831344,-99998.02298130424,-99999.76009684724,-99999.97101491582,GOENKA,GOENKA DIAMOND&JEWELS LTD,BZ,2016-08-29,2025-12-15,2066,95958.175,123886.5,0.002904162633107454,0.1045403180036589,285,0,0.8371150729335495,LOW,PARTIAL,False,True,momentum_5d,"{""move_threshold"":0.05,""signal_feature"":""previous_5d_signal""}",INTRADAY_SHORT_ALLOWED_RESEARCH,2016-08-29,2026-08-27
3322,INE414B01021,1039,1039,-99983.55338914954,-99997.98715181169,-0.9998355338914954,-0.9999798715181168,0.5326392219922151,-1.7920813812544196,-1.47648906614506,-0.9999837868185444,0.22232916265640038,-0.008997460283087224,-0.002,0.5673946691387766,0.19799999999999995,-0.22422222222222232,0.42098865478119935,2078.0,0.051271650548031046,0.0015906313024235611,-5.656534150546558,1.996456042264079e-08,-0.012118679787680688,-0.00587624077849376,27,72,0.7136857817705724,-0.6266529735599361,0.16574886565526742,-28993.10344827584,-71004.88370353584,-99983.55338914954,-99994.24328231139,-99997.98715181169,-99999.7547030495,-99999.97023456522,ANTGRAPHIC,ANTARCTICA LTD,EQ,2016-08-29,2026-08-27,2118,152082.965,162378.0,0.0028328611898017,0.06542492468771342,279,0,0.8581847649918962,LOW,PARTIAL,False,True,momentum_5d,"{""move_threshold"":0.05,""signal_feature"":""previous_5d_signal""}",INTRADAY_SHORT_ALLOWED_RESEARCH,2016-08-29,2026-08-27
3321,INE287Z01012,1116,1116,-99974.9816181437,-99997.37761232242,-0.9997498161814371,-0.9999737761232241,0.6728029966494077,-1.2550793168036718,-1.1379226275114325,-0.999986680811627,0.23745519713261648,-0.007410363463024839,-0.002,0.6754873138249188,0.3979999999999999,-0.252,0.4521880064829822,2232.0,0.06280344309121676,0.0018799718941198923,-3.94174162188419,8.592879528300839e-05,-0.011099044762555185,-0.0037216821634944936,28,59,0.495422216481453,-0.536138761816811,0.1631939168065626,288144.3877218902,-388141.76533421257,-99974.9816181437,-99991.8954936896,-99997.37761232242,-99999.72638339883,-99999.97158237973,GAYAHWS,GAYATRI HIGHWAYS LIMITED,EQ,2018-06-28,2026-08-27,1770,134264.09999999998,159036.5,0.0,0.07967226799489845,345,1,0.7171799027552674,LOW,PARTIAL,True,True,momentum_5d,"{""move_threshold"":0.05,""signal_feature"":""previous_5d_signal""}",INTRADAY_SHORT_ALLOWED_RESEARCH,2016-08-29,2026-08-27
3320,INE590L01019,1150,1150,-99950.39596814061,-99995.12790193602,-0.9995039596814062,-0.9999512790193603,0.533831694496058,-1.6205840291659095,-1.5021103326113239,-0.9999552755192105,0.4026086956521739,-0.007367543078397529,-0.00615195107244376,0.6548844736165699,0.2178214285714286,-0.30200000000000005,0.4659643435980551,2300.0,0.048979945588964235,0.0014443397979994623,-5.100976299761472,3.950141384137488e-07,-0.010201382195805523,-0.004533703960989535,35,81,0.34214228587371087,-0.4846297274635619,0.1375381691634363,417819.6328810864,-517814.7607830224,-99950.39596814061,-99984.44495159446,-99995.12790193602,-99999.52370943537,-99999.953657813,VASWANI,VASWANI IND LTD,EQ,2016-08-29,2026-08-27,2466,669801.6699999999,34062.0,0.0032441200324412004,0.06825465967898885,60,0,0.9991896272285251,LOW,FULL,False,True,momentum_5d,"{""move_threshold"":0.05,""signal_feature"":""previous_5d_signal""}",INTRADAY_SHORT_ALLOWED_RESEARCH,2016-08-29,2026-08-27
3319,INE691G01015,966,966,-99961.13796371603,-99994.49452002888,-0.9996113796371603,-0.9999449452002888,0.6368301302174972,-1.231350702545799,-0.9498734209668627,-0.9999450968375945,0.22567287784679088,-0.007950104798507423,-0.002,0.6169956875489404,0.3979999999999999,-0.4019999999999999,0.3914100486223663,1932.0,0.06384139800180193,0.002054063311034893,-3.870428314355094,0.00011594970327039754,-0.011981050670520995,-0.003919158926493851,27,70,0.8395160145417715,-0.5848829198596521,0.1981783726666694,6406558.499939557,-6506552.994459586,-99961.13796371603,-99985.36556054393,-99994.49452002888,-99999.2231529797,-99999.89082092751,IMPEXFERRO,IMPEX FERRO TECH LIMITED,BZ,2016-08-29,2026-08-27,2005,21582.05,14692.0,0.013965087281795512,0.06544044435210963,522,0,0.8123987034035657,LOW,PARTIAL,False,True,momentum_5d,"{""move_threshold"":0.05,""signal_feature"":""previous_5d_signal""}",INTRADAY_SHORT_ALLOWED_RESEARCH,2016-08-29,2026-08-27
3328,INE512B01022,2336,2336,-99999.99999999699,-99999.99999999997,-0.9999999999999699,-0.9999999999999998,1.4436431235493163,-1.8102230957044871,-2.608741939550199,-0.9999999999999998,0.20034246575342465,-0.010956295177170514,-0.002,0.6542204460756138,0.6646666666666667,-0.2877142857142857,0.946515397082658,4672.0,0.09344176365596345,0.001933323846076652,-5.667077039061216,1.631479187592812e-08,-0.0147475054706897,-0.007165084883651328,14,105,4.983241614516591,-0.9345047856536042,0.555002015962303,-74482.93864727013,-25517.06135272984,-99999.99999999699,-99999.99999999972,-99999.99999999997,-100000.0,-100000.0,FCSSOFT,FCS SOFTWARE SOLN. LTD.,EQ,2016-08-29,2026-08-27,2352,2996247.2,1874331.5,0.0,0.112784013190898,154,16,0.9529983792544571,OK,FULL,False,True,open_to_close,{},LONG_ONLY,2016-08-29,2026-08-27
3327,INE142K01011,2468,2468,-99999.99999991842,-99999.99999999945,-0.9999999999991842,-0.9999999999999946,0.5914544352639822,-5.3349692604952095,-8.108538853725923,-0.9999999999999946,0.2913290113452188,-0.012521393774273408,-0.01298901098901095,0.4056990367353354,0.21305376344086024,-0.16302941176470598,1.0,4936.0,0.037258127322253524,0.0007499778634121729,-16.695684479678967,2.260008374154064e-59,-0.013992044903641405,-0.011050742644905411,10,111,0.19924876151343263,-0.510749179742048,0.14165060193665535,-92052.1739130435,-7947.826086955945,-99999.99999991842,-99999.99999999329,-99999.99999999945,-100000.0,-100000.0,AURUS,AURUS GEM CORP LIMITED,EQ,2016-08-29,2026-08-27,2468,229223.275,37653.5,0.0,0.06438032778574429,66,0,1.0,LOW,FULL,False,False,open_to_close,{},LONG_ONLY,2016-08-29,2026-08-27
3326,INE370E01029,2453,2453,-99999.99999990952,-99999.99999999937,-0.9999999999990951,-0.9999999999999938,0.9954784907377633,-2.8450808187444387,-4.248347753066973,-0.9999999999999938,0.1716265796983286,-0.011307681171700381,-0.002,0.5326866253179715,0.6646666666666667,-0.2520000000000001,0.9939222042139384,4906.0,0.06289458833830097,0.001269885326016848,-8.904489988216746,1.0205088366832274e-18,-0.013797839865536123,-0.00881752247786464,20,101,2.0547438651460475,-0.862175550164135,0.3090439402248821,-99684.13637612354,-315.8636238758336,-99999.99999990952,-99999.99999999248,-99999.99999999937,-100000.0,-100000.0,VIVIDHA,VISAGAR POLYTEX LTD,EQ,2016-08-29,2026-08-27,2468,440448.20999999996,461505.5,0.0,0.08558086651512245,220,15,1.0,LOW,FULL,False,False,open_to_close,{},LONG_ONLY,2016-08-29,2026-08-27
3325,INE392B01011,2466,2466,-99999.9999996134,-99999.99999999738,-0.9999999999961341,-0.9999999999999738,0.6818800693597207,-4.314558218804999,-6.884978228153433,-0.9999999999999813,0.3313057583130576,-0.011684116336941797,-0.013004570747217779,0.4757519130656401,0.2431612903225806,-0.16810169491525417,0.9991896272285251,4932.0,0.042970541243773024,0.0008653151109239621,-13.50273003376283,3.8840924602636275e-40,-0.013380935955277496,-0.009987296718606098,14,107,0.6506043741035346,-0.7283134763989008,0.20145104810271167,17072.34526624663,-117072.34526624401,-99999.9999996134,-99999.99999996813,-99999.99999999738,-99999.99999999999,-100000.0,PNC,PRITISH NANDY COMMUNICATI,EQ,2016-08-29,2026-08-27,2466,277436.32499999995,11624.0,0.0040551500405515,0.06920032995704337,48,0,0.9991896272285251,LOW,FULL,False,True,open_to_close,{},LONG_ONLY,2016-08-29,2026-08-27
3324,INE797H01018,2466,2466,-99999.99999960515,-99999.99999999732,-0.9999999999960515,-0.9999999999999732,0.5593978480916374,-5.3859075220984565,-7.82204035732518,-0.9999999999999766,0.3004866180048662,-0.011965510324884882,-0.011987531172069797,0.4025242690556343,0.21276510067114085,-0.20041269841269838,0.9991896272285251,4932.0,0.03525139859168955,0.0007098716236675981,-16.855879184273196,2.019836307613614e-60,-0.01335751663834546,-0.010573504011424303,10,111,0.1750156530951683,-0.5947160402901537,0.13816306428515338,-87380.06716238904,-12619.932837608285,-99999.99999960515,-99999.99999996743,-99999.99999999732,-99999.99999999999,-100000.0,TGBHOTELS,TGB BANQUETS&HOTELS LTD,EQ,2016-08-29,2026-08-27,2466,359194.975,29833.5,0.0008110300081103001,0.05943464337179458,72,0,0.9991896272285251,LOW,FULL,False,True,open_to_close,{},LONG_ONLY,2016-08-29,2026-08-27
3323,INE759V01019,2396,2396,-99999.99999878953,-99999.99999999053,-0.9999999999878952,-0.9999999999999053,0.5584814595446314,-5.168990574587355,-7.477745860100522,-0.9999999999999191,0.30258764607679467,-0.0117997362806314,-0.011463722397476393,0.39795505662857883,0.1845828092243187,-0.20140476190476198,0.9708265802269044,4792.0,0.03564897696744709,0.0007282888556560349,-16.202000331314043,4.206717678191144e-56,-0.013227877943887899,-0.0103715946173749,2,115,0.11804685917060675,-0.589725222949572,0.12587281225650665,-96933.72015175186,-3066.2798482386715,-99999.99999878953,-99999.9999998928,-99999.99999999053,-99999.99999999993,-100000.0,HEADSUP,HEADS UP VENTURES LIMITED,EQ,2016-12-14,2026-08-27,2397,709479.75,39204.0,0.0,0.06177322104668436,71,1,0.9712317666126418,LOW,FULL,True,True,open_to_close,{},LONG_ONLY,2016-08-29,2026-08-27
3322,INE360C01024,2468,2468,-99999.9999973678,-99999.99999998214,-0.999999999973678,-0.9999999999998214,0.5548839769746036,-5.091237496188867,-7.513880822801115,-0.9999999999998592,0.2986223662884927,-0.011210500434950402,-0.011295125638994817,0.4015122916856392,0.19799999999999995,-0.19028451882845188,1.0,4936.0,0.03495440498974503,0.0007036056789519602,-15.932930575047013,1.7785589327150722e-54,-0.012590219139810035,-0.00983078173009077,10,111,0.20614252903787444,-0.5648896862428684,0.13127013008620067,-76671.9492868463,-23328.050713135846,-99999.9999973678,-99999.99999978291,-99999.99999998214,-99999.99999999988,-100000.0,DPSCLTD,DPSC LIMITED,BE,2016-08-29,2026-08-27,2468,901428.575,61312.5,0.0,0.055591514839034246,4,0,1.0,LOW,FULL,False,False,open_to_close,{},LONG_ONLY,2016-08-29,2026-08-27
3321,INE890C01046,2219,2219,-99999.99999834172,-99999.9999999815,-0.9999999999834172,-0.999999999999815,0.6025072227389093,-4.635604912522718,-6.103861410645767,-0.9999999999998312,0.18657052726453358,-0.012326959930769942,-0.002,0.3931657297964269,0.20787654320987659,-0.2520000000000001,0.8991085899513777,4438.0,0.039836127358000156,0.0008456652034167276,-14.576643192797247,4.957201071048702e-46,-0.013985338242606274,-0.01066858161893361,16,105,0.4821871040998833,-0.6711500352347283,0.18818132422017347,-27679.380610326654,-72320.61938965485,-99999.99999834172,-99999.99999982468,-99999.9999999815,-99999.9999999998,-100000.0,SANWARIA,SANWARIA CONSUMER LIMITED,BZ,2016-08-29,2026-08-27,2220,1281068.0,1010918.0,0.0,0.0590629871556957,252,1,0.899513776337115,OK,PARTIAL,False,True,open_to_close,{},LONG_ONLY,2016-08-29,2026-08-27
3320,INE524L01026,2468,2468,-99999.9999961885,-99999.99999997413,-0.999999999961885,-0.9999999999997412,0.565676594298164,-4.915930864946141,-6.880324031411581,-0.999999999999742,0.27106969205834686,-0.011035027894793492,-0.005646553558132204,0.41496902556082543,0.1944285714285714,-0.20839534883720934,1.0,4936.0,0.035634275976259996,0.0007172909666061756,-15.384311818403548,4.5423267324834246e-51,-0.012441582436717473,-0.009628473352869512,10,111,0.34869740825226647,-0.5693606088665588,0.15453207486368145,-97243.24324324321,-2756.756756730916,-99999.9999961885,-99999.99999968556,-99999.99999997413,-99999.99999999983,-100000.0,KRIDHANINF,KRIDHAN INFRA LIMITED,BE,2016-08-29,2026-08-27,2468,447405.95,78657.5,0.0,0.054979648993056233,268,0,1.0,LOW,FULL,False,False,open_to_close,{},LONG_ONLY,2016-08-29,2026-08-27
3319,INE526B01014,2305,2305,-99999.99999361156,-99999.99999993983,-0.9999999999361155,-0.9999999999993984,0.5701572149527735,-4.7251213098851075,-6.595811794242674,-0.9999999999994692,0.27765726681127983,-0.011446725599441815,-0.007244755244755095,0.4125878080340549,0.2064225553176302,-0.139546468401487,0.9339546191247974,4610.0,0.037048647940019,0.0007716793851065806,-14.833525192409866,1.302415196049991e-47,-0.012959984357815948,-0.009933466841067683,11,110,0.163947768325986,-0.6663725852046838,0.16125942877953617,1100241.941033988,-1200241.941033928,-99999.99999361156,-99999.99999937929,-99999.99999993983,-99999.99999999943,-100000.0,CALSOFT,CALIFORNIA SOFTWARE CO LT,EQ,2016-08-29,2026-08-27,2306,467791.925,26733.5,0.0199479618386817,0.05583016354662298,281,1,0.9343598055105349,LOW,PARTIAL,False,True,open_to_close,{},LONG_ONLY,2016-08-29,2026-08-27
3328,INE213M01024,28,28,-100000.0,-100001.29746047064,-1.0,-1.0000129746047064,0.5282666138623533,-0.9128291799042275,-0.11319481159254254,-1.000994008,0.0,-0.16866666666666658,-0.002,0.0,-0.002,-1.002,0.011345218800648298,56.0,0.2683588286331377,0.0507150516208487,-3.3257713691713677,0.0025488246702480076,-0.2727253572271968,-0.06460797610613636,0,8,0.0,-1.000994008,0.14546111596583688,0.0,-100001.29746047064,-100000.0,-100000.67121425351,-100001.29746047064,-100002.42363787645,-100003.39483787135,VKSPL,VKSPL,BZ,2016-08-29,2018-04-02,166,8537.65,85123.0,0.030120481927710843,0.48092369477911645,46,65,0.06726094003241491,LOW,PARTIAL,False,True,reversal_1d,"{""move_threshold"":0.02,""signal_feature"":""previous_cc_signal""}",INTRADAY_SHORT_ALLOWED_RESEARCH,2016-08-29,2026-08-27
3324,INE533D01024,388,388,-100000.0,-100000.0,-1.0,-1.0,1.2460403600876682,-0.6951046274206137,-0.310833705305172,-1.0000001342607194,0.22422680412371135,-0.021862266212326845,-0.002,0.6717338327172515,0.3979999999999999,-1.002,0.15721231766612642,776.0,0.19715895651336912,0.010009229520879766,-2.1842106994070862,0.029546364237378726,-0.04154154023329759,-0.0021829921913561028,18,36,1.1072511776406797,-1.001988023984,0.31840728939915824,-99897.113199079,-102.88680092099821,-100000.0,-100000.0,-100000.0,-100000.0,-100000.00000000001,RAJRAYON,RAJRAYON,BZ,2016-08-29,2021-10-22,1209,32175.4,210554.0,0.0008271298593879239,0.3253103763576687,203,143,0.489870340356564,LOW,PARTIAL,False,True,reversal_1d,"{""move_threshold"":0.02,""signal_feature"":""previous_cc_signal""}",INTRADAY_SHORT_ALLOWED_RESEARCH,2016-08-29,2026-08-27
3325,INE292A01023,363,363,-100000.0,-100000.0,-1.0,-1.0,1.155540212118383,-1.2541618193318624,-0.5015949397886793,-1.0000017577115612,0.18732782369146006,-0.03909998836396503,-0.002,0.3827117115221525,0.6646666666666667,-1.002,0.14708265802269044,726.0,0.18655474444007933,0.00979158472009833,-3.99322372033486,7.895475017208019e-05,-0.05835551975201663,-0.019844456975913423,15,35,1.3688492617510915,-1.001996,0.3128894959224335,-99588.81658430283,-411.1834156971745,-100000.0,-100000.0,-100000.0,-100000.0,-100000.0,UVSL,UVSL,EQ,2016-08-29,2020-11-20,1045,526102.75,3630507.0,0.0,0.35026963623361035,15,164,0.423419773095624,LOW,PARTIAL,False,True,reversal_1d,"{""move_threshold"":0.02,""signal_feature"":""previous_cc_signal""}",INTRADAY_SHORT_ALLOWED_RESEARCH,2016-08-29,2026-08-27
3326,INE216D01026,327,327,-100000.0,-100000.0,-1.0,-1.0,1.2150895794541365,-1.6448956754421526,-0.7206619676141206,-1.0000000000765876,0.14678899082568808,-0.05986093790680946,-0.002,0.3631848001252868,0.3979999999999999,-1.002,0.13249594813614263,654.0,0.20302473271337362,0.01122729337344423,-5.331733652600345,1.8212469606928897e-07,-0.08194802752326638,-0.037773848290352526,12,39,0.8584336963911681,-1.001988023984,0.3052794847537178,-99999.99999680003,-3.1999661587178707e-06,-100000.0,-100000.0,-100000.0,-100000.0,-100000.0,KSERASERA,KSERASERA,BZ,2016-08-29,2021-06-14,1076,152586.125,1031524.0,0.0,0.3818516417494113,4,292,0.4359805510534846,LOW,PARTIAL,False,True,reversal_1d,"{""move_threshold"":0.02,""signal_feature"":""previous_cc_signal""}",INTRADAY_SHORT_ALLOWED_RESEARCH,2016-08-29,2026-08-27
3327,INE861A01058,488,488,-100000.0,-100000.0,-1.0,-1.0,1.9392427016622944,-2.3177857261428727,-1.0640541169321993,-1.000000027582723,0.1598360655737705,-0.09020492343131138,-0.002,0.17687089719951266,0.4979999999999998,-1.002,0.19773095623987033,976.0,0.26278411000139235,0.011895677723547654,-7.582999937258682,1.723215625412206e-13,-0.11357811132060025,-0.06683173554202251,14,53,0.5419911356842311,-1.000493037900128,0.35242649528586556,-99977.03944554957,-22.96055445043021,-100000.0,-100000.0,-100000.0,-100000.0,-100000.0,VISESHINFO,VISESH INFOTECNICS LTD,BZ,2016-08-29,2024-12-02,1412,1224214.5,4784856.0,0.0,0.3702489445142174,81,280,0.5721231766612642,OK,PARTIAL,False,True,reversal_1d,"{""move_threshold"":0.02,""signal_feature"":""previous_cc_signal""}",INTRADAY_SHORT_ALLOWED_RESEARCH,2016-08-29,2026-08-27
3323,INE655I01024,22,22,-100000.0,-99999.99999995226,-1.0,-0.9999999999995225,0.7329196971032609,-0.9116796957755133,-0.10570987978927009,-1.001988023984,0.0,-0.2974545454545454,-0.002,0.0,-0.002,-1.002,0.008914100486223663,44.0,0.3981831030440438,0.08489292280968998,-3.5038791881552798,0.002112925622675378,-0.47399904304897345,-0.12091004786011739,0,7,0.0,-1.002,0.16784220101763736,100000.0,-199999.99999995227,-100000.0,-99999.99999999694,-99999.99999995226,-99999.99999927051,-99999.99999647416,BIRLACOT,BIRLACOT,EQ,2016-08-29,2017-03-08,130,89646.4,1133433.5,0.0,0.7038461538461539,0,52,0.0526742301458671,LOW,PARTIAL,False,True,reversal_1d,"{""move_threshold"":0.02,""signal_feature"":""previous_cc_signal""}",INTRADAY_SHORT_ALLOWED_RESEARCH,2016-08-29,2026-08-27
3322,INE274G01010,1194,1194,-99696.5793693214,-99972.58354729996,-0.9969657936932139,-0.9997258354729996,0.43641228903641105,-1.6924165499196218,-1.6072609284681996,-0.9998148389911283,0.4154103852596315,-0.006058212780855688,-0.0034598212938353173,0.6518213376127109,0.17459574468085104,-0.215237639553429,0.4837925445705024,2388.0,0.039292564382166155,0.0011371250061022649,-5.327657687892632,1.188452010294195e-07,-0.008289200259763036,-0.0038272253019483397,34,76,0.18836850011257722,-0.450738443782411,0.11930757386106197,85335.75317604284,-185308.3367233428,-99696.5793693214,-99908.73770781781,-99972.58354729996,-99997.53471205349,-99999.77939989374,DHANI,DHANI SERVICES LIMITED,EQ,2016-08-29,2025-10-27,2262,194173142.17,1683536.5,0.0,0.05504615789072657,48,0,0.9165316045380876,OK,PARTIAL,False,True,reversal_1d,"{""move_threshold"":0.02,""signal_feature"":""previous_cc_signal""}",INTRADAY_SHORT_ALLOWED_RESEARCH,2016-08-29,2026-08-27
3321,INE788B01028,1172,1172,-99450.76468608638,-99948.08265533106,-0.9945076468608637,-0.9994808265533106,0.4581493880232292,-1.4520669040180816,-1.4870894034147826,-0.9995111185155402,0.33447098976109213,-0.005559180056413685,-0.002,0.6948064748351647,0.18221052631578938,-0.18678260869565233,0.47487844408427876,2344.0,0.04169593146141852,0.0012179511626092068,-4.564370253158836,5.538204097573601e-06,-0.007948790366248393,-0.0031695697465789763,29,75,0.38882876056913185,-0.37498954221843606,0.12783803657359624,629369.6234724114,-729317.7061277425,-99450.76468608638,-99831.03620552637,-99948.08265533106,-99995.1157624451,-99999.54269813001,INDSWFTLTD,IND-SWIFT LIMITED,EQ,2016-08-29,2025-08-13,2064,154448.85,18764.0,0.005329457364341085,0.05905699645589883,196,0,0.8363047001620746,LOW,PARTIAL,False,True,reversal_1d,"{""move_threshold"":0.02,""signal_feature"":""previous_cc_signal""}",INTRADAY_SHORT_ALLOWED_RESEARCH,2016-08-29,2026-08-27
3320,INE215G01021,549,549,-99755.30723675065,-99920.4423585323,-0.9975530723675066,-0.9992044235853229,0.8746474370124354,-0.3022395654810133,-0.16779740346783553,-0.9995291785830754,0.3205828779599271,-0.004715813422075676,-0.002,0.8635148345217918,0.6646666666666667,-0.6686666666666667,0.22244732576985413,1098.0,0.11682925935747783,0.004986151284334184,-0.9457822583306139,0.34467648418247887,-0.014510122162157378,0.005078495318006027,20,34,1.6828339107672021,-0.8156038253521518,0.24188947101906547,-99919.85178798885,-0.5905705434415722,-99755.30723675065,-99860.43373675429,-99920.4423585323,-99974.19470417556,-99991.6497922892,SMPL,SMPL,BZ,2016-08-29,2021-06-18,1070,21831.574999999997,36224.5,0.008411214953271028,0.15732583753892612,113,56,0.43354943273906,LOW,PARTIAL,False,True,reversal_1d,"{""move_threshold"":0.02,""signal_feature"":""previous_cc_signal""}",INTRADAY_SHORT_ALLOWED_RESEARCH,2016-08-29,2026-08-27
3319,INE788H01017,1328,1328,-98630.6835277321,-99905.13206367996,-0.986306835277321,-0.9990513206367996,0.4798365580395738,-1.236141475635546,-1.3211077174251669,-0.9991368367661939,0.40813253012048195,-0.004374294826412478,-0.0032403159209644077,0.7483482382360765,0.18840247678018596,-0.20665434633812452,0.5380875202593193,2656.0,0.041106306411540214,0.0011280008260430437,-3.8779181055719887,0.00011051230459712591,-0.006587154150641835,-0.002161435502183121,46,74,0.3284535574378,-0.4281530126403712,0.140502074246454,24267.515923567335,-124172.6479872473,-98630.6835277321,-99639.3354297402,-99905.13206367996,-99993.46274171711,-99999.55195366716,HILTON,HILTON METAL FORGING LTD,EQ,2016-08-29,2026-08-27,2468,1439839.85,38420.5,0.0012155591572123178,0.05964221895083362,51,0,1.0,OK,FULL,False,False,reversal_1d,"{""move_threshold"":0.02,""signal_feature"":""previous_cc_signal""}",INTRADAY_SHORT_ALLOWED_RESEARCH,2016-08-29,2026-08-27
3328,INE803A01027,56,56,-100000.0,-100109.80719231958,-1.0,-1.0010980719231959,0.48834834349754125,-0.1956649909894228,-0.03503815046978784,-1.000546142797184,0.16071428571428573,-0.01671088435374151,-0.002,0.718750894467184,0.4979999999999998,-1.002,0.022690437601296597,112.0,0.20535558109343124,0.027441793818339007,-0.6089574342102169,0.5450598336269161,-0.07170546809948013,0.038283699391997106,3,9,1.6339503857644235,-1.001992008,0.19278293142813724,53773.43750000006,-153883.24469231965,-100000.0,-100058.08163256112,-100109.80719231958,-100196.20389251439,-100262.87090545036,ATNINTER,ATNINTER,BE,2016-08-31,2022-05-02,307,781.4,5005.0,0.0781758957654723,0.21816865725660514,145,52,0.12439222042139383,LOW,PARTIAL,True,True,reversal_5d,"{""move_threshold"":0.05,""signal_feature"":""previous_5d_signal""}",INTRADAY_SHORT_ALLOWED_RESEARCH,2016-08-29,2026-08-27
3327,INE744I01034,359,359,-100000.0,-100000.00000313818,-1.0,-1.0000000000313818,1.0033631448175016,-0.5157082998488296,-0.2345811670934072,-1.0000015003170752,0.2562674094707521,-0.014116025416861083,-0.002,0.7359789207781895,0.998,-1.002,0.1454619124797407,718.0,0.165405477940888,0.008729767237713834,-1.61699905993803,0.10675924922606995,-0.031284094953155504,0.0030520441194333368,16,20,0.982063888095968,-1.000996,0.24987604846502343,-96587.05971457741,-3412.9402885607706,-100000.0,-100000.00000056514,-100000.00000313818,-100000.00001208189,-100000.00001959325,MVL,MVL,BZ,2016-08-29,2020-03-09,717,36986.35,164978.0,0.0,0.26784183583346766,12,35,0.29051863857374394,LOW,PARTIAL,False,True,reversal_5d,"{""move_threshold"":0.05,""signal_feature"":""previous_5d_signal""}",INTRADAY_SHORT_ALLOWED_RESEARCH,2016-08-29,2026-08-27
3326,INE655I01024,28,28,-100000.0,-100000.00000000019,-1.0,-1.000000000000002,0.8610830065981645,-0.777408548286266,-0.10533831201687817,-1.0009841076008787,0.03571428571428571,-0.23414285714285715,-0.002,0.1321154355308446,0.998,-1.002,0.011345218800648298,56.0,0.4611206730697238,0.08714361609522915,-2.686861845243943,0.012192573628396416,-0.4129467879634907,-0.05533892632222359,0,6,0.0,-1.00198007984016,0.17967178913250154,100000.0,-200000.00000000017,-100000.0,-100000.0,-100000.00000000019,-100000.00000000573,-100000.00000004118,BIRLACOT,BIRLACOT,EQ,2016-08-29,2017-03-08,130,89646.4,1133433.5,0.0,0.7038461538461539,0,52,0.0526742301458671,LOW,PARTIAL,False,True,reversal_5d,"{""move_threshold"":0.05,""signal_feature"":""previous_5d_signal""}",INTRADAY_SHORT_ALLOWED_RESEARCH,2016-08-29,2026-08-27
3322,INE533D01024,434,434,-100000.0,-100000.0,-1.0,-1.0,1.5782641962463864,-1.270885681062981,-0.5794968209167206,-1.0000000084790335,0.22119815668202766,-0.045262764538855596,-0.002,0.4914091868317601,0.3979999999999999,-1.002,0.17585089141004862,868.0,0.23371934150837545,0.011218887402543157,-4.034514556995661,6.468028836427159e-05,-0.06731301380596563,-0.023212515271745556,20,33,1.0484618986738634,-1.001984047936032,0.3690809631748095,-99897.113199079,-102.88680092099821,-100000.0,-100000.0,-100000.0,-100000.0,-100000.0,RAJRAYON,RAJRAYON,BZ,2016-08-29,2021-10-22,1209,32175.4,210554.0,0.0008271298593879239,0.3253103763576687,203,143,0.489870340356564,LOW,PARTIAL,False,True,reversal_5d,"{""move_threshold"":0.05,""signal_feature"":""previous_5d_signal""}",INTRADAY_SHORT_ALLOWED_RESEARCH,2016-08-29,2026-08-27
3323,INE216D01026,346,346,-100000.0,-100000.0,-1.0,-1.0,1.4636650345546645,-1.5085730842972767,-0.7095251823209067,-1.0000000000040323,0.1907514450867052,-0.062499503707596195,-0.002,0.4284977612421266,0.998,-1.002,0.14019448946515398,692.0,0.23962848409042958,0.01288250711465679,-4.851501586712787,1.8584057864413748e-06,-0.08783764200731758,-0.037161365407874805,14,37,1.0729953599805744,-0.9999995079501518,0.33457842516697656,-99999.99999680003,-3.1999661587178707e-06,-100000.0,-100000.0,-100000.0,-100000.0,-100000.0,KSERASERA,KSERASERA,BZ,2016-08-29,2021-06-14,1076,152586.125,1031524.0,0.0,0.3818516417494113,4,292,0.4359805510534846,LOW,PARTIAL,False,True,reversal_5d,"{""move_threshold"":0.05,""signal_feature"":""previous_5d_signal""}",INTRADAY_SHORT_ALLOWED_RESEARCH,2016-08-29,2026-08-27
3324,INE292A01023,465,465,-100000.0,-100000.0,-1.0,-1.0,1.4774990926002323,-1.5526684919009859,-0.6857278751424889,-1.0000017412501636,0.1935483870967742,-0.04831674004539278,-0.002,0.3354961295625866,0.6646666666666667,-1.002,0.18841166936790923,930.0,0.21014104209460785,0.00974505748148445,-4.958076454366154,1.0001842422495761e-06,-0.06746665284466441,-0.029166827246121137,14,36,0.7101222469580752,-1.001996,0.332726985373732,-99588.81658430283,-411.1834156971745,-100000.0,-100000.0,-100000.0,-100000.0,-100000.0,UVSL,UVSL,EQ,2016-08-29,2020-11-20,1045,526102.75,3630507.0,0.0,0.35026963623361035,15,164,0.423419773095624,LOW,PARTIAL,False,True,reversal_5d,"{""move_threshold"":0.05,""signal_feature"":""previous_5d_signal""}",INTRADAY_SHORT_ALLOWED_RESEARCH,2016-08-29,2026-08-27
3325,INE861A01058,538,538,-100000.0,-100000.0,-1.0,-1.0,1.8930706504037889,-2.308809134518471,-1.1059824648231964,-1.0000000774455544,0.1654275092936803,-0.07956410709074328,-0.002,0.19269512914772763,0.4979999999999998,-1.002,0.2179902755267423,1076.0,0.24570839026826863,0.010593240905300862,-7.510837127373303,2.467016692393825e-13,-0.10037337870042955,-0.05875483548105702,10,58,0.555131188436667,-1.0026626666666667,0.3595160409695938,-99977.03944554957,-22.96055445043021,-100000.0,-100000.0,-100000.0,-100000.0,-100000.0,VISESHINFO,VISESH INFOTECNICS LTD,BZ,2016-08-29,2024-12-02,1412,1224214.5,4784856.0,0.0,0.3702489445142174,81,280,0.5721231766612642,OK,PARTIAL,False,True,reversal_5d,"{""move_threshold"":0.05,""signal_feature"":""previous_5d_signal""}",INTRADAY_SHORT_ALLOWED_RESEARCH,2016-08-29,2026-08-27
3321,INE213M01024,30,30,-100000.0,-99999.99769801449,-1.0,-0.9999999769801449,0.6150932068661309,-0.9783076751119943,-0.12757906937290875,-1.002,0.0,-0.1964444444444444,-0.002,0.0,-0.002,-1.002,0.012155591572123177,60.0,0.29712328714694564,0.054247042243488974,-3.621293186137217,0.0011065772286342084,-0.30739210323885297,-0.08549678565003582,0,8,0.0,-0.999996,0.1540405810180597,0.0,-99999.99769801449,-100000.0,-99999.9994039616,-99999.99769801449,-99999.99141705566,-99999.9820026679,VKSPL,VKSPL,BZ,2016-08-29,2018-04-02,166,8537.65,85123.0,0.030120481927710843,0.48092369477911645,46,65,0.06726094003241491,LOW,PARTIAL,False,True,reversal_5d,"{""move_threshold"":0.05,""signal_feature"":""previous_5d_signal""}",INTRADAY_SHORT_ALLOWED_RESEARCH,2016-08-29,2026-08-27
3320,INE215G01021,482,482,-99745.7659514378,-99905.88227357196,-0.997457659514378,-0.9990588227357197,1.0273561858168574,-0.08061252139165553,-0.04405490578563029,-0.999920795751837,0.33402489626556015,-0.001682755899236279,-0.002,0.9608366887183226,0.6646666666666667,-0.6686666666666667,0.1952998379254457,964.0,0.14655806537049512,0.0066755369537309294,-0.25207798427297956,0.8010884599434082,-0.01479957295803774,0.011434061159565183,24,29,0.9167150152043335,-0.8352031498745855,0.24290513153961382,-99919.85178798885,13.969514416894526,-99745.7659514378,-99845.27181132475,-99905.88227357196,-99965.23262129338,-99987.18464026523,SMPL,SMPL,BZ,2016-08-29,2021-06-18,1070,21831.574999999997,36224.5,0.008411214953271028,0.15732583753892612,113,56,0.43354943273906,LOW,PARTIAL,False,True,reversal_5d,"{""move_threshold"":0.05,""signal_feature"":""previous_5d_signal""}",INTRADAY_SHORT_ALLOWED_RESEARCH,2016-08-29,2026-08-27
3319,INE904G01038,82,82,-99864.95558904347,-99887.54145485857,-0.9986495558904347,-0.9988754145485856,0.5835989899009674,-0.8247653974143849,-0.20058017699164596,-0.9994377570597559,0.17073170731707318,-0.057487804878048804,-0.002,0.42059980334316616,0.2480000000000001,-0.6686666666666667,0.03322528363047002,164.0,0.19475380818562632,0.021506960246826655,-2.672986057456962,0.0090888418947995,-0.10027990954029109,-0.014695700215806524,3,9,0.5543889920000005,-0.8777653341018169,0.1567142049967223,-99999.76135252009,112.21989766151819,-99864.95558904347,-99876.7581129124,-99887.54145485857,-99906.39104791541,-99922.11562139042,RASOYPR,RASOYPR,BZ,2016-08-29,2018-11-05,246,134007.47499999998,768961.5,0.0,0.30535230352303533,12,51,0.09967585089141005,LOW,PARTIAL,False,True,reversal_5d,"{""move_threshold"":0.05,""signal_feature"":""previous_5d_signal""}",INTRADAY_SHORT_ALLOWED_RESEARCH,2016-08-29,2026-08-27
3328,INE512B01022,686,686,-99999.83397987936,-99999.95933588385,-0.9999983397987936,-0.9999995933588384,0.8067614417546151,-1.4500513343769863,-1.0731192121583433,-0.9999995985357486,0.21720116618075802,-0.01670125125344744,-0.002,0.5350528854060862,0.6646666666666667,-0.2520000000000001,0.2779578606158833,1372.0,0.09539461966966534,0.0036421835035254494,-4.585505161198351,5.384188050526435e-06,-0.023852435182496537,-0.009550067324398346,24,95,0.758311338961565,-0.5961011208443263,0.1904034679849086,-74482.93864727013,-25517.020688613717,-99999.83397987936,-99999.9178052459,-99999.95933588385,-99999.99006895967,-99999.9975817253,FCSSOFT,FCS SOFTWARE SOLN. LTD.,EQ,2016-08-29,2026-08-27,2352,2996247.2,1874331.5,0.0,0.112784013190898,154,16,0.9529983792544571,OK,FULL,False,True,turn_of_month,"{""days"":3}",LONG_ONLY,2016-08-29,2026-08-27
3327,INE759V01019,699,699,-99971.1241884316,-99992.99705451874,-0.999711241884316,-0.9999299705451873,0.3065437388429704,-3.025922488835777,-2.591442874130937,-0.9999426874089171,0.29756795422031473,-0.012996238957922929,-0.013009174311926606,0.3604861249275239,0.17354858934169282,-0.10899588477366262,0.28322528363047,1398.0,0.034593483993783314,0.0013084457328470446,-9.932577738355596,7.783042185720008e-22,-0.015565200034488344,-0.010427277881357513,17,100,0.1888090348051381,-0.26812483601588244,0.07964542372958111,-96933.72015175186,-3059.2769027668837,-99971.1241884316,-99985.77463154125,-99992.99705451874,-99998.30653457348,-99999.59166569861,HEADSUP,HEADS UP VENTURES LIMITED,EQ,2016-12-14,2026-08-27,2397,709479.75,39204.0,0.0,0.06177322104668436,71,1,0.9712317666126418,LOW,FULL,True,True,turn_of_month,"{""days"":3}",LONG_ONLY,2016-08-29,2026-08-27
3326,INE142K01011,723,723,-99967.60671105431,-99992.51157886394,-0.9996760671105431,-0.9999251157886394,0.3215107591217478,-2.848434718552372,-2.440911548802115,-0.9999259898900773,0.2959889349930844,-0.012405323632784647,-0.013265164644714165,0.4025897967993279,0.16443356643356632,-0.12532439678284168,0.29294975688816854,1446.0,0.03595322705377529,0.0013371149013630772,-9.277679592186471,1.9757096083047407e-19,-0.015030421282270398,-0.009780225983298895,17,104,0.21858315278633156,-0.3308378565006652,0.08309039302929756,-92052.1739130435,-7940.337665820436,-99967.60671105431,-99984.41940919038,-99992.51157886394,-99998.27403217471,-99999.60337774652,AURUS,AURUS GEM CORP LIMITED,EQ,2016-08-29,2026-08-27,2468,229223.275,37653.5,0.0,0.06438032778574429,66,0,1.0,LOW,FULL,False,False,turn_of_month,"{""days"":3}",LONG_ONLY,2016-08-29,2026-08-27
3325,INE392B01011,723,723,-99965.4249581884,-99992.00830014686,-0.9996542495818841,-0.9999200830014685,0.35863403101449387,-2.498735448454589,-2.0499987236728536,-0.9999265345746188,0.3333333333333333,-0.01213886531906857,-0.01035654596100266,0.44833650129024155,0.17428865979381447,-0.15253763440860213,0.29294975688816854,1446.0,0.04049224505845347,0.00150592279731447,-8.0607487586455,3.144815489162009e-15,-0.015095375931213621,-0.00918235470692352,35,86,0.37665595478507585,-0.29392932306076636,0.10837422626268703,17072.34526624663,-117064.35356639349,-99965.4249581884,-99983.37114684361,-99992.00830014686,-99998.15828632121,-99999.57683837002,PNC,PRITISH NANDY COMMUNICATI,EQ,2016-08-29,2026-08-27,2466,277436.32499999995,11624.0,0.0040551500405515,0.06920032995704337,48,0,0.9991896272285251,LOW,FULL,False,True,turn_of_month,"{""days"":3}",LONG_ONLY,2016-08-29,2026-08-27
3324,INE526B01014,671,671,-99921.88788495424,-99979.92431012269,-0.9992188788495424,-0.9997992431012269,0.3087043557718365,-2.655272275729208,-2.0441512597023115,-0.9997988407827925,0.2757078986587183,-0.011963931359506182,-0.007524861878453136,0.38269287150067477,0.2064225553176302,-0.1367305389221557,0.27188006482982174,1342.0,0.03588974225514386,0.001385508132637466,-8.63504953719148,4.2723153061144914e-17,-0.01468439179631052,-0.009243470922701844,24,95,0.1919821172976397,-0.27855216083803,0.08860506954851816,1100241.941033988,-1200221.8653441106,-99921.88788495424,-99960.38643121498,-99979.92431012269,-99994.8545439903,-99998.68485485793,CALSOFT,CALIFORNIA SOFTWARE CO LT,EQ,2016-08-29,2026-08-27,2306,467791.925,26733.5,0.0199479618386817,0.05583016354662298,281,1,0.9343598055105349,LOW,PARTIAL,False,True,turn_of_month,"{""days"":3}",LONG_ONLY,2016-08-29,2026-08-27
3323,INE360C01024,723,723,-99863.03139560053,-99968.24586518898,-0.9986303139560053,-0.9996824586518898,0.3246171234010469,-2.364671205541635,-1.8671616733310954,-0.9997471365073389,0.33195020746887965,-0.010397968686829004,-0.010298755186722073,0.4431348008607828,0.19799999999999995,-0.17047826086956508,0.29294975688816854,1446.0,0.03677307049103425,0.0013676052068676168,-7.603048478182287,9.01650705036774e-14,-0.01308292658409935,-0.007713010789558657,26,95,0.18690719066071448,-0.2980552929833674,0.07939699795428706,-76671.9492868463,-23296.296578342677,-99863.03139560053,-99934.02622859871,-99968.24586518898,-99992.66007376541,-99998.30842981936,DPSCLTD,DPSC LIMITED,BE,2016-08-29,2026-08-27,2468,901428.575,61312.5,0.0,0.055591514839034246,4,0,1.0,LOW,FULL,False,False,turn_of_month,"{""days"":3}",LONG_ONLY,2016-08-29,2026-08-27
3322,INE216D01026,219,219,-99942.08419754382,-99963.62917962093,-0.9994208419754382,-0.9996362917962093,1.1636613424510827,-0.17134381987869113,-0.09632997109843404,-0.9999182199343152,0.1506849315068493,-0.008916523354879535,-0.002,0.8849960303721146,0.998,-0.502,0.0887358184764992,438.0,0.2464464720490539,0.01665330929382299,-0.5354205099755659,0.5929048899531286,-0.04173862391855941,0.023905577208800346,16,39,4.284629995165818,-0.7081206827977895,0.553325747963077,-99999.99999680003,36.37081717910769,-99942.08419754382,-99954.0980260751,-99963.62917962093,-99977.18303536762,-99985.7008810082,KSERASERA,KSERASERA,BZ,2016-08-29,2021-06-14,1076,152586.125,1031524.0,0.0,0.3818516417494113,4,292,0.4359805510534846,LOW,PARTIAL,False,True,turn_of_month,"{""days"":3}",LONG_ONLY,2016-08-29,2026-08-27
3321,INE306C01019,723,723,-99807.77623173642,-99955.40097394506,-0.9980777623173642,-0.9995540097394505,0.3110070212733512,-2.3719908830789054,-1.955736701886484,-0.9996070076833531,0.3278008298755187,-0.009992853637707222,-0.009366482504604033,0.4612734148295507,0.18287394957983172,-0.14415686274509798,0.29294975688816854,1446.0,0.035225115861830636,0.0013100361547698364,-7.627922024383281,7.544340954085406e-14,-0.012564788799840186,-0.007420918475574257,21,100,0.16812983476763765,-0.24842354452281057,0.07800846360297875,-89512.35370611181,-10443.047267833244,-99807.77623173642,-99907.3753264485,-99955.40097394506,-99989.68290618567,-99997.62043337621,ENERGYDEV,ENERGY DEVE. CO.LTD,EQ,2016-08-29,2026-08-27,2468,899611.26,51750.5,0.0,0.05623136294324377,95,0,1.0,LOW,FULL,False,False,turn_of_month,"{""days"":3}",LONG_ONLY,2016-08-29,2026-08-27
3320,INE360L01017,723,723,-99804.2780171635,-99954.59284308698,-0.998042780171635,-0.9995459284308699,0.3228122109023052,-2.265005443608856,-1.7101779557932306,-0.9996367656233665,0.318118948824343,-0.00990433956900371,-0.008557377049180357,0.4708993527098104,0.11478200692041529,-0.2106330935251799,0.29294975688816854,1446.0,0.036653920666270406,0.0013631739772050264,-7.265646010431479,9.650937248191637e-13,-0.012580597832039377,-0.0072280813059680425,27,94,0.1813033693051671,-0.32293302737980534,0.08792998694284514,-66656.20094191513,-33298.39190117185,-99804.2780171635,-99905.69331810203,-99954.59284308698,-99989.49678259788,-99997.5776967914,FMNL,FUTURE MKT NETWORKS LTD,EQ,2016-08-29,2026-08-27,2468,709042.8500000001,44820.0,0.0,0.056367150016030855,187,0,1.0,LOW,FULL,False,False,turn_of_month,"{""days"":3}",LONG_ONLY,2016-08-29,2026-08-27
3319,INE699B01027,723,723,-99762.36104150942,-99944.85985714987,-0.9976236104150942,-0.9994485985714987,0.36265838242583626,-1.9260981774918773,-1.591153216287915,-0.9996313660502372,0.32088520055325037,-0.009461989411536077,-0.009299270072992692,0.5365663357272485,0.20633333333333326,-0.17847058823529416,0.29294975688816854,1446.0,0.04147192638031663,0.0015423575377090115,-6.134757460705729,1.4050075732617492e-09,-0.012490030713580577,-0.006433948109491576,29,92,0.282256274507819,-0.3936551905165425,0.11070157253245201,4999.999999999622,-104944.8598571495,-99762.36104150942,-99885.4873972901,-99944.85985714987,-99987.24350547374,-99997.05759275501,SAMBHAAV,SAMBHAAV MEDIA LTD,EQ,2016-08-29,2026-08-27,2468,202131.15000000002,43577.5,0.0004051863857374392,0.06947994649001467,65,0,1.0,LOW,FULL,False,False,turn_of_month,"{""days"":3}",LONG_ONLY,2016-08-29,2026-08-27
3328,INE803A01027,21,21,-100000.0,-100085.58372939503,-1.0,-1.0008558372939504,0.39633496792627904,-0.3997159137132568,-0.03993734296715256,-1.0012285781425037,0.14285714285714285,-0.07388208616780045,-0.002,0.32410903207069663,0.248,-1.002,0.008508914100486223,42.0,0.2668447736924026,0.058230303535656947,-1.2687910191393599,0.21908445683793842,-0.19534837086637544,0.04758419853077453,1,10,0.248,-1.0013266746666667,0.09773645839137188,53773.43750000006,-153859.0212293951,-100000.0,-100043.70806988818,-100085.58372939503,-100164.05523161564,-100235.83577828729,ATNINTER,ATNINTER,BE,2016-08-31,2022-05-02,307,781.4,5005.0,0.0781758957654723,0.21816865725660514,145,52,0.12439222042139383,LOW,PARTIAL,True,True,volume_continuation,"{""move_threshold"":0.02,""volume_ratio"":2.0}",INTRADAY_SHORT_ALLOWED_RESEARCH,2016-08-29,2026-08-27
3327,INE392B01011,274,274,-97904.12851687755,-98799.47126881797,-0.9790412851687755,-0.9879947126881797,0.2942791664693179,-1.380154088300566,-0.6727338071219493,-0.9886545687636067,0.36496350364963503,-0.014517142679443892,-0.016617384182601613,0.4936772229233493,0.1408571428571428,-0.23081355932203396,0.11102106969205834,548.0,0.054013118437697114,0.003263051817787236,-4.448946412775131,1.2576360723903645e-05,-0.020941085448077844,-0.00809319991080994,33,62,0.17743119696832377,-0.3475796402228778,0.08458256533039382,17072.34526624663,-115871.8165350646,-97904.12851687755,-98413.53567305213,-98799.47126881797,-99313.11221504454,-99607.44336603687,PNC,PRITISH NANDY COMMUNICATI,EQ,2016-08-29,2026-08-27,2466,277436.32499999995,11624.0,0.0040551500405515,0.06920032995704337,48,0,0.9991896272285251,LOW,FULL,False,True,volume_continuation,"{""move_threshold"":0.02,""volume_ratio"":2.0}",INTRADAY_SHORT_ALLOWED_RESEARCH,2016-08-29,2026-08-27
3326,INE562B01019,239,239,-97682.7037382914,-98575.72090374246,-0.9768270373829139,-0.9857572090374246,0.25895950386858113,-1.5397001160299355,-0.6976236975347988,-0.9878630353971988,0.3514644351464435,-0.01633859510664242,-0.01841414141414144,0.4166184519042461,0.1608498727735368,-0.22595833333333348,0.09683954619124797,478.0,0.05016250206514472,0.0032447425215433503,-5.035405736560886,9.418748138115377e-07,-0.022730677942160115,-0.009946512271124728,27,63,0.1733739399721601,-0.3087501558769772,0.06618929671844137,-28061.22448979554,-70514.49641394692,-97682.7037382914,-98183.052867389,-98575.72090374246,-99125.467262481,-99463.55809532109,RAJSREESUG,RAJSHREE SUGAR & CHEMICAL,EQ,2016-08-29,2026-08-27,2468,1315040.8849999998,34196.5,0.0,0.05650985187613898,34,0,1.0,OK,FULL,False,False,volume_continuation,"{""move_threshold"":0.02,""volume_ratio"":2.0}",INTRADAY_SHORT_ALLOWED_RESEARCH,2016-08-29,2026-08-27
3325,INE165B01029,239,239,-94706.7344924113,-96740.66480663844,-0.9470673449241129,-0.9674066480663844,0.23148736094203987,-1.3906301928482474,-0.640898865882052,-0.9749971849473921,0.3472803347280335,-0.013191240908604993,-0.010058017727639033,0.45146711881092305,0.17664077669902922,-0.19409039548022622,0.09683954619124797,478.0,0.04523668333152804,0.0029261177950968076,-4.508103170251412,1.0267033824918815e-05,-0.01895563891817177,-0.007426842899038214,23,74,0.12392982481462678,-0.25332614186790703,0.060084924227554695,-56303.380127048746,-40437.28467958969,-94706.7344924113,-95845.87199467674,-96740.66480663844,-97995.04181539467,-98767.88625333656,RSSOFTWARE,R. S. SOFTWARE (INDIA) LI,EQ,2016-08-29,2026-08-27,2458,1875498.9300000002,47655.0,0.0,0.05080228541270403,212,0,0.9959481361426256,OK,FULL,False,True,volume_continuation,"{""move_threshold"":0.02,""volume_ratio"":2.0}",INTRADAY_SHORT_ALLOWED_RESEARCH,2016-08-29,2026-08-27
3324,INE144J01027,202,202,-94630.96165331813,-96439.32443991087,-0.9463096165331812,-0.9643932443991087,0.20219377665411908,-1.57736681671223,-0.6356359794568924,-0.9643932443991087,0.31683168316831684,-0.01546299906641817,-0.01555569155446751,0.35106186454640914,0.1375793499043978,-0.24364524421593825,0.08184764991896272,404.0,0.042077815616617394,0.002960584775546593,-5.2229543278534685,4.384252137521047e-07,-0.021300788208250952,-0.009625209924585385,19,63,0.08658182741788689,-0.260449036355508,0.05382747161780318,473925.7294429734,-570365.0538828842,-94630.96165331813,-95627.19738365551,-96439.32443991087,-97640.58572768084,-98437.89433013991,20MICRONS,20 MICRONS LTD,EQ,2016-08-29,2026-08-27,2468,7356747.65,89792.0,0.0,0.050849725080119444,45,0,1.0,OK,FULL,False,False,volume_continuation,"{""move_threshold"":0.02,""volume_ratio"":2.0}",INTRADAY_SHORT_ALLOWED_RESEARCH,2016-08-29,2026-08-27
3323,INE791A01024,240,240,-93678.46430227047,-96114.86939035312,-0.9367846430227048,-0.9611486939035312,0.27289584335546285,-1.0721645643585302,-0.4463376436285587,-0.9615297327411427,0.3875,-0.01193965404133518,-0.002,0.5391009299918985,0.16606722689075637,-0.2578139534883723,0.09724473257698542,480.0,0.05404834352747258,0.0034888055728666454,-3.4222755587737526,0.0007304014929517667,-0.018812389618904583,-0.005066918463765776,26,60,0.341765672037307,-0.3585609898568717,0.08073215207244268,340704.7758674451,-436819.64525779826,-93678.46430227047,-95043.58245794146,-96114.86939035312,-97614.62006834819,-98536.89113947921,BLBLIMITED,BLB LIMITED,EQ,2016-08-29,2026-08-27,2459,328026.6,26197.0,0.01057340382269215,0.06292149039578093,141,0,0.9963533225283631,LOW,FULL,False,True,volume_continuation,"{""move_threshold"":0.02,""volume_ratio"":2.0}",INTRADAY_SHORT_ALLOWED_RESEARCH,2016-08-29,2026-08-27
3322,INE023H01027,194,194,-94011.89764920878,-95964.29591906247,-0.9401189764920879,-0.9596429591906247,0.2376466008671311,-1.2578866620345046,-0.5804726026781287,-0.9608784444884096,0.28865979381443296,-0.015090929964556313,-0.016379042538123834,0.4508530971585182,0.15800000000000014,-0.16587559808612462,0.07860615883306321,388.0,0.05151453678664776,0.0036985281973387356,-4.0802527814753295,6.579236837834101e-05,-0.02238565428198109,-0.007796205647131538,20,63,0.10184328571428569,-0.2596346541182245,0.05436107464283524,-64164.383561643896,-31799.912357418572,-94011.89764920878,-95083.5916311001,-95964.29591906247,-97282.31437003042,-98171.3630583892,NECLIFE,NECTAR LIFESCIENCES LTD.,EQ,2016-08-29,2026-08-27,2468,6604616.675,281608.0,0.0,0.05004461931586613,43,0,1.0,OK,FULL,False,False,volume_continuation,"{""move_threshold"":0.02,""volume_ratio"":2.0}",INTRADAY_SHORT_ALLOWED_RESEARCH,2016-08-29,2026-08-27
3321,INE210C01013,214,214,-93517.745069338,-95801.54346252579,-0.93517745069338,-0.9580154346252578,0.20624927236190851,-1.4618917220238044,-0.6341499457092374,-0.960533736206273,0.32710280373831774,-0.013798709548327582,-0.016635539373170583,0.414944480553485,0.10471936758893274,-0.1778530183727034,0.08670988654781199,428.0,0.042194918164512187,0.0028843852249217867,-4.783934347292932,3.2087214120069766e-06,-0.019484305535458143,-0.008113113561197021,20,73,0.1526422273684691,-0.20366521934138182,0.04868385297442898,-67297.12460063898,-28504.418861886807,-93517.745069338,-94782.57957898424,-95801.54346252579,-97283.13012911896,-98243.443749833,AROGRANITE,ARO GRANITE IND. LTD.,EQ,2016-08-29,2026-08-27,2468,1047086.8,21841.5,0.0,0.05590238412824205,1,0,1.0,OK,FULL,False,False,volume_continuation,"{""move_threshold"":0.02,""volume_ratio"":2.0}",INTRADAY_SHORT_ALLOWED_RESEARCH,2016-08-29,2026-08-27
3320,INE071D01033,197,197,-93717.58900148515,-95789.57135712153,-0.9371758900148515,-0.9578957135712153,0.15900511838066295,-1.951943998102667,-0.8943552209401647,-0.9588071245737111,0.29441624365482233,-0.015429677412358877,-0.01619878296146038,0.2789785538750896,0.1584395604395603,-0.11166981132075471,0.07982171799027553,394.0,0.032289493621026975,0.0023005311661015984,-6.707006468643276,2.0744345391223213e-10,-0.01996664975674023,-0.010892705067977525,12,73,0.14369679053701856,-0.18589495272170464,0.044257155416901,185203.82486160035,-280993.3962187219,-93717.58900148515,-94856.36069191649,-95789.57135712153,-97180.49980261581,-98113.47593025916,MENONBE,MENON BEARINGS LIMITED,BE,2016-08-29,2026-08-27,2468,3625983.8499999996,39556.5,0.0,0.04780624200165006,3,0,1.0,OK,FULL,False,False,volume_continuation,"{""move_threshold"":0.02,""volume_ratio"":2.0}",INTRADAY_SHORT_ALLOWED_RESEARCH,2016-08-29,2026-08-27
3319,INE932C01012,216,216,-93408.41575709677,-95747.84152919377,-0.9340841575709676,-0.9574784152919377,0.21873331107642013,-1.3613064550914487,-0.62248700043469,-0.9616075069627268,0.3148148148148148,-0.013500868103205136,-0.015056468909795227,0.4406398303028832,0.19772948602344464,-0.18993103448275872,0.08752025931928688,432.0,0.04484883306662,0.0030515765714577976,-4.424227210774367,1.5376945307034107e-05,-0.019515705941261455,-0.007486030265148816,23,75,0.14927080033238127,-0.26695961211673946,0.05675812163246213,8193.277310924721,-103941.11884011849,-93408.41575709677,-94705.2187698063,-95747.84152919377,-97259.42864389678,-98235.24981070723,TOKYOPLAST,TOKYO PLAST INTL LTD,EQ,2016-08-29,2026-08-27,2468,790019.8049999999,8756.0,0.0004051863857374392,0.05375986213282257,2,0,1.0,LOW,FULL,False,False,volume_continuation,"{""move_threshold"":0.02,""volume_ratio"":2.0}",INTRADAY_SHORT_ALLOWED_RESEARCH,2016-08-29,2026-08-27
3328,INE292A01023,61,61,-100000.0,-100019.98180211884,-1.0,-1.0001998180211884,0.4531839267162216,-0.593763716892748,-0.09587882976901055,-1.0002292196112839,0.16393442622950818,-0.04320190855967131,-0.002,0.31132552458555657,0.248,-1.002,0.02471636952998379,122.0,0.17792910112211122,0.02278148695693986,-1.8963603491435328,0.06273010179465976,-0.08877166730188439,0.002367850182541764,4,21,0.24550399999999994,-1.002,0.12814021408287107,-99588.81658430283,-431.1652178160148,-100000.0,-100010.64279563197,-100019.98180211884,-100035.21050195023,-100046.52112082178,UVSL,UVSL,EQ,2016-08-29,2020-11-20,1045,526102.75,3630507.0,0.0,0.35026963623361035,15,164,0.423419773095624,LOW,PARTIAL,False,True,volume_reversal,"{""move_threshold"":0.02,""volume_ratio"":2.0}",INTRADAY_SHORT_ALLOWED_RESEARCH,2016-08-29,2026-08-27
3327,INE861A01058,68,68,-100000.0,-99999.99999994147,-1.0,-0.9999999999994147,0.7370214838661957,-0.8878534705742128,-0.15092507239628264,-1.0000927644886057,0.16176470588235295,-0.09424474551885316,-0.002,0.15563341482789364,0.19799999999999995,-1.002,0.027552674230145867,136.0,0.26571285368144915,0.032222416523908975,-2.924819293081998,0.004699394580527524,-0.15856095808745824,-0.029928532950248096,5,30,0.19321279199999997,-1.002,0.20142566165691236,-99977.03944554957,-22.960554391902406,-100000.0,-99999.99999999609,-99999.99999994147,-99999.99999918377,-99999.9999963994,VISESHINFO,VISESH INFOTECNICS LTD,BZ,2016-08-29,2024-12-02,1412,1224214.5,4784856.0,0.0,0.3702489445142174,81,280,0.5721231766612642,OK,PARTIAL,False,True,volume_reversal,"{""move_threshold"":0.02,""volume_ratio"":2.0}",INTRADAY_SHORT_ALLOWED_RESEARCH,2016-08-29,2026-08-27
3326,INE216D01026,56,56,-95523.41597796144,-96031.57566044171,-0.9552341597796143,-0.960315756604417,0.3849946329284487,-0.625886692758917,-0.11860472616274947,-0.960315756604417,0.125,-0.04214120799835086,-0.002,0.38998957091553643,0.33133333333333326,-0.5019999999999998,0.022690437601296597,112.0,0.1568926922147453,0.020965667884148293,-2.0100102811517373,0.04934519629292067,-0.08415734534975103,-0.00012507064695068543,4,27,0.32867066666666656,-0.5582182222222225,0.10250939795383213,-99999.99999680003,3968.4243363583228,-95523.41597796144,-95785.00521457913,-96031.57566044171,-96483.00103451661,-96883.92001928776,KSERASERA,KSERASERA,BZ,2016-08-29,2021-06-14,1076,152586.125,1031524.0,0.0,0.3818516417494113,4,292,0.4359805510534846,LOW,PARTIAL,False,True,volume_reversal,"{""move_threshold"":0.02,""volume_ratio"":2.0}",INTRADAY_SHORT_ALLOWED_RESEARCH,2016-08-29,2026-08-27
3325,INE533D01024,84,84,-89968.96681442761,-91583.14027722753,-0.8996896681442761,-0.9158314027722754,0.4242328146902036,-0.34229865002216964,-0.07846595736220964,-0.9197084347158234,0.15476190476190477,-0.016930694500022242,-0.002,0.6471452329893247,0.33133333333333326,-0.502,0.03403565640194489,168.0,0.1447317545610997,0.015791529065238324,-1.0721377537335222,0.286765671606814,-0.048339410678248346,0.014478021678203862,5,27,0.38969516508266655,-0.751996,0.10888455945951168,-99897.113199079,8313.97292185147,-89968.96681442761,-90810.99423053183,-91583.14027722753,-92940.2558024471,-94080.82015291307,RAJRAYON,RAJRAYON,BZ,2016-08-29,2021-10-22,1209,32175.4,210554.0,0.0008271298593879239,0.3253103763576687,203,143,0.489870340356564,LOW,PARTIAL,False,True,volume_reversal,"{""move_threshold"":0.02,""volume_ratio"":2.0}",INTRADAY_SHORT_ALLOWED_RESEARCH,2016-08-29,2026-08-27
3324,INE274G01010,196,196,-82704.92810974819,-88365.78475436498,-0.8270492810974819,-0.8836578475436498,0.2267232821948634,-0.8482796911312971,-0.2864680953931521,-0.9226933834261121,0.44387755102040816,-0.009610007638807308,-0.002,0.5801147796274285,0.1110816170861939,-0.215237639553429,0.07941653160453808,392.0,0.04995176678693994,0.0035679833419242813,-2.693400365940175,0.007688905194757644,-0.01664679884059938,-0.002573216437015236,33,50,0.17542363342385148,-0.34794240628968187,0.06969242332338198,85335.75317604284,-173701.53793040782,-82704.92810974819,-85813.56095417394,-88365.78475436498,-92180.08922275795,-94748.11688979132,DHANI,DHANI SERVICES LIMITED,EQ,2016-08-29,2025-10-27,2262,194173142.17,1683536.5,0.0,0.05504615789072657,48,0,0.9165316045380876,OK,PARTIAL,False,True,volume_reversal,"{""move_threshold"":0.02,""volume_ratio"":2.0}",INTRADAY_SHORT_ALLOWED_RESEARCH,2016-08-29,2026-08-27
3323,INE268L01020,111,111,-84701.67226306218,-87810.73732712635,-0.8470167226306219,-0.8781073732712634,0.31737526129553845,-0.5030742262865431,-0.13377456642149535,-0.9298212498820443,0.2072072072072072,-0.01408726794645561,-0.002,0.6033659150959044,0.248,-0.3353333333333335,0.044975688816855756,222.0,0.09366519484587106,0.008890306861167428,-1.5845648712069031,0.11593603528933245,-0.03170576943101271,0.0035312335381014904,11,40,0.4512991436753375,-0.3366626666666668,0.09479859430129499,5191460.055096442,-5279270.792423569,-84701.67226306218,-86343.60001050407,-87810.73732712635,-90292.5259164589,-92272.66910537504,SHEKHAWATI,SHEKHAWATI INDUSTRIES LTD,BE,2016-08-29,2024-08-27,1490,65799.57500000001,124406.5,0.0006711409395973154,0.14969427756821196,228,1,0.6037277147487844,LOW,PARTIAL,False,True,volume_reversal,"{""move_threshold"":0.02,""volume_ratio"":2.0}",INTRADAY_SHORT_ALLOWED_RESEARCH,2016-08-29,2026-08-27
3322,INE835A01011,181,181,-81450.27159849791,-87139.27549217653,-0.8145027159849791,-0.8713927549217654,0.22644816977410878,-0.8069631781272967,-0.29111451437916774,-0.8920285572481098,0.3314917127071823,-0.009887547272486983,-0.002,0.5777544280689054,0.18928329297820845,-0.2196470588235293,0.0733387358184765,362.0,0.05194042788817699,0.003860701600285502,-2.561075238696456,0.011254963276921564,-0.017505602668836932,-0.002269491876137034,26,41,0.18928329297820845,-0.37214929316535117,0.06967167470855963,167719.17688807956,-254858.4523802561,-81450.27159849791,-84553.08163262847,-87139.27549217653,-91090.16201964903,-93831.92924210604,VARDMNPOLY,VARDMNPOLY,EQ,2016-08-29,2024-05-16,1895,444138.3,18946.0,0.0036939313984168864,0.05217547746506909,159,0,0.7678282009724473,LOW,PARTIAL,False,True,volume_reversal,"{""move_threshold"":0.02,""volume_ratio"":2.0}",INTRADAY_SHORT_ALLOWED_RESEARCH,2016-08-29,2026-08-27
3321,INE788B01028,221,221,-77776.5247731602,-85772.77537998279,-0.7777652477316019,-0.8577277537998278,0.2284491992999186,-0.7539909548564183,-0.3227686238196599,-0.8879872663921501,0.3393665158371041,-0.007633225932512784,-0.002,0.6493296105302634,0.1299910514541388,-0.18678260869565233,0.08954619124797407,442.0,0.04763451548023587,0.0032042442618750856,-2.3822234850616257,0.018059824902459606,-0.013948168443178862,-0.001318283421846706,29,51,0.132013383994384,-0.2984955695202315,0.06294673868302492,629369.6234724114,-715142.3988523942,-77776.5247731602,-82216.58931527226,-85772.77537998279,-90900.11742174164,-94184.9001689994,INDSWFTLTD,IND-SWIFT LIMITED,EQ,2016-08-29,2025-08-13,2064,154448.85,18764.0,0.005329457364341085,0.05905699645589883,196,0,0.8363047001620746,LOW,PARTIAL,False,True,volume_reversal,"{""move_threshold"":0.02,""volume_ratio"":2.0}",INTRADAY_SHORT_ALLOWED_RESEARCH,2016-08-29,2026-08-27
3320,INE891B01012,172,172,-76746.50785609745,-83572.69230487841,-0.7674650785609746,-0.835726923048784,0.15092969683011392,-1.1421496555416608,-0.36509263431463496,-0.8517900021502345,0.18604651162790697,-0.009815532841314785,-0.002,0.3702759514315928,0.09050585480093665,-0.21033333333333326,0.06969205834683954,344.0,0.0348421965532564,0.0026566925808096035,-3.6946438260175323,0.000296112877921935,-0.015059668532175288,-0.0045713971504542815,10,42,0.13781093877097694,-0.29593556505647867,0.044743996178857236,298818.62066768925,-382391.3129725676,-76746.50785609745,-80453.6596904544,-83572.69230487841,-88403.18751519162,-91819.0513382175,DCMFINSERV,DCM FINANCIAL SERVICES LT,EQ,2018-03-22,2026-08-27,1680,36742.7,8779.5,0.06011904761904762,0.04268015654009686,487,1,0.6807131280388979,LOW,PARTIAL,True,True,volume_reversal,"{""move_threshold"":0.02,""volume_ratio"":2.0}",INTRADAY_SHORT_ALLOWED_RESEARCH,2016-08-29,2026-08-27
3319,INE890I01035,4,4,-83333.33333333331,-83548.96879839999,-0.8333333333333331,-0.8354896879839998,0.25079066189426974,-0.5461107695435912,-0.036603961080336325,-0.8354896879839998,0.0,-0.3353333333333332,-0.4186666666666665,0.0,-0.002,-0.5019999999999998,0.0016207455429497568,8.0,0.23570226039551573,0.11785113019775786,-2.8453976874946676,0.06535574299788496,-0.7103882272047624,0.039721560538095946,0,4,0.0,-0.5019999999999998,0.070804380081681,0.0,-83548.96879839999,-83333.33333333331,-83441.4085999,-83548.96879839999,-83762.55037439999,-83974.09080373331,FARMAXIND,FARMAXIND,BZ,2016-08-29,2018-07-02,171,5010.35,50094.0,0.04678362573099415,0.23001949317738787,99,51,0.0692868719611021,LOW,PARTIAL,False,True,volume_reversal,"{""move_threshold"":0.02,""volume_ratio"":2.0}",INTRADAY_SHORT_ALLOWED_RESEARCH,2016-08-29,2026-08-27
