pnl_rank,isin,number_of_signals,number_of_trades,gross_pnl,net_pnl,gross_return_pct,net_return_pct,annualized_volatility,sharpe,sortino,max_drawdown,win_rate,average_trade_return,median_trade_return,profit_factor,best_trade,worst_trade,exposure_pct,turnover,trade_std,standard_error,t_stat,p_value,confidence_95_low,confidence_95_high,positive_months,negative_months,best_month,worst_month,monthly_return_std,buy_hold_pnl,excess_pnl,pnl_0bps,pnl_5bps,pnl_10bps,pnl_20bps,pnl_30bps,symbol,company_name,series,first_traded_date,last_traded_date,sessions_available,median_daily_value,median_volume,pct_near_zero_volume,average_daily_range,circuit_like_sessions,corporate_action_observations,coverage_ratio,liquidity_flag,coverage_flag,new_listing_flag,suspension_flag,strategy,parameters,execution_class,evaluation_start,evaluation_end
1,INE512B01022,2320,2320,6.172997376166227e+17,6187009157645007.0,6172997376166.227,61870091576.45007,1.3484108763618845,2.5455737545482573,3.636075210545944,-0.967885487010625,0.42801724137931035,0.014489872407369857,-0.002,1.9131488934113339,0.3313333333333335,-0.2520000000000001,0.940032414910859,4640.0,0.08753858772280557,0.0018174210057897745,7.972766002598924,2.412132082970015e-15,0.010925932566891238,0.018053812247848477,92,24,10.211554997939793,-0.912056952952627,1.2144793293422926,-74482.93864727013,6187009157719490.0,6.172997376166227e+17,6.18711075431598e+16,6187009157645007.0,61441475948902.69,604536419423.677,FCSSOFT,FCS SOFTWARE SOLN. LTD.,EQ,2016-08-29,2026-08-27,2352,2996247.2,1874331.5,0.0,0.112784013190898,154,16,0.9529983792544571,OK,FULL,False,True,close_to_open,{},LONG_ONLY,2016-08-29,2026-08-27
2,INE392B01011,2463,2463,3.04453593237558e+16,231196182351262.53,304453593237.558,2311961823.512625,0.48334609470686435,4.812399346638791,8.12529012839342,-0.5458653763974395,0.5757206658546488,0.009249112796608125,0.003926130099228155,2.4333962630522117,0.19800000000000018,-0.19518181818181823,0.9979740680713128,4926.0,0.030475999790667764,0.0006140811353395042,15.0617113347646,4.1627369295279396e-49,0.00804494390105233,0.01045328169216392,93,28,2.456568652854494,-0.2854325314700912,0.4218946166102349,17072.34526624663,231196182334190.2,3.04453593237558e+16,2656295181543987.5,231196182351262.53,1738714196924.435,12949221543.643812,PNC,PRITISH NANDY COMMUNICATI,EQ,2016-08-29,2026-08-27,2466,277436.32499999995,11624.0,0.0040551500405515,0.06920032995704337,48,0,0.9991896272285251,LOW,FULL,False,True,close_to_open,{},LONG_ONLY,2016-08-29,2026-08-27
3,INE526B01014,2255,2255,1.805371381050585e+16,207670174799178.38,180537138105.05847,2076701747.9917839,0.4918497167249084,4.716635418226048,7.307942698683796,-0.6515647051770102,0.61019955654102,0.010075411713746707,0.01188888888888884,2.202976474114393,0.19799999999999995,-0.09608602150537637,0.9136952998379254,4510.0,0.03227904829085858,0.0006797472331058899,14.822291615238065,1.683107133805968e-47,0.008742415825749103,0.011408407601744311,100,18,1.4938307835373408,-0.5438243312504244,0.30101166357967823,1100241.941033988,207670173698936.44,1.805371381050585e+16,1938433072356594.5,207670174799178.38,2367719679676.1475,26755810192.823555,CALSOFT,CALIFORNIA SOFTWARE CO LT,EQ,2016-08-29,2026-08-27,2306,467791.925,26733.5,0.0199479618386817,0.05583016354662298,281,1,0.9343598055105349,LOW,PARTIAL,False,True,close_to_open,{},LONG_ONLY,2016-08-29,2026-08-27
4,INE142K01011,2467,2467,9259404669064106.0,69602511719439.125,92594046690.64107,696025117.1943913,0.4576070301217707,4.788652391539803,7.299289308931261,-0.5770384003149651,0.5837049047426024,0.008699243065562908,0.0073457943925234765,2.324912881977587,0.1972945326278659,-0.23057142857142854,0.9995948136142626,4934.0,0.02883184556402782,0.0005804808116472908,14.986271537341882,1.1722254653927557e-48,0.00756096289384344,0.009837523237282375,100,21,0.8788956972917144,-0.23745757909663745,0.22944753113460312,-92052.1739130435,69602511811491.3,9259404669064106.0,803768050355070.2,69602511719439.125,518136619672.95996,3819559103.022788,AURUS,AURUS GEM CORP LIMITED,EQ,2016-08-29,2026-08-27,2468,229223.275,37653.5,0.0,0.06438032778574429,66,0,1.0,LOW,FULL,False,False,close_to_open,{},LONG_ONLY,2016-08-29,2026-08-27
5,INE890C01046,2144,2144,3541154583047639.5,50707487343067.39,35411545830.476395,507074873.4306739,0.49196304805533186,4.418633943979246,7.121415506144396,-0.55349682579052,0.4906716417910448,0.009929796350012753,-0.002,2.387968115744803,0.1787909604519773,-0.12011023622047245,0.8687196110210696,4288.0,0.033055765766447594,0.0007138958082261826,13.90930754263052,3.575710141506557e-42,0.00852979556549015,0.011329797134535356,85,28,1.9077621884602771,-0.3693927080330778,0.34131102175149153,-27679.380610326654,50707487370746.77,3541154583047639.5,424194941912211.06,50707487343067.39,720005789661.6609,10137196724.861212,SANWARIA,SANWARIA CONSUMER LIMITED,BZ,2016-08-29,2026-08-27,2220,1281068.0,1010918.0,0.0,0.0590629871556957,252,1,0.899513776337115,OK,PARTIAL,False,True,close_to_open,{},LONG_ONLY,2016-08-29,2026-08-27
6,INE797H01018,2463,2463,3318692673375824.5,25109014594726.836,33186926733.758244,251090145.94726837,0.3919705644270108,5.253027887506014,8.309823042620556,-0.5008347488632537,0.5992691839220463,0.008187350133159441,0.007090909090909038,2.4249589945428895,0.135586471944658,-0.19707453013609855,0.9979740680713128,4926.0,0.0247141363993723,0.0004979815278680107,16.441071957451175,1.0337469984263072e-57,0.0072108442092500835,0.009163856057068799,101,20,0.8436292575033368,-0.22068402962680922,0.20759599834932008,-87380.06716238904,25109014682106.902,3318692673375824.5,289017703995896.94,25109014594726.836,188137320819.10776,1395904343.8905277,TGBHOTELS,TGB BANQUETS&HOTELS LTD,EQ,2016-08-29,2026-08-27,2466,359194.975,29833.5,0.0008110300081103001,0.05943464337179458,72,0,0.9991896272285251,LOW,FULL,False,True,close_to_open,{},LONG_ONLY,2016-08-29,2026-08-27
7,INE370E01029,2437,2437,900476197069293.4,7121745928521.663,9004761970.692934,71217459.28521663,0.8230187875689411,2.6609412955508724,3.7298913834045404,-0.9790583363005417,0.38654082888797703,0.008801042700525645,-0.002,1.849702362289083,0.3313333333333335,-0.2520000000000001,0.9874392220421394,4874.0,0.05216482490422106,0.0010566958197675306,8.328832702737332,1.3442181248954428e-16,0.006728927397021087,0.010873158004030202,100,21,2.499886704870135,-0.6949974795838588,0.3972191707818044,-99684.13637612354,7121746028205.8,900476197069293.4,80177518501346.19,7121745928521.663,55783473788.599335,432627971.39896446,VIVIDHA,VISAGAR POLYTEX LTD,EQ,2016-08-29,2026-08-27,2468,440448.20999999996,461505.5,0.0,0.08558086651512245,220,15,1.0,LOW,FULL,False,False,close_to_open,{},LONG_ONLY,2016-08-29,2026-08-27
8,INE360C01024,2467,2467,932047883321440.5,6979833820967.735,9320478833.214405,69798338.20967735,0.3604541975594949,5.31111638424001,8.766963599612904,-0.22212166792890686,0.6238346169436563,0.007599961124693823,0.006210180623973828,2.827669079724965,0.19536842105263164,-0.16906254948535238,0.9995948136142626,4934.0,0.022710568124990668,0.0004572391659385677,16.621413235879523,6.918738440244781e-59,0.006703348754606278,0.008496573494781367,109,12,1.4964469240830947,-0.14286894929930993,0.192237773663627,-76671.9492868463,6979833897639.685,932047883321440.5,80754929509282.95,6979833820967.735,51763499410.615845,380053945.94961154,DPSCLTD,DPSC LIMITED,BE,2016-08-29,2026-08-27,2468,901428.575,61312.5,0.0,0.055591514839034246,4,0,1.0,LOW,FULL,False,False,close_to_open,{},LONG_ONLY,2016-08-29,2026-08-27
9,INE273D01019,2346,2346,660235962695865.6,6293367969344.75,6602359626.958656,62933679.6934475,0.3992852342256666,4.80550528343154,7.819169377589054,-0.43330842551591864,0.5971867007672634,0.008010118037767317,0.0070334900117508,2.390293969362942,0.19580219780219799,-0.1308343558282209,0.9505672609400324,4692.0,0.025737029388126935,0.000531366798193312,15.07455502489492,4.402268170455557e-49,0.006968120431546386,0.00905211564398825,97,18,0.5972463052046768,-0.29975542158103496,0.17307852044656838,74035.32608695634,6293367895309.424,660235962695865.6,64534580320369.664,6293367969344.75,59435741277.59805,556033423.362257,VGL,VARVEE GLOBAL LIMITED,EQ,2016-08-29,2026-02-27,2347,564108.75,15542.0,0.00042607584149978694,0.06097154362724808,65,0,0.9509724473257699,LOW,FULL,False,True,close_to_open,{},LONG_ONLY,2016-08-29,2026-08-27
10,INE699B01027,2467,2467,653113397022914.6,4880515647408.69,6531133970.229146,48805156.4740869,0.5280303953260893,3.6961477415605293,5.837723416516305,-0.5371493088281025,0.5293879205512768,0.007747894711136977,0.005751937984496138,1.901088703328384,0.19799999999999995,-0.12104761904761907,0.9995948136142626,4934.0,0.03326916624744091,0.0006698188148676127,11.567150010064024,3.5783703271645775e-30,0.006434429286767863,0.009061360135506092,89,32,1.282431708605201,-0.33536614238967377,0.2534629402488645,4999.999999999622,4880515642408.69,653113397022914.6,56526918760832.586,4880515647408.69,36116690821.339874,264568337.34879798,SAMBHAAV,SAMBHAAV MEDIA LTD,EQ,2016-08-29,2026-08-27,2468,202131.15000000002,43577.5,0.0004051863857374392,0.06947994649001467,65,0,1.0,LOW,FULL,False,False,close_to_open,{},LONG_ONLY,2016-08-29,2026-08-27
1,INE0CJD01029,97,97,67672.9858334813,38203.96444333956,0.6767298583348131,0.38203964443339555,0.11420601303850744,0.34571391195374945,0.11660044103800817,-0.19899941401126087,0.5876288659793815,0.003986380109609737,0.004733870967741917,1.3366253438718818,0.12297237569060782,-0.09867110519307598,0.039303079416531606,194.0,0.03625805879064337,0.003681448094826906,1.0828293668492341,0.28159645595040106,-0.0033212366023374264,0.011293996821556901,5,4,0.1721732823096307,-0.07377001119202553,0.02670994742802024,66218.78848953097,-28014.82404619141,67672.9858334813,52234.37712255673,38203.96444333956,13870.20142901942,-6215.473923907557,KMEW,KNOWLEDGE MARINE & EN W L,EQ,2025-12-22,2026-08-27,168,199100264.7,103004.5,0.0,0.05649579888848101,0,1,0.06807131280388978,OK,PARTIAL,True,True,gap_continuation_050,"{""gap_threshold"":0.005}",INTRADAY_SHORT_ALLOWED_RESEARCH,2016-08-29,2026-08-27
2,INE0JVO01026,242,242,110495.75054116602,29817.619447844467,1.1049575054116603,0.2981761944784447,0.19120418790358723,0.23245692166450518,0.1609796848114875,-0.5055257156357738,0.47520661157024796,0.001798743059521055,-0.003275553788146533,1.1335954836253979,0.16579448621553894,-0.08284713486063822,0.09805510534846029,484.0,0.03849854231968587,0.002474780030913378,0.7268294705195213,0.4680358212440271,-0.00307621775918019,0.0066737038782223,10,13,0.27725122110369904,-0.1555016909400585,0.0579761614621759,65024.445280180604,-35206.82583233614,110495.75054116602,65325.926141135424,29817.619447844467,-20015.969112179562,-50767.648489184176,GARUDA,GARUDA CONSTRUCT N ENG L,EQ,2024-10-15,2026-08-27,462,109360047.565,710694.5,0.0,0.05303976477100918,0,0,0.18719611021069693,OK,PARTIAL,True,True,gap_continuation_050,"{""gap_threshold"":0.005}",INTRADAY_SHORT_ALLOWED_RESEARCH,2016-08-29,2026-08-27
3,INE460D01038,8,8,31729.214334478806,29699.02145903262,0.31729214334478795,0.29699021459032626,0.08727733536964237,0.34554574702500623,0.039395980441293776,-0.16237032103859372,0.5,0.03691999709130987,0.026793418647166445,2.7024924667303676,0.14521919302071962,-0.092803259604191,0.0032414910858995136,16.0,0.09539536712069573,0.03372735549241208,1.0946603002899549,0.3098952662051729,-0.04283252564813882,0.11667251983075856,1,0,0.29699021459032626,0.0,0.02699911041730239,95461.20058565156,-65762.17912661894,31729.214334478806,30710.672785313567,29699.02145903262,27696.229877303907,25720.5223190206,SUPTANERY,SUPER TANNERY LTD.,BE,2026-08-17,2026-08-27,9,4148167.33,517793.0,0.0,0.101128074677862,0,0,0.003646677471636953,OK,PARTIAL,True,True,gap_continuation_050,"{""gap_threshold"":0.005}",INTRADAY_SHORT_ALLOWED_RESEARCH,2016-08-29,2026-08-27
4,INE741A01011,6,6,25949.222021078604,24498.416296420226,0.2594922202107861,0.24498416296420222,0.06608217062452736,0.36856094496346153,0.047849850500827386,-0.04734482758620673,0.6666666666666666,0.039754562364095004,0.01673886995539886,5.833888086200237,0.18687931034482763,-0.04734482758620684,0.0024311183144246355,12.0,0.08159731501216852,0.03331196436015911,1.1934019241339369,0.286244126238166,-0.045876568129494276,0.12538569285768428,1,0,0.24498416296420222,0.0,0.022271287542200202,14547.985730444605,9950.430565975621,25949.222021078604,25222.069837025614,24498.416296420226,23061.551315560137,21638.519806857716,MYSORPETRO,MYSORE PETRO CHEMICALS L,BE,2026-08-18,2026-08-27,8,8420562.975,58724.0,0.0,0.08374414472905412,1,1,0.0032414910858995136,OK,PARTIAL,True,True,gap_continuation_050,"{""gap_threshold"":0.005}",INTRADAY_SHORT_ALLOWED_RESEARCH,2016-08-29,2026-08-27
5,INE0LZF01013,18,18,27046.535042668358,22603.80232684294,0.2704653504266836,0.22603802326842937,0.062156069046155074,0.36597736268791814,0.03488589633605027,-0.12084217357041283,0.6666666666666666,0.012376842748283514,0.010369118589745987,2.0982621117005493,0.07873529411764713,-0.1082701846322589,0.007293354943273906,36.0,0.04542867173416153,0.010707640614507751,1.1558888828893048,0.26371380232164854,-0.010214304222044189,0.03496798971861122,1,1,0.32666685813364715,-0.0758508696047343,0.03054295940977645,56204.161053734395,-33600.358726891456,27046.535042668358,24806.502033707133,22603.80232684294,18308.06698709233,14154.74298863222,CORDELIA,WATERWAYS LEISURE TOUR L,EQ,2026-07-01,2026-08-24,39,251493178.15,304022.0,0.0,0.053451784182021796,0,0,0.015802269043760128,OK,PARTIAL,True,True,gap_continuation_050,"{""gap_threshold"":0.005}",INTRADAY_SHORT_ALLOWED_RESEARCH,2016-08-29,2026-08-27
6,INE1SJO01012,23,23,28187.78025842605,22470.969362340882,0.28187780258426054,0.22470969362340876,0.0933617719184764,0.26476032603998206,0.07139325784262203,-0.14484592414469544,0.5217391304347826,0.010525403925204594,0.0033888888888888875,1.7537526179567497,0.18720050230221852,-0.07018570207917962,0.009319286871961102,46.0,0.06135096504897021,0.012792560529022098,0.8227753858444466,0.4194650111379682,-0.016004742825466267,0.03705555067587546,1,1,0.3203171809578109,-0.07241251474516475,0.02990802037113743,46868.382926557446,-24397.413564216564,28187.78025842605,25298.196055238703,22470.969362340882,16998.471341063138,11760.30168148379,RAMBHAJO,ADVIT JEWELS LIMITED,EQ,2026-07-01,2026-08-27,42,68152315.68,370523.5,0.0,0.06285515896588094,0,1,0.017017828200972446,OK,PARTIAL,True,True,gap_continuation_050,"{""gap_threshold"":0.005}",INTRADAY_SHORT_ALLOWED_RESEARCH,2016-08-29,2026-08-27
7,INE258A01024,85,85,41256.59354578119,19228.04896942865,0.41256593545781195,0.19228048969428646,0.08004111392005468,0.2638021046629519,0.08795708038846807,-0.20130106834324757,0.47058823529411764,0.0024328597255471574,-0.0006920980926430325,1.2839572223924909,0.08891454272863553,-0.07097297297297289,0.034440842787682335,170.0,0.027218824925714567,0.0029522960762105557,0.824056823145555,0.4122409897591204,-0.0034381047913796072,0.008303824242473922,6,4,0.16730827866400477,-0.07200992870667489,0.019667678266994653,-12181.069958847846,31409.118928276497,41256.59354578119,29781.250314101053,19228.04896942865,600.6728328902682,-15145.382042546713,BEML,BEML LIMITED,EQ,2025-11-03,2026-08-27,202,411349735.79999995,233578.5,0.0,0.034541160312263224,0,1,0.08184764991896272,OK,PARTIAL,True,True,gap_continuation_050,"{""gap_threshold"":0.005}",INTRADAY_SHORT_ALLOWED_RESEARCH,2016-08-29,2026-08-27
8,INE457G01029,6,6,19076.878883205543,17694.554257194148,0.1907687888320555,0.1769455425719415,0.03928025976850879,0.4422839958188173,0.1654852918471887,-0.024413793103448267,0.6666666666666666,0.028357565244796323,0.025278692567537175,5.310204322692871,0.087248822411371,-0.024413793103448267,0.0024311183144246355,12.0,0.045368936484019635,0.0185217907597646,1.5310379872338395,0.18632153258657486,-0.019254213645711088,0.07596934413530373,1,0,0.1769455425719415,0.0,0.016085958415631048,15685.557586837269,2008.996670356879,19076.878883205543,18384.035778617734,17694.554257194148,16325.623776082532,14969.983444495869,ORIRAIL,ORIENTAL RAIL INFRA L,EQ,2026-08-17,2026-08-27,9,16548829.76,128112.0,0.0,0.08513384734935985,0,0,0.003646677471636953,OK,PARTIAL,True,True,gap_continuation_050,"{""gap_threshold"":0.005}",INTRADAY_SHORT_ALLOWED_RESEARCH,2016-08-29,2026-08-27
9,INE716D01033,8,8,19066.123169444778,17208.55067370883,0.19066123169444782,0.17208550673708833,0.0795070681344337,0.24198273933824913,0.016373634339284633,-0.13368082851282037,0.625,0.023552919910318534,0.0033038076485758534,2.4039952258348087,0.1814862385321101,-0.13020512820512808,0.0032414910858995136,16.0,0.09060172555997982,0.03203254726533214,0.735280891501537,0.48606782585163955,-0.052192018193577966,0.09929785801421503,1,0,0.17208550673708833,0.0,0.015644136976098937,18483.41232227489,-1274.8616485660605,19066.123169444778,18134.145393523228,17208.55067370883,15376.3606985011,13569.255664876051,CRSL,CRESSANDA RAILWAY SOLUT L,BE,2026-08-17,2026-08-27,9,1665885.51,665370.0,0.0,0.09672477172546798,2,0,0.003646677471636953,OK,PARTIAL,True,True,gap_continuation_050,"{""gap_threshold"":0.005}",INTRADAY_SHORT_ALLOWED_RESEARCH,2016-08-29,2026-08-27
10,INE506W01020,18,18,19937.474243776916,15731.115098224735,0.1993747424377692,0.15731115098224735,0.056391517170067136,0.2915852309463585,0.05788637957760097,-0.07514041171232855,0.5555555555555556,0.008946463849159068,0.0017214214965514136,1.941444030747054,0.11200205409106478,-0.05770032573289918,0.007293354943273906,36.0,0.04179855302224626,0.009852013428605266,0.9080848208329743,0.3765270767837561,-0.011839467555534007,0.029732395253852142,1,1,0.2259430430069176,-0.05598293690409473,0.021202518918324306,26387.882779058287,-10656.767680833553,19937.474243776916,17816.568120708354,15731.115098224735,11664.343504863587,7732.791572034475,KRISHANA,KRISHANA PHOSCHEM LIMITED,EQ,2026-07-03,2026-08-27,40,170292250.64499998,927207.0,0.0,0.05098491972538051,0,1,0.01620745542949757,OK,PARTIAL,True,True,gap_continuation_050,"{""gap_threshold"":0.005}",INTRADAY_SHORT_ALLOWED_RESEARCH,2016-08-29,2026-08-27
1,INE0LLY01014,108,108,76528.22936030512,42343.95455490402,0.7652822936030512,0.4234395455490403,0.1269841486365512,0.34683527398270536,0.1172717124952927,-0.3560313302924154,0.46296296296296297,0.003993867296298677,-0.0011489260244360571,1.3254896219762133,0.1107210884353742,-0.10612087912087897,0.04376012965964344,216.0,0.03820885263121284,0.0036766485586762457,1.0862793200274339,0.2797965802128013,-0.003294659664207873,0.011282394256805228,12,8,0.28718161919760554,-0.16761101700555192,0.03914334697983379,-2912.0587241030153,45256.013279007035,76528.22936030512,58525.786089065834,42343.95455490402,14729.991341443922,-7566.964381656129,EIEL,ENVIRO INFRA ENGINEERS L,EQ,2024-11-29,2026-08-27,431,325603447.37,1506675.0,0.0,0.04566674687723211,0,1,0.1746353322528363,OK,PARTIAL,True,True,gap_continuation_100,"{""gap_threshold"":0.01}",INTRADAY_SHORT_ALLOWED_RESEARCH,2016-08-29,2026-08-27
2,INE0CJD01029,54,54,53055.95510497526,37478.36242357129,0.5305595510497527,0.374783624235713,0.09204156591941051,0.398383544410472,0.09661013341799589,-0.13703555061934336,0.6296296296296297,0.006650223553182839,0.010319040342799237,1.5847173154156358,0.12297237569060782,-0.09867110519307598,0.02188006482982172,108.0,0.03899657473197932,0.005306761656092278,1.2531603987807212,0.21564782694805437,-0.003993792386630667,0.017294239492996345,6,3,0.1672862954084251,-0.042564313257132946,0.021603042073026744,66218.78848953097,-28740.426065959677,53055.95510497526,45062.07668156017,37478.36242357129,23459.7771579151,10846.829231150434,KMEW,KNOWLEDGE MARINE & EN W L,EQ,2025-12-22,2026-08-27,168,199100264.7,103004.5,0.0,0.05649579888848101,0,1,0.06807131280388978,OK,PARTIAL,True,True,gap_continuation_100,"{""gap_threshold"":0.01}",INTRADAY_SHORT_ALLOWED_RESEARCH,2016-08-29,2026-08-27
3,INE0JVO01026,117,117,70962.64527813892,35380.68637133241,0.7096264527813891,0.35380686371332404,0.1454318344500296,0.28284183116934863,0.1433010288421812,-0.3072626769906358,0.46153846153846156,0.0034431970326852723,-0.005931623931623829,1.2544178189817357,0.16579448621553894,-0.08284713486063822,0.04740680713128039,234.0,0.04211381692335329,0.003893423751862907,0.8843622611172974,0.37833003679044674,-0.004268219288709366,0.01115461335407991,9,13,0.38364333334515255,-0.1300013976422537,0.049973182252986866,65024.445280180604,-29643.75890884819,70962.64527813892,52143.80627339016,35380.68637133241,7154.233525536969,-15226.85770050851,GARUDA,GARUDA CONSTRUCT N ENG L,EQ,2024-10-15,2026-08-27,462,109360047.565,710694.5,0.0,0.05303976477100918,0,0,0.18719611021069693,OK,PARTIAL,True,True,gap_continuation_100,"{""gap_threshold"":0.01}",INTRADAY_SHORT_ALLOWED_RESEARCH,2016-08-29,2026-08-27
4,INE460D01038,8,8,31729.214334478806,29699.02145903262,0.31729214334478795,0.29699021459032626,0.08727733536964237,0.34554574702500623,0.039395980441293776,-0.16237032103859372,0.5,0.03691999709130987,0.026793418647166445,2.7024924667303676,0.14521919302071962,-0.092803259604191,0.0032414910858995136,16.0,0.09539536712069573,0.03372735549241208,1.0946603002899549,0.3098952662051729,-0.04283252564813882,0.11667251983075856,1,0,0.29699021459032626,0.0,0.02699911041730239,95461.20058565156,-65762.17912661894,31729.214334478806,30710.672785313567,29699.02145903262,27696.229877303907,25720.5223190206,SUPTANERY,SUPER TANNERY LTD.,BE,2026-08-17,2026-08-27,9,4148167.33,517793.0,0.0,0.101128074677862,0,0,0.003646677471636953,OK,PARTIAL,True,True,gap_continuation_100,"{""gap_threshold"":0.01}",INTRADAY_SHORT_ALLOWED_RESEARCH,2016-08-29,2026-08-27
5,INE01R501028,64,64,41165.55681009576,24270.09835619862,0.4116555681009577,0.24270098356198622,0.06270413918181704,0.3848178039664345,0.1196135368445239,-0.14203043854110997,0.5,0.003692461770611083,0.0015595349830410683,1.4753294223617575,0.06700938145969149,-0.04118367346938767,0.02593192868719611,128.0,0.02444339009202663,0.003055423761503329,1.2084941595120406,0.23137376135592924,-0.0024133154065822428,0.009798238947804409,8,4,0.17104822220599658,-0.06390689368568292,0.021483543051843162,-37864.3819872531,62134.48034345172,41165.55681009576,32452.9043108701,24270.09835619862,9368.935189186668,-3770.0349178722245,VIKRAN,VIKRAN ENGINEERING LTD,EQ,2025-09-03,2026-08-27,243,199934537.68,2534842.0,0.0,0.042122885554215415,0,0,0.09846029173419774,OK,PARTIAL,True,True,gap_continuation_100,"{""gap_threshold"":0.01}",INTRADAY_SHORT_ALLOWED_RESEARCH,2016-08-29,2026-08-27
6,INE927D01051,68,68,41208.36089268772,23306.965367543904,0.4120836089268771,0.23306965367543908,0.1072189169448456,0.2532826637877186,0.05524532891861834,-0.2308224094229533,0.5441176470588235,0.003911223042600983,0.004246441346083542,1.339537098566284,0.149992343831564,-0.16531782638820158,0.027552674230145867,136.0,0.04079976477610679,0.004947698225654211,0.7905136619531439,0.4320170871110275,-0.005964423949000957,0.013786870034202921,10,8,0.1665029209178055,-0.16400752739627944,0.030173923996472164,-19499.7192938683,42806.684661412204,41208.36089268772,31958.906002307252,23306.965367543904,7645.779542563818,-6051.871972508045,JBMA,JBM AUTO LIMITED,EQ,2025-01-31,2026-08-27,387,244337743.0,381667.0,0.0,0.037991345982679406,0,1,0.15680713128038898,OK,PARTIAL,True,True,gap_continuation_100,"{""gap_threshold"":0.01}",INTRADAY_SHORT_ALLOWED_RESEARCH,2016-08-29,2026-08-27
7,INE506V01022,44,44,32461.186308470555,21355.341794500666,0.32461186308470547,0.2135534179450067,0.0668478019647074,0.3280017165328518,0.1017151708732397,-0.2126611251064754,0.45454545454545453,0.004880397391402644,-0.0037060367454068138,1.568198013827636,0.11942104759168815,-0.06322952437339646,0.017828200972447326,88.0,0.03151859378097322,0.004751606795050788,1.0271046409997566,0.3101145145336645,-0.004702130965974201,0.014462925748779488,5,5,0.20951069521330679,-0.06664216924066202,0.025185404674158033,193059.5351798787,-171704.19338537805,32461.186308470555,26789.485089522394,21355.341794500666,11161.206310248439,1805.5363277437136,RUBICON,RUBICON RESEARCH LIMITED,EQ,2025-10-16,2026-08-27,213,200610550.05,214669.0,0.0,0.044129647166282364,0,0,0.08630470016207456,OK,PARTIAL,True,True,gap_continuation_100,"{""gap_threshold"":0.01}",INTRADAY_SHORT_ALLOWED_RESEARCH,2016-08-29,2026-08-27
8,INE298G01035,34,34,29489.92775363708,21028.177243424827,0.2948992775363708,0.21028177243424828,0.05531695198742117,0.3793338412594886,0.11012313585996497,-0.10300769509638374,0.5588235294117647,0.006044293273820608,0.006325412991204928,1.7068455678427796,0.07348096602537857,-0.03634190620272326,0.013776337115072933,68.0,0.029506579350404488,0.005060336610989537,1.1944449032687292,0.24081886461075083,-0.0042510389714805474,0.016339625519121763,5,3,0.15596316831479085,-0.09139528438308331,0.018616076209015356,-36784.65279654147,57812.8300399663,29489.92775363708,25189.6826405178,21028.177243424827,13104.138714079003,5684.6145367724675,AJMERA,AJMERA REALTY & INF I LTD,EQ,2026-01-14,2026-08-27,152,42977321.41,339797.5,0.0,0.05109095718723696,0,1,0.06158833063209076,OK,PARTIAL,True,True,gap_continuation_100,"{""gap_threshold"":0.01}",INTRADAY_SHORT_ALLOWED_RESEARCH,2016-08-29,2026-08-27
9,INE722B01019,32,32,26245.45965896183,18462.31971359247,0.26245459658961834,0.18462319713592468,0.061058397464727,0.31336575380978954,0.07767014074085184,-0.1471766087407459,0.5625,0.005855871940221396,0.012449653410925412,1.5234887581449676,0.0916718599730717,-0.050251748251748274,0.012965964343598054,64.0,0.033799263623505535,0.00597492212682314,0.9800750228915464,0.3346363687381214,-0.006330062078605821,0.018041805959048612,4,1,0.14536357461977367,-0.12410739469839238,0.019677553570399103,3150.7876969241916,15311.53201666828,26245.45965896183,22293.92307782003,18462.31971359247,11144.908871562162,4266.206172272316,PRAVEG,PRAVEG LTD.,EQ,2026-04-20,2026-08-27,91,15506986.95,56741.0,0.0,0.058722639364305676,0,0,0.03687196110210697,OK,PARTIAL,True,True,gap_continuation_100,"{""gap_threshold"":0.01}",INTRADAY_SHORT_ALLOWED_RESEARCH,2016-08-29,2026-08-27
10,INE0LZF01013,10,10,20546.160839481017,18198.82620472682,0.2054616083948102,0.18198826204726815,0.04451009732509827,0.4051928402984274,0.05269103979846458,-0.060955046411961145,0.6,0.017663018398635832,0.018237834724848967,2.8935043127976217,0.07873529411764713,-0.050433412034969205,0.004051863857374392,20.0,0.04254100814721204,0.013452647970496964,1.312977076139407,0.22167996325772252,-0.012768985567178537,0.0480950223644502,2,0,0.15427007474729537,0.0,0.014175454936781542,56204.161053734395,-38005.33484900757,20546.160839481017,19367.30154772554,18198.82620472682,15892.702446344905,13627.145290946239,CORDELIA,WATERWAYS LEISURE TOUR L,EQ,2026-07-01,2026-08-24,39,251493178.15,304022.0,0.0,0.053451784182021796,0,0,0.015802269043760128,OK,PARTIAL,True,True,gap_continuation_100,"{""gap_threshold"":0.01}",INTRADAY_SHORT_ALLOWED_RESEARCH,2016-08-29,2026-08-27
1,INE861A01058,418,418,6.861779863984753e+44,3.4362222866813283e+44,6.861779863984753e+39,3.436222286681328e+39,2.877679906699599,4.236856271281047,1.764995045565151e+18,-0.05072056289030913,0.645933014354067,0.2856633656252095,0.09799999999999998,404.402996051816,0.998,-0.002,0.1693679092382496,836.0,0.3556183840863719,0.01739386372992009,16.42322660800344,4.192217517595023e-47,0.251472784269669,0.31985394698075,63,4,252.9591536819057,-0.03732369035436578,31.021823282176886,-99977.03944554957,3.4362222866813283e+44,6.861779863984753e+44,4.856509299581031e+44,3.4362222866813283e+44,1.7187119897061954e+44,8.586189356569964e+43,VISESHINFO,VISESH INFOTECNICS LTD,BZ,2016-08-29,2024-12-02,1412,1224214.5,4784856.0,0.0,0.3702489445142174,81,280,0.5721231766612642,OK,PARTIAL,False,True,gap_fade_050,"{""gap_threshold"":0.005}",INTRADAY_SHORT_ALLOWED_RESEARCH,2016-08-29,2026-08-27
2,INE533D01024,433,433,6.30359255588627e+36,2.9986167908481914e+36,6.30359255588627e+31,2.9986167908481914e+31,2.015461335448127,4.447509005054817,1.29812519980608e+18,-0.017856669988026597,0.6143187066974596,0.20274400691762465,0.16466666666666674,263.838787411172,0.998,-0.002,0.17544570502431117,866.0,0.2409984471657136,0.011581646260652858,17.50562936863485,3.0271624437147e-52,0.17998062274824694,0.22550739108700235,55,0,319.3466279025669,0.0,29.452083829969162,-99897.113199079,2.9986167908481914e+36,6.30359255588627e+36,4.348361061495788e+36,2.9986167908481914e+36,1.4245719977052688e+36,6.758905609722088e+35,RAJRAYON,RAJRAYON,BZ,2016-08-29,2021-10-22,1209,32175.4,210554.0,0.0008271298593879239,0.3253103763576687,203,143,0.489870340356564,LOW,PARTIAL,False,True,gap_fade_050,"{""gap_threshold"":0.005}",INTRADAY_SHORT_ALLOWED_RESEARCH,2016-08-29,2026-08-27
3,INE216D01026,301,301,2.7321269310062637e+34,1.6781641041352684e+34,2.7321269310062636e+29,1.6781641041352684e+29,1.8511999459323976,4.45048913617979,,-0.009960079920032006,0.760797342192691,0.26806443169233873,0.2480000000000001,561.3291245791245,0.998,-0.002,0.1219611021069692,602.0,0.22028159530427224,0.012696820072998473,21.11272193755147,2.8396515480370807e-61,0.24307832123724868,0.2930505421474288,50,1,52.56947321115587,-0.0039959999999999996,5.363437305286917,-99999.99999680003,1.6781641041352684e+34,2.7321269310062637e+34,2.141467942434877e+34,1.6781641041352684e+34,1.0299495749027254e+34,6.316031360053733e+33,KSERASERA,KSERASERA,BZ,2016-08-29,2021-06-14,1076,152586.125,1031524.0,0.0,0.3818516417494113,4,292,0.4359805510534846,LOW,PARTIAL,False,True,gap_fade_050,"{""gap_threshold"":0.005}",INTRADAY_SHORT_ALLOWED_RESEARCH,2016-08-29,2026-08-27
4,INE292A01023,325,325,8.063586889824353e+27,4.58757162517282e+27,8.063586889824354e+22,4.58757162517282e+22,1.9900290913232295,3.3744895030851265,29.382617988578165,-0.16950248020243752,0.6123076923076923,0.2023619055655255,0.09799999999999998,124.86938853372655,0.998,-0.11311111111111105,0.13168557536466774,650.0,0.28981145178026224,0.016075846917083,12.587946788077812,7.473209548278831e-30,0.17073568660966984,0.23398812452138115,49,0,126.10668352447732,0.0,11.931725702343833,-99588.81658430283,4.58757162517282e+27,8.063586889824353e+27,6.082896396755472e+27,4.58757162517282e+27,2.60734076001367e+27,1.480374037079526e+27,UVSL,UVSL,EQ,2016-08-29,2020-11-20,1045,526102.75,3630507.0,0.0,0.35026963623361035,15,164,0.423419773095624,LOW,PARTIAL,False,True,gap_fade_050,"{""gap_threshold"":0.005}",INTRADAY_SHORT_ALLOWED_RESEARCH,2016-08-29,2026-08-27
5,INE516K01024,1244,1244,1.354383796682724e+28,1.2401588864288665e+27,1.3543837966827241e+23,1.2401588864288666e+22,0.8779413203541134,6.361602073004146,80.0287004101972,-0.08626728062558942,0.5016077170418006,0.04396997550942463,0.0068557993730407624,32.75810582855501,0.6646666666666667,-0.052000000000000046,0.5040518638573744,2488.0,0.07149083011180411,0.002026936529889784,21.69282306625335,9.479659206424234e-89,0.039993380788669895,0.04794657023017936,96,8,5.649387572026025,-0.04308820379793432,0.9981803646639715,1326174.619186616,1.2401588864288665e+27,1.354383796682724e+28,4.1007175437763217e+27,1.2401588864288665e+27,1.1303332226451498e+26,1.0254664197905125e+25,GOENKA,GOENKA DIAMOND&JEWELS LTD,BZ,2016-08-29,2025-12-15,2066,95958.175,123886.5,0.002904162633107454,0.1045403180036589,285,0,0.8371150729335495,LOW,PARTIAL,False,True,gap_fade_050,"{""gap_threshold"":0.005}",INTRADAY_SHORT_ALLOWED_RESEARCH,2016-08-29,2026-08-27
6,INE744I01034,351,351,5.724372597200407e+26,3.0867492677708128e+26,5.724372597200407e+21,3.0867492677708127e+21,1.7480078485299204,3.513574991471631,29.52839427940476,-0.09290909090909083,0.6381766381766382,0.17136814815447293,0.10911111111111116,118.57832366267377,0.998,-0.09290909090909083,0.14222042139384117,702.0,0.2453617454428678,0.013096441104053391,13.085092873164905,4.0004895439701395e-32,0.14561052612895753,0.19712577017998834,36,2,252.9591536819057,-0.0039959999999999996,23.66898776758654,-96587.05971457741,3.0867492677708128e+26,5.724372597200407e+26,4.204118571522109e+26,3.0867492677708128e+26,1.6626133764252937e+26,8.945319717203955e+25,MVL,MVL,BZ,2016-08-29,2020-03-09,717,36986.35,164978.0,0.0,0.26784183583346766,12,35,0.29051863857374394,LOW,PARTIAL,False,True,gap_fade_050,"{""gap_threshold"":0.005}",INTRADAY_SHORT_ALLOWED_RESEARCH,2016-08-29,2026-08-27
7,INE512B01022,1306,1306,5.4231349064506846e+26,4.349260497172992e+25,5.423134906450684e+21,4.3492604971729925e+20,1.028052167214402,5.214908890740009,15.183249231580945,-0.6015174395965244,0.5084226646248086,0.040203449339419,0.001971318257032508,8.571659318212578,0.6646666666666667,-0.17123076923076908,0.5291734197730956,2612.0,0.08465733116281311,0.0023425721978198727,17.16209616797918,1.0952324162262084e-59,0.03560782991181575,0.044799068767022256,100,15,6.772084859859844,-0.2836053444186696,1.196043559691346,-74482.93864727013,4.349260497172992e+25,5.4231349064506846e+26,1.53673482058314e+26,4.349260497172992e+25,3.470948176395357e+24,2.7563869329276687e+23,FCSSOFT,FCS SOFTWARE SOLN. LTD.,EQ,2016-08-29,2026-08-27,2352,2996247.2,1874331.5,0.0,0.112784013190898,154,16,0.9529983792544571,OK,FULL,False,True,gap_fade_050,"{""gap_threshold"":0.005}",INTRADAY_SHORT_ALLOWED_RESEARCH,2016-08-29,2026-08-27
8,INE268L01020,714,714,2.2691621510886535e+24,5.8956818557661615e+23,2.2691621510886535e+19,5.895681855766161e+18,0.9591525436896744,5.0587965313008265,29.770129983086754,-0.17831771618046033,0.42997198879551823,0.06655509348496086,-0.002,33.714989499145084,0.4979999999999998,-0.13357894736842102,0.2893030794165316,1428.0,0.09736006119825198,0.003643608716222022,18.26625707328156,1.9430689570326176e-61,0.05940160847153044,0.07370857849839128,65,8,7.779900186757647,-0.04308820379793432,1.2587014225652369,5191460.055096442,5.8956818557661615e+23,2.2691621510886535e+24,1.15701462400573e+24,5.8956818557661615e+23,1.5278753175524968e+23,3.9493250173331344e+22,SHEKHAWATI,SHEKHAWATI INDUSTRIES LTD,BE,2016-08-29,2024-08-27,1490,65799.57500000001,124406.5,0.0006711409395973154,0.14969427756821196,228,1,0.6037277147487844,LOW,PARTIAL,False,True,gap_fade_050,"{""gap_threshold"":0.005}",INTRADAY_SHORT_ALLOWED_RESEARCH,2016-08-29,2026-08-27
9,INE699B01027,1890,1890,2.598698042160845e+24,6.437938926022776e+22,2.598698042160845e+19,6.437938926022776e+17,0.565956737294248,7.735198592881599,11.05235521482225,-0.23747566672156006,0.6878306878306878,0.022684933624383573,0.020660296481514573,5.266500097055242,0.248,-0.17533333333333334,0.7658022690437601,3780.0,0.03923515769968046,0.0009024943681305158,25.135817380638724,1.6222528610697277e-120,0.020914943068896547,0.0244549241798706,119,2,1.8294069801261403,-0.06701413192705674,0.2977253384495396,4999.999999999622,6.437938926022776e+22,2.598698042160845e+24,4.0939704752222205e+23,6.437938926022776e+22,1.5833784589768888e+21,3.865957135269736e+19,SAMBHAAV,SAMBHAAV MEDIA LTD,EQ,2016-08-29,2026-08-27,2468,202131.15000000002,43577.5,0.0004051863857374392,0.06947994649001467,65,0,1.0,LOW,FULL,False,False,gap_fade_050,"{""gap_threshold"":0.005}",INTRADAY_SHORT_ALLOWED_RESEARCH,2016-08-29,2026-08-27
10,INE215G01021,536,536,9.761379202241947e+22,3.5923435377660875e+22,9.761379202241947e+17,3.592343537766088e+17,1.1872878974114687,3.977947996156725,14.919672321149493,-0.16444213397770657,0.5914179104477612,0.08629685468880964,0.031333333333333324,25.22953792870985,0.6646666666666667,-0.13925490196078427,0.2171799027552674,1072.0,0.14125797171850427,0.006101415081464029,14.143744284990161,8.19592263390016e-39,0.07431118600481564,0.09828252337280365,52,2,31.43329108541738,-0.08794349830679538,3.4475361295075424,-99919.85178798885,3.5923435377660875e+22,9.761379202241947e+22,5.923070254458035e+22,3.5923435377660875e+22,1.3195446484832994e+22,4.837786872104858e+21,SMPL,SMPL,BZ,2016-08-29,2021-06-18,1070,21831.574999999997,36224.5,0.008411214953271028,0.15732583753892612,113,56,0.43354943273906,LOW,PARTIAL,False,True,gap_fade_050,"{""gap_threshold"":0.005}",INTRADAY_SHORT_ALLOWED_RESEARCH,2016-08-29,2026-08-27
1,INE861A01058,418,418,6.861779863984753e+44,3.4362222866813283e+44,6.861779863984753e+39,3.436222286681328e+39,2.877679906699599,4.236856271281047,1.764995045565151e+18,-0.05072056289030913,0.645933014354067,0.2856633656252095,0.09799999999999998,404.402996051816,0.998,-0.002,0.1693679092382496,836.0,0.3556183840863719,0.01739386372992009,16.42322660800344,4.192217517595023e-47,0.251472784269669,0.31985394698075,63,4,252.9591536819057,-0.03732369035436578,31.021823282176886,-99977.03944554957,3.4362222866813283e+44,6.861779863984753e+44,4.856509299581031e+44,3.4362222866813283e+44,1.7187119897061954e+44,8.586189356569964e+43,VISESHINFO,VISESH INFOTECNICS LTD,BZ,2016-08-29,2024-12-02,1412,1224214.5,4784856.0,0.0,0.3702489445142174,81,280,0.5721231766612642,OK,PARTIAL,False,True,gap_fade_100,"{""gap_threshold"":0.01}",INTRADAY_SHORT_ALLOWED_RESEARCH,2016-08-29,2026-08-27
2,INE533D01024,433,433,6.30359255588627e+36,2.9986167908481914e+36,6.30359255588627e+31,2.9986167908481914e+31,2.015461335448127,4.447509005054817,1.29812519980608e+18,-0.017856669988026597,0.6143187066974596,0.20274400691762465,0.16466666666666674,263.838787411172,0.998,-0.002,0.17544570502431117,866.0,0.2409984471657136,0.011581646260652858,17.50562936863485,3.0271624437147e-52,0.17998062274824694,0.22550739108700235,55,0,319.3466279025669,0.0,29.452083829969162,-99897.113199079,2.9986167908481914e+36,6.30359255588627e+36,4.348361061495788e+36,2.9986167908481914e+36,1.4245719977052688e+36,6.758905609722088e+35,RAJRAYON,RAJRAYON,BZ,2016-08-29,2021-10-22,1209,32175.4,210554.0,0.0008271298593879239,0.3253103763576687,203,143,0.489870340356564,LOW,PARTIAL,False,True,gap_fade_100,"{""gap_threshold"":0.01}",INTRADAY_SHORT_ALLOWED_RESEARCH,2016-08-29,2026-08-27
3,INE216D01026,301,301,2.7321269310062637e+34,1.6781641041352684e+34,2.7321269310062636e+29,1.6781641041352684e+29,1.8511999459323976,4.45048913617979,,-0.009960079920032006,0.760797342192691,0.26806443169233873,0.2480000000000001,561.3291245791245,0.998,-0.002,0.1219611021069692,602.0,0.22028159530427224,0.012696820072998473,21.11272193755147,2.8396515480370807e-61,0.24307832123724868,0.2930505421474288,50,1,52.56947321115587,-0.0039959999999999996,5.363437305286917,-99999.99999680003,1.6781641041352684e+34,2.7321269310062637e+34,2.141467942434877e+34,1.6781641041352684e+34,1.0299495749027254e+34,6.316031360053733e+33,KSERASERA,KSERASERA,BZ,2016-08-29,2021-06-14,1076,152586.125,1031524.0,0.0,0.3818516417494113,4,292,0.4359805510534846,LOW,PARTIAL,False,True,gap_fade_100,"{""gap_threshold"":0.01}",INTRADAY_SHORT_ALLOWED_RESEARCH,2016-08-29,2026-08-27
4,INE292A01023,325,325,8.063586889824353e+27,4.58757162517282e+27,8.063586889824354e+22,4.58757162517282e+22,1.9900290913232295,3.3744895030851265,29.382617988578165,-0.16950248020243752,0.6123076923076923,0.2023619055655255,0.09799999999999998,124.86938853372655,0.998,-0.11311111111111105,0.13168557536466774,650.0,0.28981145178026224,0.016075846917083,12.587946788077812,7.473209548278831e-30,0.17073568660966984,0.23398812452138115,49,0,126.10668352447732,0.0,11.931725702343833,-99588.81658430283,4.58757162517282e+27,8.063586889824353e+27,6.082896396755472e+27,4.58757162517282e+27,2.60734076001367e+27,1.480374037079526e+27,UVSL,UVSL,EQ,2016-08-29,2020-11-20,1045,526102.75,3630507.0,0.0,0.35026963623361035,15,164,0.423419773095624,LOW,PARTIAL,False,True,gap_fade_100,"{""gap_threshold"":0.01}",INTRADAY_SHORT_ALLOWED_RESEARCH,2016-08-29,2026-08-27
5,INE516K01024,1239,1239,1.3466000035980542e+28,1.2454368375430356e+27,1.3466000035980542e+23,1.2454368375430355e+22,0.8772288039365681,6.366553781957562,100.30561328466935,-0.06646453551423159,0.5020177562550444,0.04414592323193994,0.007090909090909149,35.11720005482067,0.6646666666666667,-0.034258064516129005,0.5020259319286872,2478.0,0.07151165853827089,0.002031614002094457,21.729483645234023,5.980521212407763e-89,0.040160136208812966,0.04813171025506692,96,8,5.649387572026025,-0.04308820379793432,0.9980444595811897,1326174.619186616,1.2454368375430356e+27,1.3466000035980542e+28,4.097598341607138e+27,1.2454368375430356e+27,1.1465873030936246e+26,1.0507202809282615e+25,GOENKA,GOENKA DIAMOND&JEWELS LTD,BZ,2016-08-29,2025-12-15,2066,95958.175,123886.5,0.002904162633107454,0.1045403180036589,285,0,0.8371150729335495,LOW,PARTIAL,False,True,gap_fade_100,"{""gap_threshold"":0.01}",INTRADAY_SHORT_ALLOWED_RESEARCH,2016-08-29,2026-08-27
6,INE744I01034,351,351,5.724372597200407e+26,3.0867492677708128e+26,5.724372597200407e+21,3.0867492677708127e+21,1.7480078485299204,3.513574991471631,29.52839427940476,-0.09290909090909083,0.6381766381766382,0.17136814815447293,0.10911111111111116,118.57832366267377,0.998,-0.09290909090909083,0.14222042139384117,702.0,0.2453617454428678,0.013096441104053391,13.085092873164905,4.0004895439701395e-32,0.14561052612895753,0.19712577017998834,36,2,252.9591536819057,-0.0039959999999999996,23.66898776758654,-96587.05971457741,3.0867492677708128e+26,5.724372597200407e+26,4.204118571522109e+26,3.0867492677708128e+26,1.6626133764252937e+26,8.945319717203955e+25,MVL,MVL,BZ,2016-08-29,2020-03-09,717,36986.35,164978.0,0.0,0.26784183583346766,12,35,0.29051863857374394,LOW,PARTIAL,False,True,gap_fade_100,"{""gap_threshold"":0.01}",INTRADAY_SHORT_ALLOWED_RESEARCH,2016-08-29,2026-08-27
7,INE512B01022,1174,1174,2.044537452890169e+26,2.1316858045380453e+25,2.044537452890169e+21,2.1316858045380454e+20,1.024859621092366,5.155296879516041,15.222284819651525,-0.6015174395965244,0.4855195911413969,0.044075229296763066,-0.002,9.485388399706736,0.6646666666666667,-0.17123076923076908,0.47568881685575365,2348.0,0.08801448031593313,0.002568739597944391,17.15830959745154,4.740258547822659e-59,0.03903539191543144,0.04911506667809469,99,16,6.772084859859844,-0.2836053444186696,1.1994290165610066,-74482.93864727013,2.1316858045380453e+25,2.044537452890169e+26,6.605364833967915e+25,2.1316858045380453e+25,2.2128204780718998e+24,2.28694959126149e+23,FCSSOFT,FCS SOFTWARE SOLN. LTD.,EQ,2016-08-29,2026-08-27,2352,2996247.2,1874331.5,0.0,0.112784013190898,154,16,0.9529983792544571,OK,FULL,False,True,gap_fade_100,"{""gap_threshold"":0.01}",INTRADAY_SHORT_ALLOWED_RESEARCH,2016-08-29,2026-08-27
8,INE268L01020,712,712,2.334352466693965e+24,6.089739079634511e+23,2.334352466693965e+19,6.089739079634511e+18,0.9590590771457519,5.062709582337041,29.826908020912157,-0.17831771618046033,0.4311797752808989,0.06678716307281195,-0.002,34.4774608116622,0.4979999999999998,-0.13357894736842102,0.2884927066450567,1424.0,0.09739809599288278,0.0036501479697263234,18.297111138160087,1.4121496862618242e-61,0.05962080528789605,0.07395352085772784,66,7,7.779900186757647,-0.04308820379793432,1.258556289818041,5191460.055096442,6.089739079634511e+23,2.334352466693965e+24,1.1926724112498111e+24,6.089739079634511e+23,1.5846008849876286e+23,4.112688270918297e+22,SHEKHAWATI,SHEKHAWATI INDUSTRIES LTD,BE,2016-08-29,2024-08-27,1490,65799.57500000001,124406.5,0.0006711409395973154,0.14969427756821196,228,1,0.6037277147487844,LOW,PARTIAL,False,True,gap_fade_100,"{""gap_threshold"":0.01}",INTRADAY_SHORT_ALLOWED_RESEARCH,2016-08-29,2026-08-27
9,INE699B01027,1749,1749,1.2267739984089167e+24,4.02509882773107e+22,1.2267739984089168e+19,4.02509882773107e+17,0.5506225291742294,7.846407774864403,11.06750626586866,-0.23747566672155995,0.696969696969697,0.024192439104011212,0.021809523809523945,5.904281182310381,0.248,-0.17533333333333334,0.7086709886547812,3498.0,0.03908177518621262,0.0009345001543205834,25.88810605558436,2.3364405964548187e-125,0.022359583351844844,0.02602529485617758,120,1,1.8294069801261403,-0.02675350608389604,0.27553438904514005,4999.999999999622,4.02509882773107e+22,1.2267739984089167e+24,2.2239933952032958e+23,4.02509882773107e+22,1.3118353465326156e+21,4.2467965716880925e+19,SAMBHAAV,SAMBHAAV MEDIA LTD,EQ,2016-08-29,2026-08-27,2468,202131.15000000002,43577.5,0.0004051863857374392,0.06947994649001467,65,0,1.0,LOW,FULL,False,False,gap_fade_100,"{""gap_threshold"":0.01}",INTRADAY_SHORT_ALLOWED_RESEARCH,2016-08-29,2026-08-27
10,INE215G01021,536,536,9.761379202241947e+22,3.5923435377660875e+22,9.761379202241947e+17,3.592343537766088e+17,1.1872878974114687,3.977947996156725,14.919672321149493,-0.16444213397770657,0.5914179104477612,0.08629685468880964,0.031333333333333324,25.22953792870985,0.6646666666666667,-0.13925490196078427,0.2171799027552674,1072.0,0.14125797171850427,0.006101415081464029,14.143744284990161,8.19592263390016e-39,0.07431118600481564,0.09828252337280365,52,2,31.43329108541738,-0.08794349830679538,3.4475361295075424,-99919.85178798885,3.5923435377660875e+22,9.761379202241947e+22,5.923070254458035e+22,3.5923435377660875e+22,1.3195446484832994e+22,4.837786872104858e+21,SMPL,SMPL,BZ,2016-08-29,2021-06-18,1070,21831.574999999997,36224.5,0.008411214953271028,0.15732583753892612,113,56,0.43354943273906,LOW,PARTIAL,False,True,gap_fade_100,"{""gap_threshold"":0.01}",INTRADAY_SHORT_ALLOWED_RESEARCH,2016-08-29,2026-08-27
1,INE861A01058,488,488,1.2776040198986537e+18,5.014068929354774e+17,12776040198986.537,5014068929354.773,1.9319530137760188,2.223364760385322,4.229064035670175,-0.9410436513443062,0.2766393442622951,0.08620492343131142,-0.002,5.076019855785715,0.998,-0.5019999999999998,0.19773095623987033,976.0,0.26278411000139235,0.011895677723547654,7.246743349533386,1.6839128125896696e-12,0.06283173554202255,0.10957811132060029,40,27,25.757925057424206,-0.532606134048639,3.8708221627369284,-99977.03944554957,5.0140689293557734e+17,1.2776040198986537e+18,8.005595083751155e+17,5.014068929354774e+17,1.964174270296591e+17,7.68001642834148e+16,VISESHINFO,VISESH INFOTECNICS LTD,BZ,2016-08-29,2024-12-02,1412,1224214.5,4784856.0,0.0,0.3702489445142174,81,280,0.5721231766612642,OK,PARTIAL,False,True,momentum_1d,"{""move_threshold"":0.02,""signal_feature"":""previous_cc_signal""}",INTRADAY_SHORT_ALLOWED_RESEARCH,2016-08-29,2026-08-27
2,INE216D01026,327,327,32312022961.987694,17027818650.960508,323120.22961987695,170278.1865096051,1.2095576382749798,1.5420014886249533,1.2001778404214192,-0.8970930527320925,0.28134556574923547,0.05586093790680946,-0.002,2.5572975044395516,0.998,-0.4019999999999999,0.13249594813614263,654.0,0.20302473271337362,0.01122729337344423,4.975459004120851,1.0555984351161928e-06,0.03377384829035253,0.07794802752326639,32,19,3.4663503514426326,-0.555299958831232,0.6211441019262242,-99999.99999680003,17027918650.960505,32312022961.987694,23460223276.117916,17027818650.960508,8961648601.711744,4710288037.859191,KSERASERA,KSERASERA,BZ,2016-08-29,2021-06-14,1076,152586.125,1031524.0,0.0,0.3818516417494113,4,292,0.4359805510534846,LOW,PARTIAL,False,True,momentum_1d,"{""move_threshold"":0.02,""signal_feature"":""previous_cc_signal""}",INTRADAY_SHORT_ALLOWED_RESEARCH,2016-08-29,2026-08-27
3,INE292A01023,363,363,444098626.79407096,216336701.3548973,4440.98626794071,2163.367013548973,1.1514714816074287,1.12983700963094,1.160083650933275,-0.9408891631700361,0.24242424242424243,0.03509998836396503,-0.002,2.3432134918992586,0.998,-0.6686666666666667,0.14708265802269044,726.0,0.18655474444007933,0.00979158472009833,3.5847096631782547,0.00038369919843439434,0.015844456975913426,0.054355519752016634,29,21,2.992004,-0.7165077568145939,0.5256670817121742,-99588.81658430283,216436290.17148158,444098626.79407096,310022692.7750089,216336701.3548973,105204600.53067888,51059206.48381457,UVSL,UVSL,EQ,2016-08-29,2020-11-20,1045,526102.75,3630507.0,0.0,0.35026963623361035,15,164,0.423419773095624,LOW,PARTIAL,False,True,momentum_1d,"{""move_threshold"":0.02,""signal_feature"":""previous_cc_signal""}",INTRADAY_SHORT_ALLOWED_RESEARCH,2016-08-29,2026-08-27
4,INE655I01024,22,22,12050000.0,11612188.113199426,120.5,116.12188113199426,0.7293194889256505,0.9038598353705454,4.599782784196671e+16,-0.007976031983999987,0.4090909090909091,0.2934545454545455,-0.002,249.30769230769224,0.998,-0.002,0.008914100486223663,44.0,0.39818310304404375,0.08489292280968996,3.4567610083634626,0.0023610389261771465,0.11691004786011752,0.46999904304897355,5,2,4.956125824119968,-0.005988007999999989,0.5564640288650005,100000.0,11512188.113199426,12050000.0,11829182.63492387,11612188.113199426,11189416.999395575,10781195.179867273,BIRLACOT,BIRLACOT,EQ,2016-08-29,2017-03-08,130,89646.4,1133433.5,0.0,0.7038461538461539,0,52,0.0526742301458671,LOW,PARTIAL,False,True,momentum_1d,"{""move_threshold"":0.02,""signal_feature"":""previous_cc_signal""}",INTRADAY_SHORT_ALLOWED_RESEARCH,2016-08-29,2026-08-27
5,INE213M01024,28,28,3949999.999999997,3752301.4145167414,39.49999999999997,37.523014145167416,0.5246859461065188,0.8972628347398626,6.65591900057509e+16,-0.019820956648050836,0.32142857142857145,0.16466666666666666,-0.002,122.3333333333333,0.998,-0.002,0.011345218800648298,56.0,0.2683588286331377,0.0507150516208487,3.2468993208906247,0.0031107536442782574,0.06060797610613644,0.26872535722719687,6,2,1.9870179920000002,-0.011940159760191915,0.23053840737827822,0.0,3752301.4145167414,3949999.999999997,3849959.607972687,3752301.4145167414,3563914.394229712,3384416.3614178784,VKSPL,VKSPL,BZ,2016-08-29,2018-04-02,166,8537.65,85123.0,0.030120481927710843,0.48092369477911645,46,65,0.06726094003241491,LOW,PARTIAL,False,True,momentum_1d,"{""move_threshold"":0.02,""signal_feature"":""previous_cc_signal""}",INTRADAY_SHORT_ALLOWED_RESEARCH,2016-08-29,2026-08-27
6,INE890I01035,25,25,912499.9999999994,866453.1082059104,9.124999999999995,8.664531082059105,0.41754810305230755,0.7213912767302838,0.2415097332711057,-0.33666266666666667,0.28,0.11799999999999995,-0.002,8.987364620938626,0.498,-0.33533333333333326,0.01012965964343598,50.0,0.23824201824879512,0.04764840364975902,2.4764733120413096,0.020708877295066104,0.019658528243390982,0.21634147175660892,6,2,0.9903486586666663,-0.33666266666666655,0.13590392454768035,0.0,866453.1082059104,912499.9999999994,889219.8002423121,866453.1082059104,822417.0770903118,780307.7312370032,FARMAXIND,FARMAXIND,BZ,2016-08-29,2018-07-02,171,5010.35,50094.0,0.04678362573099415,0.23001949317738787,99,51,0.0692868719611021,LOW,PARTIAL,False,True,momentum_1d,"{""move_threshold"":0.02,""signal_feature"":""previous_cc_signal""}",INTRADAY_SHORT_ALLOWED_RESEARCH,2016-08-29,2026-08-27
7,INE113O01014,393,393,1203329.9502298473,496012.1512965028,12.033299502298473,4.960121512965028,0.2813289964614874,0.7877290968378194,0.4735641630344315,-0.5889603004966588,0.48854961832061067,0.005522598222674008,-0.002,1.4132276596774922,0.16752789699570825,-0.15584615384615375,0.1592382495948136,786.0,0.04416853060280432,0.0022280076424890174,2.478716013965033,0.013605531352670947,0.0011422592061071197,0.009902937239240895,23,20,0.44054365674930174,-0.17296544523246626,0.08877251689124689,-98758.76001365269,594770.9113101555,1203329.9502298473,781534.8221253903,496012.1512965028,172130.15810570092,24055.58732195683,BLUEBLENDS,BLUEBLENDS,BZ,2016-08-29,2020-10-26,857,118599.2,8851.0,0.052508751458576426,0.05810460043188514,123,0,0.3472447325769854,LOW,PARTIAL,False,True,momentum_1d,"{""move_threshold"":0.02,""signal_feature"":""previous_cc_signal""}",INTRADAY_SHORT_ALLOWED_RESEARCH,2016-08-29,2026-08-27
8,INE274G01010,1194,1194,4974392.811985931,367599.0479160189,49.74392811985931,3.6759904791601894,0.4340641285156723,0.5780908376016627,0.6218141890249385,-0.7410665988272556,0.49413735343383586,0.002058212780855684,-0.0005401787061646828,1.1560929652690528,0.211237639553429,-0.17859574468085104,0.4837925445705024,2388.0,0.039292564382166155,0.0011371250061022649,1.8100145276996777,0.07054507372438705,-0.00017277469805166389,0.004289200259763032,57,53,0.5773800859351097,-0.23095436991145968,0.14241020778864455,85335.75317604284,282263.29473997606,4974392.811985931,1441301.9455790194,367599.0479160189,-57116.720734771836,-96086.01779768978,DHANI,DHANI SERVICES LIMITED,EQ,2016-08-29,2025-10-27,2262,194173142.17,1683536.5,0.0,0.05504615789072657,48,0,0.9165316045380876,OK,PARTIAL,False,True,momentum_1d,"{""move_threshold"":0.02,""signal_feature"":""previous_cc_signal""}",INTRADAY_SHORT_ALLOWED_RESEARCH,2016-08-29,2026-08-27
9,INE033B01011,130,130,415388.53897082555,298383.95833871065,4.153885389708256,2.9838395833871068,0.24267681546745226,0.6964289549036272,0.3046751161235697,-0.254989008,0.23076923076923078,0.012732285509375295,-0.002,2.2595590318160137,0.3313333333333335,-0.252,0.0526742301458671,260.0,0.06568482307993787,0.005760940082902294,2.2101055255136277,0.028861248090900474,0.0013341244615275392,0.024130446557223052,11,7,0.49765264042039936,-0.08771428571428563,0.06890153518952263,296062.3308685301,2321.627470180567,415388.53897082555,353154.29329963,298383.95833871065,207784.0342076029,137665.74949170396,QUINTEGRA,QUINTEGRA SOLUTIONS LTD.,BE,2016-09-22,2026-08-24,602,6989.465,6085.0,0.11295681063122924,0.04955929728767017,245,0,0.2439222042139384,LOW,PARTIAL,True,True,momentum_1d,"{""move_threshold"":0.02,""signal_feature"":""previous_cc_signal""}",INTRADAY_SHORT_ALLOWED_RESEARCH,2016-08-29,2026-08-27
10,INE981B01011,735,735,1596975.653377182,291336.46205063566,15.969756533771822,2.9133646205063566,0.35464607344190086,0.5698396549700788,0.4816599854354696,-0.6275733628826492,0.527891156462585,0.0026928062068918746,0.00328169014084523,1.190298269245415,0.1935445544554455,-0.18456130790190728,0.2978119935170178,1470.0,0.040895019676914904,0.0015084355252525338,1.7851649353332886,0.07464740526466225,-0.0002685562370861364,0.005654168650869885,46,32,0.3307293216604952,-0.30161083570237146,0.09549134426367781,-91434.46852425182,382770.9305748875,1596975.653377182,715215.0536930641,291336.46205063566,-10019.451103944972,-79371.60448973006,CMICABLES,CMI LIMITED,BZ,2016-11-29,2026-08-24,1769,1813212.75,30623.0,0.0005652911249293386,0.05672724961759366,53,0,0.7167747163695299,OK,PARTIAL,True,True,momentum_1d,"{""move_threshold"":0.02,""signal_feature"":""previous_cc_signal""}",INTRADAY_SHORT_ALLOWED_RESEARCH,2016-08-29,2026-08-27
1,INE861A01058,538,538,5.674094890690305e+17,2.012242420569504e+17,5674094890690.306,2012242420569.504,1.8860141402841382,2.200940344797608,4.080108453238874,-0.7086825056070775,0.2936802973977695,0.0755641070907433,-0.002,4.64434759677911,0.998,-0.5019999999999998,0.2179902755267423,1076.0,0.2457083902682686,0.01059324090530086,7.133237860467328,3.1875548795800567e-12,0.054754835481057036,0.09637337870042956,40,28,34.61776341535653,-0.5099944555138712,4.357691682933737,-99977.03944554957,2.0122424205705037e+17,5.674094890690305e+17,3.379869894617796e+17,2.012242420569504e+17,7.121474180186262e+16,2.5151376289019236e+16,VISESHINFO,VISESH INFOTECNICS LTD,BZ,2016-08-29,2024-12-02,1412,1224214.5,4784856.0,0.0,0.3702489445142174,81,280,0.5721231766612642,OK,PARTIAL,False,True,momentum_5d,"{""move_threshold"":0.05,""signal_feature"":""previous_5d_signal""}",INTRADAY_SHORT_ALLOWED_RESEARCH,2016-08-29,2026-08-27
2,INE292A01023,465,465,90992593951.81328,36397259361.9967,909925.9395181328,363972.59361996694,1.472657334752149,1.428809863310094,1.97454168558128,-0.9539244966385464,0.24086021505376345,0.04431674004539279,-0.002,2.6850705374207036,0.998,-0.6686666666666667,0.18841166936790923,930.0,0.21014104209460785,0.00974505748148445,4.547611969410578,6.933713576145742e-06,0.025166827246121147,0.06346665284466443,27,23,14.904223744143968,-0.7469766048908022,1.592601550611706,-99588.81658430283,36397358950.81328,90992593951.81328,57562309834.390434,36397259361.9967,14531899959.248173,5791114313.65621,UVSL,UVSL,EQ,2016-08-29,2020-11-20,1045,526102.75,3630507.0,0.0,0.35026963623361035,15,164,0.423419773095624,LOW,PARTIAL,False,True,momentum_5d,"{""move_threshold"":0.05,""signal_feature"":""previous_5d_signal""}",INTRADAY_SHORT_ALLOWED_RESEARCH,2016-08-29,2026-08-27
3,INE533D01024,434,434,985639408.3855534,414206659.75435066,9856.394083855534,4142.066597543507,1.574253001900647,1.1615259219419793,1.1868515198498417,-0.9963377583314431,0.2511520737327189,0.04126276453885563,-0.002,1.9034239906340913,0.998,-0.4019999999999999,0.17585089141004862,868.0,0.23371934150837545,0.011218887402543157,3.677972962764735,0.0002646789490300873,0.019212515271745587,0.06331301380596567,25,28,34.54652788852583,-0.6367561730011311,3.3442924720298794,-99897.113199079,414306556.8675497,985639408.3855534,639103693.3151556,414206659.75435066,173720892.58266217,72694566.26908326,RAJRAYON,RAJRAYON,BZ,2016-08-29,2021-10-22,1209,32175.4,210554.0,0.0008271298593879239,0.3253103763576687,203,143,0.489870340356564,LOW,PARTIAL,False,True,momentum_5d,"{""move_threshold"":0.05,""signal_feature"":""previous_5d_signal""}",INTRADAY_SHORT_ALLOWED_RESEARCH,2016-08-29,2026-08-27
4,INE213M01024,30,30,9499999.99999999,9007046.253727157,94.9999999999999,90.07046253727157,0.6112533636045684,0.9644078936521697,8.334334665266091e+16,-0.015888446881790363,0.36666666666666664,0.19244444444444442,-0.002,152.92982456140345,0.998,-0.002,0.012155591572123177,60.0,0.29712328714694564,0.054247042243488974,3.5475564470529757,0.0013449938800933583,0.08149678565003585,0.303392103238853,5,3,2.992004,-0.007976031983999987,0.3763077473426753,0.0,9007046.253727157,9499999.99999999,9250387.36216511,9007046.253727157,8538573.86887152,8093408.400001533,VKSPL,VKSPL,BZ,2016-08-29,2018-04-02,166,8537.65,85123.0,0.030120481927710843,0.48092369477911645,46,65,0.06726094003241491,LOW,PARTIAL,False,True,momentum_5d,"{""move_threshold"":0.05,""signal_feature"":""previous_5d_signal""}",INTRADAY_SHORT_ALLOWED_RESEARCH,2016-08-29,2026-08-27
5,INE113O01014,370,370,3837887.4163898756,1789826.1126394025,38.37887416389876,17.898261126394026,0.285237614479114,1.1922125156613461,0.7949178782781959,-0.4954889857438627,0.5243243243243243,0.009001261169809564,0.0023977067724683682,1.7106781380782192,0.16752789699570825,-0.15584615384615375,0.14991896272285252,740.0,0.04571057069245164,0.0023763794133715827,3.7878047247676956,0.0001773937673885308,0.004328316173110232,0.013674206166508895,22,16,0.8104246323478546,-0.2302650530720589,0.13488785643172466,-98758.76001365269,1888584.8726530552,3837887.4163898756,2628486.5144287087,1789826.1126394025,805618.3239080125,333342.0381724608,BLUEBLENDS,BLUEBLENDS,BZ,2016-08-29,2020-10-26,857,118599.2,8851.0,0.052508751458576426,0.05810460043188514,123,0,0.3472447325769854,LOW,PARTIAL,False,True,momentum_5d,"{""move_threshold"":0.05,""signal_feature"":""previous_5d_signal""}",INTRADAY_SHORT_ALLOWED_RESEARCH,2016-08-29,2026-08-27
6,INE904G01038,82,82,1958290.0618279492,1652152.6749608014,19.582900618279492,16.521526749608014,0.5805110843281931,0.7714601478369071,0.2583297999498154,-0.7095213627044301,0.34146341463414637,0.0534878048780488,-0.002,2.2327150084317036,0.6646666666666667,-0.2520000000000001,0.03322528363047002,164.0,0.19475380818562632,0.021506960246826655,2.486999755622876,0.01493653996710973,0.010695700215806521,0.09627990954029109,7,5,2.4242496887150478,-0.4416150080000002,0.2963930278789279,-99999.76135252009,1752152.4363133213,1958290.0618279492,1799140.3252624664,1652152.6749608014,1391058.4312587045,1168452.2489552437,RASOYPR,RASOYPR,BZ,2016-08-29,2018-11-05,246,134007.47499999998,768961.5,0.0,0.30535230352303533,12,51,0.09967585089141005,LOW,PARTIAL,False,True,momentum_5d,"{""move_threshold"":0.05,""signal_feature"":""previous_5d_signal""}",INTRADAY_SHORT_ALLOWED_RESEARCH,2016-08-29,2026-08-27
7,INE890I01035,40,40,912499.9999999994,837861.9283906379,9.124999999999995,8.378619283906378,0.4175641697857203,0.7140276193573762,0.32368024275189383,-0.33798934133333325,0.175,0.07299999999999998,-0.002,8.31218697829716,0.498,-0.33533333333333326,0.01620745542949757,80.0,0.1959344619772473,0.03097995859838799,2.3563620902901548,0.023573722862976806,0.010337119039925832,0.13566288096007412,5,3,2.328037004147053,-0.33798934133333325,0.2278218025705676,0.0,837861.9283906379,912499.9999999994,874484.9225700129,837861.9283906379,768595.1718808573,704322.6189531444,FARMAXIND,FARMAXIND,BZ,2016-08-29,2018-07-02,171,5010.35,50094.0,0.04678362573099415,0.23001949317738787,99,51,0.0692868719611021,LOW,PARTIAL,False,True,momentum_5d,"{""move_threshold"":0.05,""signal_feature"":""previous_5d_signal""}",INTRADAY_SHORT_ALLOWED_RESEARCH,2016-08-29,2026-08-27
8,INE472B01011,453,453,2000437.40970188,752851.8141012114,20.0043740970188,7.528518141012114,0.228381617397838,1.071379530808913,0.760025120329981,-0.6406612766444212,0.31567328918322296,0.005289941893108661,-0.002,1.6898527838771609,0.10451685393258425,-0.10732889258950884,0.18354943273905996,906.0,0.0332682217110026,0.0015630774082345978,3.38431216857221,0.0007757473362827151,0.0022181411941794575,0.008361742592037865,18,23,2.388743999415509,-0.2850557485737272,0.2605809062627853,342941.62094940955,409910.1931518018,2000437.40970188,1238718.0518251099,752851.8141012114,245665.6181044468,39847.41294024224,BLUECOAST,BLUE COAST HOTELS LIMITED,BE,2016-08-29,2026-08-27,1192,9471.795,564.5,0.29446308724832215,0.03025785138384574,569,0,0.4829821717990275,LOW,PARTIAL,False,True,momentum_5d,"{""move_threshold"":0.05,""signal_feature"":""previous_5d_signal""}",INTRADAY_SHORT_ALLOWED_RESEARCH,2016-08-29,2026-08-27
9,INE196B01016,599,599,2335479.7149272566,638107.1839155979,23.354797149272567,6.381071839155979,0.32116830603803637,0.7951831905099487,0.5908543181768114,-0.4989121213442298,0.5258764607679466,0.004175588224354422,0.002246284501061681,1.3221716176469305,0.16466666666666663,-0.12626614481409004,0.2427066450567261,1198.0,0.04093161907839055,0.0016724206165002076,2.4967332877613475,0.012802256789105472,0.0008910563216997154,0.0074601201270091295,31,22,0.4259291553426432,-0.2358810146378849,0.10838800474216295,-94235.68040860999,732342.8643242079,2335479.7149272566,1241162.348827298,638107.1839155979,123160.45974155833,-32690.89780651538,SHIRPUR-G,SHIRPUR-G,BZ,2016-08-29,2021-08-30,1128,469292.675,16875.0,0.0,0.05962074735147215,47,0,0.45705024311183146,LOW,PARTIAL,False,True,momentum_5d,"{""move_threshold"":0.05,""signal_feature"":""previous_5d_signal""}",INTRADAY_SHORT_ALLOWED_RESEARCH,2016-08-29,2026-08-27
10,INE216D01026,346,346,-100000.0,546757.2792224359,-1.0,5.467572792224359,1.4586320552134626,1.416895798216145,0.9685464246676779,-1.2493829544706339,0.315028901734104,0.05849950370759617,-0.002,2.203396990515337,0.998,-1.002,0.14019448946515398,692.0,0.2396284840904296,0.012882507114656792,4.541003019593882,7.74787334126445e-06,0.03316136540787478,0.08383764200731755,24,27,12.365570173828505,-1.002978059928032,1.5843716796931369,-99999.99999680003,646757.279219236,-100000.0,126394.22852535173,546757.2792224359,1218214.8237155906,1409229.7380377075,KSERASERA,KSERASERA,BZ,2016-08-29,2021-06-14,1076,152586.125,1031524.0,0.0,0.3818516417494113,4,292,0.4359805510534846,LOW,PARTIAL,False,True,momentum_5d,"{""move_threshold"":0.05,""signal_feature"":""previous_5d_signal""}",INTRADAY_SHORT_ALLOWED_RESEARCH,2016-08-29,2026-08-27
1,INE414B01021,2118,2118,293973330989472.75,4400614106310.182,2939733309.8947277,44006141.06310181,0.7404182807040607,2.7934882413372093,5.144688722201714,-0.9998825411766344,0.3073654390934844,0.00956406764711129,-0.002,1.8153236203384846,0.248,-0.15014814814814825,0.8581847649918962,4236.0,0.05022113336275476,0.0010912481778088358,8.764337793732123,3.776152929480632e-18,0.007424037000245313,0.01170409829397727,57,53,4.201433645759845,-0.4767952404278287,0.788878287500588,-28993.10344827584,4400614135303.285,293973330989472.75,36005112633630.375,4400614106310.182,65325428383.59162,961517344.7446367,ANTGRAPHIC,ANTARCTICA LTD,EQ,2016-08-29,2026-08-27,2118,152082.965,162378.0,0.0028328611898017,0.06542492468771342,279,0,0.8581847649918962,LOW,PARTIAL,False,True,open_to_close,{},LONG_ONLY,2016-08-29,2026-08-27
2,INE215G01021,1014,1014,779275067154.3032,104089065556.63414,7792750.671543032,1040890.6555663414,1.3705873930456811,1.637470649135558,2.180229973581126,-0.9827787040669487,0.3047337278106509,0.02167638802153505,-0.002,1.833495090914726,0.6646666666666667,-0.402,0.41085899513776336,2028.0,0.13370460715420657,0.004198821330603632,5.162493546354067,2.9322435095410064e-07,0.013437004961613421,0.029915771081456675,32,27,11.003756728402553,-0.862221699086821,1.3593648687639712,-99919.85178798885,104089165476.48593,779275067154.3032,284949611625.8204,104089065556.63414,13846919256.046926,1834476862.2123938,SMPL,SMPL,BZ,2016-08-29,2021-06-18,1070,21831.574999999997,36224.5,0.008411214953271028,0.15732583753892612,113,56,0.43354943273906,LOW,PARTIAL,False,True,open_to_close,{},LONG_ONLY,2016-08-29,2026-08-27
3,INE455J01027,256,256,78821892339.43314,48231453205.66443,788218.9233943314,482314.53205664427,0.8608424153413238,1.9346018835798646,1.4281776870162837,-0.6994942312891552,0.3671875,0.06371180555555556,-0.002,3.768078618148121,0.6646666666666667,-0.402,0.10372771474878444,512.0,0.15747114631043901,0.009841946644402438,6.473496337413224,4.882027891729871e-10,0.04432995600084204,0.08309365511026907,12,9,10.166312185251218,-0.403196,1.4545476119211376,46938.775510204345,48231406266.888916,78821892339.43314,61665304666.855415,48231453205.66443,29484564137.47724,18006865593.5538,AUSTRAL,AUSTRAL,BZ,2016-08-29,2018-07-16,263,10116.65,34432.0,0.0076045627376425855,0.19679220230551028,57,7,0.10656401944894651,LOW,PARTIAL,False,True,open_to_close,{},LONG_ONLY,2016-08-29,2026-08-27
4,INE213M01024,101,101,16588699999.99999,13733797311.011833,165886.9999999999,137337.97311011833,1.457832953202447,1.3282897955341695,0.9756188271106395,-0.9066195923436264,0.27722772277227725,0.18776897689768984,-0.002,6.45066104617743,0.998,-0.502,0.04092382495948136,202.0,0.4170196524614324,0.04149500632475699,4.52509816309299,1.6663779022628272e-05,0.10544406619148457,0.27009388760389513,7,10,2002.3958661269482,-0.710545625889746,182.02698773762503,0.0,13733797311.011833,16588699999.99999,15094634202.771523,13733797311.011833,11365792561.672647,9402402490.775976,VKSPL,VKSPL,BZ,2016-08-29,2018-04-02,166,8537.65,85123.0,0.030120481927710843,0.48092369477911645,46,65,0.06726094003241491,LOW,PARTIAL,False,True,open_to_close,{},LONG_ONLY,2016-08-29,2026-08-27
5,INE655I01024,78,78,13107100000.0,11324749863.922945,131071.0,113247.49863922945,1.613953490681039,1.2870657014081361,0.7718951703232917,-0.7569116765325432,0.3076923076923077,0.26082051282051294,-0.002,6.63858093126386,0.998,-0.502,0.031604538087520256,156.0,0.5142410810542944,0.058226336609146716,4.479425085100423,2.5614665698380608e-05,0.14487706412018594,0.3767639615208399,6,2,30.71308576271805,-0.0039959999999999996,4.09182235549984,100000.0,11324649863.922945,13107100000.0,12183870107.524933,11324749863.922945,9781581735.720894,8445925816.105183,BIRLACOT,BIRLACOT,EQ,2016-08-29,2017-03-08,130,89646.4,1133433.5,0.0,0.7038461538461539,0,52,0.0526742301458671,LOW,PARTIAL,False,True,open_to_close,{},LONG_ONLY,2016-08-29,2026-08-27
6,INE744I01034,682,682,13187538115.4719,3374637236.481256,131875.381154719,33746.37236481256,1.8785235119128745,1.272272382999051,1.7669508807466026,-0.9979598651240198,0.26099706744868034,0.03432076623278972,-0.002,1.8155028591276425,0.998,-0.502,0.27633711507293357,1364.0,0.22332746296488445,0.008551650533894553,4.01334994885011,6.650453049311435e-05,0.01752999729075465,0.05111153517482479,18,22,249.92684081438057,-0.7985947774044738,23.378256185906412,-96587.05971457741,3374733823.540971,13187538115.4719,6673428013.626386,3374637236.481256,861080870.7180915,219041736.59862536,MVL,MVL,BZ,2016-08-29,2020-03-09,717,36986.35,164978.0,0.0,0.26784183583346766,12,35,0.29051863857374394,LOW,PARTIAL,False,True,open_to_close,{},LONG_ONLY,2016-08-29,2026-08-27
7,INE803A01027,255,255,4487702562.3510275,2733659295.968908,44877.02562351027,27336.59295968908,0.9979504420340669,1.4414795173834989,1.2658576938552444,-0.6736351148773505,0.2235294117647059,0.055248677248677255,-0.002,3.90770127896006,0.998,-0.502,0.103322528363047,510.0,0.18877611634069752,0.0118216189629261,4.673528847609045,4.80765261973416e-06,0.031967801022638534,0.07852955347471598,19,30,12.861511170475488,-0.3796594931626125,1.20132557386732,53773.43750000006,2733605522.531408,4487702562.3510275,3502984523.3374376,2733659295.968908,1663531192.1598873,1011298538.2869176,ATNINTER,ATNINTER,BE,2016-08-31,2022-05-02,307,781.4,5005.0,0.0781758957654723,0.21816865725660514,145,52,0.12439222042139383,LOW,PARTIAL,True,True,open_to_close,{},LONG_ONLY,2016-08-29,2026-08-27
8,INE183H01011,773,773,977379215.1258686,211108555.1378772,9773.792151258685,2111.085551378772,0.5688909046660349,1.6494042087979246,1.6335892015928433,-0.5356916878702567,0.34023285899094435,0.011888339789202269,-0.002,1.847163229148792,0.2837142857142858,-0.20199999999999996,0.3132090761750405,1546.0,0.06329949927985537,0.0022767247443538107,5.221685150427119,2.281920695387528e-07,0.0074190343675007,0.01635764521090384,28,16,2.285381967812846,-0.26703920249159663,0.3109606182742276,-69607.40148849397,211178162.53936568,977379215.1258686,454443017.6169569,211108555.1378772,45397659.06879381,9670906.381310211,XLENERGY,XLENERGY,BZ,2016-08-29,2020-03-09,773,2595.5,2000.0,0.07761966364812418,0.06303925303761043,226,0,0.3132090761750405,LOW,PARTIAL,False,True,open_to_close,{},LONG_ONLY,2016-08-29,2026-08-27
9,INE657B01025,1025,1025,1273427180.3942573,165658588.69739947,12734.271803942573,1656.5858869739948,0.9546083140587025,1.1667573753679819,2.0020423961166456,-0.7587568755704986,0.13170731707317074,0.010642079931190344,-0.002,2.1943831083271186,0.998,-0.402,0.4153160453808752,2050.0,0.09298248165740841,0.0029042847900351567,3.664268727262632,0.0002607628009195202,0.004943050244657182,0.016341109617723507,35,80,2.976051952016,-0.41736278540744254,0.38765411631292124,23225074.08708341,142433514.61031607,1273427180.3942573,459588332.060477,165658588.69739947,21386688.420378424,2673839.9173498545,BLUECHIP,BLUE CHIP INDIA LIMITED,EQ,2016-08-29,2026-08-27,1060,17301.9,18969.5,0.04433962264150943,0.05414549249468766,714,35,0.42949756888168555,LOW,PARTIAL,False,True,open_to_close,{},LONG_ONLY,2016-08-29,2026-08-27
10,INE026B01049,773,773,756537061.1363939,162634219.72194228,7565.370611363939,1626.3421972194228,0.8895593192183726,1.2708273193429849,1.2954752425439602,-0.839613166940943,0.20439844760672704,0.014322755454300368,-0.002,1.6995426781816112,0.4979999999999998,-0.2877142857142857,0.3132090761750405,1546.0,0.09946634124481464,0.0035775556350171323,4.003503205962519,6.84337882740265e-05,0.007299864858643762,0.021345646049956972,30,36,3.3054857830891535,-0.5495834380069737,0.4541272980785309,516636.36363636586,162117583.3583059,756537061.1363939,350935158.8712152,162634219.72194228,34792211.40964072,7358147.746136745,JIKIND,JIKIND,BZ,2016-08-29,2023-02-27,776,2679.6,7000.0,0.09149484536082474,0.11699417309415108,280,3,0.31442463533225284,LOW,PARTIAL,False,True,open_to_close,{},LONG_ONLY,2016-08-29,2026-08-27
1,INE696K01024,998,998,38494246.58612912,5174160.900829754,384.9424658612912,51.74160900829754,0.6766118113042572,0.9226205430279537,0.9448393681300937,-0.7579736126832027,0.3026052104208417,0.0061259968400896375,-0.002,1.4167496789065916,0.6646666666666667,-0.2520000000000001,0.40437601296596437,1996.0,0.06687945996209256,0.0021170323135120185,2.89367186366986,0.0038905759530892658,0.0019716464479895895,0.010280347232189686,54,52,1.1236253190007877,-0.3691989277224176,0.21625574970959538,2304.6875000001455,5171856.213329754,38494246.58612912,14174284.771275904,5174160.900829754,617876.2868264434,-2679.516099172586,PRAKASHSTL,PRAKASH STEELAGE LTD,EQ,2016-08-29,2026-08-27,2247,728217.2,229693.0,0.0022251891410769915,0.07030736477561618,407,13,0.910453808752026,LOW,PARTIAL,False,True,reversal_1d,"{""move_threshold"":0.02,""signal_feature"":""previous_cc_signal""}",INTRADAY_SHORT_ALLOWED_RESEARCH,2016-08-29,2026-08-27
2,INE287Z01012,1077,1077,41865900.39909073,4799079.457838532,418.6590039909073,47.99079457838532,0.6176798427979943,0.9510152694626893,0.9757979305003764,-0.8329918565454176,0.27390900649953576,0.005341704140550722,-0.002,1.3525832672421214,0.248,-0.33533333333333326,0.43638573743922204,2154.0,0.058780366062355545,0.0017911189746783057,2.982327927998262,0.0029251000979009295,0.0018272221846180109,0.008856186096483434,52,37,1.1417142733221524,-0.3614020535310941,0.21573105948209956,288144.3877218902,4510935.070116641,41865900.39909073,14246265.520535875,4799079.457838532,469458.2145000361,-34093.06179609048,GAYAHWS,GAYATRI HIGHWAYS LIMITED,EQ,2018-06-28,2026-08-27,1770,134264.09999999998,159036.5,0.0,0.07967226799489845,345,1,0.7171799027552674,LOW,PARTIAL,True,True,reversal_1d,"{""move_threshold"":0.02,""signal_feature"":""previous_cc_signal""}",INTRADAY_SHORT_ALLOWED_RESEARCH,2016-08-29,2026-08-27
3,INE699B01027,1273,1273,38904008.45662709,2977600.353651043,389.04008456627093,29.77600353651043,0.5476206673418824,0.9111302383267507,1.0320966461528214,-0.7300568622228696,0.4603299293008641,0.003838632192723498,-0.002,1.2431530880209853,0.2339374999999999,-0.19247619047619047,0.5158022690437601,2546.0,0.047967573834041495,0.0013444156238375093,2.855242177092884,0.004370230205802801,0.0012011163169379667,0.006476148068509029,71,48,0.5448462353712391,-0.3334071197741729,0.146038346197215,4999.999999999622,2972600.3536510435,38904008.45662709,10863175.927229732,2977600.353651043,141604.80595825234,-81129.63125248728,SAMBHAAV,SAMBHAAV MEDIA LTD,EQ,2016-08-29,2026-08-27,2468,202131.15000000002,43577.5,0.0004051863857374392,0.06947994649001467,65,0,1.0,LOW,FULL,False,False,reversal_1d,"{""move_threshold"":0.02,""signal_feature"":""previous_cc_signal""}",INTRADAY_SHORT_ALLOWED_RESEARCH,2016-08-29,2026-08-27
4,INE414B01021,1036,1036,21133858.542470336,2591491.394723977,211.33858542470335,25.91491394723977,0.47557938577120606,0.9410525131754136,0.995559082338224,-0.5463353803606577,0.2799227799227799,0.004230792635165055,-0.002,1.3446904829362263,0.22022222222222232,-0.18381818181818166,0.419773095623987,2072.0,0.046140188490887,0.001433505906291686,2.9513604489496843,0.003235102479091393,0.0014178832403604607,0.007043702029969649,51,51,0.9091824692193367,-0.3134500343779365,0.158440213658347,-28993.10344827584,2620484.498172253,21133858.542470336,7463711.820870273,2591491.394723977,239751.47211051692,-57290.276915735485,ANTGRAPHIC,ANTARCTICA LTD,EQ,2016-08-29,2026-08-27,2118,152082.965,162378.0,0.0028328611898017,0.06542492468771342,279,0,0.8581847649918962,LOW,PARTIAL,False,True,reversal_1d,"{""move_threshold"":0.02,""signal_feature"":""previous_cc_signal""}",INTRADAY_SHORT_ALLOWED_RESEARCH,2016-08-29,2026-08-27
5,INE691G01015,1112,1112,24234264.610632304,2545560.4887200193,242.34264610632303,25.455604887200195,0.6353612083117243,0.8347029401388534,0.9054233186518904,-0.7115977955075026,0.2868705035971223,0.0046708128489131254,-0.002,1.3349073193708805,0.3979999999999999,-0.2877142857142858,0.4505672609400324,2224.0,0.059540754294604835,0.0017855085681944452,2.615956558324656,0.009018440648070296,0.0011674637541467451,0.008174161943679505,56,47,1.5605913817732526,-0.48968990087213293,0.22595758219464837,6406558.499939557,-3860998.011219538,24234264.610632304,7928033.235933626,2545560.4887200193,186341.0896856301,-69146.2214741763,IMPEXFERRO,IMPEX FERRO TECH LIMITED,BZ,2016-08-29,2026-08-27,2005,21582.05,14692.0,0.013965087281795512,0.06544044435210963,522,0,0.8123987034035657,LOW,PARTIAL,False,True,reversal_1d,"{""move_threshold"":0.02,""signal_feature"":""previous_cc_signal""}",INTRADAY_SHORT_ALLOWED_RESEARCH,2016-08-29,2026-08-27
6,INE272L01022,1001,1001,13484925.817635968,1746234.6868169145,134.84925817635968,17.462346868169146,0.4112181904832867,0.9283259882496427,0.9139666232248594,-0.6925691968126781,0.4835164835164835,0.003734937711528295,-0.002,1.294795572089336,0.21466666666666656,-0.16760509554140124,0.40559157212317665,2002.0,0.040584961359417686,0.0012827679427513286,2.9116238308212323,0.0036754023165648914,0.0012177120458360712,0.0062521633772205185,74,44,0.4445059949776726,-0.23682876211424986,0.1049207621482573,5165.289256197837,1741069.3975607166,13484925.817635968,4910585.356914048,1746234.6868169145,149909.09470111635,-66307.3035416579,SURANASOL,SURANA SOLAR LIMITED,EQ,2016-08-29,2026-08-27,2468,1052433.325,53329.5,0.0,0.05670433073686808,59,0,1.0,OK,FULL,False,False,reversal_1d,"{""move_threshold"":0.02,""signal_feature"":""previous_cc_signal""}",INTRADAY_SHORT_ALLOWED_RESEARCH,2016-08-29,2026-08-27
7,INE425B01027,1415,1415,25220658.36580392,1403287.0365671339,252.2065836580392,14.03287036567134,0.4770717296600191,0.8174781869434379,0.9981365044862572,-0.8180851569521155,0.37031802120141344,0.0026992805767787407,-0.002,1.2151639618719376,0.16126530612244894,-0.19102439024390228,0.5733387358184765,2830.0,0.03965647950604923,0.0010542313753636834,2.560425196838367,0.010557529451276582,0.0006312548739715999,0.004767306279585881,61,48,0.7555891109730031,-0.4207507024463023,0.14753261514387253,-36017.79297532143,1439304.8295424553,25220658.36580392,6073975.271608992,1403287.0365671339,-11253.251400519744,-94790.49170322291,BCG,BRIGHTCOM GROUP LIMITED,EQ,2016-08-29,2026-08-27,2228,22770873.17,1992405.5,0.0,0.051134107306952864,275,2,0.9027552674230146,OK,PARTIAL,False,True,reversal_1d,"{""move_threshold"":0.02,""signal_feature"":""previous_cc_signal""}",INTRADAY_SHORT_ALLOWED_RESEARCH,2016-08-29,2026-08-27
8,INE686I01011,443,443,3363496.7300838227,1334305.4819324121,33.63496730083823,13.343054819324122,0.43717918645325715,0.8357981855179155,0.5533523944557452,-0.5430447709344466,0.4040632054176072,0.0080779617031647,-0.002,1.4602366136724543,0.3313333333333335,-0.20199999999999996,0.17949756888168558,886.0,0.06464908501681386,0.0030715707239480847,2.6299123247214653,0.008838695623646765,0.0020412637232739396,0.014114659683055461,21,17,1.5557477578550731,-0.3143876852642131,0.1932350481351513,-96769.45668135093,1431074.938613763,3363496.7300838227,2129327.384732265,1334305.4819324121,492927.9871328826,144676.6744191756,SITASHREE,SITASHREE,BZ,2016-08-29,2020-03-09,783,40451.6,18511.0,0.008939974457215836,0.0849601069766788,67,0,0.3172609400324149,LOW,PARTIAL,False,True,reversal_1d,"{""move_threshold"":0.02,""signal_feature"":""previous_cc_signal""}",INTRADAY_SHORT_ALLOWED_RESEARCH,2016-08-29,2026-08-27
9,INE183H01011,429,429,3107841.769365318,1266152.5222997312,31.07841769365318,12.661525222997312,0.42480758731622964,0.8348424515161137,0.5869662620722772,-0.5571140828160159,0.30303030303030304,0.008096253764758846,-0.002,1.5155412341358767,0.2837142857142858,-0.22422222222222232,0.17382495948136142,858.0,0.06382342890739104,0.0030814241846620276,2.6274388982401167,0.00891205246691019,0.0020396463841888925,0.0141528611453288,20,22,0.7248234321863254,-0.18636868327369116,0.12425019284221685,-69607.40148849397,1335759.923788225,3107841.769365318,1993864.746399658,1266152.5222997312,480822.53278692707,146514.66160413303,XLENERGY,XLENERGY,BZ,2016-08-29,2020-03-09,773,2595.5,2000.0,0.07761966364812418,0.06303925303761043,226,0,0.3132090761750405,LOW,PARTIAL,False,True,reversal_1d,"{""move_threshold"":0.02,""signal_feature"":""previous_cc_signal""}",INTRADAY_SHORT_ALLOWED_RESEARCH,2016-08-29,2026-08-27
10,INE203Y01012,812,812,6596099.104486452,1227217.7921274833,65.96099104486453,12.272177921274833,0.35577487760888926,0.9191820609699675,0.8591455895707404,-0.4770989115536105,0.5246305418719212,0.003944258800419069,0.0011251220750810881,1.300028494441065,0.16708454227113556,-0.10229498525073732,0.32901134521880065,1624.0,0.0389545931613015,0.001367038224716344,2.8852586044091706,0.0040146399385174,0.001260908492501479,0.006627609108336659,46,28,0.4948959687739223,-0.22137564326022563,0.10558999992533341,-37443.30645840019,1264661.0985858834,6596099.104486452,2882341.803581367,1227217.7921274833,162214.46661087306,-48363.16806769029,SILLYMONKS,SILLY MONKS ENTERTAIN LTD,EQ,2020-07-08,2026-08-27,1517,170268.61,8655.0,0.01120632827949901,0.0664707401876226,19,0,0.6146677471636953,LOW,PARTIAL,True,True,reversal_1d,"{""move_threshold"":0.02,""signal_feature"":""previous_cc_signal""}",INTRADAY_SHORT_ALLOWED_RESEARCH,2016-08-29,2026-08-27
1,INE414B01021,1039,1039,36862840.27444343,4559927.998458359,368.6284027444343,45.599279984583596,0.5294001258859415,1.0014660796526984,1.0688765322643803,-0.7101195613232376,0.2791145332050048,0.004997460283087222,-0.002,1.365117118339522,0.22022222222222232,-0.20199999999999996,0.42098865478119935,2078.0,0.05127165054803104,0.001590631302423561,3.141809340400164,0.0017266194168863106,0.0018762407784937585,0.008118679787680685,55,44,1.31582272893022,-0.4879062463644589,0.2053376836458406,-28993.10344827584,4588921.101906635,36862840.27444343,13030973.42748911,4559927.998458359,485049.02051313734,-26852.878269175795,ANTGRAPHIC,ANTARCTICA LTD,EQ,2016-08-29,2026-08-27,2118,152082.965,162378.0,0.0028328611898017,0.06542492468771342,279,0,0.8581847649918962,LOW,PARTIAL,False,True,reversal_5d,"{""move_threshold"":0.05,""signal_feature"":""previous_5d_signal""}",INTRADAY_SHORT_ALLOWED_RESEARCH,2016-08-29,2026-08-27
2,INE123C01018,947,947,17342532.757392682,2540424.365324055,173.4253275739268,25.40424365324055,0.4949389148957772,0.9224880598843247,0.8266794795131699,-0.5755306675395394,0.5364308342133052,0.004721793511460649,0.0038522311631308277,1.3029907034472386,0.26801569858712715,-0.23761643835616453,0.38371150729335496,1894.0,0.050212159379455355,0.0016316759381074296,2.8938304483042305,0.003893122623857124,0.0015196705558358278,0.00792391646708547,67,44,0.7382056050948167,-0.3640249237039297,0.1426382228328498,525055.2077002766,2015369.157623778,17342532.757392682,6689636.092034594,2540424.365324055,298194.95905452775,-40176.88585780789,TAINWALCHM,TAINWALA CHEMICAL AND PLA,EQ,2016-08-29,2026-08-27,2448,535706.71,4985.0,0.01184640522875817,0.06090328529384592,17,0,0.9918962722852512,LOW,FULL,False,True,reversal_5d,"{""move_threshold"":0.05,""signal_feature"":""previous_5d_signal""}",INTRADAY_SHORT_ALLOWED_RESEARCH,2016-08-29,2026-08-27
3,INE558R01013,530,530,7365787.641610359,2503859.274492277,73.65787641610359,25.03859274492277,0.30678200040692444,1.236986412761745,0.8994398318613054,-0.3800820972285087,0.4962264150943396,0.007012349432017226,-0.0001402890715715404,1.6240113677814136,0.16749640287769785,-0.1571976573938506,0.21474878444084278,1060.0,0.0412675556155343,0.0017925480686069332,3.911944987599036,0.00010349134917645271,0.0034909630835918176,0.010533735780442635,38,18,0.4417396096638908,-0.24819773271130685,0.093486711151922,248960.15549076733,2254899.1190015096,7365787.641610359,4310221.5556905335,2503859.274492277,806247.6040432155,214745.88836802723,HECPROJECT,HEC INFRA PROJECTS LTD,EQ,2021-12-30,2026-08-27,1149,583896.95,7119.0,0.007832898172323759,0.05802250384960224,74,0,0.46555915721231766,LOW,PARTIAL,True,True,reversal_5d,"{""move_threshold"":0.05,""signal_feature"":""previous_5d_signal""}",INTRADAY_SHORT_ALLOWED_RESEARCH,2016-08-29,2026-08-27
4,INE938A01021,923,923,8801309.812007109,1308244.3885793486,88.01309812007109,13.082443885793486,0.7118239612062959,0.7235543131924637,0.6947836233371649,-0.7417852084859822,0.28602383531960995,0.005464955794148373,-0.002,1.3875475761225031,0.6646666666666667,-0.5019999999999998,0.3739870340356564,1846.0,0.07322083744446285,0.0024100932211954086,2.2675288018269057,0.023588671633783857,0.0007350507922536144,0.01019486079604313,47,35,1.1247877320354918,-0.38221757092403175,0.18664522897545022,194561.42126158887,1113682.9673177598,8801309.812007109,3442151.7258011983,1308244.3885793486,121967.49376252393,-65143.690687437054,LCCINFOTEC,LCC INFOTECH LTD,EQ,2016-08-29,2026-08-27,1681,215026.8,81821.0,0.007733491969066032,0.07104652402396887,399,3,0.6811183144246353,LOW,PARTIAL,False,True,reversal_5d,"{""move_threshold"":0.05,""signal_feature"":""previous_5d_signal""}",INTRADAY_SHORT_ALLOWED_RESEARCH,2016-08-29,2026-08-27
5,INE688J01023,488,488,3535736.7543363585,1276647.826197604,35.35736754336359,12.76647826197604,0.38083162536079246,0.8899923085896032,0.6438108910118591,-0.4676789589520536,0.29918032786885246,0.006802116288047385,-0.002,1.5407193680600892,0.248,-0.16866666666666663,0.19773095623987033,976.0,0.05364936329852189,0.002428592565468896,2.800847035753845,0.005299602271613176,0.002030303226327532,0.011573929349767238,29,17,0.5191937490846115,-0.15453317982294368,0.09800145294733673,6153.846153846462,1270493.9800437575,3535736.7543363585,2137756.642314035,1276647.826197604,420247.3588739746,96223.10049067895,LANDSMILL,LANDSMILL GREEN LIMITED,EQ,2022-09-28,2026-08-27,965,2947074.88,4119997.0,0.0,0.07460213972218152,164,1,0.39100486223662884,OK,PARTIAL,True,True,reversal_5d,"{""move_threshold"":0.05,""signal_feature"":""previous_5d_signal""}",INTRADAY_SHORT_ALLOWED_RESEARCH,2016-08-29,2026-08-27
6,INE590L01019,1150,1150,11991784.278493986,1117840.0799450956,119.91784278493985,11.178400799450955,0.5313026257558963,0.744259562906288,0.7681055760807783,-0.5954861459072187,0.508695652173913,0.0033675430783975243,0.0021519510724437602,1.2135728238355448,0.29800000000000004,-0.2218214285714286,0.4659643435980551,2300.0,0.048979945588964235,0.0014443397979994623,2.331544892041241,0.019896828601382695,0.000533703960989531,0.006201382195805518,65,51,0.7000843304659068,-0.3008016741171664,0.15379395536815146,417819.6328810864,700020.4470640093,11991784.278493986,3739632.4759405963,1117840.0799450956,22093.203447716078,-87816.10862642678,VASWANI,VASWANI IND LTD,EQ,2016-08-29,2026-08-27,2466,669801.6699999999,34062.0,0.0032441200324412004,0.06825465967898885,60,0,0.9991896272285251,LOW,FULL,False,True,reversal_5d,"{""move_threshold"":0.05,""signal_feature"":""previous_5d_signal""}",INTRADAY_SHORT_ALLOWED_RESEARCH,2016-08-29,2026-08-27
7,INE318J01027,400,400,2562405.2379081147,1101124.0880901741,25.624052379081146,11.011240880901742,0.4271392707051561,0.804006476435138,0.5306077641813802,-0.7404333177462836,0.28,0.008408405975071849,-0.002,1.493048203778141,0.3313333333333335,-0.2686666666666666,0.1620745542949757,800.0,0.06646103519720999,0.0033230517598604992,2.5303265139104636,0.011779346260432954,0.0018755278146044118,0.014941284135539286,18,14,0.9193396742444766,-0.43216213824097527,0.17121475502800942,-32692.307692307848,1133816.3957824819,2562405.2379081147,1688617.1074326746,1101124.0880901741,441014.99771923013,143296.38258012265,NUTEK,NUTEK,BZ,2016-08-29,2019-11-25,650,64792.675,96089.5,0.0,0.10122183250818124,119,3,0.2633711507293355,LOW,PARTIAL,False,True,reversal_5d,"{""move_threshold"":0.05,""signal_feature"":""previous_5d_signal""}",INTRADAY_SHORT_ALLOWED_RESEARCH,2016-08-29,2026-08-27
8,INE130B01031,905,905,6732064.202554915,1023033.1489889356,67.32064202554915,10.230331489889357,0.4768845547694246,0.756173032220145,0.6774221164592914,-0.5547703821991659,0.47955801104972373,0.0039023882654731544,-0.002,1.2470678327382687,0.248,-0.21376470588235308,0.3666936790923825,1810.0,0.049529092769118405,0.001646402752271516,2.3702513009584627,0.01798499035336602,0.000671171994972972,0.007133604535973337,68,42,0.4277761326132945,-0.3116614940858059,0.11698536645713191,211960.78431372548,811072.3646752101,6732064.202554915,2671202.8039772706,1023033.1489889356,83933.84108719547,-69984.00085307455,SURANAT&P,SURANA TELECOM AND POW LT,EQ,2016-08-29,2026-08-27,2468,609416.125,62496.0,0.0008103727714748784,0.06305053047185927,43,0,1.0,LOW,FULL,False,False,reversal_5d,"{""move_threshold"":0.05,""signal_feature"":""previous_5d_signal""}",INTRADAY_SHORT_ALLOWED_RESEARCH,2016-08-29,2026-08-27
9,INE731C01018,673,673,3679567.741552063,888237.6517873,36.79567741552063,8.882376517873,0.3744550120192009,0.8110325091830372,0.6596045715258075,-0.5306549132307594,0.4814264487369985,0.0044194422269397335,-0.002,1.3064626415073561,0.16844649184975213,-0.17724091919940688,0.2726904376012966,1346.0,0.04503826612992742,0.0017360975760156744,2.5456185689068853,0.011130663973053337,0.001010613926872966,0.007828270527006501,57,29,0.3568897142067695,-0.26083309163141877,0.0997984873110645,1153694.0604149606,-265456.4086276606,3679567.741552063,1833290.9219993001,888237.6517873,157700.19807811745,-32981.065993841024,KHAITANLTD,KHAITAN (INDIA)LTD.,EQ,2016-09-12,2026-08-27,1923,126464.3,2329.0,0.06396255850234009,0.0581184448085061,190,0,0.7791734197730956,LOW,PARTIAL,True,True,reversal_5d,"{""move_threshold"":0.05,""signal_feature"":""previous_5d_signal""}",INTRADAY_SHORT_ALLOWED_RESEARCH,2016-08-29,2026-08-27
10,INE740V01019,784,784,4410229.010221981,844804.6238305711,44.10229010221981,8.44804623830571,0.34637221701473275,0.8352888618853482,0.6834277776428237,-0.5178882891926433,0.45535714285714285,0.003614167628306741,-0.002,1.3116604721642657,0.18404651162790708,-0.1788033946251768,0.31766612641815234,1568.0,0.03861452647584152,0.0013790902312800543,2.6206897462772365,0.00894534410552331,0.0009070158291702092,0.006321319427443272,51,36,0.5726719042814037,-0.3669802168008124,0.12536973078145616,-53935.2640545143,898739.8878850854,4410229.010221981,1965093.617434653,844804.6238305711,97300.03846334742,-58927.738239831815,AGROPHOS,AGRO PHOS INDIA LIMITED,EQ,2019-03-08,2026-08-27,1843,1497794.14,51735.0,0.0016277807921866521,0.053039541045932774,105,0,0.7467585089141004,OK,PARTIAL,True,True,reversal_5d,"{""move_threshold"":0.05,""signal_feature"":""previous_5d_signal""}",INTRADAY_SHORT_ALLOWED_RESEARCH,2016-08-29,2026-08-27
1,INE215G01021,293,293,107748535.6388228,60436228.25247734,1077.485356388228,604.3622825247734,0.8195961548173935,1.1433003235847465,0.9216104969334779,-0.7507316952193553,0.3378839590443686,0.031321116351921564,-0.002,2.3058790591235407,0.6646666666666667,-0.402,0.11871961102106969,586.0,0.1471508884546744,0.008596646693847531,3.6434109097838747,0.0003183143221356459,0.014401871965264771,0.04824036073857836,26,31,2.8683819654720875,-0.6660857747840001,0.42013982898247865,-99919.85178798885,60536148.10426533,107748535.6388228,80712317.70388205,60436228.25247734,33840120.954264276,18906680.78759417,SMPL,SMPL,BZ,2016-08-29,2021-06-18,1070,21831.574999999997,36224.5,0.008411214953271028,0.15732583753892612,113,56,0.43354943273906,LOW,PARTIAL,False,True,turn_of_month,"{""days"":3}",LONG_ONLY,2016-08-29,2026-08-27
2,INE414B01021,621,621,92259959.30902466,26866140.820614345,922.5995930902466,268.66140820614345,0.4090470515426369,1.595320649350416,1.6257342060407072,-0.9634659804806048,0.3172302737520129,0.010291395477420324,-0.002,1.8773797598778128,0.22022222222222232,-0.1448571428571428,0.2516207455429498,1242.0,0.05062165794002649,0.002031377158575364,5.066216007192795,5.361222685309392e-07,0.0063021819256801875,0.01428060902916046,54,56,0.6749653288777189,-0.21861992758520588,0.1864543189208026,-28993.10344827584,26895133.92406262,92259959.30902466,49821091.45369093,26866140.820614345,7753970.950198009,2181870.283725096,ANTGRAPHIC,ANTARCTICA LTD,EQ,2016-08-29,2026-08-27,2118,152082.965,162378.0,0.0028328611898017,0.06542492468771342,279,0,0.8581847649918962,LOW,PARTIAL,False,True,turn_of_month,"{""days"":3}",LONG_ONLY,2016-08-29,2026-08-27
3,INE861A01058,332,332,20582543.82242609,10451586.099481458,205.8254382242609,104.51586099481457,1.7344444119737923,0.9193198149193117,0.8868562773136255,-0.9952694570925327,0.19879518072289157,0.0470363417694975,-0.002,2.0509889039989906,0.998,-0.502,0.13452188006482982,664.0,0.29504755864809196,0.01619283846838629,2.904761994713145,0.003922512462641307,0.015182489471414005,0.078890194067581,29,56,6.960071944016,-0.7539740878361599,0.8901503405151301,-99977.03944554957,10551563.138927007,20582543.82242609,14675399.939324953,10451586.099481458,5275302.878243066,2634365.952903472,VISESHINFO,VISESH INFOTECNICS LTD,BZ,2016-08-29,2024-12-02,1412,1224214.5,4784856.0,0.0,0.3702489445142174,81,280,0.5721231766612642,OK,PARTIAL,False,True,turn_of_month,"{""days"":3}",LONG_ONLY,2016-08-29,2026-08-27
4,INE455J01027,80,80,9583045.267489718,8210664.189859713,95.83045267489719,82.10664189859713,0.5078125136056894,1.1021308768416684,0.5492196328600466,-0.45372510117678866,0.35,0.06851587301587303,-0.002,4.359078617147528,0.6646666666666667,-0.2877142857142857,0.03241491085899514,160.0,0.16539633031641468,0.018491871890825625,3.7051886050468372,0.00039007240283490767,0.03170872272323057,0.10532302330851549,10,9,1.478738546765301,-0.1483150148027209,0.24267848948259765,46938.775510204345,8163725.414349509,9583045.267489718,8870982.645330185,8210664.189859713,7030662.82664815,6016372.784075972,AUSTRAL,AUSTRAL,BZ,2016-08-29,2018-07-16,263,10116.65,34432.0,0.0076045627376425855,0.19679220230551028,57,7,0.10656401944894651,LOW,PARTIAL,False,True,turn_of_month,"{""days"":3}",LONG_ONLY,2016-08-29,2026-08-27
5,INE213M01024,37,37,8433333.333333334,7861160.103881346,84.33333333333334,78.61160103881346,0.9411685961248196,0.7875618971707093,0.3727778201261844,-0.7865012873928023,0.24324324324324326,0.19619819819819825,-0.002,6.9372955288985825,0.998,-0.502,0.014991896272285251,74.0,0.4493442372801839,0.07387173756036042,2.6559304637701966,0.011710569338753276,0.0463793704100291,0.3460170259863674,4,12,14.936095936016,-0.502996,1.3970878291343265,0.0,7861160.103881346,8433333.333333334,8142431.705150942,7861160.103881346,7326279.266325726,6826329.994358029,VKSPL,VKSPL,BZ,2016-08-29,2018-04-02,166,8537.65,85123.0,0.030120481927710843,0.48092369477911645,46,65,0.06726094003241491,LOW,PARTIAL,False,True,turn_of_month,"{""days"":3}",LONG_ONLY,2016-08-29,2026-08-27
6,INE744I01034,206,206,11847924.995519903,7843097.054268084,118.47924995519902,78.43097054268084,0.9321125107592191,0.8365177813435709,0.6055131411159681,-0.8201633980436984,0.2815533980582524,0.037069856788303386,-0.002,2.050802556870578,0.998,-0.33533333333333326,0.08346839546191248,412.0,0.20056207294235434,0.013973821763370184,2.6528073290211296,0.008607619556871653,0.009519020901572556,0.06462069267503422,18,22,2.976051952016,-0.4518476771326203,0.45607598513557784,-96587.05971457741,7939684.113982661,11847924.995519903,9642853.108358366,7843097.054268084,5176266.1076397,3401881.5443641245,MVL,MVL,BZ,2016-08-29,2020-03-09,717,36986.35,164978.0,0.0,0.26784183583346766,12,35,0.29051863857374394,LOW,PARTIAL,False,True,turn_of_month,"{""days"":3}",LONG_ONLY,2016-08-29,2026-08-27
7,INE655I01024,24,24,1500000.0,1426454.9569098887,15.0,14.264549569098886,0.8877961795979058,0.6270439194301798,0.17848460591231782,-0.5069601198001759,0.2916666666666667,0.22716666666666666,-0.002,4.554106910039113,0.998,-0.502,0.009724473257698542,48.0,0.531183393096442,0.10842735607720831,2.095104730810804,0.04737042176487889,0.002867591339934472,0.45146574199339884,3,4,6.944151800127967,-0.5059720639280321,0.694100720612061,100000.0,1326454.9569098887,1500000.0,1462816.6549624188,1426454.9569098887,1356127.909567643,1288885.0595482215,BIRLACOT,BIRLACOT,EQ,2016-08-29,2017-03-08,130,89646.4,1133433.5,0.0,0.7038461538461539,0,52,0.0526742301458671,LOW,PARTIAL,False,True,turn_of_month,"{""days"":3}",LONG_ONLY,2016-08-29,2026-08-27
8,INE803A01027,74,74,1459731.0644374383,1250283.8298632558,14.597310644374383,12.50283829863256,0.4955760252437061,0.728899836211473,0.369031366986121,-0.46055696619762876,0.1891891891891892,0.047806949806949814,-0.002,4.061063040791101,0.998,-0.33533333333333326,0.029983792544570502,148.0,0.1751807940951789,0.020364353666831744,2.3475800209075595,0.021609355269530676,0.007220851478349617,0.08839304813555002,7,31,1.6498175142382223,-0.33666266666666655,0.23293908614357245,53773.43750000006,1196510.3923632558,1459731.0644374383,1351285.764601785,1250283.8298632558,1068626.7739713718,911117.2319615242,ATNINTER,ATNINTER,BE,2016-08-31,2022-05-02,307,781.4,5005.0,0.0781758957654723,0.21816865725660514,145,52,0.12439222042139383,LOW,PARTIAL,True,True,turn_of_month,"{""days"":3}",LONG_ONLY,2016-08-29,2026-08-27
9,INE495J01015,270,270,1823851.8464361737,1026441.6127714436,18.238518464361736,10.264416127714435,0.2654603390183602,1.0592221130548953,0.6684427254824645,-0.2593417334534043,0.25925925925925924,0.01019923348484667,-0.002,2.148903913898569,0.22022222222222232,-0.1448571428571428,0.1094003241491086,540.0,0.04971506608487906,0.003025562571394256,3.3710205107893723,0.0008587712408311515,0.004242439410259224,0.016156027559434117,36,22,0.36758316481810294,-0.12360464890074041,0.06904731332338562,177993.6808489433,848447.9319225003,1823851.8464361737,1372305.3579138564,1026441.6127714436,558844.5009418557,284939.5133378206,PRADIP,PRADIP,EQ,2016-09-06,2021-10-14,958,2646.225,2383.0,0.09394572025052192,0.04896808950622305,442,0,0.3881685575364668,LOW,PARTIAL,True,True,turn_of_month,"{""days"":3}",LONG_ONLY,2016-08-29,2026-08-27
10,INE691G01015,579,579,2733727.3630786245,793319.1743545145,27.337273630786246,7.9331917435451444,0.47384734948922597,0.6930621550098625,0.6543590549404207,-0.8998121700136388,0.27461139896373055,0.005554905705450965,-0.002,1.4002166775867864,0.3979999999999999,-0.18381818181818188,0.2346029173419773,1158.0,0.06147573186376797,0.002554844228065976,2.1742639509791344,0.030090270788184995,0.000536995629422052,0.010572815781479877,45,68,1.4047681017321407,-0.21813809760259972,0.1815077871791949,6406558.499939557,-5613239.325585043,2733727.3630786245,1491503.9075916256,793319.1743545145,180963.84397035243,-11837.203771551402,IMPEXFERRO,IMPEX FERRO TECH LIMITED,BZ,2016-08-29,2026-08-27,2005,21582.05,14692.0,0.013965087281795512,0.06544044435210963,522,0,0.8123987034035657,LOW,PARTIAL,False,True,turn_of_month,"{""days"":3}",LONG_ONLY,2016-08-29,2026-08-27
1,INE861A01058,68,68,8931508.375372797,7833821.3805876095,89.31508375372798,78.3382138058761,0.733632046252338,0.8540984406491555,0.7717947697033625,-0.3317195165886794,0.3088235294117647,0.09024474551885316,-0.002,5.730540431688834,0.998,-0.20199999999999996,0.027552674230145867,136.0,0.26571285368144915,0.032222416523908975,2.800682110601224,0.00665797893088475,0.025928532950248093,0.15456095808745823,15,20,0.998,-0.20518880800000006,0.20079083842535908,-99977.03944554957,7933798.420033159,8931508.375372797,8365158.957176903,7833821.3805876095,6867776.6050887965,6017799.591788632,VISESHINFO,VISESH INFOTECNICS LTD,BZ,2016-08-29,2024-12-02,1412,1224214.5,4784856.0,0.0,0.3702489445142174,81,280,0.5721231766612642,OK,PARTIAL,False,True,volume_continuation,"{""move_threshold"":0.02,""volume_ratio"":2.0}",INTRADAY_SHORT_ALLOWED_RESEARCH,2016-08-29,2026-08-27
2,INE292A01023,61,61,491503.0414438505,424770.0093941445,4.915030414438505,4.247700093941445,0.45096849774362535,0.5414348751598631,0.27940611538994653,-0.5044303374643024,0.2459016393442623,0.039201908559671345,-0.002,2.834768796902108,0.998,-0.252,0.02471636952998379,122.0,0.17792910112211124,0.022781486956939864,1.7207791850360048,0.09044448132435336,-0.00636785018254174,0.08477166730188443,9,16,1.2395159919999998,-0.25349600000000005,0.15535161451747892,-99588.81658430283,524358.8259784473,491503.0414438505,457154.8901088857,424770.0093941445,365454.47095821856,312744.37063251314,UVSL,UVSL,EQ,2016-08-29,2020-11-20,1045,526102.75,3630507.0,0.0,0.35026963623361035,15,164,0.423419773095624,LOW,PARTIAL,False,True,volume_continuation,"{""move_threshold"":0.02,""volume_ratio"":2.0}",INTRADAY_SHORT_ALLOWED_RESEARCH,2016-08-29,2026-08-27
3,INE216D01026,56,56,384245.8677685948,333694.1868161965,3.842458677685948,3.336941868161965,0.38265596587072537,0.5699403011662226,0.1557676922111487,-0.6383947951171238,0.26785714285714285,0.03814120799835086,-0.002,2.331009751132116,0.4979999999999998,-0.33533333333333326,0.022690437601296597,112.0,0.1568926922147453,0.020965667884148293,1.819222178330347,0.07432260915080494,-0.003874929353049318,0.08015734534975102,12,19,0.7724484444444448,-0.33666266666666655,0.11068588322495837,-99999.99999680003,433694.1868129965,384245.8677685948,358286.2513205449,333694.1868161965,288333.22352087277,247638.89624023612,KSERASERA,KSERASERA,BZ,2016-08-29,2021-06-14,1076,152586.125,1031524.0,0.0,0.3818516417494113,4,292,0.4359805510534846,LOW,PARTIAL,False,True,volume_continuation,"{""move_threshold"":0.02,""volume_ratio"":2.0}",INTRADAY_SHORT_ALLOWED_RESEARCH,2016-08-29,2026-08-27
4,INE890I01035,4,4,199999.99999999988,198154.22906826658,1.9999999999999987,1.9815422906826656,0.24861242837089936,0.5443242348779255,,-0.0020000000000000018,0.75,0.3313333333333332,0.4146666666666665,663.6666666666664,0.4979999999999998,-0.002,0.0016207455429497568,8.0,0.23570226039551573,0.11785113019775786,2.811456561997713,0.06721165921879749,-0.04372156053809595,0.7063882272047624,3,1,0.4979999999999998,-0.0020000000000000018,0.07019479913446583,0.0,198154.22906826658,199999.99999999988,199076.05780009984,198154.22906826658,196316.8992255999,194487.98492959992,FARMAXIND,FARMAXIND,BZ,2016-08-29,2018-07-02,171,5010.35,50094.0,0.04678362573099415,0.23001949317738787,99,51,0.0692868719611021,LOW,PARTIAL,False,True,volume_continuation,"{""move_threshold"":0.02,""volume_ratio"":2.0}",INTRADAY_SHORT_ALLOWED_RESEARCH,2016-08-29,2026-08-27
5,INE904J01016,65,65,226952.91628172295,187707.38070906437,2.2695291628172294,1.8770738070906439,0.11172909842731919,1.0192479479527212,0.5061183563216183,-0.11074670169369394,0.5846153846153846,0.017158424103118117,0.011698630136986356,3.237312279848653,0.16079069767441856,-0.05605405405405406,0.02633711507293355,130.0,0.04022897301534749,0.004989789990755055,3.4387066659937133,0.0010330418730422957,0.007190172669769138,0.027126675536467096,24,10,0.23921977350859458,-0.05605405405405406,0.037338617903888746,-91844.61650949587,279551.99721856025,226952.91628172295,206712.71861222218,187707.38070906437,153108.75380926984,122614.4074806333,JINDCOT,JINDCOT,BZ,2016-08-29,2022-11-28,960,94806.07500000001,15650.0,0.005208333333333333,0.05953243855261812,76,0,0.3889789303079417,LOW,PARTIAL,False,True,volume_continuation,"{""move_threshold"":0.02,""volume_ratio"":2.0}",INTRADAY_SHORT_ALLOWED_RESEARCH,2016-08-29,2026-08-27
6,INE891B01012,172,172,245279.4725445304,145252.63272189882,2.452794725445304,1.4525263272189881,0.14750528955889317,0.6924138567324336,0.3174494802734231,-0.14366876975695198,0.37790697674418605,0.005815532841314782,-0.002,1.7880036224416913,0.20633333333333326,-0.09450585480093665,0.06969205834683954,344.0,0.0348421965532564,0.0026566925808096035,2.1890123393736998,0.029951052269675912,0.0005713971504542779,0.011059668532175285,24,28,0.359528547593142,-0.140519344205702,0.045599015042639204,298818.62066768925,-153565.98794579043,245279.4725445304,191024.25803646108,145252.63272189882,74084.5507614023,23483.585814258913,DCMFINSERV,DCM FINANCIAL SERVICES LT,EQ,2018-03-22,2026-08-27,1680,36742.7,8779.5,0.06011904761904762,0.04268015654009686,487,1,0.6807131280388979,LOW,PARTIAL,True,True,volume_continuation,"{""move_threshold"":0.02,""volume_ratio"":2.0}",INTRADAY_SHORT_ALLOWED_RESEARCH,2016-08-29,2026-08-27
7,INE274G01010,196,196,250057.70416593307,136927.64992689487,2.500577041659331,1.3692764992689486,0.22423505925624063,0.5006928546657832,0.2869650659464207,-0.43375981855744283,0.49489795918367346,0.005610007638807304,-0.002,1.3691302724146979,0.211237639553429,-0.11508161708619391,0.07941653160453808,392.0,0.04995176678693994,0.0035679833419242813,1.5723188987148466,0.11749773112755071,-0.0014267835629847674,0.012646798840599376,40,43,0.4279035374469653,-0.17459210337337938,0.0746770705412259,85335.75317604284,51591.89675085203,250057.70416593307,188018.23928463628,136927.64992689487,60233.30598452597,8280.291902434517,DHANI,DHANI SERVICES LIMITED,EQ,2016-08-29,2025-10-27,2262,194173142.17,1683536.5,0.0,0.05504615789072657,48,0,0.9165316045380876,OK,PARTIAL,False,True,volume_continuation,"{""move_threshold"":0.02,""volume_ratio"":2.0}",INTRADAY_SHORT_ALLOWED_RESEARCH,2016-08-29,2026-08-27
8,INE065J01024,66,66,166550.66817751614,133991.71907461286,1.6655066817751614,1.3399171907461285,0.10651636414240946,0.8673564270630079,0.21747815682068275,-0.1789757091192451,0.5454545454545454,0.013709278960372457,0.015422845929714102,2.616947019879335,0.1313333333333333,-0.09575000000000011,0.02674230145867099,132.0,0.03902633162764295,0.00480380934750046,2.85383493987032,0.005788792185223874,0.004115409207791434,0.02330314871295348,14,8,0.3135777382105245,-0.16444999362378165,0.04708255729701744,-55000.000000000065,188991.71907461292,166550.66817751614,149749.20421381417,133991.71907461286,105356.81897761332,80179.4475312907,TPHQ,TEAMO PRODUCTIONS HQ LTD,BE,2023-12-14,2026-08-27,666,1627281.2349999999,1780537.5,0.0,0.0423354528962837,95,1,0.2698541329011345,OK,PARTIAL,True,True,volume_continuation,"{""move_threshold"":0.02,""volume_ratio"":2.0}",INTRADAY_SHORT_ALLOWED_RESEARCH,2016-08-29,2026-08-27
9,INE904D01019,94,94,180988.88259704196,133202.4439472637,1.8098888259704196,1.332024439472637,0.17662393511207966,0.5748211254747427,0.1832941445633032,-0.26795252348208576,0.4787234042553192,0.010577889796686843,-0.002,1.7420781570156214,0.2256214833759591,-0.14009523809523805,0.03808752025931929,188.0,0.05634779204304581,0.0058118309892969625,1.8200614945904359,0.07196644397177285,-0.0009632547265303448,0.02211903431990403,20,19,0.3147177094726552,-0.14641346880570394,0.05135707213025377,-81545.5558033768,214747.9997506405,180988.88259704196,155994.85962551946,133202.4439472637,93470.92882065545,60448.753839078185,PDPL,PDPL,BZ,2016-08-29,2023-08-21,1011,47232.55,5000.0,0.05242334322453017,0.05286957387433882,164,0,0.40964343598055103,LOW,PARTIAL,False,True,volume_continuation,"{""move_threshold"":0.02,""volume_ratio"":2.0}",INTRADAY_SHORT_ALLOWED_RESEARCH,2016-08-29,2026-08-27
10,INE489H01020,125,125,196773.37174493703,131480.6518804367,1.96773371744937,1.314806518804367,0.21156714235719876,0.5057255839534134,0.22422915879561212,-0.3616924059070338,0.328,0.00838296680010244,-0.002,1.577929554905282,0.22022222222222232,-0.1270000000000001,0.0506482982171799,250.0,0.05887748703211262,0.005266162533926646,1.591854931574204,0.11396343493448986,-0.0020402439939754494,0.01880617759418033,18,26,1.024219483101768,-0.1450288671377643,0.10460088724221922,-92479.67479674793,223960.3266771846,196773.37174493703,162117.9175209814,131480.6518804367,80463.28994562771,40619.83583160333,NITINFIRE,NITINFIRE,BZ,2016-08-29,2022-02-10,1348,180656.175,134809.5,0.0,0.07977787661321563,181,0,0.546191247974068,LOW,PARTIAL,False,True,volume_continuation,"{""move_threshold"":0.02,""volume_ratio"":2.0}",INTRADAY_SHORT_ALLOWED_RESEARCH,2016-08-29,2026-08-27
1,INE562B01019,239,239,2146834.8118419205,1300266.9368829061,21.468348118419204,13.00266936882906,0.2540290933414305,1.1853198058225027,0.6020786691242975,-0.3141364649361672,0.5941422594142259,0.012338595106642418,0.014414141414141437,1.9355593329366956,0.22195833333333348,-0.1648498727735368,0.09683954619124797,478.0,0.05016250206514472,0.0032447425215433503,3.802642282005664,0.00018198425597389543,0.005946512271124725,0.01873067794216011,60,30,0.27775721405536946,-0.19959811222356727,0.06757625945539558,-28061.22448979554,1328328.1613727016,2146834.8118419205,1673952.152705967,1300266.9368829061,771851.2859370024,442330.7743056768,RAJSREESUG,RAJSHREE SUGAR & CHEMICAL,EQ,2016-08-29,2026-08-27,2468,1315040.8849999998,34196.5,0.0,0.05650985187613898,34,0,1.0,OK,FULL,False,False,volume_reversal,"{""move_threshold"":0.02,""volume_ratio"":2.0}",INTRADAY_SHORT_ALLOWED_RESEARCH,2016-08-29,2026-08-27
2,INE392B01011,274,274,1950190.764881549,1090808.1005985069,19.50190764881549,10.90808100598507,0.2900149712133844,1.0145729898827291,0.5717234849437032,-0.4351507637767097,0.5912408759124088,0.010517142679443887,0.012617384182601612,1.6697513992072945,0.22681355932203395,-0.1448571428571428,0.11102106969205834,548.0,0.054013118437697114,0.003263051817787236,3.2231001120220784,0.0014220344326656598,0.004093199910809935,0.01694108544807784,56,39,0.4117714740968079,-0.19614908231367312,0.0913372788051402,17072.34526624663,1073735.7553322602,1950190.764881549,1462703.8265937148,1090808.1005985069,590906.3082045851,300428.0785662354,PNC,PRITISH NANDY COMMUNICATI,EQ,2016-08-29,2026-08-27,2466,277436.32499999995,11624.0,0.0040551500405515,0.06920032995704337,48,0,0.9991896272285251,LOW,FULL,False,True,volume_reversal,"{""move_threshold"":0.02,""volume_ratio"":2.0}",INTRADAY_SHORT_ALLOWED_RESEARCH,2016-08-29,2026-08-27
3,INE071D01033,197,197,1151325.4237432792,747584.4480797661,11.513254237432792,7.475844480797662,0.15262114433293628,1.5064019848718042,0.6105355413083873,-0.17325170429570425,0.6548223350253807,0.011429677412358874,0.012198782961460377,2.5727528525972616,0.1076698113207547,-0.16243956043956032,0.07982171799027553,394.0,0.032289493621026975,0.0023005311661015984,4.968277579011119,1.4674913628754898e-06,0.006892705067977521,0.015966649756740225,69,16,0.1854363387355329,-0.1588295395817516,0.0437524892876848,185203.82486160035,562380.6232181657,1151325.4237432792,929955.5685092178,747584.4480797661,473667.30234064814,287971.91198571416,MENONBE,MENON BEARINGS LIMITED,BE,2016-08-29,2026-08-27,2468,3625983.8499999996,39556.5,0.0,0.04780624200165006,3,0,1.0,OK,FULL,False,False,volume_reversal,"{""move_threshold"":0.02,""volume_ratio"":2.0}",INTRADAY_SHORT_ALLOWED_RESEARCH,2016-08-29,2026-08-27
4,INE144J01027,202,202,1154078.8385075312,740877.9612750353,11.540788385075311,7.408779612750353,0.19708337714762664,1.199651265081156,0.5105704417640083,-0.24215974108856664,0.6386138613861386,0.011462999066418166,0.011555691554467508,2.1801024699481553,0.23964524421593825,-0.1415793499043978,0.08184764991896272,404.0,0.042077815616617394,0.002960584775546593,3.8718698958052395,0.00014601259678851723,0.005625209924585381,0.01730078820825095,60,22,0.2678387217367515,-0.09389541259204093,0.054198536448716424,473925.7294429734,266952.2318320619,1154078.8385075312,927003.4812618901,740877.9612750353,463373.388469893,277149.50399905466,20MICRONS,20 MICRONS LTD,EQ,2016-08-29,2026-08-27,2468,7356747.65,89792.0,0.0,0.050849725080119444,45,0,1.0,OK,FULL,False,False,volume_reversal,"{""move_threshold"":0.02,""volume_ratio"":2.0}",INTRADAY_SHORT_ALLOWED_RESEARCH,2016-08-29,2026-08-27
5,INE864B01027,205,205,984936.4868482742,622917.5062734649,9.849364868482743,6.229175062734649,0.1853259280144954,1.1831585359320775,0.44432450669369467,-0.1955166835217963,0.6292682926829268,0.010475382222853146,0.011636363636363669,2.0530949075694505,0.13100492610837444,-0.17885459940652826,0.08306320907617504,410.0,0.039333082455997745,0.0027471416413271713,3.8131933444073836,0.00018170190185336238,0.005058950490754386,0.015891813954951907,62,18,0.1921877461342718,-0.13149610998896133,0.04103528234206956,24156.408399710446,598761.0978737545,984936.4868482742,785707.3452303958,622917.5062734649,381307.61019870284,220187.87143498723,UMANGDAIRY,UMANG DAIRIES LIMITED,EQ,2016-08-29,2025-06-26,2179,1100902.6,16240.0,0.0,0.05323596030560188,6,0,0.88290113452188,OK,PARTIAL,False,True,volume_reversal,"{""move_threshold"":0.02,""volume_ratio"":2.0}",INTRADAY_SHORT_ALLOWED_RESEARCH,2016-08-29,2026-08-27
6,INE165B01029,239,239,1023556.2040055227,599323.2749764634,10.235562040055227,5.993232749764634,0.22718346943133733,0.9873035718198397,0.45972283316504214,-0.3435307718289088,0.5355648535564853,0.00919124090860499,0.006058017727639033,1.7373159963521112,0.19009039548022622,-0.18064077669902923,0.09683954619124797,478.0,0.04523668333152804,0.0029261177950968076,3.1411042043510435,0.0018963173249942778,0.0034268428990382105,0.014955638918171768,64,33,0.2783750043738833,-0.13112019290420418,0.06272594572115013,-56303.380127048746,655626.6551035121,1023556.2040055227,786518.0091308686,599323.2749764634,334861.5260517061,170154.47745344008,RSSOFTWARE,R. S. SOFTWARE (INDIA) LI,EQ,2016-08-29,2026-08-27,2458,1875498.9300000002,47655.0,0.0,0.05080228541270403,212,0,0.9959481361426256,OK,FULL,False,True,volume_reversal,"{""move_threshold"":0.02,""volume_ratio"":2.0}",INTRADAY_SHORT_ALLOWED_RESEARCH,2016-08-29,2026-08-27
7,INE210C01013,214,214,922847.7415939233,569267.4912326791,9.228477415939233,5.692674912326791,0.20162921230615158,1.06190236945433,0.4865472970249936,-0.17244722364139908,0.6495327102803738,0.00979870954832758,0.01263553937317058,1.8793313876008673,0.1738530183727034,-0.10871936758893275,0.08670988654781199,428.0,0.042194918164512187,0.0028843852249217867,3.3971570314756705,0.0008124171964580009,0.00411311356119702,0.01548430553545814,66,27,0.19073217867685321,-0.1571597790503947,0.0476337287388855,-67297.12460063898,636564.6158333181,922847.7415939233,727467.7561493897,569267.4912326791,337544.2559205739,185809.26070031483,AROGRANITE,ARO GRANITE IND. LTD.,EQ,2016-08-29,2026-08-27,2468,1047086.8,21841.5,0.0,0.05590238412824205,1,0,1.0,OK,FULL,False,False,volume_reversal,"{""move_threshold"":0.02,""volume_ratio"":2.0}",INTRADAY_SHORT_ALLOWED_RESEARCH,2016-08-29,2026-08-27
8,INE023H01027,194,194,864753.8334175284,556862.685328275,8.647538334175284,5.568626853282749,0.23358870317746355,0.9405312774820449,0.32251229390292957,-0.27585524050632926,0.654639175257732,0.011090929964556311,0.012379042538123832,1.8117647449569148,0.16187559808612462,-0.16200000000000014,0.07860615883306321,388.0,0.05151453678664776,0.0036985281973387356,2.9987414919634126,0.0030679819733196367,0.0037962056471315363,0.018385654281981086,57,26,0.30014028536985227,-0.1245093885160794,0.05725364541503912,-64164.383561643896,621027.0688899189,864753.8334175284,696135.5503821229,556862.685328275,346889.6402864006,203803.14791640086,NECLIFE,NECTAR LIFESCIENCES LTD.,EQ,2016-08-29,2026-08-27,2468,6604616.675,281608.0,0.0,0.05004461931586613,43,0,1.0,OK,FULL,False,False,volume_reversal,"{""move_threshold"":0.02,""volume_ratio"":2.0}",INTRADAY_SHORT_ALLOWED_RESEARCH,2016-08-29,2026-08-27
9,INE632C01026,189,189,847007.5444249678,551363.2013562203,8.470075444249678,5.513632013562203,0.1967730834614587,1.0679203776793869,0.46274314998170507,-0.2319768130316776,0.6296296296296297,0.010888984388989935,0.00753608247422677,2.11823012464736,0.23329411764705887,-0.1859853300733496,0.07658022690437602,378.0,0.043659676462692434,0.0031757741620249192,3.4287653445882826,0.0007450547760068958,0.004624253180144846,0.017153715597835024,62,28,0.43877031089528895,-0.11134340198839132,0.061537630954256704,569407.2657743777,-18044.064418157446,847007.5444249678,685468.2422599564,551363.2013562203,347682.3242530879,207462.6271884021,VIDHIING,VIDHI SPCLTY F INGRDNTS L,EQ,2016-08-29,2026-08-27,2468,6482910.375,35121.5,0.0,0.04464412136302591,0,0,1.0,OK,FULL,False,False,volume_reversal,"{""move_threshold"":0.02,""volume_ratio"":2.0}",INTRADAY_SHORT_ALLOWED_RESEARCH,2016-08-29,2026-08-27
10,INE932C01012,216,216,853964.5958844634,521574.18035315117,8.539645958844634,5.215741803531512,0.21445718935788338,0.9770838065416091,0.39004395798857766,-0.33184186926792825,0.6481481481481481,0.009500868103205133,0.011056468909795227,1.792015606336112,0.18593103448275872,-0.20172948602344465,0.08752025931928688,432.0,0.04484883306662,0.0030515765714577976,3.113429363716206,0.0021007720601655903,0.003486030265148813,0.015515705941261452,71,27,0.2953022623569874,-0.15278178581829116,0.05819164224663478,8193.277310924721,513380.90304222645,853964.5958844634,670120.7528511253,521574.18035315117,304653.42034747795,163209.4784794104,TOKYOPLAST,TOKYO PLAST INTL LTD,EQ,2016-08-29,2026-08-27,2468,790019.8049999999,8756.0,0.0004051863857374392,0.05375986213282257,2,0,1.0,LOW,FULL,False,False,volume_reversal,"{""move_threshold"":0.02,""volume_ratio"":2.0}",INTRADAY_SHORT_ALLOWED_RESEARCH,2016-08-29,2026-08-27
