pnl_rank,isin,number_of_signals,number_of_trades,gross_pnl,net_pnl,gross_return_pct,net_return_pct,annualized_volatility,sharpe,sortino,max_drawdown,win_rate,average_trade_return,median_trade_return,profit_factor,best_trade,worst_trade,exposure_pct,turnover,trade_std,standard_error,t_stat,p_value,confidence_95_low,confidence_95_high,positive_months,negative_months,best_month,worst_month,monthly_return_std,buy_hold_pnl,excess_pnl,pnl_0bps,pnl_5bps,pnl_10bps,pnl_20bps,pnl_30bps,symbol,company_name,series,first_traded_date,last_traded_date,sessions_available,median_daily_value,median_volume,pct_near_zero_volume,average_daily_range,circuit_like_sessions,corporate_action_observations,coverage_ratio,liquidity_flag,coverage_flag,new_listing_flag,suspension_flag,strategy,parameters,execution_class,evaluation_start,evaluation_end
1,INE512B01022,2320,2320,6.172997376166227e+17,6187009157645007.0,6172997376166.227,61870091576.45007,1.3484108763618845,2.5455737545482573,3.636075210545944,-0.967885487010625,0.42801724137931035,0.014489872407369857,-0.002,1.9131488934113339,0.3313333333333335,-0.2520000000000001,0.940032414910859,4640.0,0.08753858772280557,0.0018174210057897745,7.972766002598924,2.412132082970015e-15,0.010925932566891238,0.018053812247848477,92,24,10.211554997939793,-0.912056952952627,1.2144793293422926,-74482.93864727013,6187009157719490.0,6.172997376166227e+17,6.18711075431598e+16,6187009157645007.0,61441475948902.69,604536419423.677,FCSSOFT,FCS SOFTWARE SOLN. LTD.,EQ,2016-08-29,2026-08-27,2352,2996247.2,1874331.5,0.0,0.112784013190898,154,16,0.9529983792544571,OK,FULL,False,True,close_to_open,{},LONG_ONLY,2016-08-29,2026-08-27
12,INE110B01017,2465,2465,512868695023614.7,3849446934778.9814,5128686950.236147,38494469.34778982,0.4279956229503683,4.394054205142917,6.704484207668681,-0.6072988106242294,0.593103448275862,0.007471923703405968,0.004134969325153339,2.223086142353459,0.1635844155844155,-0.217903555772041,0.9987844408427877,4930.0,0.02697633975390788,0.0005433436062470991,13.751746809012644,1.6296412314459521e-41,0.006406466435006539,0.008537380971805397,99,22,1.9645814050977028,-0.36936646219381386,0.31477319891238675,124972.0337847856,3849446809806.9478,512868695023614.7,44486651365661.73,3849446934778.9814,28612842337.501747,210511378.74334568,MINDTECK,MINDTECK (INDIA) LIMITED,EQ,2016-08-29,2026-08-27,2467,2195651.5,21771.0,0.0,0.06034003826227444,47,0,0.9995948136142626,OK,FULL,False,True,close_to_open,{},LONG_ONLY,2016-08-29,2026-08-27
15,INE600A01035,2467,2467,240158107341373.9,1793398679648.3577,2401581073.413739,17933986.796483576,0.3745906482547732,4.753686947995776,6.779759771579448,-0.7107101426633247,0.5918119173084718,0.007069081261558253,0.005012622720897532,2.4498600465706866,0.19709502262443435,-0.14088888888888884,0.9995948136142626,4934.0,0.023601347682063165,0.0004751735170067281,14.876841845245682,5.280588140721138e-48,0.006137300948269259,0.008000861574847246,105,16,0.9135205241700568,-0.6563308097038316,0.2059616989789803,-22392.34449760776,1793398702040.7021,240158107341373.9,20778542746785.633,1793398679648.3577,13262353002.8373,97022829.58875811,PILITA,PIL ITALICA LIFESTYLE LTD,EQ,2016-08-29,2026-08-27,2468,1178310.675,115565.0,0.0,0.06012512137429921,29,0,1.0,OK,FULL,False,False,close_to_open,{},LONG_ONLY,2016-08-29,2026-08-27
22,INE819L01012,2467,2467,83230038087819.72,619941147696.9768,832300380.8781972,6199411.476969768,0.44218615910564846,3.8371449199442016,7.23398302480313,-0.7555624454844575,0.5370895824888529,0.006735794228633956,0.0025180722891566826,2.141379063521511,0.1973670886075949,-0.16345833333333326,0.9995948136142626,4934.0,0.027860426969972627,0.0005609229289347818,12.008413065633698,2.5122666820166423e-32,0.00563586562624421,0.007835722831023703,96,25,2.116174213967376,-0.5080643109694039,0.34368335198374317,81750.00000000061,619941065946.9768,83230038087819.72,7191905526541.254,619941147696.9768,4572710561.867916,33301133.16267515,ELGIRUBCO,ELGI RUBBER CO. LTD,EQ,2016-08-29,2026-08-27,2468,1039517.45,25183.5,0.0008103727714748784,0.05866279138131449,64,0,1.0,OK,FULL,False,False,close_to_open,{},LONG_ONLY,2016-08-29,2026-08-27
25,INE741L01018,2467,2467,58183745826542.7,433077761804.82434,581837458.265427,4330777.618048243,0.4269676962963178,3.879492946918454,5.673335764364893,-0.6506613053791815,0.5800567490879611,0.0065757523670159895,0.0056045627376426505,1.9432701830596322,0.19553086419753085,-0.26823376623376627,0.9995948136142626,4934.0,0.026901563851568038,0.0005416178296481584,12.140945159223577,5.488224050887865e-33,0.0055136796442524436,0.007637825089779535,97,24,1.202086919103139,-0.4722784334145901,0.23614624686357338,-83622.64150943392,433077845427.4658,58183745826542.7,5025886221610.939,433077761804.82434,3192108227.736092,23200241.941101357,DUCON,DUCON INFRATECHNOLOGIES L,EQ,2016-08-29,2026-08-27,2468,1946449.05,156479.0,0.0,0.057857305526432014,209,0,1.0,OK,FULL,False,False,close_to_open,{},LONG_ONLY,2016-08-29,2026-08-27
31,INE544H01014,2467,2467,30056884449525.97,223586482776.48593,300568844.4952597,2235864.8277648594,0.3338280829973012,4.651146692326842,6.823151116645283,-0.33861152600577193,0.6072152411836238,0.006163939544539558,0.0046334991708127955,2.2943278116622516,0.11672146118721471,-0.1402316313823162,0.9995948136142626,4934.0,0.021033089862667397,0.0004234659570376087,14.555926969100206,4.137571163827581e-46,0.005333553952763955,0.006994325136315161,110,11,0.8647634630051011,-0.3172930191986205,0.14937183830857856,-74244.60431654665,223586557021.09024,30056884449525.97,2595515560929.9834,223586482776.48593,1646957116.0319676,11914779.44333698,JHS,JHS SVEND. LAB. LTD,EQ,2016-08-29,2026-08-27,2468,1945405.85,82741.0,0.0,0.05631833584024699,67,0,1.0,OK,FULL,False,False,close_to_open,{},LONG_ONLY,2016-08-29,2026-08-27
34,INE272L01022,2467,2467,20145879761637.066,149662058907.21252,201458797.61637068,1496620.5890721253,0.40930282093653186,3.7602178884429898,5.760044601779003,-0.6049257578468334,0.5581678151601135,0.006109887504646876,0.0045359477124184994,1.9494254837073028,0.16691891891891886,-0.17963157894736848,0.9995948136142626,4934.0,0.02578858808423682,0.0005192099308777012,11.767663022774592,3.8357983169695123e-31,0.005091755023056722,0.00712801998623703,95,26,0.7179988688446972,-0.30608815176991266,0.1880480814196387,5165.289256197837,149662053741.92328,20145879761637.066,1738514434726.2551,149662058907.21252,1100921255.5031247,7920849.787762457,SURANASOL,SURANA SOLAR LIMITED,EQ,2016-08-29,2026-08-27,2468,1052433.325,53329.5,0.0,0.05670433073686808,59,0,1.0,OK,FULL,False,False,close_to_open,{},LONG_ONLY,2016-08-29,2026-08-27
37,INE281A01026,2467,2467,18116513455338.69,134575649762.04843,181165134.55338693,1345756.4976204843,0.3923233826289746,3.8777491139409155,5.763807416039009,-0.5568096073033038,0.5610052695581678,0.00603947746868144,0.004849315068493178,2.0366835211787153,0.15263917525773207,-0.14046153846153853,0.9995948136142626,4934.0,0.024718761476993933,0.0004976707680129753,12.135487669478666,5.844683897802846e-33,0.005063581701057382,0.007015373236305498,95,26,1.1714124320316803,-0.2455968141861784,0.19143285402473453,841249.9999999953,134574808512.04843,18116513455338.69,1563327179018.759,134575649762.04843,989858588.1701247,7111213.185430942,CENTEXT,CENTURY EXTRUSIONS LTD,EQ,2016-08-29,2026-08-27,2468,1189380.275,117417.5,0.0,0.061849134868877824,63,0,1.0,OK,FULL,False,False,close_to_open,{},LONG_ONLY,2016-08-29,2026-08-27
38,INE569C01020,2467,2467,17472424119669.037,129861115821.32227,174724241.19669038,1298611.1582132226,0.3012653089911926,4.933169825894802,8.071091602913828,-0.20058816978811134,0.5946493717065261,0.005899981591837055,0.004681514476614803,2.5132942398974447,0.16137322571667134,-0.13314754098360648,0.9995948136142626,4934.0,0.01898140647224497,0.0003821587560444963,15.43856185032719,2.1163486727998958e-51,0.005150596382668862,0.0066493668010052485,110,11,0.4120258699423698,-0.057711235530110816,0.09510437073626053,24594.222833562584,129861091227.09943,17472424119669.037,1508152394356.2227,129861115821.32227,955697296.6648334,6866188.733915354,ORIENTCER,ORIENT CERATECH LIMITED,EQ,2016-08-29,2026-08-27,2468,1718758.2999999998,52504.5,0.0,0.055083310207207976,1,0,1.0,OK,FULL,False,False,close_to_open,{},LONG_ONLY,2016-08-29,2026-08-27
39,INE417B01040,2432,2432,15989839180407.926,127330206645.33723,159898391.80407926,1273302.0664533724,0.43356182973927937,3.532706910663047,5.675634305292101,-0.8040434478414991,0.5604440789473685,0.00616793363681231,0.0030785692515694647,1.9559724196604065,0.19762686567164178,-0.12580952380952393,0.9854132901134521,4864.0,0.02750322079316926,0.000557701445342632,11.059561864723069,8.949278758817575e-28,0.005074314395017942,0.007261552878606678,93,28,0.8796920374850536,-0.46574638896534926,0.2096662908391375,9379444.438886069,127320827200.89835,15989839180407.926,1428596769211.7683,127330206645.33723,1004139103.032669,7744105.287327344,DSSL,DYNACONS SYS & SOLN LTD,EQ,2016-08-30,2026-08-27,2448,4267654.775,19947.5,0.007352941176470588,0.05811384290991059,83,0,0.9918962722852512,OK,FULL,True,True,close_to_open,{},LONG_ONLY,2016-08-29,2026-08-27
698,INE018A01030,804,804,10663.356449399202,-77872.18912971945,0.10663356449399197,-0.7787218912971945,0.16014744651979776,-0.8811611830741094,-0.7326952901196874,-0.7940147664463353,0.4228855721393035,-0.0017189527598815092,-0.0025638337129755256,0.7558869917695837,0.11451090342679138,-0.10878947368421055,0.32576985413290116,1608.0,0.017626124441199403,0.0006216254799589042,-2.7652546674810523,0.005818337836573127,-0.0029391554802014642,-0.0004987500395615542,46,75,0.1886584666455553,-0.15979133208214258,0.04602777571808071,308450.67700171145,-386322.8661314309,10663.356449399202,-50495.33276756816,-77872.18912971945,-95589.67855125027,-99123.81951497712,LT,LARSEN & TOUBRO LTD.,EQ,2016-08-29,2026-08-27,2468,4103217856.175,2030545.5,0.0,0.021480325698597275,0,1,1.0,OK,FULL,False,False,gap_continuation_050,"{""gap_threshold"":0.005}",INTRADAY_SHORT_ALLOWED_RESEARCH,2016-08-29,2026-08-27
759,INE155A01022,1197,1197,86151.71459399283,-83043.07558617117,0.8615171459399282,-0.8304307558617117,0.2754710866964147,-0.5205975433934873,-0.5983144790866356,-0.8818043276839137,0.4402673350041771,-0.0011733527643609583,-0.0029574468085106203,0.8781162840889601,0.13328637261356135,-0.09957281553398056,0.48500810372771475,2394.0,0.024908439414739254,0.0007199452047269315,-1.6297806508843962,0.10341118457523589,-0.0025858488726029725,0.00023914334388105583,48,73,0.25755192691457185,-0.18203773571109605,0.07481078691874188,513.7031679383217,-83556.77875410949,86151.71459399283,-43783.01425161655,-83043.07558617117,-98462.76948926787,-99861.31344127687,TMPV,TATA MOTORS PASS VEH LTD,EQ,2016-08-29,2026-08-27,2468,5572396381.575,13143832.0,0.0,0.03054539166795528,0,1,1.0,OK,FULL,False,False,gap_continuation_050,"{""gap_threshold"":0.005}",INTRADAY_SHORT_ALLOWED_RESEARCH,2016-08-29,2026-08-27
790,INE205A01025,1299,1299,98101.56927031034,-85286.20258445686,0.9810156927031035,-0.8528620258445685,0.2785767102049762,-0.5625880703527413,-0.613493900892488,-0.9004947105818122,0.4703618167821401,-0.0011816008306625332,-0.0015612110574814136,0.8743078386228987,0.1142260711030082,-0.15100888585099104,0.5263371150729336,2598.0,0.02417943163166372,0.000670874851964151,-1.7612835347801554,0.07842584285917427,-0.002497718618202754,0.00013451695687768765,50,71,0.24859559633722528,-0.17523083233644898,0.0818759776621882,361794.8952580612,-447081.097842518,98101.56927031034,-45975.71627639587,-85286.20258445686,-98912.83440809813,-99920.0917577481,VEDL,VEDANTA LIMITED,EQ,2016-08-29,2026-08-27,2468,2928894368.625,11199912.0,0.0,0.033416710787523736,0,1,1.0,OK,FULL,False,False,gap_continuation_050,"{""gap_threshold"":0.005}",INTRADAY_SHORT_ALLOWED_RESEARCH,2016-08-29,2026-08-27
791,INE038A01020,1311,1311,101897.63440112575,-85358.22604313746,1.0189763440112576,-0.8535822604313746,0.26046506671294256,-0.6225734226065225,-0.7147016589748428,-0.8558630318929411,0.4492753623188406,-0.0012113844213026193,-0.0022250056251404953,0.8663767192901388,0.12605208898535003,-0.12096400351185244,0.5311993517017828,2622.0,0.02250106442316789,0.0006214435964235934,-1.9493071105312438,0.05147192471387946,-0.0024305178800444627,7.749037439224284e-06,44,77,0.33438296016162905,-0.18210332368261406,0.07854658598771629,546873.0259001892,-632231.2519433267,101897.63440112575,-45593.88723481548,-85358.22604313746,-98943.74271414283,-99924.20333605679,HINDALCO,HINDALCO  INDUSTRIES  LTD,EQ,2016-08-29,2026-08-27,2468,2782230198.025,7791607.5,0.0,0.03064526658730609,0,0,1.0,OK,FULL,False,False,gap_continuation_050,"{""gap_threshold"":0.005}",INTRADAY_SHORT_ALLOWED_RESEARCH,2016-08-29,2026-08-27
829,INE467B01029,797,797,-37124.760624840426,-87264.10096561644,-0.37124760624840425,-0.8726410096561644,0.14463122326435507,-1.3818871596074138,-1.3086282731589831,-0.8905726145600018,0.4027603513174404,-0.002455957991269238,-0.003813082523584253,0.6668657021012111,0.06845693277310927,-0.07214633568339357,0.32293354943273905,1594.0,0.01591148541009623,0.0005636137299443772,-4.357519806182889,1.487668749507985e-05,-0.003562302820995434,-0.0013496131615430423,35,85,0.0789708219634293,-0.16184443132255455,0.033998046800938875,81485.07118790419,-168749.17215352063,-37124.760624840426,-71690.75204732135,-87264.10096561644,-97428.49632545162,-99482.45672188236,TCS,TATA CONSULTANCY SERV LT,EQ,2016-08-29,2026-08-27,2468,6410969958.075001,2184392.0,0.0,0.020246173124930954,0,1,1.0,OK,FULL,False,False,gap_continuation_050,"{""gap_threshold"":0.005}",INTRADAY_SHORT_ALLOWED_RESEARCH,2016-08-29,2026-08-27
830,INE009A01021,1070,1070,7648.788649066977,-87363.21965202707,0.07648788649066973,-0.8736321965202707,0.16425172753144493,-1.2024657115038238,-1.087019581679462,-0.8841086329033744,0.44299065420560746,-0.0018077712868135262,-0.0019641178370232142,0.724998365438245,0.06680335696715389,-0.13188505747126422,0.43354943273906,2140.0,0.015659241418881868,0.00047871697862237163,-3.7762840415976937,0.00016795349084362603,-0.0027471028518130888,-0.0008684397218139635,43,78,0.10760670864029742,-0.1896911150617916,0.04374888047680934,111307.12464219693,-198670.344294224,7648.788649066977,-63097.508446263164,-87363.21965202707,-98522.94453176249,-99828.09728256863,INFY,INFOSYS LIMITED,EQ,2016-08-29,2026-08-27,2468,7683117591.35,6177119.0,0.0,0.02068796130206372,0,1,1.0,OK,FULL,False,False,gap_continuation_050,"{""gap_threshold"":0.005}",INTRADAY_SHORT_ALLOWED_RESEARCH,2016-08-29,2026-08-27
845,INE134E01011,1013,1013,-11529.156326873708,-88368.18122103605,-0.11529156326873713,-0.8836818122103605,0.25697392388143775,-0.7252158982085948,-0.6759138328469559,-0.896765281250977,0.4442250740375123,-0.0018017375983598,-0.0031785503830288313,0.8177894624029763,0.21482877592218752,-0.21442603550295858,0.4104538087520259,2026.0,0.02523660442760275,0.0007929142039854217,-2.2722983007540196,0.02327759611313318,-0.003357681771313648,-0.0002457934254059518,34,86,0.343468970676891,-0.2021783328565815,0.06988492505067022,211193.7035417591,-299561.8847627952,-11529.156326873708,-67904.46283946928,-88368.18122103605,-98476.91012094272,-99801.37827149549,PFC,POWER FIN CORP LTD.,EQ,2016-08-29,2026-08-27,2468,930610161.5,6399466.0,0.0,0.032679142419121926,0,0,1.0,OK,FULL,False,False,gap_continuation_050,"{""gap_threshold"":0.005}",INTRADAY_SHORT_ALLOWED_RESEARCH,2016-08-29,2026-08-27
849,INE139A01034,1319,1319,59043.128553300805,-88659.33885650661,0.590431285533008,-0.8865933885650661,0.32693675546574447,-0.5145440385460203,-0.5556030611196159,-0.9435271871759431,0.4609552691432904,-0.001249068103523547,-0.002,0.8854141516527592,0.18492307692307686,-0.2560983606557379,0.5344408427876823,2638.0,0.028163812286881685,0.0007754772174160845,-1.610708961490168,0.10748261446462862,-0.0027703725645871827,0.0002722363575400884,45,76,0.277993880148361,-0.3340558723105401,0.09496918957251636,735407.7253218851,-824067.0641783917,59043.128553300805,-57502.44941634694,-88659.33885650661,-99195.62389734502,-99943.24972193383,NATIONALUM,NATIONAL ALUMINIUM CO LTD,EQ,2016-08-29,2026-08-27,2468,932991640.475,10011338.0,0.0,0.03719196153182587,0,0,1.0,OK,FULL,False,False,gap_continuation_050,"{""gap_threshold"":0.005}",INTRADAY_SHORT_ALLOWED_RESEARCH,2016-08-29,2026-08-27
856,INE115A01026,937,937,-28256.4434371753,-89020.7037009451,-0.28256443437175305,-0.890207037009451,0.23326958769339445,-0.8485018662669579,-0.7461258300927397,-0.9130956005118857,0.42689434364994666,-0.0020687878041913783,-0.003356668023334673,0.7803119734187531,0.1431218608785837,-0.20997413793103448,0.3796596434359806,1874.0,0.02380060788187283,0.0007775319678930867,-2.660710928448724,0.007931037864719147,-0.003594695602991811,-0.0005428800053909454,39,80,0.29226996652834925,-0.36999069904719684,0.0659762296300972,-6340.18364669873,-82680.52005424637,-28256.4434371753,-71920.91432186932,-89020.7037009451,-98326.10289130593,-99745.76281650875,LICHSGFIN,LIC HOUSING FINANCE LTD,EQ,2016-08-29,2026-08-27,2468,964330828.425,2032829.5,0.0,0.029469149305488707,0,0,1.0,OK,FULL,False,False,gap_continuation_050,"{""gap_threshold"":0.005}",INTRADAY_SHORT_ALLOWED_RESEARCH,2016-08-29,2026-08-27
863,INE002A01018,877,877,-37297.5604378339,-89180.0300095651,-0.372975604378339,-0.891800300095651,0.18094780121224796,-1.164155360512499,-1.0857542606807373,-0.8960091748353728,0.4150513112884835,-0.0023523897241558398,-0.002698924731182826,0.7034291101127113,0.12089894168914728,-0.1095150300601202,0.3553484602917342,1754.0,0.01903512376012448,0.0006427704578865213,-3.659766399175653,0.0002675449418946134,-0.0036139397073658014,-0.0010908397409458784,40,80,0.09273990900094087,-0.14169544372576204,0.040185379231293,385367.0441655908,-474547.0741751559,-37297.5604378339,-73941.68036426936,-89180.0300095651,-98139.47579696505,-99681.20898496584,RELIANCE,RELIANCE INDUSTRIES LTD,EQ,2016-08-29,2026-08-27,2468,12862378725.55,7279322.0,0.0,0.021018729196180003,0,2,1.0,OK,FULL,False,False,gap_continuation_050,"{""gap_threshold"":0.005}",INTRADAY_SHORT_ALLOWED_RESEARCH,2016-08-29,2026-08-27
164,INE134E01011,343,343,82438.82969975378,-8108.449234764834,0.8243882969975378,-0.08108449234764836,0.17992654190757623,0.04249877250623978,0.02211545735203843,-0.5155684578132002,0.49854227405247814,0.00021833437342537337,-5.825242718448913e-05,1.021271153637348,0.21482877592218752,-0.21442603550295858,0.13897893030794164,686.0,0.0304408544271905,0.0016436516430748083,0.13283494367269413,0.8944020395366469,-0.003014604551922622,0.0034512732987733684,45,58,0.289818791340112,-0.13100996201352588,0.04819750560873796,211193.7035417591,-219302.15277652396,82438.82969975378,29500.34936826407,-8108.449234764834,-53779.29130115441,-76783.43665833745,PFC,POWER FIN CORP LTD.,EQ,2016-08-29,2026-08-27,2468,930610161.5,6399466.0,0.0,0.032679142419121926,0,0,1.0,OK,FULL,False,False,gap_continuation_100,"{""gap_threshold"":0.01}",INTRADAY_SHORT_ALLOWED_RESEARCH,2016-08-29,2026-08-27
301,INE628A01036,279,279,36880.98141023461,-21672.477484447125,0.36880981410234615,-0.21672477484447128,0.17042586736901608,-0.061430040069852296,-0.03273888782727909,-0.43061353710374006,0.44086021505376344,-0.0003674994749101042,-0.0036975308641975495,0.9681651031926429,0.14177127297481285,-0.14129961089494159,0.11304700162074555,558.0,0.0319795166081369,0.0019145635796915638,-0.19194947548793773,0.8479219129655303,-0.004136382928141965,0.0034013839783217565,43,51,0.1539471649505939,-0.21610360175640786,0.04258567352338322,31116.72703762073,-52789.204522067856,36880.98141023461,3559.3800642971473,-21672.477484447125,-55228.75613587269,-74437.96279369999,UPL,UPL LIMITED,EQ,2016-08-29,2026-08-27,2468,1402141435.75,2126032.5,0.0,0.02846298816990546,0,1,1.0,OK,FULL,False,False,gap_continuation_100,"{""gap_threshold"":0.01}",INTRADAY_SHORT_ALLOWED_RESEARCH,2016-08-29,2026-08-27
471,INE018A01030,259,259,1183.5349110574025,-39762.309644410445,0.011835349110574045,-0.39762309644410443,0.12029146773355423,-0.36969647175128484,-0.16162611374933608,-0.5574909519874398,0.4555984555984556,-0.0016816088344779095,-0.002219178082191851,0.8089211775203204,0.11451090342679138,-0.10878947368421055,0.10494327390599675,518.0,0.023377714904765146,0.0014526205240016684,-1.157638080071611,0.24808233523905288,-0.004542111184012881,0.0011788935150570622,41,49,0.11148431063390452,-0.16631998878756482,0.03360839675139493,308450.67700171145,-348212.9866461219,1183.5349110574025,-21918.97773621694,-39762.309644410445,-64175.95831493818,-78717.29442873863,LT,LARSEN & TOUBRO LTD.,EQ,2016-08-29,2026-08-27,2468,4103217856.175,2030545.5,0.0,0.021480325698597275,0,1,1.0,OK,FULL,False,False,gap_continuation_100,"{""gap_threshold"":0.01}",INTRADAY_SHORT_ALLOWED_RESEARCH,2016-08-29,2026-08-27
510,INE020B01018,354,354,16314.620900864,-42743.48893908928,0.16314620900863996,-0.4274348893908928,0.18944759336539088,-0.2059661681795,-0.10960756506287697,-0.5677663510540043,0.4971751412429379,-0.0010795091668314787,-0.00014029651183472373,0.905456747464416,0.23672053872053878,-0.18015420560747675,0.14343598055105347,708.0,0.03153316397272023,0.0016759687561392587,-0.6441105556873403,0.519922033556828,-0.004375648665872443,0.0022166303322094854,50,58,0.3241649622325511,-0.1598292670700292,0.0545382091051553,182114.15480697853,-224857.64374606783,16314.620900864,-18378.098767051328,-42743.48893908928,-71855.25494861662,-86185.05582500373,RECLTD,REC LIMITED,EQ,2016-08-29,2026-08-27,2468,1003418400.225,6121461.5,0.0,0.0322108719151592,0,1,1.0,OK,FULL,False,False,gap_continuation_100,"{""gap_threshold"":0.01}",INTRADAY_SHORT_ALLOWED_RESEARCH,2016-08-29,2026-08-27
514,INE115A01026,291,291,2248.429654081847,-42913.06984559797,0.022484296540818516,-0.42913069845597973,0.16720578004283038,-0.2560036230101106,-0.109580659806492,-0.5733872257279617,0.47079037800687284,-0.001440618618920202,-0.0018723838693210908,0.8736333256807671,0.11306550218340616,-0.20997413793103448,0.11790923824959482,582.0,0.030691175554085934,0.001799148573824075,-0.8007224305317818,0.42394785435706495,-0.004981663074263671,0.002100425836423266,43,52,0.11178184533131352,-0.37831175706797926,0.0474724547311347,-6340.18364669873,-36572.88619889924,2248.429654081847,-23588.257341420132,-42913.06984559797,-68164.75318977513,-82267.53169332747,LICHSGFIN,LIC HOUSING FINANCE LTD,EQ,2016-08-29,2026-08-27,2468,964330828.425,2032829.5,0.0,0.029469149305488707,0,0,1.0,OK,FULL,False,False,gap_continuation_100,"{""gap_threshold"":0.01}",INTRADAY_SHORT_ALLOWED_RESEARCH,2016-08-29,2026-08-27
542,INE038A01020,596,596,76857.70388824641,-46327.393858720134,0.7685770388824642,-0.46327393858720134,0.19985314339674587,-0.217905443346095,-0.16802300865838066,-0.5742533589017493,0.46476510067114096,-0.0007156116752545752,-0.0014486200119750974,0.9279258251406721,0.12605208898535003,-0.12096400351185244,0.24149108589951376,1192.0,0.025627615592170104,0.001049748036994861,-0.6816985124384457,0.49569486171328314,-0.0027772737589899493,0.001346050408480799,52,67,0.39932671499282524,-0.1485074038594547,0.06217033077007251,546873.0259001892,-593200.4197589093,76857.70388824641,-2541.9014384796174,-46327.393858720134,-83750.40672588404,-95092.17308782497,HINDALCO,HINDALCO  INDUSTRIES  LTD,EQ,2016-08-29,2026-08-27,2468,2782230198.025,7791607.5,0.0,0.03064526658730609,0,0,1.0,OK,FULL,False,False,gap_continuation_100,"{""gap_threshold"":0.01}",INTRADAY_SHORT_ALLOWED_RESEARCH,2016-08-29,2026-08-27
549,INE531E01026,633,633,88490.31128271608,-46895.07230202882,0.8849031128271607,-0.4689507230202882,0.2843633723945966,-0.08634443531772831,-0.07184652714902429,-0.7368023830472582,0.4676145339652449,-0.0003798821735880929,-0.002,0.9708008550964347,0.17688888888888887,-0.13455813953488382,0.25648298217179905,1266.0,0.03539001850497009,0.0014066269525151514,-0.27006604196573647,0.7871976075937791,-0.0031421102003704755,0.0023823458531942896,52,65,0.3757944200247898,-0.3650124044393317,0.09599803465942837,737314.597970333,-784209.6702723617,88490.31128271608,80.5579887956992,-46895.07230202882,-85076.31528262481,-95816.80304524837,HINDCOPPER,HINDUSTAN COPPER LTD,EQ,2016-08-29,2026-08-27,2468,337077793.9,2890156.5,0.0,0.04114681959769065,0,0,1.0,OK,FULL,False,False,gap_continuation_100,"{""gap_threshold"":0.01}",INTRADAY_SHORT_ALLOWED_RESEARCH,2016-08-29,2026-08-27
564,INE467B01029,259,259,-14485.616178593991,-49105.78219286308,-0.14485616178593996,-0.4910578219286308,0.10305834473402198,-0.6174406834538935,-0.32923314731482123,-0.5622289935424802,0.4247104247104247,-0.0024061530879855566,-0.0044407252440725725,0.7318889263512918,0.06845693277310927,-0.07214633568339357,0.10494327390599675,518.0,0.0199451088577329,0.0012393287623797956,-1.9414970111443157,0.05328673613164302,-0.004846641004862602,3.433482889148888e-05,38,51,0.05583790757246554,-0.14860514812629333,0.024457694923866413,81485.07118790419,-130590.85338076728,-14485.616178593991,-34020.30947781773,-49105.78219286308,-69741.66159848409,-82029.206958034,TCS,TATA CONSULTANCY SERV LT,EQ,2016-08-29,2026-08-27,2468,6410969958.075001,2184392.0,0.0,0.020246173124930954,0,1,1.0,OK,FULL,False,False,gap_continuation_100,"{""gap_threshold"":0.01}",INTRADAY_SHORT_ALLOWED_RESEARCH,2016-08-29,2026-08-27
617,INE046A01015,359,359,-8216.032038443795,-55297.202564555206,-0.08216032038443799,-0.552972025645552,0.22488773329945058,-0.2514206923904973,-0.1310640922671163,-0.6392230945503177,0.467966573816156,-0.001542470799542076,-0.003662013030182097,0.8847086439743721,0.16135403726708075,-0.19417032967032966,0.1454619124797407,718.0,0.037161069205078646,0.001961286219195519,-0.7864587965007817,0.43211901930969154,-0.005399560831250939,0.002314619232166787,41,58,0.2931479304069713,-0.2593598135929952,0.06191436647978234,73008.09301265227,-128305.29557720748,-8216.032038443795,-35933.77431898852,-55297.202564555206,-78259.26017164697,-89441.96382989424,RIIL,RELIANCE INDUSTRIAL INFRA,EQ,2016-08-29,2026-08-27,2468,141678894.475,243265.5,0.0,0.03943332540799436,0,0,1.0,OK,FULL,False,False,gap_continuation_100,"{""gap_threshold"":0.01}",INTRADAY_SHORT_ALLOWED_RESEARCH,2016-08-29,2026-08-27
620,INE042A01014,286,286,-21309.170767160293,-55650.16632918092,-0.2130917076716029,-0.5565016632918092,0.19013685838484345,-0.33995411512499285,-0.15176659671072415,-0.6872764968825245,0.45454545454545453,-0.002213426972665225,-0.0021574286809032377,0.833149307948875,0.1526947152385838,-0.13909415584415585,0.11588330632090761,572.0,0.035177646078898235,0.0020800978188169274,-1.0640975403378528,0.2881852421866857,-0.006307730525952607,0.0018808765806221568,38,60,0.16456577526600147,-0.14384563026352803,0.04741508261049075,826078.1566246317,-881728.3229538127,-21309.170767160293,-40915.90991417546,-55650.16632918092,-75033.42792332577,-85961.4301809874,ESCORTS,ESCORTS KUBOTA LIMITED,EQ,2016-08-29,2026-08-27,2468,871691151.55,747651.5,0.0,0.03259349282260925,0,0,1.0,OK,FULL,False,False,gap_continuation_100,"{""gap_threshold"":0.01}",INTRADAY_SHORT_ALLOWED_RESEARCH,2016-08-29,2026-08-27
7,INE512B01022,1306,1306,5.4231349064506846e+26,4.349260497172992e+25,5.423134906450684e+21,4.3492604971729925e+20,1.028052167214402,5.214908890740009,15.183249231580945,-0.6015174395965244,0.5084226646248086,0.040203449339419,0.001971318257032508,8.571659318212578,0.6646666666666667,-0.17123076923076908,0.5291734197730956,2612.0,0.08465733116281311,0.0023425721978198727,17.16209616797918,1.0952324162262084e-59,0.03560782991181575,0.044799068767022256,100,15,6.772084859859844,-0.2836053444186696,1.196043559691346,-74482.93864727013,4.349260497172992e+25,5.4231349064506846e+26,1.53673482058314e+26,4.349260497172992e+25,3.470948176395357e+24,2.7563869329276687e+23,FCSSOFT,FCS SOFTWARE SOLN. LTD.,EQ,2016-08-29,2026-08-27,2352,2996247.2,1874331.5,0.0,0.112784013190898,154,16,0.9529983792544571,OK,FULL,False,True,gap_fade_050,"{""gap_threshold"":0.005}",INTRADAY_SHORT_ALLOWED_RESEARCH,2016-08-29,2026-08-27
50,INE978G01016,1871,1871,1.3258355264069122e+20,3.346040179143782e+18,1325835526406912.2,33460401791437.816,0.5561324997397039,6.029347471087064,6.84557136769595,-0.38036898487859383,0.7183324425440941,0.017551709228679678,0.016461538461538527,3.4975236480937193,0.2554525745257452,-0.19477108433734935,0.7581037277147488,3742.0,0.03930111723720073,0.0009085901048714622,19.317521877659797,5.897229827278865e-76,0.015769751980530402,0.019333666476828954,108,13,2.2534072539617926,-0.20397466881428084,0.45529379851650226,17314.974182444057,3.3460401791437645e+18,1.3258355264069122e+20,2.1081612562491634e+19,3.346040179143782e+18,8.383377481453838e+16,2085166646679132.0,SPLIL,SPL INDUSTRIES LIMITED,EQ,2016-08-29,2026-08-27,2468,1094263.005,26431.0,0.0012155591572123178,0.06234807999354993,21,0,1.0,OK,FULL,False,False,gap_fade_050,"{""gap_threshold"":0.005}",INTRADAY_SHORT_ALLOWED_RESEARCH,2016-08-29,2026-08-27
98,INE946H01037,1828,1828,1.8525609435703785e+18,5.057385731709224e+16,18525609435703.785,505738573170.9224,0.46640913302443265,6.16153590487108,8.397690709796244,-0.2973846909642761,0.6504376367614879,0.015396586730447253,0.013223420704978119,3.674389243465765,0.21509633649932147,-0.19095348837209314,0.7406807131280388,3656.0,0.033228491909521485,0.0007771816453995271,19.810795612050644,2.7925878720786883e-79,0.013872328905702792,0.016920844555191713,114,7,0.8582276987712996,-0.101416609454412,0.21291984816189163,-77354.42127965487,5.057385731716959e+16,1.8525609435703785e+18,3.0636191688314445e+17,5.057385731709224e+16,1370849120876335.8,36893596248333.81,VIPULLTD,VIPUL LIMITED,BE,2016-08-29,2026-08-27,2468,1610826.875,60110.5,0.0008103727714748784,0.055835014040527854,136,0,1.0,OK,FULL,False,False,gap_fade_050,"{""gap_threshold"":0.005}",INTRADAY_SHORT_ALLOWED_RESEARCH,2016-08-29,2026-08-27
101,INE482J01021,1756,1756,1.5343103174257162e+18,4.833730436074675e+16,15343103174257.164,483373043607.4675,0.5222850794280736,5.544746079589041,7.067704710839863,-0.3200586668311197,0.6121867881548975,0.01615137068774605,0.01338461538461533,3.583731411555933,0.2640550458715596,-0.19088888888888889,0.7115072933549432,3512.0,0.03803052420899473,0.0009075489443213521,17.79669381889231,2.8737665359206185e-65,0.014371379857153223,0.017931361518338875,106,13,1.141420584663738,-0.18487005242228072,0.21933346893583955,-72307.69230769217,4.833730436081906e+16,1.5343103174257162e+18,2.7256365185865792e+17,4.833730436074675e+16,1512463160786088.2,47001159782850.75,SHAH,SHAH METACORP LIMITED,EQ,2016-10-14,2026-08-27,2438,1422625.125,333080.0,0.0,0.061031759652989175,141,0,0.9878444084278768,OK,FULL,True,True,gap_fade_050,"{""gap_threshold"":0.005}",INTRADAY_SHORT_ALLOWED_RESEARCH,2016-08-29,2026-08-27
102,INE202H01019,1886,1886,1.97099614682493e+18,4.7923009565241336e+16,19709961468249.3,479230095652.4133,0.447662601124974,6.387333866575351,11.007368063987373,-0.6537074310984845,0.6219512195121951,0.01484818456933509,0.010674291589025277,3.6419816907121674,0.10308406725380315,-0.1265877061469265,0.7641815235008104,3772.0,0.031444581698093686,0.0007240607028887173,20.506822853521367,1.5930164964477237e-84,0.013428139863712723,0.016268229274957458,111,10,0.927814078397502,-0.25016412805329535,0.20919062496078653,4293322.508205255,4.792300956094802e+16,1.97099614682493e+18,3.076188378515021e+17,4.7923009565241336e+16,1156677031934274.2,27712595947833.836,KERNEX,KERNEX MICROSYS(I) LTD,EQ,2016-08-29,2026-08-27,2467,1195572.35,12725.0,0.00526955816781516,0.05394760444282781,101,0,0.9995948136142626,OK,FULL,False,True,gap_fade_050,"{""gap_threshold"":0.005}",INTRADAY_SHORT_ALLOWED_RESEARCH,2016-08-29,2026-08-27
106,INE927C01020,1844,1844,1.455648993443491e+18,3.845142812770596e+16,14556489934434.912,384514281277.0596,0.5121101736421801,5.598992607653957,7.61608377306272,-0.42382087406880353,0.6268980477223427,0.015228495370804746,0.01221470570406741,3.308733114655886,0.20862025881302992,-0.18533333333333335,0.747163695299838,3688.0,0.03652936473584562,0.0008506710659680943,17.90174367042115,3.3271283548414443e-66,0.013560115045505266,0.01689687569610423,115,6,1.4002453890701885,-0.3663456603513363,0.23199173401236114,5527.950310559099,3.845142812770043e+16,1.455648993443491e+18,2.3679570282844512e+17,3.845142812770596e+16,1008435531219483.8,26257373269182.496,DIGISPICE,DIGISPICE TECHNOLOGIES LT,EQ,2016-08-29,2026-08-27,2468,1200280.8250000002,51050.5,0.0016207455429497568,0.05995826828788953,120,0,1.0,OK,FULL,False,False,gap_fade_050,"{""gap_threshold"":0.005}",INTRADAY_SHORT_ALLOWED_RESEARCH,2016-08-29,2026-08-27
113,INE600A01035,1797,1797,9.239561668170559e+17,2.679762602745003e+16,9239561668170.559,267976260274.5003,0.48101796223576626,5.853049117392845,6.9583238139214085,-0.33496971872754056,0.6961602671118531,0.015344049831702171,0.014460905349794275,3.520818339129507,0.19280519480519476,-0.1873932584269664,0.7281199351701783,3594.0,0.03459993604477446,0.0008162087711475599,18.799172924996867,4.0748700253201053e-72,0.013743231221274115,0.016944868442130227,114,7,2.0043539828214967,-0.18524714735277836,0.2637485561783114,-22392.34449760776,2.6797626027472424e+16,9.239561668170559e+17,1.5748998731116525e+17,2.679762602745003e+16,771795870751446.8,22072813918052.4,PILITA,PIL ITALICA LIFESTYLE LTD,EQ,2016-08-29,2026-08-27,2468,1178310.675,115565.0,0.0,0.06012512137429921,29,0,1.0,OK,FULL,False,False,gap_fade_050,"{""gap_threshold"":0.005}",INTRADAY_SHORT_ALLOWED_RESEARCH,2016-08-29,2026-08-27
116,INE819L01012,1807,1807,7.808793972739318e+17,2.2181044012482384e+16,7808793972739.317,221810440124.82385,0.5281234068314759,5.33982998967847,6.050679376225052,-0.28455067417383495,0.6828998339789707,0.015284432147756733,0.015045454545454586,3.1246311050138638,0.16414906832298115,-0.18977292576419225,0.7321717990275527,3614.0,0.03806957049485663,0.0008955686879602983,17.066733521655138,1.154352155301774e-60,0.013527972624076668,0.017040891671436798,103,18,1.8773474788003393,-0.12894617128956265,0.3556010904093047,81750.00000000061,2.218104401240063e+16,7.808793972739318e+17,1.3172388576160322e+17,2.2181044012482384e+16,625635637350488.0,17522267616831.19,ELGIRUBCO,ELGI RUBBER CO. LTD,EQ,2016-08-29,2026-08-27,2468,1039517.45,25183.5,0.0008103727714748784,0.05866279138131449,64,0,1.0,OK,FULL,False,False,gap_fade_050,"{""gap_threshold"":0.005}",INTRADAY_SHORT_ALLOWED_RESEARCH,2016-08-29,2026-08-27
117,INE824Q01011,1833,1833,8.155136672566364e+17,2.1987262048585004e+16,8155136672566.364,219872620485.85004,0.5486224764274217,5.158323727471063,6.094069554049478,-0.3415539477206738,0.6601200218221495,0.015120436895769392,0.013384615384615441,3.004323841678087,0.22392592592592608,-0.18968046198267574,0.7427066450567261,3666.0,0.03936406611869638,0.0009194301056939918,16.44544463154857,8.642814562926819e-57,0.013317195651421742,0.016923678140117044,105,16,1.1446931934913418,-0.16196933144497716,0.2853970760746193,821224.4897959043,2.198726204776378e+16,8.155136672566364e+17,1.3402582390870083e+17,2.1987262048585004e+16,588581516781640.6,15643189848204.666,MANAKSTEEL,MANAKSIA STEELS LTD,EQ,2016-08-29,2026-08-27,2468,1437257.625,40111.5,0.0,0.061647259809691185,57,0,1.0,OK,FULL,False,False,gap_fade_050,"{""gap_threshold"":0.005}",INTRADAY_SHORT_ALLOWED_RESEARCH,2016-08-29,2026-08-27
120,INE110B01017,1852,1852,7.43100394551925e+17,1.928750527137432e+16,7431003945519.25,192875052713.7432,0.5294440075750717,5.300251429655482,6.758574194798662,-0.3617875172227941,0.6609071274298056,0.014839529834161353,0.01404872985095096,2.8841425083678502,0.22163636363636363,-0.18825356125356119,0.7504051863857374,3704.0,0.03778270022062886,0.0008779554948579992,16.90237138564923,1.0290398317645522e-59,0.013117642758782152,0.016561416909540556,103,18,2.4893200991105786,-0.2501074070849477,0.4153703463251317,124972.0337847856,1.9287505271249348e+16,7.43100394551925e+17,1.1982657504086398e+17,1.928750527137432e+16,497012655903465.06,12714790325908.953,MINDTECK,MINDTECK (INDIA) LIMITED,EQ,2016-08-29,2026-08-27,2467,2195651.5,21771.0,0.0,0.06034003826227444,47,0,0.9995948136142626,OK,FULL,False,True,gap_fade_050,"{""gap_threshold"":0.005}",INTRADAY_SHORT_ALLOWED_RESEARCH,2016-08-29,2026-08-27
7,INE512B01022,1174,1174,2.044537452890169e+26,2.1316858045380453e+25,2.044537452890169e+21,2.1316858045380454e+20,1.024859621092366,5.155296879516041,15.222284819651525,-0.6015174395965244,0.4855195911413969,0.044075229296763066,-0.002,9.485388399706736,0.6646666666666667,-0.17123076923076908,0.47568881685575365,2348.0,0.08801448031593313,0.002568739597944391,17.15830959745154,4.740258547822659e-59,0.03903539191543144,0.04911506667809469,99,16,6.772084859859844,-0.2836053444186696,1.1994290165610066,-74482.93864727013,2.1316858045380453e+25,2.044537452890169e+26,6.605364833967915e+25,2.1316858045380453e+25,2.2128204780718998e+24,2.28694959126149e+23,FCSSOFT,FCS SOFTWARE SOLN. LTD.,EQ,2016-08-29,2026-08-27,2352,2996247.2,1874331.5,0.0,0.112784013190898,154,16,0.9529983792544571,OK,FULL,False,True,gap_fade_100,"{""gap_threshold"":0.01}",INTRADAY_SHORT_ALLOWED_RESEARCH,2016-08-29,2026-08-27
62,INE978G01016,1526,1526,1.850145633181505e+19,9.282710229733783e+17,185014563318150.5,9282710229733.783,0.5217107336207111,6.136888075307598,6.260929599287275,-0.3767480956555115,0.7477064220183486,0.020547928960543593,0.020491300682977442,4.148700771265857,0.2554525745257452,-0.184210708117444,0.6183144246353323,3052.0,0.03982465510720169,0.0010194707189487833,20.155487135257182,2.7554139803826292e-80,0.018548215953990768,0.022547641967096417,109,12,2.221499072670578,-0.26839252553959225,0.44415512083820263,17314.974182444057,9.28271022973361e+17,1.850145633181505e+19,4.1472421433890934e+18,9.282710229733783e+17,4.630056918986126e+16,2295780812650664.5,SPLIL,SPL INDUSTRIES LIMITED,EQ,2016-08-29,2026-08-27,2468,1094263.005,26431.0,0.0012155591572123178,0.06234807999354993,21,0,1.0,OK,FULL,False,False,gap_fade_100,"{""gap_threshold"":0.01}",INTRADAY_SHORT_ALLOWED_RESEARCH,2016-08-29,2026-08-27
92,INE202H01019,1611,1611,1.1568899153948165e+18,4.874254813039007e+16,11568899153948.166,487425481303.9007,0.4155498762483457,6.851275853638418,12.664664553936381,-0.40371238792088715,0.6343885785226567,0.017307872425061044,0.012393939393939403,4.888262069162468,0.10308406725380315,-0.1265877061469265,0.6527552674230146,3222.0,0.03075570352917921,0.0007662630706661035,22.58737643459121,2.3449643260950588e-98,0.015804894510746553,0.018810850339375535,113,8,0.927814078397502,-0.1555229745824409,0.19719640025458493,4293322.508205255,4.874254812609675e+16,1.1568899153948165e+18,2.376503214400212e+17,4.874254813039007e+16,2040858485854768.2,84917128473266.14,KERNEX,KERNEX MICROSYS(I) LTD,EQ,2016-08-29,2026-08-27,2467,1195572.35,12725.0,0.00526955816781516,0.05394760444282781,101,0,0.9995948136142626,OK,FULL,False,True,gap_fade_100,"{""gap_threshold"":0.01}",INTRADAY_SHORT_ALLOWED_RESEARCH,2016-08-29,2026-08-27
102,INE946H01037,1527,1527,6.02959699738918e+17,3.001271065992176e+16,6029596997389.18,300127106599.2176,0.43507837764156276,6.447906723745989,8.702741128489391,-0.244988540606206,0.6666666666666666,0.01799251296215521,0.016041237113401996,4.7211478860781675,0.21509633649932147,-0.18162466487935647,0.6187196110210696,3054.0,0.033028041888756854,0.00084520743396009,21.287688961577214,2.920628856236749e-88,0.016334621874390092,0.019650404049920325,115,6,0.8582276987712996,-0.08837969115577582,0.20521895130271783,-77354.42127965487,3.0012710659999116e+16,6.02959699738918e+17,1.3462232982553597e+17,3.001271065992176e+16,1485095254316574.0,73050871272561.36,VIPULLTD,VIPUL LIMITED,BE,2016-08-29,2026-08-27,2468,1610826.875,60110.5,0.0008103727714748784,0.055835014040527854,136,0,1.0,OK,FULL,False,False,gap_fade_100,"{""gap_threshold"":0.01}",INTRADAY_SHORT_ALLOWED_RESEARCH,2016-08-29,2026-08-27
107,INE482J01021,1576,1576,3.706409313863082e+17,1.669844147161843e+16,3706409313863.0825,166984414716.1843,0.5055382081930285,5.494060136532717,6.865362931428037,-0.3200586668311196,0.6072335025380711,0.01725980143287874,0.014129032258064613,3.867718913001026,0.2640550458715596,-0.19088888888888889,0.6385737439222042,3152.0,0.03848109508625539,0.0009693247816826698,17.806004508537498,9.185383571489015e-65,0.015358498667088896,0.019161104198668587,107,12,1.141420584663738,-0.18487005242228072,0.21759654188927458,-72307.69230769217,1.6698441471690738e+16,3.706409313863082e+17,7.873106896949112e+16,1.669844147161843e+16,747724032905541.6,33276608326288.082,SHAH,SHAH METACORP LIMITED,EQ,2016-10-14,2026-08-27,2438,1422625.125,333080.0,0.0,0.061031759652989175,141,0,0.9878444084278768,OK,FULL,True,True,gap_fade_100,"{""gap_threshold"":0.01}",INTRADAY_SHORT_ALLOWED_RESEARCH,2016-08-29,2026-08-27
110,INE927C01020,1555,1555,3.017678998964424e+17,1.417683278161506e+16,3017678998964.424,141768327816.1506,0.4789198533542049,5.738120701181137,7.288355238826129,-0.4238208740688034,0.6334405144694534,0.01730799421797163,0.014061867935752483,3.9085785150787844,0.1801561338289962,-0.18533333333333335,0.630064829821718,3110.0,0.03652433011904905,0.0009262262023431039,18.68657372700864,1.8762052587910782e-70,0.015491209198581178,0.019124779237362083,117,4,1.2583362686290074,-0.3663456603513363,0.22455490212981824,5527.950310559099,1.4176832781609532e+16,3.017678998964424e+17,6.545653852840392e+16,1.417683278161506e+16,662010643878500.5,30726983713861.07,DIGISPICE,DIGISPICE TECHNOLOGIES LT,EQ,2016-08-29,2026-08-27,2468,1200280.8250000002,51050.5,0.0016207455429497568,0.05995826828788953,120,0,1.0,OK,FULL,False,False,gap_fade_100,"{""gap_threshold"":0.01}",INTRADAY_SHORT_ALLOWED_RESEARCH,2016-08-29,2026-08-27
115,INE110B01017,1475,1475,1.9882563853245814e+17,1.0952348065796032e+16,1988256385324.5815,109523480657.96033,0.4927995890546589,5.537456571639573,6.191184122835779,-0.49897321043394594,0.6935593220338983,0.018118959927217702,0.01832110091743122,3.555433123379078,0.22163636363636363,-0.18825356125356119,0.5976499189627229,2950.0,0.03848033733529881,0.0010019426423714581,18.083829513766034,3.5594791009188655e-66,0.016153574594069294,0.02008434526036611,103,18,2.400965482886774,-0.18804117232149564,0.40791419922383293,124972.0337847856,1.095234806567106e+16,1.9882563853245814e+17,4.6698137635770824e+16,1.0952348065796032e+16,599872838870860.2,32667691081089.88,MINDTECK,MINDTECK (INDIA) LIMITED,EQ,2016-08-29,2026-08-27,2467,2195651.5,21771.0,0.0,0.06034003826227444,47,0,0.9995948136142626,OK,FULL,False,True,gap_fade_100,"{""gap_threshold"":0.01}",INTRADAY_SHORT_ALLOWED_RESEARCH,2016-08-29,2026-08-27
120,INE819L01012,1469,1469,1.362342487711907e+17,7589471309593625.0,1362342487711.907,75894713095.93625,0.4932654262935887,5.455825215186107,5.5876106057270825,-0.28455067417383506,0.7093260721579305,0.01794171458275943,0.017677996422182485,3.719583211471448,0.16414906832298115,-0.18533333333333335,0.5952188006482982,2938.0,0.038628769452019235,0.0010078594580191333,17.80180206675088,2.4214532094990704e-64,0.015964716333355087,0.01991871283216377,103,18,1.8773474788003393,-0.1587590526845919,0.3578059253731187,81750.00000000061,7589471309511875.0,1.362342487711907e+17,3.2177886722940332e+16,7589471309593625.0,420400301121164.4,23154264526885.867,ELGIRUBCO,ELGI RUBBER CO. LTD,EQ,2016-08-29,2026-08-27,2468,1039517.45,25183.5,0.0008103727714748784,0.05866279138131449,64,0,1.0,OK,FULL,False,False,gap_fade_100,"{""gap_threshold"":0.01}",INTRADAY_SHORT_ALLOWED_RESEARCH,2016-08-29,2026-08-27
122,INE824Q01011,1508,1508,1.4194125559201565e+17,7312794712837904.0,1419412555920.1565,73127947128.37904,0.5121567038111743,5.2652857384310074,5.769147919121137,-0.26696095537864273,0.6757294429708223,0.017513303720416037,0.015624409499773562,3.477991387364541,0.22392592592592608,-0.18884210526315792,0.6110210696920584,3016.0,0.03980680160153277,0.0010250772933734229,17.084861633000937,5.863253954861427e-60,0.015502574225375185,0.019524033215456888,108,13,1.1375172427478315,-0.15339664886335047,0.2731066744375495,821224.4897959043,7312794712016680.0,1.4194125559201565e+17,3.2241345913865916e+16,7312794712837904.0,374555257200420.7,19071994567051.105,MANAKSTEEL,MANAKSIA STEELS LTD,EQ,2016-08-29,2026-08-27,2468,1437257.625,40111.5,0.0,0.061647259809691185,57,0,1.0,OK,FULL,False,False,gap_fade_100,"{""gap_threshold"":0.01}",INTRADAY_SHORT_ALLOWED_RESEARCH,2016-08-29,2026-08-27
130,INE272L01022,1556,1556,1.2612101889946203e+17,5905065313264758.0,1261210188994.6204,59050653132.64758,0.43459487621738435,6.071620309585471,6.301236802049347,-0.2573553278544408,0.7172236503856041,0.01660826358221088,0.016244227168712266,4.149591966589639,0.21466666666666656,-0.17591304347826098,0.6304700162074555,3112.0,0.03297082579403848,0.00083584361334965,19.870060998196934,1.7843058081392812e-78,0.01496876408385845,0.018247763080563306,115,6,0.8858378060033638,-0.07057866852969774,0.17935163406887858,5165.289256197837,5905065313259593.0,1.2612101889946203e+17,2.7310738129530196e+16,5905065313264758.0,274813437957093.28,12712087024381.607,SURANASOL,SURANA SOLAR LIMITED,EQ,2016-08-29,2026-08-27,2468,1052433.325,53329.5,0.0,0.05670433073686808,59,0,1.0,OK,FULL,False,False,gap_fade_100,"{""gap_threshold"":0.01}",INTRADAY_SHORT_ALLOWED_RESEARCH,2016-08-29,2026-08-27
15,INE572E01012,866,866,1718373.280850854,222762.92731891072,17.18373280850854,2.227629273189107,0.29842698247001154,0.548143611620924,0.5324698983462844,-0.5764143466333973,0.5115473441108545,0.0018499464924180502,0.0007001464145207099,1.1781239844729572,0.18725339366515836,-0.13914285714285723,0.35089141004862234,1732.0,0.031712805800079874,0.001077645009459474,1.7166566691065994,0.08639992052732476,-0.00026515843597172024,0.003965051420807821,62,56,0.43235811006510194,-0.27498604421814377,0.09596495480539373,32188.744880211365,190574.18243869935,1718373.280850854,666427.1430709298,222762.92731891072,-42907.248336140736,-89936.03793126579,PNBHOUSING,PNB HOUSING FIN LTD.,EQ,2016-11-07,2026-08-27,2423,262208502.95,398535.0,0.0,0.03908767631301529,7,0,0.9817666126418152,OK,FULL,True,True,momentum_1d,"{""move_threshold"":0.02,""signal_feature"":""previous_cc_signal""}",INTRADAY_SHORT_ALLOWED_RESEARCH,2016-08-29,2026-08-27
31,INE161A01038,909,909,1226470.5237594133,115844.45054606514,12.264705237594132,1.1584445054606514,0.33723028698578766,0.3983229286469461,0.4482442342456451,-0.5802728063140732,0.48404840484048406,0.0014472468396907134,-0.001876022811802656,1.1211046472162527,0.18200716765595248,-0.1243333333333333,0.36831442463533226,1818.0,0.034997196013845204,0.001160783719561492,1.246784233188107,0.21279814416589715,-0.0008308841247709094,0.003725377804152336,55,65,0.4051145709201267,-0.20229028028524876,0.09215147050712567,358625.4328955269,-242780.98234946173,1226470.5237594133,435323.5712876667,115844.45054606514,-65005.15796623076,-94346.9776603918,NIITLTD,NIIT LIMITED,EQ,2016-08-29,2026-08-27,2468,74984562.1,569519.5,0.0,0.043569545300208866,0,1,1.0,OK,FULL,False,False,momentum_1d,"{""move_threshold"":0.02,""signal_feature"":""previous_cc_signal""}",INTRADAY_SHORT_ALLOWED_RESEARCH,2016-08-29,2026-08-27
35,INE701A01023,649,649,664514.9899709765,109176.75782965476,6.645149899709764,1.0917675782965475,0.29467430012502527,0.40136349005455774,0.3195539766539085,-0.5044832484779787,0.5007704160246533,0.001784760899809406,0.00022077922077923424,1.151357106879058,0.1885889570552146,-0.15305849582172704,0.26296596434359804,1298.0,0.03618674286015438,0.001420453908023094,1.256472237309927,0.20939756563128195,-0.0010044873202512826,0.004574009119870095,57,61,0.42272425594328356,-0.20208583623986398,0.08949840956615422,169908.3803775024,-60731.622547847655,664514.9899709765,300028.01235784445,109176.75782965476,-42916.17234835152,-84462.52482031427,VHL,VARDHMAN HOLDINGS LIMITED,EQ,2016-08-29,2026-08-27,2463,1583890.55,583.0,0.04506699147381242,0.04239228594055694,2,0,0.9979740680713128,OK,FULL,False,True,momentum_1d,"{""move_threshold"":0.02,""signal_feature"":""previous_cc_signal""}",INTRADAY_SHORT_ALLOWED_RESEARCH,2016-08-29,2026-08-27
45,INE226H01026,1073,1073,1407928.9056689823,76677.84468453357,14.079289056689824,0.7667784468453358,0.38201553563531854,0.34410425415707235,0.32928701848758224,-0.8790401389535406,0.46691519105312207,0.0011998196199078238,-0.002,1.0945146133679287,0.15355555555555567,-0.21300917431192645,0.43476499189627227,2146.0,0.03649515327482148,0.0011141286209078857,1.0769130218826173,0.28176141037873964,-0.0009863005892521604,0.003385939829067808,54,63,0.5919620126262632,-0.31093900069777636,0.12712093824033693,-97109.21501706487,173787.05970159842,1407928.9056689823,416433.48963341705,76677.84468453357,-79388.18520013781,-97605.7154086832,SADBHAV,SADBHAV ENGINEERING LTD,EQ,2016-08-29,2026-08-27,2468,14448259.155,262059.0,0.0,0.04587933995585281,158,0,1.0,OK,FULL,False,False,momentum_1d,"{""move_threshold"":0.02,""signal_feature"":""previous_cc_signal""}",INTRADAY_SHORT_ALLOWED_RESEARCH,2016-08-29,2026-08-27
49,INE118H01025,710,710,619646.3597379628,74279.71192852317,6.196463597379628,0.7427971192852318,0.25446810052001945,0.3492967041547545,0.2969427250088056,-0.6120512989757032,0.4887323943661972,0.0012260667128215718,-0.00045023491592488356,1.1219331475643366,0.14789025460930638,-0.16572461170848274,0.28768233387358183,1420.0,0.029883671624364103,0.001121514211417951,1.093224410657653,0.27466658001591754,-0.000975819573833546,0.0034279529994766895,55,53,0.35107794731489994,-0.2888454562141638,0.07710424357007885,2580600.9018290853,-2506321.189900562,619646.3597379628,254272.0420965677,74279.71192852317,-57913.68662467564,-89865.63994316012,BSE,BSE LIMITED,EQ,2017-02-03,2026-08-27,2361,402727418.75,521026.0,0.0,0.03351517363199269,0,3,0.956645056726094,OK,FULL,True,True,momentum_1d,"{""move_threshold"":0.02,""signal_feature"":""previous_cc_signal""}",INTRADAY_SHORT_ALLOWED_RESEARCH,2016-08-29,2026-08-27
56,INE824G01012,694,694,566015.5644034243,66485.05625625723,5.660155644034242,0.6648505625625722,0.28669041633459774,0.3253215715650435,0.2468481627456125,-0.5011803984230079,0.515850144092219,0.001316167555973494,0.00096093465703684,1.1149632090256936,0.1973309789386577,-0.20360169435435815,0.28119935170178284,1388.0,0.034056304929082314,0.0012927596564819889,1.018106922949008,0.3089824437167539,-0.0012220277820590216,0.00385436289400601,52,61,0.3139046070091722,-0.28663814840916846,0.07667168419101993,822309.1130585171,-755824.0568022599,566015.5644034243,233104.38597374805,66485.05625625723,-58498.91479596492,-89683.50637742522,JSWHL,JSW HOLDINGS LIMITED,EQ,2016-08-29,2026-08-27,2468,6378070.925,1757.0,0.0016207455429497568,0.0387212253284756,0,0,1.0,OK,FULL,False,False,momentum_1d,"{""move_threshold"":0.02,""signal_feature"":""previous_cc_signal""}",INTRADAY_SHORT_ALLOWED_RESEARCH,2016-08-29,2026-08-27
81,INE214T01019,591,591,351538.38669652684,38679.73106086656,3.5153838669652684,0.3867973106086655,0.1837007181256975,0.2731454221354018,0.22391176257627615,-0.3566431177749939,0.5025380710659898,0.0008314993498454436,9.999999999999072e-05,1.097117715033131,0.11356728232189961,-0.08295396931287513,0.23946515397082657,1182.0,0.0236518323111961,0.0009729063787376421,0.8546550500823359,0.3930890374986932,-0.001079281874243236,0.0027422805739341235,62,55,0.24649552822406662,-0.10375276311908477,0.048620544913709166,596520.5180215349,-557840.7869606684,351538.38669652684,150312.13907095478,38679.73106086656,-57508.24883365245,-87011.30643477643,LTM,LTM LIMITED,EQ,2016-08-29,2026-08-27,2468,971537322.825,234889.5,0.0,0.02905046730735863,0,0,1.0,OK,FULL,False,False,momentum_1d,"{""move_threshold"":0.02,""signal_feature"":""previous_cc_signal""}",INTRADAY_SHORT_ALLOWED_RESEARCH,2016-08-29,2026-08-27
98,INE559A01017,881,881,666862.8635727352,31852.305242524482,6.6686286357273525,0.3185230524252449,0.30600044486296496,0.24671621312028746,0.21459740442742523,-0.7579353639360854,0.5005675368898979,0.0008392444045963918,1.7654476670793742e-05,1.075347336131478,0.16819786377166857,-0.26752609067579125,0.35696920583468394,1762.0,0.03226788385119264,0.0010871326291090797,0.7719797770067524,0.4403336639377252,-0.0012944310129470518,0.0029729198221398355,59,60,0.3573066923938921,-0.21785435855468083,0.08699807604028699,246297.71970279177,-214445.4144602673,666862.8635727352,218122.16824455938,31852.305242524482,-77409.54686113494,-96143.23490577108,IFBIND,IFB INDUSTRIES LTD,EQ,2016-08-29,2026-08-27,2468,26364477.675,26717.0,0.0,0.04465978918922573,0,0,1.0,OK,FULL,False,False,momentum_1d,"{""move_threshold"":0.02,""signal_feature"":""previous_cc_signal""}",INTRADAY_SHORT_ALLOWED_RESEARCH,2016-08-29,2026-08-27
100,INE519C01017,734,734,469325.82354175684,31324.2713787923,4.693258235417568,0.313242713787923,0.28579707989054837,0.23974999163949212,0.21012819338742558,-0.7694309592910874,0.46866485013623976,0.0009142499441277211,-0.001767577999249646,1.0779815524891565,0.1245555294670111,-0.12924313438806057,0.29740680713128037,1468.0,0.033019691766048215,0.0012187790627149393,0.7501359123212601,0.4534135570953449,-0.0014784639743204045,0.0033069638625758467,52,66,0.39463526668891613,-0.18250655048400832,0.08690708860480179,238705.44760996575,-207381.17623117345,469325.82354175684,173534.57916583476,31324.2713787923,-69796.85253332181,-93074.08180668687,SUMMITSEC,SUMMIT SECURITIES LTD,EQ,2016-08-29,2026-08-27,2468,2708646.3,3761.5,0.0012155591572123178,0.04349961561963082,0,0,1.0,OK,FULL,False,False,momentum_1d,"{""move_threshold"":0.02,""signal_feature"":""previous_cc_signal""}",INTRADAY_SHORT_ALLOWED_RESEARCH,2016-08-29,2026-08-27
110,INE417C01014,530,530,261487.5514065656,25362.54644199676,2.614875514065656,0.2536254644199676,0.23531905278197526,0.2141075132888951,0.1609542510333924,-0.7052872782329516,0.4849056603773585,0.0009310172849697269,-0.0009427554530007081,1.0876033458071561,0.16728626842513572,-0.15575979112271532,0.21474878444084278,1060.0,0.032001402380643654,0.001390052092364361,0.6697715071858531,0.5032956971187263,-0.0017996824085989276,0.003661716978538381,60,57,0.6235462781009382,-0.24257420400823548,0.09260818494410912,189202.36256927077,-163839.816127274,261487.5514065656,112934.27056227095,25362.54644199676,-56616.90727458793,-85018.76033068803,PILANIINVS,PILANI INV & IND COR LTD,EQ,2016-08-29,2026-08-27,2462,5742262.525,2514.5,0.025995125913891144,0.03322103432405382,3,0,0.9975688816855753,OK,FULL,False,True,momentum_1d,"{""move_threshold"":0.02,""signal_feature"":""previous_cc_signal""}",INTRADAY_SHORT_ALLOWED_RESEARCH,2016-08-29,2026-08-27
16,INE022I01019,1005,1005,1810775.1423421262,156706.68415620615,18.107751423421263,1.5670668415620614,0.34956084985979596,0.451717311359673,0.4069336708460006,-0.5751704742478635,0.5064676616915423,0.0015387500282160811,0.0004999999999999467,1.1325408065490175,0.1600437956204379,-0.22573163293595777,0.4072123176661264,2010.0,0.034497214058002997,0.001088180634041136,1.4140575379490832,0.1576550151064444,-0.000596619047804052,0.0036741191042362143,57,58,0.5616759695768669,-0.19880710074693497,0.1065065249675166,-79041.67595275231,235748.36010895844,1810775.1423421262,600714.8209633097,156706.68415620615,-65650.7005385906,-95422.32790442849,ASIANTILES,ASIAN GRANITO IND. LTD.,EQ,2016-08-29,2026-08-27,2468,35600447.075,287443.5,0.0,0.04485596642738501,0,0,1.0,OK,FULL,False,False,momentum_5d,"{""move_threshold"":0.05,""signal_feature"":""previous_5d_signal""}",INTRADAY_SHORT_ALLOWED_RESEARCH,2016-08-29,2026-08-27
777,INE217B01036,609,609,150620.70310296142,-25841.35271555779,1.5062070310296143,-0.25841352715557786,0.19032136827350765,-0.06528267412309671,-0.04946599115895075,-0.6330645301468918,0.5008210180623974,-0.00019980797070083694,2.245623823138483e-05,0.977714943327126,0.09976322418136019,-0.1115874886672712,0.24675850891410048,1218.0,0.02414953934928123,0.0009785887183971576,-0.20417972018735803,0.8382813839102069,-0.0021216323175719622,0.0017220163761702885,45,58,0.2553354579974354,-0.13564642116724535,0.05366531072408233,69320.82657451148,-95162.17929006927,150620.70310296142,36370.87701069715,-25841.35271555779,-78109.96594903222,-93554.35184061174,KAJARIACER,KAJARIA CERAMICS LTD,EQ,2016-10-05,2026-08-27,2443,186720735.2,222285.0,0.0,0.03268611435742471,0,0,0.9898703403565641,OK,FULL,True,True,momentum_5d,"{""move_threshold"":0.05,""signal_feature"":""previous_5d_signal""}",INTRADAY_SHORT_ALLOWED_RESEARCH,2016-08-29,2026-08-27
814,INE075A01022,358,358,45317.940858261165,-28989.196527148626,0.45317940858261174,-0.2898919652714863,0.11228273947261373,-0.25503218483938944,-0.1453427367916828,-0.4058849437323727,0.45251396648044695,-0.000783374768587314,-0.0012446387294810495,0.8906596378050061,0.07121474606857436,-0.10071244635193133,0.14505672609400325,716.0,0.01857943420393331,0.000981953609905472,-0.7977716673018042,0.4255333205230567,-0.002714515379066869,0.001147765841892241,36,51,0.10299628790340942,-0.08807953575900984,0.026451102604529618,50064.852720297145,-79054.04924744577,45317.940858261165,1601.3822858299536,-28989.196527148626,-65349.77293928583,-83116.53025991579,WIPRO,WIPRO LTD,EQ,2016-08-29,2026-08-27,2468,1974556683.045,5431909.0,0.0,0.02232552534894862,0,2,1.0,OK,FULL,False,False,momentum_5d,"{""move_threshold"":0.05,""signal_feature"":""previous_5d_signal""}",INTRADAY_SHORT_ALLOWED_RESEARCH,2016-08-29,2026-08-27
888,INE786A01032,645,645,139941.71321012062,-33948.26031359323,1.399417132101206,-0.33948260313593226,0.20945367639089546,-0.09879888516871342,-0.08812832404674331,-0.5555391520310851,0.4821705426356589,-0.00031421356609862987,-0.0013570510072866675,0.9666153247911057,0.14102546904740332,-0.12360940325497283,0.2613452188006483,1290.0,0.02582293335022529,0.0010167770077193089,-0.30902898444117016,0.7573994274924255,-0.0023108122626029222,0.0016823851304056624,41,67,0.2335264786250093,-0.11830249656189695,0.056513157295008595,20185.51236749164,-54133.77268108487,139941.71321012062,25931.72396385421,-33948.26031359323,-81864.08840474975,-95033.31488718669,JKLAKSHMI,JK LAKSHMI CEMENT LTD,EQ,2016-08-29,2026-08-27,2468,75685292.95,137265.0,0.0,0.03385526889766921,0,0,1.0,OK,FULL,False,False,momentum_5d,"{""move_threshold"":0.05,""signal_feature"":""previous_5d_signal""}",INTRADAY_SHORT_ALLOWED_RESEARCH,2016-08-29,2026-08-27
905,INE492A01029,570,570,104391.26193166434,-34643.79804350062,1.0439126193166435,-0.3464379804350062,0.2236232220493886,-0.084275218431574,-0.06649204154643658,-0.4601603235077485,0.4807017543859649,-0.00032380723366161784,-0.0011340416245814704,0.9683740131583136,0.19725149700598799,-0.11366134185303511,0.23095623987034036,1140.0,0.029330852369145066,0.0012285342148343147,-0.2635720110613996,0.7922051502847447,-0.002736822772888744,0.002089208305565508,39,52,0.3233828856406811,-0.14899089290525636,0.057332673771222274,-48149.41272876266,13505.614685262044,104391.26193166434,15610.81985570694,-34643.79804350062,-79149.42802438566,-93363.30545553917,SUDARCOLOR,SUDARSHAN COLORNT IND LTD,EQ,2016-08-29,2026-08-27,2468,10128715.925,21984.0,0.0,0.031215212590613533,0,0,1.0,OK,FULL,False,False,momentum_5d,"{""move_threshold"":0.05,""signal_feature"":""previous_5d_signal""}",INTRADAY_SHORT_ALLOWED_RESEARCH,2016-08-29,2026-08-27
924,INE195A01028,563,563,96596.95887623311,-36242.84892716102,0.9659695887623312,-0.3624284892716102,0.17585726519707487,-0.17364342939000907,-0.1350351619314812,-0.5070292374863525,0.4547069271758437,-0.0005311961138905659,-0.0020426985482493425,0.9408627843799422,0.107204665010185,-0.08472359943212837,0.22811993517017828,1126.0,0.023205369834637293,0.0009779897360973238,-0.543151010981269,0.5872411869272436,-0.0024521577428163444,0.0013897655150352127,41,65,0.19551399819722515,-0.10950119646889245,0.0457323555255694,277925.363693866,-314168.212621027,96596.95887623311,11988.95298117328,-36242.84892716102,-79369.94599829118,-93339.80049277296,SUPREMEIND,SUPREME INDUSTRIES LTD,EQ,2016-08-29,2026-08-27,2468,150082355.7,78788.0,0.0,0.033015760907482414,0,0,1.0,OK,FULL,False,False,momentum_5d,"{""move_threshold"":0.05,""signal_feature"":""previous_5d_signal""}",INTRADAY_SHORT_ALLOWED_RESEARCH,2016-08-29,2026-08-27
969,INE070A01015,439,439,47167.453148603876,-38852.01756248499,0.47167453148603866,-0.38852017562484986,0.1301948344232283,-0.3199376392513376,-0.18091796166310276,-0.5081517951370934,0.48291571753986334,-0.000929264152160731,-0.0007481196555310082,0.8774440438212433,0.06361510476870325,-0.11758336169210226,0.1778768233387358,878.0,0.01944611234192512,0.0009281123042155964,-1.0012410652675359,0.31726309130921954,-0.002753371315347387,0.000894843011025925,42,56,0.08064335924675325,-0.14986524376810229,0.03235301862850692,44554.8354714422,-83406.85303392718,47167.453148603876,-5116.132709400117,-38852.01756248499,-74637.76255679417,-89499.13694813462,SHREECEM,SHREE CEMENT LIMITED,EQ,2016-08-29,2026-08-27,2468,669292652.75,28277.0,0.0,0.027068577241247394,0,0,1.0,OK,FULL,False,False,momentum_5d,"{""move_threshold"":0.05,""signal_feature"":""previous_5d_signal""}",INTRADAY_SHORT_ALLOWED_RESEARCH,2016-08-29,2026-08-27
1005,INE101A01026,489,489,56110.57110219542,-41311.09567997624,0.5611057110219542,-0.4131109567997624,0.15397451129923348,-0.27721383740775674,-0.21632556583242554,-0.4751113158285504,0.4376278118609407,-0.0008548688542062151,-0.002633579725448863,0.8968326808247988,0.1339642591213699,-0.07278651685393256,0.19813614262560778,978.0,0.02179490409150986,0.0009855996320409053,-0.8673591450475862,0.38617155242956835,-0.0027914115475811936,0.0010816738391687631,32,67,0.13813664844493023,-0.10358748284798536,0.03387497920573074,386312.5720087344,-427623.6676887106,56110.57110219542,-4258.448952855193,-41311.09567997624,-77979.48006334153,-91753.99510089829,M&M,MAHINDRA & MAHINDRA LTD,EQ,2016-08-29,2026-08-27,2468,3013136706.4,2610218.5,0.0,0.026300386835336864,0,1,1.0,OK,FULL,False,False,momentum_5d,"{""move_threshold"":0.05,""signal_feature"":""previous_5d_signal""}",INTRADAY_SHORT_ALLOWED_RESEARCH,2016-08-29,2026-08-27
1027,INE640A01023,384,384,22873.65894043623,-43026.4178161319,0.22873658940436226,-0.430264178161319,0.15197141856051183,-0.3042481003276455,-0.21252145804174508,-0.4922990049261553,0.4427083333333333,-0.001179242662967063,-0.0016590916209493472,0.8604551029607852,0.19431782945736442,-0.0920645125019326,0.15559157212317667,768.0,0.024272434532323483,0.0012386474879021371,-0.9520405720632541,0.3416768248212232,-0.0036146431015511545,0.0012561577756170287,31,55,0.14791416630782117,-0.10419563132573939,0.031801599388863164,147246.52259758115,-190272.94041371305,22873.65894043623,-16314.597025532916,-43026.4178161319,-73623.41935989216,-87807.5495058498,SKFINDIA,SKF INDIA LTD,EQ,2016-08-29,2026-08-27,2468,60495864.475,20992.5,0.0,0.028237633002561116,0,1,1.0,OK,FULL,False,False,momentum_5d,"{""move_threshold"":0.05,""signal_feature"":""previous_5d_signal""}",INTRADAY_SHORT_ALLOWED_RESEARCH,2016-08-29,2026-08-27
1034,INE259A01022,243,243,-7904.948709947217,-43394.91018451873,-0.07904948709947213,-0.4339491018451873,0.08567845251828163,-0.6352839006396019,-0.32728845090326014,-0.474703601656409,0.4156378600823045,-0.002193702875153777,-0.0028823529411765563,0.7133070554816495,0.07230952885498332,-0.05662222222222235,0.09846029173419774,486.0,0.01710562915722192,0.001097326622064443,-1.9991339233405991,0.04671220612022301,-0.004355233462385062,-3.217228792249272e-05,17,50,0.08173553366827147,-0.08511177804985659,0.02250467649017919,96726.55541930962,-140121.46560382834,-7904.948709947217,-27789.753424018854,-43394.91018451873,-65242.357600501084,-78678.4355764954,COLPAL,COLGATE PALMOLIVE LTD.,EQ,2016-08-29,2026-08-27,2468,609543166.475,367886.5,0.0,0.02195831508426831,0,0,1.0,OK,FULL,False,False,momentum_5d,"{""move_threshold"":0.05,""signal_feature"":""previous_5d_signal""}",INTRADAY_SHORT_ALLOWED_RESEARCH,2016-08-29,2026-08-27
1271,INE646L01027,2468,2468,95030.3808217856,-98605.59035558296,0.9503038082178561,-0.9860559035558295,0.33586318715975794,-1.1319640342252981,-1.876471139367448,-0.9872728320273049,0.4376012965964344,-0.0015086708265282774,-0.0024391586081297083,0.8175760867002413,0.22357575757575754,-0.09088888888888891,1.0,4936.0,0.02115739208967289,0.00042588226664062905,-3.5424598409055954,0.0004037675730448422,-0.002343794457462206,-0.0006735471955943487,37,84,0.8249139674456218,-0.2109965444759231,0.11106789880277751,497054.42411690135,-595660.0144724844,95030.3808217856,-83488.61544140472,-98605.59035558296,-99990.12874196879,-99999.93081191288,INDIGO,INTERGLOBE AVIATION LTD,EQ,2016-08-29,2026-08-27,2468,1715104460.75,818029.5,0.0,0.031333397084685556,0,0,1.0,OK,FULL,False,False,open_to_close,{},LONG_ONLY,2016-08-29,2026-08-27
1391,INE090A01021,2468,2468,-1129.4200503770553,-99293.71663867796,-0.011294200503770502,-0.9929371663867795,0.24474570378506938,-1.942137935677467,-2.929533966569554,-0.9935909937051586,0.41855753646677474,-0.0018862298250597756,-0.0023407692625150283,0.7077181609079657,0.11384507042253511,-0.09966584766584763,1.0,4936.0,0.015417530158732696,0.00031034319646636816,-6.077883602852514,1.406786966567932e-09,-0.002494789883483936,-0.0012776697666356154,30,91,0.12800481124589536,-0.21438575803064086,0.059280051979811496,476047.9041916162,-575341.6208302942,-1129.4200503770553,-91633.18279976195,-99293.71663867796,-99995.00443950333,-99999.9650163193,ICICIBANK,ICICI BANK LTD.,EQ,2016-08-29,2026-08-27,2468,10131881041.95,14553199.5,0.0,0.02269956141212259,0,0,1.0,OK,FULL,False,False,open_to_close,{},LONG_ONLY,2016-08-29,2026-08-27
1414,INE423A01024,2468,2468,-16673.575351004634,-99405.96517857311,-0.16673575351004633,-0.9940596517857311,0.4697429942628629,-0.8734883373064051,-1.1835470998809787,-0.9953540980107275,0.4319286871961102,-0.0016282342342063504,-0.0027326018247957867,0.8429041465305678,0.21843650793650804,-0.3356100644996487,1.0,4936.0,0.029591027212723237,0.0005956449494420628,-2.73356508055933,0.006309998873159493,-0.0027962499321815444,-0.00046021853623115657,43,78,0.6624479228493345,-0.5311775536457012,0.14629732694544717,4256013.745704478,-4355419.710883051,-16673.575351004634,-92955.73949789378,-99405.96517857311,-99995.80697222785,-99999.97069694704,ADANIENT,ADANI ENTERPRISES LIMITED,EQ,2016-08-29,2026-08-27,2468,2291633986.2,2912319.0,0.0,0.040439469711393033,0,0,1.0,OK,FULL,False,False,open_to_close,{},LONG_ONLY,2016-08-29,2026-08-27
1444,INE214T01019,2468,2468,-31221.008008342964,-99509.17871482701,-0.31221008008342965,-0.9950917871482701,0.30048318930051215,-1.6549353757213185,-2.570295011412577,-0.9968577832440937,0.4258508914100486,-0.001973334364218187,-0.0025864829453877674,0.7506091506300197,0.12330584282125723,-0.08771903022251737,1.0,4936.0,0.01892866171534999,0.0003810196134589661,-5.1790886729003125,2.4099178237516725e-07,-0.0027204856498513085,-0.0012261830785850656,37,84,0.1812201612825486,-0.25389689622297906,0.08338128527189781,596520.5180215349,-696029.696736362,-31221.008008342964,-94182.62398548386,-99509.17871482701,-99996.53197656012,-99999.97573868293,LTM,LTM LIMITED,EQ,2016-08-29,2026-08-27,2468,971537322.825,234889.5,0.0,0.02905046730735863,0,0,1.0,OK,FULL,False,False,open_to_close,{},LONG_ONLY,2016-08-29,2026-08-27
1457,INE019A01038,2381,2381,-46832.45734008975,-99548.61875780422,-0.4683245734008975,-0.9954861875780422,0.29555779788474895,-1.715930620841124,-2.5712970245817948,-0.9959713545252553,0.4388912221755565,-0.0020860627377906273,-0.002585251658213215,0.743181742258595,0.14108510638297878,-0.08923135271807825,0.9647487844408428,4762.0,0.0189515826319809,0.0003883879844734211,-5.371079490574161,8.586566056220264e-08,-0.0028476765197293238,-0.0013244489558519308,33,83,0.40049421815421504,-0.24237536252848635,0.0830284499286617,661457.4437802427,-761006.0625380469,-46832.45734008975,-95095.28520245603,-99548.61875780422,-99996.2043828334,-99999.96838839567,JSWSTEEL,JSW STEEL LIMITED,EQ,2017-01-05,2026-08-27,2381,1734287524.7,3626999.0,0.0,0.029291967107063006,0,0,0.9647487844408428,OK,FULL,True,True,open_to_close,{},LONG_ONLY,2016-08-29,2026-08-27
1475,INE009A01021,2467,2467,-44470.192326621116,-99602.93539075735,-0.44470192326621116,-0.9960293539075736,0.2159975052082643,-2.5027907291004454,-3.8048421551667557,-0.9961146070466118,0.4110255370895825,-0.0021460939868916725,-0.002595896824721276,0.6489880613356666,0.12788505747126422,-0.09498555850279988,0.9995948136142626,4934.0,0.013609253834150408,0.00027399948067903057,-7.832474651313874,7.047831286495965e-15,-0.002683386813218342,-0.0016088011605650031,22,99,0.11353678658990152,-0.23585311892996474,0.054096226963675345,111307.12464219693,-210910.06003295426,-44470.192326621116,-95298.55992776174,-99602.93539075735,-99997.18881310888,-99999.98029418223,INFY,INFOSYS LIMITED,EQ,2016-08-29,2026-08-27,2468,7683117591.35,6177119.0,0.0,0.02068796130206372,0,1,1.0,OK,FULL,False,False,open_to_close,{},LONG_ONLY,2016-08-29,2026-08-27
1484,INE280A01028,2468,2468,-46178.438419213075,-99616.02624914252,-0.46178438419213075,-0.9961602624914253,0.26221221154019153,-2.0327952527817614,-3.1511661570300573,-0.9969062432089271,0.4080226904376013,-0.0021151735668266205,-0.0028847840111991246,0.7012634467374094,0.100377972465582,-0.0966011673151751,1.0,4936.0,0.01651781672522875,0.0003324911310940154,-6.361593946481938,2.3719904418155447e-10,-0.0027671640872181857,-0.0014631830464350553,34,87,0.12352206370435792,-0.20398586328870472,0.06779412924699549,1174627.9761904802,-1274244.0024396228,-46178.438419213075,-95448.37504826653,-99616.02624914252,-99997.28770010674,-99999.98103086762,TITAN,TITAN COMPANY LIMITED,EQ,2016-08-29,2026-08-27,2468,2454045113.3,1298295.5,0.0,0.024767731706523907,0,0,1.0,OK,FULL,False,False,open_to_close,{},LONG_ONLY,2016-08-29,2026-08-27
1502,INE931S01010,2468,2468,-51079.78794527412,-99651.58770723995,-0.5107978794527412,-0.9965158770723995,0.4765500021301915,-0.9756150797661395,-1.6249880692843546,-0.9978102897888993,0.4141004862236629,-0.0018449578108761932,-0.004078063736564273,0.8397446344616054,0.19888593576965685,-0.20052428776388598,1.0,4936.0,0.030019828402947323,0.0006042763923938607,-3.053168771937841,0.0022885547985702975,-0.003029899130185574,-0.0006600164915668125,42,79,0.40649698525908584,-0.3432521116371047,0.1592785239797956,3937453.1835205937,-4037104.771227834,-51079.78794527412,-95866.39331302934,-99651.58770723995,-99997.54312003274,-99999.98284691059,ADANIENSOL,ADANI ENERGY SOLUTION LTD,EQ,2016-08-29,2026-08-27,2468,423340375.0,749280.5,0.0,0.04506514937920784,32,0,1.0,OK,FULL,False,False,open_to_close,{},LONG_ONLY,2016-08-29,2026-08-27
1507,INE494B01023,2468,2468,-53040.255687815894,-99665.1471261421,-0.530402556878159,-0.996651471261421,0.30374268175474856,-1.762473018193054,-2.8500250918927152,-0.9973531599582478,0.4165316045380875,-0.0021243582581997773,-0.003305351956127354,0.7407230163677778,0.1464330484330485,-0.10522580645161284,1.0,4936.0,0.019133990439973825,0.00038515272505790986,-5.515625672596158,3.8373650539873453e-08,-0.002879614270035264,-0.0013691022463642906,29,92,0.2222451039141018,-0.19813433393722468,0.07564560842269605,1315438.9343604534,-1415104.0814865956,-53040.255687815894,-96029.66100951433,-99665.1471261421,-99997.63586646969,-99999.9834742077,TVSMOTOR,TVS MOTOR COMPANY  LTD,EQ,2016-08-29,2026-08-27,2468,1102670159.4250002,1130939.0,0.0,0.029484380317014267,0,0,1.0,OK,FULL,False,False,open_to_close,{},LONG_ONLY,2016-08-29,2026-08-27
1510,INE180A01020,2468,2468,-53819.11436878738,-99670.81043074373,-0.5381911436878738,-0.9967081043074373,0.3490596842423503,-1.4957830155374237,-2.292229434143997,-0.9969656458466107,0.42382495948136145,-0.0020718950281689032,-0.002899652318383404,0.7682993011968403,0.19924893556627876,-0.2157602179836512,1.0,4936.0,0.021988693267237864,0.00044261572926503274,-4.681024399221652,3.0089651161966607e-06,-0.0029398317418715056,-0.001203958314466301,31,90,0.2346662209726884,-0.18385458447511105,0.08228454164302826,186864.25173801486,-286535.0621687586,-53819.11436878738,-96096.15997652478,-99670.81043074373,-99997.67662976851,-99999.98376463851,MFSL,MAX FINANCIAL SERV LTD,EQ,2016-08-29,2026-08-27,2468,535444069.9,657568.5,0.0,0.0344608341664529,0,0,1.0,OK,FULL,False,False,open_to_close,{},LONG_ONLY,2016-08-29,2026-08-27
6,INE272L01022,1001,1001,13484925.817635968,1746234.6868169145,134.84925817635968,17.462346868169146,0.4112181904832867,0.9283259882496427,0.9139666232248594,-0.6925691968126781,0.4835164835164835,0.003734937711528295,-0.002,1.294795572089336,0.21466666666666656,-0.16760509554140124,0.40559157212317665,2002.0,0.040584961359417686,0.0012827679427513286,2.9116238308212323,0.0036754023165648914,0.0012177120458360712,0.0062521633772205185,74,44,0.4445059949776726,-0.23682876211424986,0.1049207621482573,5165.289256197837,1741069.3975607166,13484925.817635968,4910585.356914048,1746234.6868169145,149909.09470111635,-66307.3035416579,SURANASOL,SURANA SOLAR LIMITED,EQ,2016-08-29,2026-08-27,2468,1052433.325,53329.5,0.0,0.05670433073686808,59,0,1.0,OK,FULL,False,False,reversal_1d,"{""move_threshold"":0.02,""signal_feature"":""previous_cc_signal""}",INTRADAY_SHORT_ALLOWED_RESEARCH,2016-08-29,2026-08-27
16,INE093R01011,1479,1479,19146200.99115461,903891.210333721,191.46200991154612,9.03891210333721,0.5528420663054825,0.7020213866906154,0.793499550742522,-0.6656771802243582,0.3495605138607167,0.00256996888312948,-0.002,1.1973458262889414,0.2707272727272725,-0.208896551724138,0.5992706645056726,2958.0,0.04496389149536103,0.0011691757637191636,2.1981031106515374,0.028096346369096296,0.0002765483917058285,0.004863389374553131,66,54,0.6246990391298988,-0.44967662788791873,0.16824595216363908,4632972.972972999,-3729081.7626392785,19146200.99115461,4298824.738824436,903891.210333721,-47945.70940591346,-97316.85401210396,LLOYDSENGG,LLOYDS ENGG WORK LIMITED,EQ,2016-08-29,2026-08-27,2468,7826372.25,1741402.5,0.0,0.0636177844739399,200,0,1.0,OK,FULL,False,False,reversal_1d,"{""move_threshold"":0.02,""signal_feature"":""previous_cc_signal""}",INTRADAY_SHORT_ALLOWED_RESEARCH,2016-08-29,2026-08-27
17,INE221H01019,1388,1388,14852877.792120099,835831.3706474275,148.528777921201,8.358313706474275,0.5052677394049689,0.7023762906501079,0.8102693485384502,-0.5169497881742067,0.2896253602305475,0.0025040705562767,-0.002,1.2143470026946805,0.248,-0.20199999999999996,0.5623987034035657,2776.0,0.042416661771827145,0.0011385228548296427,2.199402976984054,0.028013807293046283,0.00027065780821774327,0.004737483304335656,66,54,0.6996275433088825,-0.32303887613000937,0.14705260916632126,-44186.046511627595,880017.4171590551,14852877.792120099,3643364.2734359615,835831.3706474275,-41755.03553950318,-96395.06503281902,GTLINFRA,GTL INFRA.LTD,EQ,2016-08-29,2026-08-27,2468,21866796.5,13163230.0,0.0,0.06618496625018426,200,0,1.0,OK,FULL,False,False,reversal_1d,"{""move_threshold"":0.02,""signal_feature"":""previous_cc_signal""}",INTRADAY_SHORT_ALLOWED_RESEARCH,2016-08-29,2026-08-27
22,INE806A01020,1227,1227,8578818.899030296,649549.9111062244,85.78818899030296,6.495499111062244,0.4144854530431559,0.7009880174482003,0.8330118408304324,-0.4568810109370427,0.3797881010594947,0.002319102473522101,-0.002,1.1967127343293493,0.18461971830985924,-0.18661538461538463,0.49716369529983795,2454.0,0.03700151537464674,0.0010563241997665319,2.195445748601298,0.02831851637684278,0.0002466991470118944,0.004391505800032307,66,53,0.426275915100937,-0.3445627222191945,0.12104856017156765,-92450.33112582778,742000.2422320521,8578818.899030296,2452092.058868055,649549.9111062244,-35581.55067901744,-94490.89318539432,VIKASECO,VIKAS ECOTECH LIMITED,EQ,2016-08-29,2026-08-27,2468,13760375.149999999,2603253.0,0.0,0.04927124275970838,144,0,1.0,OK,FULL,False,False,reversal_1d,"{""move_threshold"":0.02,""signal_feature"":""previous_cc_signal""}",INTRADAY_SHORT_ALLOWED_RESEARCH,2016-08-29,2026-08-27
43,INE965H01011,1317,1317,5147677.226216087,278048.97381696536,51.47677226216087,2.7804897381696536,0.43043913660347194,0.5298804639642768,0.5992153343028267,-0.8378804990219344,0.2809415337889142,0.00169608845942678,-0.002,1.155561056309388,0.248,-0.21311111111111114,0.5336304700162074,2634.0,0.03710705403569465,0.001022500641584627,1.6587651786685003,0.09740140999970125,-0.00030982083803759975,0.0037019977568911594,58,59,0.6706622305515941,-0.38736053550130756,0.16235510408216372,-98343.7055476529,376392.67936461826,5147677.226216087,1309429.0216371815,278048.97381696536,-72908.10027288937,-98068.77847187125,SITINET,SITI NETWORKS LIMITED,BZ,2016-08-29,2026-08-27,2401,1229102.95,517023.0,0.0,0.04692353391609955,344,0,0.9728525121555915,OK,FULL,False,True,reversal_1d,"{""move_threshold"":0.02,""signal_feature"":""previous_cc_signal""}",INTRADAY_SHORT_ALLOWED_RESEARCH,2016-08-29,2026-08-27
48,INE302A01020,528,528,874238.647091156,239984.11000497238,8.74238647091156,2.399841100049724,0.16232985356088264,0.8505163005723815,0.576014029838875,-0.15380636592854424,0.5454545454545454,0.0025608947536293588,0.0022184119490572547,1.3978940478167716,0.1511007751937985,-0.12346341463414645,0.21393841166936792,1056.0,0.022007667753883294,0.0009577608039119503,2.6738354118997636,0.007731619528169414,0.0006793969966629426,0.004442392510595775,64,54,0.14482689021547213,-0.06604753650435258,0.036624618355002365,144484.78078748996,95499.32921748242,874238.647091156,475673.17387217167,239984.11000497238,18396.26955116907,-58856.627424619575,EXIDEIND,EXIDE INDUSTRIES LTD,EQ,2016-08-29,2026-08-27,2468,481002718.625,2124184.5,0.0,0.028006689981927915,0,0,1.0,OK,FULL,False,False,reversal_1d,"{""move_threshold"":0.02,""signal_feature"":""previous_cc_signal""}",INTRADAY_SHORT_ALLOWED_RESEARCH,2016-08-29,2026-08-27
49,INE116G01013,691,691,1206189.2895877098,228958.47500715457,12.061892895877099,2.289584750071546,0.26991413529835473,0.5837321890639067,0.4976304674404591,-0.45105968921225403,0.5340086830680174,0.002233088004689983,0.0020160642570280513,1.210904777392755,0.2092068965517242,-0.10027586206896566,0.2799837925445705,1382.0,0.03209435775536269,0.0012209269092365207,1.8290103918558032,0.06782950284814614,-0.00016408965015155593,0.004630265659531522,67,51,0.28554794750831136,-0.2143013893670539,0.08121420847820615,7393.364928909956,221565.11007824462,1206189.2895877098,555727.1006120711,228958.47500715457,-17381.487529305785,-79307.63262076804,VARDHACRLC,VARDHAMAN ACRYLICS LTD,BE,2016-08-29,2026-08-27,2468,1605478.7,35205.5,0.0,0.041546108337511774,0,0,1.0,OK,FULL,False,False,reversal_1d,"{""move_threshold"":0.02,""signal_feature"":""previous_cc_signal""}",INTRADAY_SHORT_ALLOWED_RESEARCH,2016-08-29,2026-08-27
56,INE834M01019,1229,1229,3458833.809505097,205540.98066195555,34.58833809505097,2.0554098066195556,0.42814508595014444,0.480032167213361,0.5100025307401416,-0.7158011287295498,0.3946297803091945,0.0016377742405566007,-0.002,1.1327707465331796,0.19776635514018692,-0.19644444444444442,0.4979740680713128,2458.0,0.03820988532619182,0.0010899329771799215,1.5026375702423065,0.13318963152978858,-0.0005005627328283967,0.0037761112139415983,64,53,0.507785297359167,-0.23912462087467812,0.11450377300069883,847638.7738193898,-642097.7931574342,3458833.809505097,943410.5519811992,205540.98066195555,-73896.79381575763,-97780.92354562136,RTNINDIA,RATTANINDIA ENT LIMITED,EQ,2016-08-29,2026-08-27,2443,30044063.15,1120344.0,0.00040933278755628325,0.04827442697503856,146,0,0.9898703403565641,OK,FULL,False,True,reversal_1d,"{""move_threshold"":0.02,""signal_feature"":""previous_cc_signal""}",INTRADAY_SHORT_ALLOWED_RESEARCH,2016-08-29,2026-08-27
64,INE390G01014,1041,1041,2183257.930077382,185351.81707189296,21.83257930077382,1.8535181707189294,0.4318338246889637,0.4626436933031085,0.45705696053141864,-0.5355926736166776,0.5206532180595581,0.0018795643025279385,0.0015163117796446208,1.131723158553996,0.2304324324324325,-0.18970949720670383,0.42179902755267423,2082.0,0.04187272417987164,0.0012977942679059037,1.448276008770456,0.14784127884138573,-0.0006670294192276576,0.004426158024283535,66,53,0.8948848337236421,-0.27092536372797127,0.12894864583868168,209432.05754698336,-24080.240475090395,2183257.930077382,707595.2208010107,185351.81707189296,-64486.35695844297,-95598.59399118382,GPTINFRA,GPT INFRAPROJECTS LTD,EQ,2016-08-29,2026-08-27,2468,3744567.3499999996,39619.5,0.0028363047001620746,0.05706448247917053,44,3,1.0,OK,FULL,False,False,reversal_1d,"{""move_threshold"":0.02,""signal_feature"":""previous_cc_signal""}",INTRADAY_SHORT_ALLOWED_RESEARCH,2016-08-29,2026-08-27
65,INE688D01026,868,868,1466279.267349144,176710.59317120072,14.66279267349144,1.767105931712007,0.3606985494033271,0.4667573765963101,0.4249890532195869,-0.517244414080401,0.5207373271889401,0.0018995926275364268,0.0009864609805757003,1.1537478164238577,0.17251523545706382,-0.19151048951048955,0.35170178282009723,1736.0,0.03829769946661175,0.0012999086215823735,1.4613278164307122,0.14428781772747543,-0.0006517431287802146,0.004450928383853068,64,55,0.3054744272079941,-0.2563988388636512,0.08919452201564938,102217.92392005128,74492.66925114943,1466279.267349144,558621.1948255288,176710.59317120072,-51283.77051891514,-91453.13630220608,RESPONIND,RESPONSIVE INDUSTRIES LTD,EQ,2016-08-29,2026-08-27,2468,12488870.899999999,101587.0,0.0008103727714748784,0.051350069892911236,1,0,1.0,OK,FULL,False,False,reversal_1d,"{""move_threshold"":0.02,""signal_feature"":""previous_cc_signal""}",INTRADAY_SHORT_ALLOWED_RESEARCH,2016-08-29,2026-08-27
13,INE632C01026,720,720,3714846.5022252416,808271.6898714353,37.14846502225242,8.082716898714352,0.308958401873169,0.8852545028729466,0.6182035302703427,-0.32237888082302546,0.5555555555555556,0.003720319791776641,0.0029438905048809767,1.3499269984761697,0.19439350116050713,-0.23729411764705888,0.2917341977309562,1440.0,0.035914806112932726,0.001338465797787376,2.7795404245119437,0.00558580026301042,0.0010925515776710154,0.006348088005882267,75,36,0.3100734561758365,-0.16970100197141003,0.07316761719849468,569407.2657743777,238864.42409705755,3714846.5022252416,1762095.368933494,808271.6898714353,115629.42184546948,-48955.51961902045,VIDHIING,VIDHI SPCLTY F INGRDNTS L,EQ,2016-08-29,2026-08-27,2468,6482910.375,35121.5,0.0,0.04464412136302591,0,0,1.0,OK,FULL,False,False,reversal_5d,"{""move_threshold"":0.05,""signal_feature"":""previous_5d_signal""}",INTRADAY_SHORT_ALLOWED_RESEARCH,2016-08-29,2026-08-27
17,INE276A01018,574,574,2486823.915637483,724810.4354471398,24.86823915637483,7.248104354471398,0.20115934019715678,1.1711867207356608,0.8390961869352892,-0.31843145148624663,0.5714285714285714,0.004019750188329154,0.0029781611643592294,1.5383768532766045,0.1722064669237613,-0.12348258336432383,0.2325769854132901,1148.0,0.026056138347289048,0.0010875622018120257,3.696110605565096,0.00023994415288702256,0.0018836554729988824,0.006155844903659426,70,33,0.29648287629856007,-0.20886616365423827,0.06289577298584485,740317.5909814839,-15507.155534344143,2486823.915637483,1361114.18288605,724810.4354471398,162391.79818232195,-16717.984846840976,GARFIBRES,GARWARE TECH FIBRES LTD,EQ,2016-08-29,2026-08-27,2468,25206493.125,13314.0,0.0,0.03576854486019655,0,1,1.0,OK,FULL,False,False,reversal_5d,"{""move_threshold"":0.05,""signal_feature"":""previous_5d_signal""}",INTRADAY_SHORT_ALLOWED_RESEARCH,2016-08-29,2026-08-27
51,INE399K01017,1091,1091,3086963.9627063265,260687.78388387768,30.869639627063265,2.606877838838777,0.3991011277836466,0.5272409006371743,0.5442579999261287,-0.6032475044820439,0.4161319890009166,0.0018889128116299657,-0.002,1.149242485676665,0.1774871794871795,-0.19842857142857162,0.4420583468395462,2182.0,0.03779647924901432,0.00114429755974745,1.6507182030929568,0.09908420319845382,-0.000356362357973257,0.0041341879812331886,68,50,0.49674650892331873,-0.28526809323730873,0.11932489217801757,-21306.53266331606,281994.31654719374,3086963.9627063265,972731.0395723465,260687.78388387768,-59356.651360551296,-95440.2222630167,RTNPOWER,RATTANINDIA POWER LIMITED,EQ,2016-08-29,2026-08-27,2468,36604808.95,7247531.5,0.0,0.04946126189930571,107,0,1.0,OK,FULL,False,False,reversal_5d,"{""move_threshold"":0.05,""signal_feature"":""previous_5d_signal""}",INTRADAY_SHORT_ALLOWED_RESEARCH,2016-08-29,2026-08-27
59,INE116G01013,553,553,854770.344553883,216816.21288983268,8.54770344553883,2.168162128898327,0.23786519649287804,0.6141721285562757,0.4098440712552329,-0.36198637372847364,0.5533453887884268,0.0025872624754546304,0.0035169105301031695,1.2510566020264728,0.162983164983165,-0.15059154929577456,0.2240680713128039,1106.0,0.031594879158130855,0.0013435509272309311,1.9256899184216254,0.05465642516345829,-5.183545397971891e-05,0.005226360404888979,59,44,0.27872515494755135,-0.1729913949457832,0.06488021098483691,7393.364928909956,209422.84796092272,854770.344553883,450139.39435324166,216816.21288983268,4895.601241705299,-65346.69121202844,VARDHACRLC,VARDHAMAN ACRYLICS LTD,BE,2016-08-29,2026-08-27,2468,1605478.7,35205.5,0.0,0.041546108337511774,0,0,1.0,OK,FULL,False,False,reversal_5d,"{""move_threshold"":0.05,""signal_feature"":""previous_5d_signal""}",INTRADAY_SHORT_ALLOWED_RESEARCH,2016-08-29,2026-08-27
62,INE792H01019,1083,1083,2551067.538028891,204736.06026158185,25.510675380288912,2.0473606026158184,0.4089600574860839,0.48404825199689705,0.4533771501790636,-0.7401458732166011,0.49584487534626037,0.0017901346845766368,-0.00023477493380408103,1.1341327877014382,0.15202684563758373,-0.19206622516556293,0.43881685575364665,2166.0,0.03887703280300952,0.0011813508081111293,1.5153286155861667,0.12998127132986395,-0.0005278632995449465,0.0041081326686982205,67,50,0.39716595855825165,-0.27139296062261076,0.10942574578987538,123277.43902438958,81458.62123719227,2551067.538028891,799305.5297666807,204736.06026158185,-65122.64184584259,-96025.59233587001,GLOBALVECT,GLOBAL VEC HELICORP LTD,EQ,2016-08-29,2026-08-27,2468,1342089.695,13598.0,0.0,0.05648215093881587,93,0,1.0,OK,FULL,False,False,reversal_5d,"{""move_threshold"":0.05,""signal_feature"":""previous_5d_signal""}",INTRADAY_SHORT_ALLOWED_RESEARCH,2016-08-29,2026-08-27
65,INE586G01017,924,924,1778124.7266305154,196727.17385252152,17.781247266305154,1.967271738525215,0.3565807530230214,0.4888922553743389,0.45340714944468,-0.5171393555921366,0.525974025974026,0.0018477520752897614,0.0019822000218038833,1.146956567695143,0.20409884332281814,-0.1372727272727272,0.37439222042139386,1848.0,0.036694145848942546,0.001207148772820636,1.5306746913823106,0.12619245265334564,-0.0005213226299243064,0.004216826780503829,63,54,0.41445389244804653,-0.2930496794297489,0.10285522914011878,13224.978614200023,183502.1952383215,1778124.7266305154,646863.4103191929,196727.17385252152,-53292.72508061887,-92675.13537729927,GULFPETRO,GP PETROLEUMS LIMITED,BE,2016-08-29,2026-08-27,2468,3330659.9699999997,61554.5,0.0,0.0511024284673637,4,0,1.0,OK,FULL,False,False,reversal_5d,"{""move_threshold"":0.05,""signal_feature"":""previous_5d_signal""}",INTRADAY_SHORT_ALLOWED_RESEARCH,2016-08-29,2026-08-27
67,INE559D01011,895,895,1662701.3703635323,195023.48464718764,16.627013703635324,1.9502348464718762,0.3864243433675804,0.48112307011983735,0.39977556968861505,-0.6977335838054399,0.5251396648044693,0.0020344275995332513,0.0019666798889330667,1.1483124796872295,0.2013898305084747,-0.23223791250959325,0.3626418152350081,1790.0,0.04040443417937053,0.0013505712846089062,1.506345960940798,0.13233162816779698,-0.0006162320559267615,0.004685087254993264,70,47,0.3012519471246773,-0.2536821937653174,0.09889998977988528,435035.97122302407,-240012.48657583643,1662701.3703635323,621459.2590189263,195023.48464718764,-50798.522430129386,-91824.07028391007,CREST,CREST VENTURES LIMITED,EQ,2016-08-29,2026-08-27,2468,1591608.825,8960.0,0.0,0.05476023016813182,2,0,1.0,OK,FULL,False,False,reversal_5d,"{""move_threshold"":0.05,""signal_feature"":""previous_5d_signal""}",INTRADAY_SHORT_ALLOWED_RESEARCH,2016-08-29,2026-08-27
69,INE199C01026,743,743,1161887.5006273785,186327.94700956193,11.618875006273784,1.8632794700956192,0.28808876566156744,0.5167482769537596,0.4213767904186589,-0.5623929083227894,0.5437415881561238,0.001962280828574018,0.002920634920634992,1.1719672046944944,0.19874871314927456,-0.14127427961579508,0.30105348460291737,1486.0,0.033050161736182304,0.0012124928387283124,1.6183854996060005,0.10600450917476795,-0.00041804418884221163,0.004342605845990248,61,45,0.2751085374594444,-0.40546659916421446,0.08746192357675936,96463.59811296736,89864.34889659457,1161887.5006273785,501316.4765447434,186327.94700956193,-35223.58057138376,-85389.16442503226,ADVANIHOTR,ADVANI HOT.& RES.(I) LTD,EQ,2016-08-29,2026-08-27,2468,1442963.9,23301.0,0.0016207455429497568,0.04754084965916692,3,1,1.0,OK,FULL,False,False,reversal_5d,"{""move_threshold"":0.05,""signal_feature"":""previous_5d_signal""}",INTRADAY_SHORT_ALLOWED_RESEARCH,2016-08-29,2026-08-27
78,INE848E01016,462,462,568556.7573457182,166059.5640326332,5.685567573457182,1.6605956403263322,0.17095655286594777,0.6687047638284911,0.5060071327346123,-0.2024680951484561,0.5173160173160173,0.002423387192597732,0.000978946472097177,1.3111992585028485,0.13719575784357052,-0.08600646203554141,0.18719611021069693,924.0,0.024816433775131076,0.0011545649893079392,2.0989612668320565,0.0363636251272386,0.00015452472741114874,0.004692249657784316,54,42,0.25829801788070705,-0.12475026071114848,0.05082741843151788,180917.43119265867,-14857.86716002546,568556.7573457182,321850.3331943351,166059.5640326332,5686.454584757812,-58095.90781611703,NHPC,NHPC LTD,EQ,2016-08-29,2026-08-27,2468,237101582.65,7472460.5,0.0,0.02868129851599832,0,0,1.0,OK,FULL,False,False,reversal_5d,"{""move_threshold"":0.05,""signal_feature"":""previous_5d_signal""}",INTRADAY_SHORT_ALLOWED_RESEARCH,2016-08-29,2026-08-27
84,INE982F01036,796,796,1164810.9300478473,158007.1264945376,11.648109300478474,1.580071264945376,0.34492818061470953,0.45351648116175847,0.36319407762371997,-0.6375549570605648,0.5201005025125628,0.001924656801585044,0.0014446533178946747,1.1504610200957843,0.19799999999999995,-0.1902998171846435,0.3225283630470016,1592.0,0.038243415563776396,0.001355501925424218,1.4198849632638504,0.15603318251034415,-0.0007361290163177779,0.004585442619487866,66,44,0.3756692286306378,-0.3433770803753773,0.09492689359465523,-65802.26904375986,223809.39553829748,1164810.9300478473,471480.2970614028,158007.1264945376,-47536.87276345459,-89366.22510883564,HATHWAY,HATHWAY CABLE & DATACOM,EQ,2016-08-29,2026-08-27,2468,28728449.2,1577563.5,0.0,0.04418848568653558,8,0,1.0,OK,FULL,False,False,reversal_5d,"{""move_threshold"":0.05,""signal_feature"":""previous_5d_signal""}",INTRADAY_SHORT_ALLOWED_RESEARCH,2016-08-29,2026-08-27
258,INE114A01011,723,723,320667.9837885551,-835.8536940345366,3.2066798378855506,-0.008358536940345385,0.22370957547976453,0.10856709839712252,0.08921090344592543,-0.6120136998221517,0.46887966804979253,0.00032899486679144194,-0.0011304347826086563,1.0355935299700187,0.1001897810218979,-0.19514736203759853,0.29294975688816854,1446.0,0.026048082235583254,0.0009687386018794649,0.33961160023266734,0.734247806277548,-0.0015728861339867897,0.0022308758675696734,61,60,0.26559805104243317,-0.17590299505467244,0.06424812747603922,299999.99999999703,-300835.8536940316,320667.9837885551,104316.75027018867,-835.8536940345366,-76691.61690150923,-94537.30673292611,SAIL,STEEL AUTHORITY OF INDIA,EQ,2016-08-29,2026-08-27,2468,1439546162.755,19252699.0,0.0,0.036969044702198584,0,0,1.0,OK,FULL,False,False,turn_of_month,"{""days"":3}",LONG_ONLY,2016-08-29,2026-08-27
813,INE139A01034,723,723,195517.19311039784,-30384.252088396053,1.9551719311039784,-0.3038425208839606,0.21483043679453256,-0.0640527048522558,-0.05253786901133639,-0.5966687198955594,0.4633471645919779,-0.00018639729382227091,-0.0018880492583264168,0.9798413978816681,0.10200000000000009,-0.18892307692307686,0.29294975688816854,1446.0,0.025015142471518516,0.0009303231587072672,-0.20035757691045736,0.8412573572925629,-0.00201285897987109,0.0016400643922265482,54,67,0.19070296177521695,-0.15958282312920147,0.05579201017335755,735407.7253218851,-765791.9774102811,195517.19311039784,43483.56671964537,-30384.252088396053,-83647.9055395721,-96170.20636015138,NATIONALUM,NATIONAL ALUMINIUM CO LTD,EQ,2016-08-29,2026-08-27,2468,932991640.475,10011338.0,0.0,0.03719196153182587,0,0,1.0,OK,FULL,False,False,turn_of_month,"{""days"":3}",LONG_ONLY,2016-08-29,2026-08-27
929,INE584A01023,722,722,164111.0375259241,-37663.221800963605,1.6411103752592409,-0.3766322180096361,0.18080682355093922,-0.1768802555078548,-0.15964243903547404,-0.46802475445917613,0.4584487534626039,-0.00043381202919262103,-0.0017911364793136136,0.9456130178173924,0.1286233062330624,-0.11622172452407609,0.2925445705024311,1444.0,0.021065232481039267,0.0007839667755059992,-0.5533551200720512,0.5801918060366158,-0.00197294238394063,0.0011053183255553879,56,65,0.14225610015881962,-0.16510595143703066,0.04936833419099795,145428.44043532002,-183091.66223628362,164111.0375259241,28357.798938979846,-37663.221800963605,-85329.49166580605,-96557.42089029415,NMDC,NMDC LTD.,EQ,2016-08-29,2026-08-27,2468,944211648.865,8026174.0,0.0,0.03198928338613009,0,1,1.0,OK,FULL,False,False,turn_of_month,"{""days"":3}",LONG_ONLY,2016-08-29,2026-08-27
937,INE038A01020,723,723,162433.14512536285,-38183.67096096744,1.6243314512536284,-0.3818367096096744,0.18048915369748916,-0.18264760125223978,-0.17363818624476643,-0.5254756891068375,0.46196403872752423,-0.0004465513418847641,-0.001677419354838559,0.9439867603025982,0.12605208898535003,-0.07079483500717365,0.29294975688816854,1446.0,0.02101345160709557,0.0007814986741216324,-0.5714038381276421,0.5679037539478751,-0.0019808325995549795,0.0010877299157854511,51,70,0.1963193398295331,-0.13098561244896667,0.0476642767802633,546873.0259001892,-585056.6968611566,162433.14512536285,27414.24224873376,-38183.67096096744,-85481.2577498787,-96599.90556412007,HINDALCO,HINDALCO  INDUSTRIES  LTD,EQ,2016-08-29,2026-08-27,2468,2782230198.025,7791607.5,0.0,0.03064526658730609,0,0,1.0,OK,FULL,False,False,turn_of_month,"{""days"":3}",LONG_ONLY,2016-08-29,2026-08-27
950,INE749A01030,723,723,158306.47555383827,-39174.04475055205,1.5830647555383828,-0.3917404475055205,0.24344438647915617,-0.0866438058230432,-0.06728210290740219,-0.7344788514384368,0.4951590594744122,-0.000285721947991168,-0.00028134398900059136,0.9721190859810723,0.21292537313432836,-0.15149494949494957,0.29294975688816854,1446.0,0.028346526570935147,0.001054218666468823,-0.27102721387794537,0.7864475674006871,-0.0023554221215290956,0.0017839782255467597,56,65,0.2663675107236765,-0.2283212663040073,0.06619549638519173,1271629.5427901468,-1310803.587540699,158306.47555383827,25391.838173808617,-39174.04475055205,-85718.20372142212,-96656.41850519474,JINDALSTEL,JINDAL STEEL LIMITED,EQ,2016-08-29,2026-08-27,2468,1738278011.025,6061049.0,0.0,0.03931513148500303,0,0,1.0,OK,FULL,False,False,turn_of_month,"{""days"":3}",LONG_ONLY,2016-08-29,2026-08-27
1040,INE019A01038,693,693,119224.08379245587,-45182.04380774262,1.1922408379245586,-0.4518204380774262,0.16384182266466496,-0.292914228864266,-0.2529893265326416,-0.509919946113423,0.47186147186147187,-0.0006782294121333018,-0.0014029850746268818,0.9108012578600575,0.07918159600467534,-0.08093873085339165,0.2807941653160454,1386.0,0.01947899307865246,0.0007399457600321774,-0.9165934163928561,0.35967505122235977,-0.002131037455270493,0.0007745786310038892,51,65,0.18091288489944257,-0.11059840772336871,0.044905036954511555,661457.4437802427,-706639.4875879853,119224.08379245587,9661.986228051552,-45182.04380774262,-86330.56544143744,-96600.87962275904,JSWSTEEL,JSW STEEL LIMITED,EQ,2017-01-05,2026-08-27,2381,1734287524.7,3626999.0,0.0,0.029291967107063006,0,0,0.9647487844408428,OK,FULL,True,True,turn_of_month,"{""days"":3}",LONG_ONLY,2016-08-29,2026-08-27
1060,INE093I01010,723,723,126676.34016025081,-46624.661330116076,1.2667634016025082,-0.4662466133011608,0.1945186091233268,-0.23289688520343305,-0.20715460032825309,-0.6599969492003566,0.4730290456431535,-0.0006136647157214848,-0.0017414684591521273,0.9284267278991936,0.15957840083073727,-0.11586363636363639,0.29294975688816854,1446.0,0.022644564798566132,0.0008421604264272896,-0.7286791167863874,0.4664342515301446,-0.002267040467985196,0.0010397110365422263,58,63,0.21508405919189166,-0.20509810485952273,0.05642867311488778,510363.3697246185,-556988.0310547346,126676.34016025081,10034.920016893986,-46624.661330116076,-87468.13640750515,-97066.22924959626,OBEROIRLTY,OBEROI REALTY LIMITED,EQ,2016-08-29,2026-08-27,2468,372939157.0,456681.0,0.0,0.037202598811434194,0,0,1.0,OK,FULL,False,False,turn_of_month,"{""days"":3}",LONG_ONLY,2016-08-29,2026-08-27
1084,INE660A01013,723,723,118415.2440059231,-48570.712515686384,1.184152440059231,-0.4857071251568639,0.1798718765082841,-0.2888362847067721,-0.2929087643799912,-0.5761953985098321,0.4260027662517289,-0.0007037547396739546,-0.003122754491017841,0.9098309973000319,0.13694780216450742,-0.06776847341693448,0.29294975688816854,1446.0,0.020936559963548332,0.0007786390431287444,-0.9038266779509437,0.3663887747781662,-0.0022324218122130534,0.0008249123328651443,55,66,0.19134484969167032,-0.15347733943366582,0.04969967699971496,224565.14891681,-273135.8614324964,118415.2440059231,6023.91365142414,-48570.712515686384,-87925.23432195061,-97173.28192566587,SUNDARMFIN,SUNDARAM FINANCE LTD,EQ,2016-08-29,2026-08-27,2468,79377566.975,36833.5,0.0,0.03238225490203962,0,0,1.0,OK,FULL,False,False,turn_of_month,"{""days"":3}",LONG_ONLY,2016-08-29,2026-08-27
1123,INE211B01039,723,723,108135.27855498446,-50999.9414295841,1.0813527855498446,-0.5099994142958411,0.19963288603284673,-0.26534521004985673,-0.2366855929844495,-0.5186979778801906,0.45504840940525587,-0.0007175458463997028,-0.0015925435469084075,0.9201555301576071,0.11582011768002243,-0.10721739130434782,0.29294975688816854,1446.0,0.02323813395945104,0.0008642355010463689,-0.8302665714737912,0.40666253097009886,-0.002414260601493831,0.0009791689086944256,55,66,0.11087747695716543,-0.1783516051453149,0.046923584345559044,815244.0352956025,-866243.9767251866,108135.27855498446,1024.872199254154,-50999.9414295841,-88497.62057710992,-97307.75919125306,PHOENIXLTD,THE PHOENIX MILLS LTD,EQ,2016-08-29,2026-08-27,2468,169676994.77499998,175927.5,0.0,0.04015285900147471,0,1,1.0,OK,FULL,False,False,turn_of_month,"{""days"":3}",LONG_ONLY,2016-08-29,2026-08-27
1125,INE371A01025,723,723,107225.12038088735,-51223.02924528614,1.0722512038088734,-0.5122302924528614,0.24285514254199103,-0.18238330692630578,-0.1742329718129913,-0.7491273146186166,0.4066390041493776,-0.0005999826715962012,-0.003874203463527957,0.9411432434371457,0.18330676930043,-0.09808965188364316,0.29294975688816854,1446.0,0.028274425582959464,0.0010515372018736952,-0.5705767428171958,0.5684641133750623,-0.002664418446092077,0.0014644531028996746,51,70,0.23707384609619941,-0.1606324105088901,0.06851976737774608,814936.3697253859,-866159.398970672,107225.12038088735,574.0291679627408,-51223.02924528614,-88552.07342093025,-97320.99601775159,GRAPHITE,GRAPHITE INDIA LTD,EQ,2016-08-29,2026-08-27,2468,366792770.32500005,802699.0,0.0,0.042547725131164824,14,0,1.0,OK,FULL,False,False,turn_of_month,"{""days"":3}",LONG_ONLY,2016-08-29,2026-08-27
17,INE824G01012,162,162,156704.5395417222,85906.9707199322,1.5670453954172219,0.8590697071993221,0.16406511822766018,0.46429202295665856,0.2677887873433982,-0.2776018875039433,0.5,0.004605078926022092,0.0005758948924319291,1.393352543917162,0.1973309789386577,-0.0856594000372648,0.06564019448946515,324.0,0.040209270232511064,0.003159138627552329,1.457700806751258,0.14687084998966732,-0.0016336135986123653,0.010843771450656549,30,45,0.5052884575188339,-0.07520411537754912,0.0613800388868517,822309.1130585171,-736402.1423385849,156704.5395417222,118473.8958652041,85906.9707199322,34548.14265506537,-2685.2831078190648,JSWHL,JSW HOLDINGS LIMITED,EQ,2016-08-29,2026-08-27,2468,6378070.925,1757.0,0.0016207455429497568,0.0387212253284756,0,0,1.0,OK,FULL,False,False,volume_continuation,"{""move_threshold"":0.02,""volume_ratio"":2.0}",INTRADAY_SHORT_ALLOWED_RESEARCH,2016-08-29,2026-08-27
33,INE483B01026,207,207,132441.97176798523,53779.77967360901,1.3244197176798522,0.5377977967360901,0.20884854699209615,0.3102967590256028,0.18958494351892322,-0.608370613249784,0.45410628019323673,0.003066076360609827,-0.002,1.21939613021334,0.2454674384949349,-0.11182658959537572,0.08387358184764993,414.0,0.045433234571511896,0.003157828095132145,0.9709446709072748,0.33271448458079744,-0.0031597291030222526,0.009291881824241907,38,51,0.39986400083050544,-0.12848285825011296,0.06403536055743243,197227.09722709615,-143447.31755348714,132441.97176798523,89082.67296825018,53779.77967360901,1654.0003101599577,-32858.84260806657,ICIL,INDO COUNT INDUSTRIES LTD,EQ,2016-11-15,2026-08-27,2418,59234785.625,311566.0,0.0,0.05089551918729222,5,0,0.979740680713128,OK,FULL,True,True,volume_continuation,"{""move_threshold"":0.02,""volume_ratio"":2.0}",INTRADAY_SHORT_ALLOWED_RESEARCH,2016-08-29,2026-08-27
37,INE752H01013,129,129,95426.17127246599,51126.59908470826,0.95426171272466,0.5112659908470827,0.12887577262944408,0.3883822265339948,0.22332789965882902,-0.2287071950397963,0.4728682170542636,0.003800016946463556,-0.0016983636226528525,1.3858874513816113,0.18625000000000003,-0.052000000000000046,0.05226904376012966,258.0,0.03544704251561384,0.0031209380709435125,1.217588064897022,0.2256204280407815,-0.0023752922385944816,0.009975326131521594,31,50,0.21527240667001246,-0.06750538612043366,0.03664435640908062,31606.71849196384,19519.88059274442,95426.17127246599,71865.87596925892,51126.59908470826,16808.899614989234,-9762.532324791187,CARERATING,CARE RATINGS LIMITED,EQ,2016-08-29,2026-08-27,2468,52854471.3,58354.0,0.0,0.03525034394533149,0,0,1.0,OK,FULL,False,False,volume_continuation,"{""move_threshold"":0.02,""volume_ratio"":2.0}",INTRADAY_SHORT_ALLOWED_RESEARCH,2016-08-29,2026-08-27
49,INE572E01012,180,180,102463.61277881791,41369.3626839378,1.0246361277881793,0.41369362683937805,0.1588604840040807,0.29995061725274824,0.1563353426959404,-0.4119824974846771,0.5,0.00259261333725187,0.00015373867966034412,1.2121779807640998,0.16397812879708384,-0.08124243851879764,0.07293354943273905,360.0,0.03706684065522086,0.0027627991805408893,0.938400936091308,0.34930288303743595,-0.002859233298311166,0.008044459972814905,37,41,0.32009462638388464,-0.15842332610253662,0.05451431260438754,32188.744880211365,9180.617803726433,102463.61277881791,69196.00351971912,41369.3626839378,-1360.3965761250001,-31224.496295662524,PNBHOUSING,PNB HOUSING FIN LTD.,EQ,2016-11-07,2026-08-27,2423,262208502.95,398535.0,0.0,0.03908767631301529,7,0,0.9817666126418152,OK,FULL,True,True,volume_continuation,"{""move_threshold"":0.02,""volume_ratio"":2.0}",INTRADAY_SHORT_ALLOWED_RESEARCH,2016-08-29,2026-08-27
51,INE943D01017,166,166,96252.66436132306,40907.807204425946,0.9625266436132305,0.4090780720442595,0.18254172674101457,0.2811815039480963,0.12641752331269684,-0.39221862460197987,0.4759036144578313,0.003028206103306942,-0.000918610547667285,1.2166186435657471,0.16009657850036385,-0.15226940730393124,0.06726094003241491,332.0,0.04436671503600128,0.0034435249199055453,0.879391371847544,0.3804680252518784,-0.003770846626894041,0.009827258833507924,35,45,0.26134741930413274,-0.14058842618862222,0.052734479669733145,309293.02254019235,-268385.21533576644,96252.66436132306,66307.28367199714,40907.807204425946,1103.521902982553,-27504.99478231769,MPSLTD,MPS LIMITED,EQ,2016-08-29,2026-08-27,2468,9707542.7,11395.5,0.0,0.04091947476738086,2,0,1.0,OK,FULL,False,False,volume_continuation,"{""move_threshold"":0.02,""volume_ratio"":2.0}",INTRADAY_SHORT_ALLOWED_RESEARCH,2016-08-29,2026-08-27
57,INE931S01010,219,219,113673.21645980742,37982.46446334463,1.1367321645980741,0.37982464463344634,0.20357769921595495,0.262542492408526,0.11992592130615548,-0.4158243231885652,0.5114155251141552,0.0023901783338360644,0.0008917404662931467,1.1700185532855034,0.19888593576965685,-0.20052428776388598,0.0887358184764992,438.0,0.04307995067381028,0.0029110732929899723,0.8210642925383389,0.41250661430374236,-0.0033472723244664217,0.00812762899213855,40,48,0.23176913723432135,-0.1783551450850367,0.053699135873681726,3937453.1835205937,-3899470.719057249,113673.21645980742,71725.38083628839,37982.46446334463,-10973.97578203457,-42611.11339441559,ADANIENSOL,ADANI ENERGY SOLUTION LTD,EQ,2016-08-29,2026-08-27,2468,423340375.0,749280.5,0.0,0.04506514937920784,32,0,1.0,OK,FULL,False,False,volume_continuation,"{""move_threshold"":0.02,""volume_ratio"":2.0}",INTRADAY_SHORT_ALLOWED_RESEARCH,2016-08-29,2026-08-27
61,INE161A01038,210,210,106459.16908352193,35746.27439691656,1.0645916908352193,0.35746274396916555,0.19271509987780266,0.2557402159214828,0.16318909025482925,-0.40509563611312116,0.4380952380952381,0.0022984766268909274,-0.0076646317989331175,1.1607889008322212,0.16122314049586772,-0.1243333333333333,0.08508914100486224,420.0,0.04165046312534293,0.002874155013345787,0.799705171160996,0.4247896087705264,-0.0033675735357175606,0.007964526789499415,42,51,0.2657695316713813,-0.15702197535892837,0.056514135771515914,358625.4328955269,-322879.1584986103,106459.16908352193,67427.41529834803,35746.27439691656,-10822.205676103607,-41464.527321618305,NIITLTD,NIIT LIMITED,EQ,2016-08-29,2026-08-27,2468,74984562.1,569519.5,0.0,0.043569545300208866,0,1,1.0,OK,FULL,False,False,volume_continuation,"{""move_threshold"":0.02,""volume_ratio"":2.0}",INTRADAY_SHORT_ALLOWED_RESEARCH,2016-08-29,2026-08-27
64,INE484J01027,188,188,96422.4220649176,34966.026261713065,0.964224220649176,0.34966026261713057,0.15059586964412958,0.27801547643927654,0.1181574630467897,-0.32704099914122575,0.48404255319148937,0.0021810659549958812,-0.00019170700003057033,1.1967445941746606,0.12009183673469392,-0.12175252062328135,0.07617504051863858,376.0,0.03439275710098774,0.0025083496110623648,0.8695223127497492,0.38567621089826243,-0.002767233165377939,0.007129365075369701,39,46,0.1913734500420632,-0.1095375171796793,0.04368349107770407,472052.5224602629,-437086.4961985498,96422.4220649176,62835.26631086954,34966.026261713065,-7331.624258797106,-36421.391324308606,GODREJPROP,GODREJ PROPERTIES LTD,EQ,2016-08-29,2026-08-27,2468,689848325.25,497849.5,0.0,0.03532497658365002,0,0,1.0,OK,FULL,False,False,volume_continuation,"{""move_threshold"":0.02,""volume_ratio"":2.0}",INTRADAY_SHORT_ALLOWED_RESEARCH,2016-08-29,2026-08-27
65,INE511C01022,183,183,94216.5679864418,34787.07939586803,0.942165679864418,0.34787079395868026,0.157339742438342,0.27187140481626587,0.11193226704905025,-0.3607567715203114,0.4972677595628415,0.0022892619560982994,-0.00010964083175801602,1.1909871584290783,0.12716666666666676,-0.10424137931034472,0.07414910858995137,366.0,0.03642419726835931,0.002692554139821665,0.8502194708886794,0.39632018468891383,-0.0030233737445387685,0.007601897656735367,43,39,0.19350905569467347,-0.17653453303779343,0.04394340700707352,397524.497163488,-362737.41776761995,94216.5679864418,61810.57537563579,34787.07939586803,-6525.629126234839,-35223.44277975241,POONAWALLA,POONAWALLA FINCORP LTD,EQ,2016-08-29,2026-08-27,2468,222343111.10000002,943409.0,0.0,0.04351707821344895,26,0,1.0,OK,FULL,False,False,volume_continuation,"{""move_threshold"":0.02,""volume_ratio"":2.0}",INTRADAY_SHORT_ALLOWED_RESEARCH,2016-08-29,2026-08-27
66,INE221J01015,176,176,89756.1545926214,33528.45186661606,0.8975615459262141,0.3352845186661606,0.19456014936614682,0.2465609664125568,0.11802485074383522,-0.24500777317569367,0.4431818181818182,0.0026693785196208186,-0.002141123341800775,1.192243909511721,0.19387409612930662,-0.2072238805970149,0.0713128038897893,352.0,0.04594472234581285,0.003463213752684514,0.7707807574833194,0.4418762719804734,-0.004165663301073607,0.009504420340315244,39,50,0.3444317412429083,-0.20880943283582087,0.05505414676460959,112300.8968009637,-78772.44493434764,89756.1545926214,59192.64982166566,33528.45186661606,-6104.281984538524,-34020.26611214924,SHARDACROP,SHARDA CROPCHEM LTD.,EQ,2016-08-29,2026-08-27,2468,33266326.325,82309.5,0.0,0.04281520261078809,5,0,1.0,OK,FULL,False,False,volume_continuation,"{""move_threshold"":0.02,""volume_ratio"":2.0}",INTRADAY_SHORT_ALLOWED_RESEARCH,2016-08-29,2026-08-27
1,INE562B01019,239,239,2146834.8118419205,1300266.9368829061,21.468348118419204,13.00266936882906,0.2540290933414305,1.1853198058225027,0.6020786691242975,-0.3141364649361672,0.5941422594142259,0.012338595106642418,0.014414141414141437,1.9355593329366956,0.22195833333333348,-0.1648498727735368,0.09683954619124797,478.0,0.05016250206514472,0.0032447425215433503,3.802642282005664,0.00018198425597389543,0.005946512271124725,0.01873067794216011,60,30,0.27775721405536946,-0.19959811222356727,0.06757625945539558,-28061.22448979554,1328328.1613727016,2146834.8118419205,1673952.152705967,1300266.9368829061,771851.2859370024,442330.7743056768,RAJSREESUG,RAJSHREE SUGAR & CHEMICAL,EQ,2016-08-29,2026-08-27,2468,1315040.8849999998,34196.5,0.0,0.05650985187613898,34,0,1.0,OK,FULL,False,False,volume_reversal,"{""move_threshold"":0.02,""volume_ratio"":2.0}",INTRADAY_SHORT_ALLOWED_RESEARCH,2016-08-29,2026-08-27
3,INE071D01033,197,197,1151325.4237432792,747584.4480797661,11.513254237432792,7.475844480797662,0.15262114433293628,1.5064019848718042,0.6105355413083873,-0.17325170429570425,0.6548223350253807,0.011429677412358874,0.012198782961460377,2.5727528525972616,0.1076698113207547,-0.16243956043956032,0.07982171799027553,394.0,0.032289493621026975,0.0023005311661015984,4.968277579011119,1.4674913628754898e-06,0.006892705067977521,0.015966649756740225,69,16,0.1854363387355329,-0.1588295395817516,0.0437524892876848,185203.82486160035,562380.6232181657,1151325.4237432792,929955.5685092178,747584.4480797661,473667.30234064814,287971.91198571416,MENONBE,MENON BEARINGS LIMITED,BE,2016-08-29,2026-08-27,2468,3625983.8499999996,39556.5,0.0,0.04780624200165006,3,0,1.0,OK,FULL,False,False,volume_reversal,"{""move_threshold"":0.02,""volume_ratio"":2.0}",INTRADAY_SHORT_ALLOWED_RESEARCH,2016-08-29,2026-08-27
4,INE144J01027,202,202,1154078.8385075312,740877.9612750353,11.540788385075311,7.408779612750353,0.19708337714762664,1.199651265081156,0.5105704417640083,-0.24215974108856664,0.6386138613861386,0.011462999066418166,0.011555691554467508,2.1801024699481553,0.23964524421593825,-0.1415793499043978,0.08184764991896272,404.0,0.042077815616617394,0.002960584775546593,3.8718698958052395,0.00014601259678851723,0.005625209924585381,0.01730078820825095,60,22,0.2678387217367515,-0.09389541259204093,0.054198536448716424,473925.7294429734,266952.2318320619,1154078.8385075312,927003.4812618901,740877.9612750353,463373.388469893,277149.50399905466,20MICRONS,20 MICRONS LTD,EQ,2016-08-29,2026-08-27,2468,7356747.65,89792.0,0.0,0.050849725080119444,45,0,1.0,OK,FULL,False,False,volume_reversal,"{""move_threshold"":0.02,""volume_ratio"":2.0}",INTRADAY_SHORT_ALLOWED_RESEARCH,2016-08-29,2026-08-27
6,INE165B01029,239,239,1023556.2040055227,599323.2749764634,10.235562040055227,5.993232749764634,0.22718346943133733,0.9873035718198397,0.45972283316504214,-0.3435307718289088,0.5355648535564853,0.00919124090860499,0.006058017727639033,1.7373159963521112,0.19009039548022622,-0.18064077669902923,0.09683954619124797,478.0,0.04523668333152804,0.0029261177950968076,3.1411042043510435,0.0018963173249942778,0.0034268428990382105,0.014955638918171768,64,33,0.2783750043738833,-0.13112019290420418,0.06272594572115013,-56303.380127048746,655626.6551035121,1023556.2040055227,786518.0091308686,599323.2749764634,334861.5260517061,170154.47745344008,RSSOFTWARE,R. S. SOFTWARE (INDIA) LI,EQ,2016-08-29,2026-08-27,2458,1875498.9300000002,47655.0,0.0,0.05080228541270403,212,0,0.9959481361426256,OK,FULL,False,True,volume_reversal,"{""move_threshold"":0.02,""volume_ratio"":2.0}",INTRADAY_SHORT_ALLOWED_RESEARCH,2016-08-29,2026-08-27
7,INE210C01013,214,214,922847.7415939233,569267.4912326791,9.228477415939233,5.692674912326791,0.20162921230615158,1.06190236945433,0.4865472970249936,-0.17244722364139908,0.6495327102803738,0.00979870954832758,0.01263553937317058,1.8793313876008673,0.1738530183727034,-0.10871936758893275,0.08670988654781199,428.0,0.042194918164512187,0.0028843852249217867,3.3971570314756705,0.0008124171964580009,0.00411311356119702,0.01548430553545814,66,27,0.19073217867685321,-0.1571597790503947,0.0476337287388855,-67297.12460063898,636564.6158333181,922847.7415939233,727467.7561493897,569267.4912326791,337544.2559205739,185809.26070031483,AROGRANITE,ARO GRANITE IND. LTD.,EQ,2016-08-29,2026-08-27,2468,1047086.8,21841.5,0.0,0.05590238412824205,1,0,1.0,OK,FULL,False,False,volume_reversal,"{""move_threshold"":0.02,""volume_ratio"":2.0}",INTRADAY_SHORT_ALLOWED_RESEARCH,2016-08-29,2026-08-27
8,INE023H01027,194,194,864753.8334175284,556862.685328275,8.647538334175284,5.568626853282749,0.23358870317746355,0.9405312774820449,0.32251229390292957,-0.27585524050632926,0.654639175257732,0.011090929964556311,0.012379042538123832,1.8117647449569148,0.16187559808612462,-0.16200000000000014,0.07860615883306321,388.0,0.05151453678664776,0.0036985281973387356,2.9987414919634126,0.0030679819733196367,0.0037962056471315363,0.018385654281981086,57,26,0.30014028536985227,-0.1245093885160794,0.05725364541503912,-64164.383561643896,621027.0688899189,864753.8334175284,696135.5503821229,556862.685328275,346889.6402864006,203803.14791640086,NECLIFE,NECTAR LIFESCIENCES LTD.,EQ,2016-08-29,2026-08-27,2468,6604616.675,281608.0,0.0,0.05004461931586613,43,0,1.0,OK,FULL,False,False,volume_reversal,"{""move_threshold"":0.02,""volume_ratio"":2.0}",INTRADAY_SHORT_ALLOWED_RESEARCH,2016-08-29,2026-08-27
9,INE632C01026,189,189,847007.5444249678,551363.2013562203,8.470075444249678,5.513632013562203,0.1967730834614587,1.0679203776793869,0.46274314998170507,-0.2319768130316776,0.6296296296296297,0.010888984388989935,0.00753608247422677,2.11823012464736,0.23329411764705887,-0.1859853300733496,0.07658022690437602,378.0,0.043659676462692434,0.0031757741620249192,3.4287653445882826,0.0007450547760068958,0.004624253180144846,0.017153715597835024,62,28,0.43877031089528895,-0.11134340198839132,0.061537630954256704,569407.2657743777,-18044.064418157446,847007.5444249678,685468.2422599564,551363.2013562203,347682.3242530879,207462.6271884021,VIDHIING,VIDHI SPCLTY F INGRDNTS L,EQ,2016-08-29,2026-08-27,2468,6482910.375,35121.5,0.0,0.04464412136302591,0,0,1.0,OK,FULL,False,False,volume_reversal,"{""move_threshold"":0.02,""volume_ratio"":2.0}",INTRADAY_SHORT_ALLOWED_RESEARCH,2016-08-29,2026-08-27
11,INE287B01021,207,207,777775.7418086394,482346.29478848504,7.777757418086393,4.823462947884851,0.16700771832810055,1.1582573165019718,0.5777349107664124,-0.1871418950831235,0.6473429951690821,0.009151996894242218,0.008703632216178316,2.10779971917583,0.18595093795093787,-0.09478846153846154,0.08387358184764993,414.0,0.03533238713835367,0.002455770667130513,3.726731089648539,0.0002505573436470146,0.004310330414544644,0.013993663373939792,66,28,0.3521403472796083,-0.10136888008057521,0.05790487849905152,620612.9510627785,-138266.65627429343,777775.7418086394,615033.9324916229,482346.29478848504,286033.24037970044,155689.1609313153,SUBROS,SUBROS LIMITED,EQ,2016-08-29,2026-08-27,2468,16273094.825,45002.5,0.0,0.043428445444200846,0,0,1.0,OK,FULL,False,False,volume_reversal,"{""move_threshold"":0.02,""volume_ratio"":2.0}",INTRADAY_SHORT_ALLOWED_RESEARCH,2016-08-29,2026-08-27
12,INE692B01014,209,209,743720.8587335977,457417.7306468941,7.437208587335977,4.574177306468941,0.18828322796723154,1.0269173178798012,0.37776787399102807,-0.24936545070820826,0.6746411483253588,0.009060359740748536,0.01529106628242083,1.82681470261932,0.12662318840579712,-0.1860277777777779,0.0846839546191248,418.0,0.039912520838013124,0.002760806795300978,3.2817797160488342,0.0012097418824251439,0.003617609539019211,0.01450310994247786,65,29,0.2112758046991423,-0.22827571262536583,0.05376196944807734,17208.4130019117,440209.31764498237,743720.8587335977,585858.4386418416,457417.7306468941,267963.23315708933,142699.1726715315,MURUDCERA,MURUDESHWAR CERAMICS LTD,EQ,2016-08-29,2026-08-27,2468,1653513.755,51301.0,0.0,0.0543508290210049,7,0,1.0,OK,FULL,False,False,volume_reversal,"{""move_threshold"":0.02,""volume_ratio"":2.0}",INTRADAY_SHORT_ALLOWED_RESEARCH,2016-08-29,2026-08-27
14,INE893I01013,221,221,734961.3944998137,438474.0394950331,7.349613944998136,4.384740394950331,0.21503855439900188,0.906406128321693,0.41538239975509555,-0.33153541313032464,0.5927601809954751,0.008637568526874353,0.011082583810302473,1.6676655337160826,0.18847619047619046,-0.19842857142857162,0.08954619124797407,442.0,0.044603229203228935,0.0030003378809393927,2.878865271057394,0.004384829801048525,0.0027244858520790137,0.014550651201669693,56,31,0.3984565704145149,-0.17698248644329773,0.06699258952608246,-13781.512605042255,452255.55210007535,734961.3944998137,570599.0636286028,438474.0394950331,246963.2767755264,123368.07314379286,VASCONEQ,VASCON ENGINEERS LTD,EQ,2016-08-29,2026-08-27,2468,17519812.575000003,548148.5,0.0,0.05442187449985781,3,0,1.0,OK,FULL,False,False,volume_reversal,"{""move_threshold"":0.02,""volume_ratio"":2.0}",INTRADAY_SHORT_ALLOWED_RESEARCH,2016-08-29,2026-08-27
