combination_rank,pnl_rank,isin,number_of_signals,number_of_trades,gross_pnl,net_pnl,gross_return_pct,net_return_pct,annualized_volatility,sharpe,sortino,max_drawdown,win_rate,average_trade_return,median_trade_return,profit_factor,best_trade,worst_trade,exposure_pct,turnover,trade_std,standard_error,t_stat,p_value,confidence_95_low,confidence_95_high,positive_months,negative_months,best_month,worst_month,monthly_return_std,buy_hold_pnl,excess_pnl,pnl_0bps,pnl_5bps,pnl_10bps,pnl_20bps,pnl_30bps,symbol,company_name,series,first_traded_date,last_traded_date,sessions_available,median_daily_value,median_volume,pct_near_zero_volume,average_daily_range,circuit_like_sessions,corporate_action_observations,coverage_ratio,liquidity_flag,coverage_flag,new_listing_flag,suspension_flag,strategy,parameters,execution_class,evaluation_start,evaluation_end,score_net_pnl,score_sharpe,score_pnl_30bps,score_max_drawdown,score_excess_pnl,combination_score,positive_pillars,evidence_tier,sample_tier,profit_rank,comparable_rank
1,3,INE216D01026,301,301,2.732126931006264e+34,1.6781641041352684e+34,2.732126931006264e+29,1.6781641041352684e+29,1.8511999459323976,4.45048913617979,,-0.009960079920032,0.760797342192691,0.2680644316923387,0.2480000000000001,561.3291245791245,0.998,-0.002,0.1219611021069692,602.0,0.2202815953042722,0.0126968200729984,21.11272193755147,2.839651548037081e-61,0.2430783212372486,0.2930505421474288,50,1,52.56947321115587,-0.0039959999999999,5.363437305286917,-99999.99999680003,1.6781641041352684e+34,2.732126931006264e+34,2.141467942434877e+34,1.6781641041352684e+34,1.0299495749027254e+34,6.316031360053733e+33,KSERASERA,KSERASERA,BZ,2016-08-29,2021-06-14,1076,152586.125,1031524.0,0.0,0.3818516417494113,4,292,0.4359805510534846,LOW,PARTIAL,False,True,gap_fade_050,"{""gap_threshold"":0.005}",INTRADAY_SHORT_ALLOWED_RESEARCH,2016-08-29,2026-08-27,99.98959850218432,98.43399671774958,99.98959850218432,97.02054873679587,99.98959850218432,99.23312068048912,5,ROBUST POSITIVE,LIMITED SAMPLE,5,
2,3,INE216D01026,301,301,2.732126931006264e+34,1.6781641041352684e+34,2.732126931006264e+29,1.6781641041352684e+29,1.8511999459323976,4.45048913617979,,-0.009960079920032,0.760797342192691,0.2680644316923387,0.2480000000000001,561.3291245791245,0.998,-0.002,0.1219611021069692,602.0,0.2202815953042722,0.0126968200729984,21.11272193755147,2.839651548037081e-61,0.2430783212372486,0.2930505421474288,50,1,52.56947321115587,-0.0039959999999999,5.363437305286917,-99999.99999680003,1.6781641041352684e+34,2.732126931006264e+34,2.141467942434877e+34,1.6781641041352684e+34,1.0299495749027254e+34,6.316031360053733e+33,KSERASERA,KSERASERA,BZ,2016-08-29,2021-06-14,1076,152586.125,1031524.0,0.0,0.3818516417494113,4,292,0.4359805510534846,LOW,PARTIAL,False,True,gap_fade_100,"{""gap_threshold"":0.01}",INTRADAY_SHORT_ALLOWED_RESEARCH,2016-08-29,2026-08-27,99.98959850218432,98.43399671774958,99.98959850218432,97.02054873679587,99.98959850218432,99.23312068048912,5,ROBUST POSITIVE,LIMITED SAMPLE,5,
3,2,INE533D01024,433,433,6.30359255588627e+36,2.9986167908481914e+36,6.30359255588627e+31,2.9986167908481914e+31,2.015461335448127,4.447509005054817,1.29812519980608e+18,-0.0178566699880265,0.6143187066974596,0.2027440069176246,0.1646666666666667,263.838787411172,0.998,-0.002,0.1754457050243111,866.0,0.2409984471657136,0.0115816462606528,17.50562936863485,3.0271624437147e-52,0.1799806227482469,0.2255073910870023,55,0,319.3466279025669,0.0,29.45208382996916,-99897.113199079,2.9986167908481914e+36,6.30359255588627e+36,4.348361061495788e+36,2.9986167908481914e+36,1.4245719977052688e+36,6.758905609722088e+35,RAJRAYON,RAJRAYON,BZ,2016-08-29,2021-10-22,1209,32175.4,210554.0,0.0008271298593879,0.3253103763576687,203,143,0.489870340356564,LOW,PARTIAL,False,True,gap_fade_050,"{""gap_threshold"":0.005}",INTRADAY_SHORT_ALLOWED_RESEARCH,2016-08-29,2026-08-27,99.9942213901024,98.42706238587246,99.9942213901024,96.56866144280332,99.9942213901024,99.16695559716156,5,ROBUST POSITIVE,LIMITED SAMPLE,3,
4,2,INE533D01024,433,433,6.30359255588627e+36,2.9986167908481914e+36,6.30359255588627e+31,2.9986167908481914e+31,2.015461335448127,4.447509005054817,1.29812519980608e+18,-0.0178566699880265,0.6143187066974596,0.2027440069176246,0.1646666666666667,263.838787411172,0.998,-0.002,0.1754457050243111,866.0,0.2409984471657136,0.0115816462606528,17.50562936863485,3.0271624437147e-52,0.1799806227482469,0.2255073910870023,55,0,319.3466279025669,0.0,29.45208382996916,-99897.113199079,2.9986167908481914e+36,6.30359255588627e+36,4.348361061495788e+36,2.9986167908481914e+36,1.4245719977052688e+36,6.758905609722088e+35,RAJRAYON,RAJRAYON,BZ,2016-08-29,2021-10-22,1209,32175.4,210554.0,0.0008271298593879,0.3253103763576687,203,143,0.489870340356564,LOW,PARTIAL,False,True,gap_fade_100,"{""gap_threshold"":0.01}",INTRADAY_SHORT_ALLOWED_RESEARCH,2016-08-29,2026-08-27,99.9942213901024,98.42706238587246,99.9942213901024,96.56866144280332,99.9942213901024,99.16695559716156,5,ROBUST POSITIVE,LIMITED SAMPLE,3,
5,5,INE516K01024,1239,1239,1.3466000035980542e+28,1.2454368375430356e+27,1.3466000035980542e+23,1.2454368375430357e+22,0.8772288039365681,6.366553781957562,100.30561328466936,-0.0664645355142315,0.5020177562550444,0.0441459232319399,0.0070909090909091,35.11720005482067,0.6646666666666667,-0.034258064516129,0.5020259319286872,2478.0,0.0715116585382708,0.0020316140020944,21.729483645234023,5.980521212407763e-89,0.0401601362088129,0.0481317102550669,96,8,5.649387572026025,-0.0430882037979343,0.9980444595811896,1326174.619186616,1.2454368375430356e+27,1.3466000035980542e+28,4.097598341607138e+27,1.2454368375430356e+27,1.1465873030936246e+26,1.0507202809282615e+25,GOENKA,GOENKA DIAMOND&JEWELS LTD,BZ,2016-08-29,2025-12-15,2066,95958.175,123886.5,0.0029041626331074,0.1045403180036589,285,0,0.8371150729335495,LOW,PARTIAL,False,True,gap_fade_100,"{""gap_threshold"":0.01}",INTRADAY_SHORT_ALLOWED_RESEARCH,2016-08-29,2026-08-27,99.98150844832767,99.72724961283313,99.97688556040958,93.58343156970159,99.98150844832767,98.97002057185122,5,ROBUST POSITIVE,LIMITED SAMPLE,9,
6,1,INE861A01058,418,418,6.8617798639847525e+44,3.4362222866813283e+44,6.861779863984753e+39,3.436222286681328e+39,2.877679906699599,4.236856271281047,1.764995045565151e+18,-0.0507205628903091,0.645933014354067,0.2856633656252095,0.0979999999999999,404.402996051816,0.998,-0.002,0.1693679092382496,836.0,0.3556183840863719,0.01739386372992,16.42322660800344,4.1922175175950227e-47,0.251472784269669,0.31985394698075,63,4,252.9591536819057,-0.0373236903543657,31.02182328217689,-99977.03944554956,3.4362222866813283e+44,6.8617798639847525e+44,4.8565092995810305e+44,3.4362222866813283e+44,1.7187119897061954e+44,8.586189356569964e+43,VISESHINFO,VISESH INFOTECNICS LTD,BZ,2016-08-29,2024-12-02,1412,1224214.5,4784856.0,0.0,0.3702489445142174,81,280,0.5721231766612642,OK,PARTIAL,False,True,gap_fade_050,"{""gap_threshold"":0.005}",INTRADAY_SHORT_ALLOWED_RESEARCH,2016-08-29,2026-08-27,99.99884427802048,98.17511499433697,99.99884427802048,94.57388530615076,99.99884427802048,98.82035457550333,5,ROBUST POSITIVE,LIMITED SAMPLE,1,
7,1,INE861A01058,418,418,6.8617798639847525e+44,3.4362222866813283e+44,6.861779863984753e+39,3.436222286681328e+39,2.877679906699599,4.236856271281047,1.764995045565151e+18,-0.0507205628903091,0.645933014354067,0.2856633656252095,0.0979999999999999,404.402996051816,0.998,-0.002,0.1693679092382496,836.0,0.3556183840863719,0.01739386372992,16.42322660800344,4.1922175175950227e-47,0.251472784269669,0.31985394698075,63,4,252.9591536819057,-0.0373236903543657,31.02182328217689,-99977.03944554956,3.4362222866813283e+44,6.8617798639847525e+44,4.8565092995810305e+44,3.4362222866813283e+44,1.7187119897061954e+44,8.586189356569964e+43,VISESHINFO,VISESH INFOTECNICS LTD,BZ,2016-08-29,2024-12-02,1412,1224214.5,4784856.0,0.0,0.3702489445142174,81,280,0.5721231766612642,OK,PARTIAL,False,True,gap_fade_100,"{""gap_threshold"":0.01}",INTRADAY_SHORT_ALLOWED_RESEARCH,2016-08-29,2026-08-27,99.99884427802048,98.17511499433697,99.99884427802048,94.57388530615076,99.99884427802048,98.82035457550333,5,ROBUST POSITIVE,LIMITED SAMPLE,1,
8,5,INE516K01024,1244,1244,1.354383796682724e+28,1.2401588864288665e+27,1.354383796682724e+23,1.2401588864288666e+22,0.8779413203541134,6.361602073004146,80.0287004101972,-0.0862672806255894,0.5016077170418006,0.0439699755094246,0.0068557993730407,32.75810582855501,0.6646666666666667,-0.052,0.5040518638573744,2488.0,0.0714908301118041,0.0020269365298897,21.69282306625335,9.479659206424234e-89,0.0399933807886698,0.0479465702301793,96,8,5.649387572026025,-0.0430882037979343,0.9981803646639716,1326174.619186616,1.2401588864288665e+27,1.354383796682724e+28,4.1007175437763217e+27,1.2401588864288665e+27,1.1303332226451498e+26,1.0254664197905123e+25,GOENKA,GOENKA DIAMOND&JEWELS LTD,BZ,2016-08-29,2025-12-15,2066,95958.175,123886.5,0.0029041626331074,0.1045403180036589,285,0,0.8371150729335495,LOW,PARTIAL,False,True,gap_fade_050,"{""gap_threshold"":0.005}",INTRADAY_SHORT_ALLOWED_RESEARCH,2016-08-29,2026-08-27,99.97919700436863,99.72262672491506,99.97457411645054,92.24741696137578,99.97919700436863,98.76719136444535,5,ROBUST POSITIVE,LIMITED SAMPLE,10,
9,116,INE262A01018,1567,1567,2.201698311896186e+17,1.0102306287615904e+16,2201698311896.186,101023062876.15904,0.3433786946534718,7.740871422700443,15.615127401925267,-0.1050309398448174,0.6975111678366305,0.0166126462483429,0.01471875,6.071245218642907,0.1033468738529304,-0.0423764420157862,0.6349270664505673,3134.0,0.0252245507038757,0.0006372193293143,26.070530952377883,9.573008889112002e-125,0.0153627532805482,0.0178625392161377,117,4,0.6358201691559606,-0.0402137119964564,0.1464507411153429,68926.701570681,1.0102306287546978e+16,2.201698311896186e+17,4.7197431342399e+16,1.0102306287615904e+16,460727901540849.2,20884271093700.22,HMT,HMT LTD -,BZ,2016-08-29,2026-08-27,2468,216271.025,6880.5,0.002836304700162,0.0477902122295267,79,0,1.0,LOW,FULL,False,False,gap_fade_100,"{""gap_threshold"":0.01}",INTRADAY_SHORT_ALLOWED_RESEARCH,2016-08-29,2026-08-27,99.43600767399394,99.98844278020479,99.39671312669024,90.90677946513188,99.43600767399394,98.25925155444608,5,ROBUST POSITIVE,LOW LIQUIDITY,245,
10,57,INE173A01025,1819,1819,6.926277598498901e+19,1.9404030856345185e+18,692627759849890.1,19404030856345.184,0.3817681346022376,8.420535086174588,15.122290710774864,-0.1297187583010146,0.7179769103903244,0.0173081751428777,0.014146016146016,6.2420276948065,0.1008708133971292,-0.0980893854748603,0.7370340356564019,3638.0,0.0265707818602965,0.000622999910728,27.78198655381995,6.92343044184685e-142,0.0160863042832721,0.0185300460024834,120,1,0.9511396463352452,-0.0030441190529584,0.1764496932533518,-14864.97420528176,1.940403085634533e+18,6.926277598498901e+19,1.1603195603778918e+19,1.9404030856345185e+18,5.397895709226357e+16,1491026637390407.2,SIL,STANDARD INDUSTRIES LTD.,EQ,2016-08-29,2026-08-27,2454,378344.35,20736.5,0.0093724531377343,0.0482989253614675,90,0,0.994327390599676,LOW,FULL,False,True,gap_fade_050,"{""gap_threshold"":0.005}",INTRADAY_SHORT_ALLOWED_RESEARCH,2016-08-29,2026-08-27,99.75036405242355,100.0,99.7133809490789,89.05068996602178,99.75036405242355,98.18794350830966,5,ROBUST POSITIVE,LOW LIQUIDITY,109,
11,68,INE173A01025,1565,1565,8.499458777750898e+18,3.943383247642738e+17,84994587777508.98,3943383247642.738,0.3661844474565913,8.31315343527276,14.9022764824243,-0.1278668360873363,0.7335463258785943,0.0190500431649142,0.0160451127819548,7.629130267638326,0.1008708133971292,-0.0980893854748603,0.6341166936790924,3130.0,0.026579360697645,0.0006718732646616,28.35362585011877,4.739711340128487e-143,0.0177321758926301,0.0203679104371984,121,0,0.9511396463352452,0.0093582233651838,0.1703587271408965,-14864.97420528176,3.9433832476428864e+17,8.499458777750898e+18,1.8321346879877164e+18,3.943383247642738e+17,1.81854228893193e+16,833574031049355.4,SIL,STANDARD INDUSTRIES LTD.,EQ,2016-08-29,2026-08-27,2454,378344.35,20736.5,0.0093724531377343,0.0482989253614675,90,0,0.994327390599676,LOW,FULL,False,True,gap_fade_100,"{""gap_threshold"":0.01}",INTRADAY_SHORT_ALLOWED_RESEARCH,2016-08-29,2026-08-27,99.67639784573423,99.99768855604096,99.68564362157039,89.21942537503178,99.67639784573423,98.17395927235744,5,ROBUST POSITIVE,LOW LIQUIDITY,141,
12,6,INE744I01034,351,351,5.724372597200407e+26,3.0867492677708128e+26,5.724372597200407e+21,3.0867492677708127e+21,1.7480078485299204,3.513574991471631,29.52839427940476,-0.0929090909090908,0.6381766381766382,0.1713681481544729,0.1091111111111111,118.57832366267375,0.998,-0.0929090909090908,0.1422204213938411,702.0,0.2453617454428678,0.0130964411040533,13.085092873164903,4.00048954397014e-32,0.1456105261289575,0.1971257701799883,36,2,252.9591536819057,-0.0039959999999999,23.66898776758654,-96587.0597145774,3.0867492677708128e+26,5.724372597200407e+26,4.204118571522109e+26,3.0867492677708128e+26,1.6626133764252937e+26,8.945319717203955e+25,MVL,MVL,BZ,2016-08-29,2020-03-09,717,36986.35,164978.0,0.0,0.2678418358334676,12,35,0.2905186385737439,LOW,PARTIAL,False,True,gap_fade_050,"{""gap_threshold"":0.005}",INTRADAY_SHORT_ALLOWED_RESEARCH,2016-08-29,2026-08-27,99.97572983843007,96.943115364168,99.98035272634816,91.79321822342418,99.97572983843007,98.14275477891039,5,ROBUST POSITIVE,LIMITED SAMPLE,11,
13,6,INE744I01034,351,351,5.724372597200407e+26,3.0867492677708128e+26,5.724372597200407e+21,3.0867492677708127e+21,1.7480078485299204,3.513574991471631,29.52839427940476,-0.0929090909090908,0.6381766381766382,0.1713681481544729,0.1091111111111111,118.57832366267375,0.998,-0.0929090909090908,0.1422204213938411,702.0,0.2453617454428678,0.0130964411040533,13.085092873164903,4.00048954397014e-32,0.1456105261289575,0.1971257701799883,36,2,252.9591536819057,-0.0039959999999999,23.66898776758654,-96587.0597145774,3.0867492677708128e+26,5.724372597200407e+26,4.204118571522109e+26,3.0867492677708128e+26,1.6626133764252937e+26,8.945319717203955e+25,MVL,MVL,BZ,2016-08-29,2020-03-09,717,36986.35,164978.0,0.0,0.2678418358334676,12,35,0.2905186385737439,LOW,PARTIAL,False,True,gap_fade_100,"{""gap_threshold"":0.01}",INTRADAY_SHORT_ALLOWED_RESEARCH,2016-08-29,2026-08-27,99.97572983843007,96.943115364168,99.98035272634816,91.79321822342418,99.97572983843007,98.14275477891039,5,ROBUST POSITIVE,LIMITED SAMPLE,11,
14,112,INE262A01018,1792,1792,1.0039938783719572e+18,2.944598607905245e+16,10039938783719.572,294459860790.5245,0.3594531315706495,7.71765355486842,14.849821706915495,-0.1252159829496745,0.6869419642857143,0.0151612203599982,0.013250626566416,5.017493505537689,0.1033468738529304,-0.0463939393939394,0.7260940032414911,3584.0,0.025362425859606,0.0005991309952663,25.30535138356199,4.823006551246843e-121,0.0139861510801121,0.0163362896398842,119,2,0.6358201691559606,-0.0397742584137374,0.1434250582510183,68926.701570681,2.944598607898352e+16,1.0039938783719572e+18,1.720901968533855e+17,2.944598607905245e+16,857619780163681.6,24804195223561.902,HMT,HMT LTD -,BZ,2016-08-29,2026-08-27,2468,216271.025,6880.5,0.002836304700162,0.0477902122295267,79,0,1.0,LOW,FULL,False,False,gap_fade_050,"{""gap_threshold"":0.005}",INTRADAY_SHORT_ALLOWED_RESEARCH,2016-08-29,2026-08-27,99.50303954880614,99.9838198922867,99.41751612232162,89.43670110718166,99.50303954880614,98.07214016596168,5,ROBUST POSITIVE,LOW LIQUIDITY,216,
15,131,INE962C01027,1247,1247,9.044156930016064e+16,7856581568903782.0,904415693001.6064,78565815689.03783,0.4360147016645089,6.112288897467944,15.973744413606816,-0.1264691879107338,0.5076182838813151,0.0209306717711339,0.0077087378640776,7.471947573245768,0.2202222222222223,-0.0865070422535212,0.5052674230145867,2494.0,0.0357316510140853,0.0010118586692189,20.68537080113295,5.970857663228424e-82,0.01894553689378,0.0229158066484877,83,6,1.0169230359662589,-0.0409582641509431,0.2709777849590662,65679.65367965444,7856581568838102.0,9.044156930016064e+16,2.667233565982725e+16,7856581568903782.0,679224794384744.1,58438570879018.1,EASTSILK,EASTSILK,BE,2016-08-29,2024-03-06,1760,67408.475,23247.0,0.0068181818181818,0.053640115850065,339,0,0.713128038897893,LOW,PARTIAL,False,True,gap_fade_050,"{""gap_threshold"":0.005}",INTRADAY_SHORT_ALLOWED_RESEARCH,2016-08-29,2026-08-27,99.42445045419875,99.62092319071724,99.50997388068326,89.33962046090193,99.42445045419875,97.96812518780483,5,ROBUST POSITIVE,LIMITED SAMPLE,250,
16,126,INE962C01027,1227,1227,7.56493996021104e+16,6837789997373613.0,756493996021.104,68377899973.73613,0.4334215902439169,6.113194721619395,16.490970012467642,-0.1264691879107337,0.5069274653626732,0.0211484636220767,0.0077087378640776,7.848528182124635,0.2202222222222223,-0.0865070422535212,0.4971636952998379,2454.0,0.0357063964106957,0.001019350970715,20.746989240851143,3.4639952453235926e-82,0.0191485981044087,0.0231483291397447,83,6,1.0169230359662589,-0.0409582641509431,0.2698817748230449,65679.65367965444,6837789997307933.0,7.56493996021104e+16,2.2757079600291484e+16,6837789997373613.0,615141108672701.1,55077519878093.54,EASTSILK,EASTSILK,BE,2016-08-29,2024-03-06,1760,67408.475,23247.0,0.0068181818181818,0.053640115850065,339,0,0.713128038897893,LOW,PARTIAL,False,True,gap_fade_100,"{""gap_threshold"":0.01}",INTRADAY_SHORT_ALLOWED_RESEARCH,2016-08-29,2026-08-27,99.39671312669024,99.62323463467628,99.50766243672422,89.34193190486097,99.39671312669024,97.95599010701987,5,ROBUST POSITIVE,LIMITED SAMPLE,262,
17,35,INE691G01015,1308,1308,3.8039448585203535e+20,2.9671670045512258e+19,3803944858520353.5,296716700455122.56,0.6994060088598204,5.206719099620082,30.292137989153023,-0.143314465696323,0.4655963302752293,0.027266561762195,-0.002,11.917089977928844,0.3979999999999999,-0.0459024390243901,0.5299837925445705,2616.0,0.0575696137304988,0.0015918034569233,17.12935202119491,1.7012410307598936e-59,0.0241437924803007,0.0303893310440892,89,14,4.307361210849679,-0.0495251973578299,0.5936238461782701,6406558.499939557,2.967167004550585e+19,3.8039448585203535e+20,1.0630625950345224e+20,2.9671670045512258e+19,2.302924144133414e+18,1.7784374814918992e+17,IMPEXFERRO,IMPEX FERRO TECH LIMITED,BZ,2016-08-29,2026-08-27,2005,21582.05,14692.0,0.0139650872817955,0.0654404443521096,522,0,0.8123987034035657,LOW,PARTIAL,False,True,gap_fade_050,"{""gap_threshold"":0.005}",INTRADAY_SHORT_ALLOWED_RESEARCH,2016-08-29,2026-08-27,99.84975614266232,99.10315974389201,99.88442780204794,87.97124563714954,99.84975614266232,97.92559461895846,5,ROBUST POSITIVE,LIMITED SAMPLE,66,
18,35,INE691G01015,1239,1239,2.085872990139071e+20,1.865892884546033e+19,2085872990139070.8,186589288454603.28,0.6969205808312494,5.153843447644692,34.975209506211634,-0.1433144656963231,0.4560129136400322,0.0283914661606428,-0.002,13.73671039574248,0.3979999999999999,-0.0414736842105263,0.5020259319286872,2478.0,0.0586430551498308,0.0016660227773102,17.041463386520906,1.1586833239153e-58,0.0251229259954385,0.0316600063258472,89,14,4.307361210849679,-0.0495251973578299,0.5936914634337358,6406558.499939557,1.865892884545392e+19,2.085872990139071e+20,6.242280029345153e+19,1.865892884546033e+19,1.6612455769483256e+18,1.4720453309562138e+17,IMPEXFERRO,IMPEX FERRO TECH LIMITED,BZ,2016-08-29,2026-08-27,2005,21582.05,14692.0,0.0139650872817955,0.0654404443521096,522,0,0.8123987034035657,LOW,PARTIAL,False,True,gap_fade_100,"{""gap_threshold"":0.01}",INTRADAY_SHORT_ALLOWED_RESEARCH,2016-08-29,2026-08-27,99.83357603494903,99.07773386034255,99.87749347017082,87.96893419319048,99.83357603494903,97.9114948108083,5,ROBUST POSITIVE,LIMITED SAMPLE,73,
19,131,INE287Z01012,931,931,3.586471241914892e+16,5849678966407335.0,358647124191.4892,58496789664.07335,0.5517331777108045,4.863355439709423,21.891868424925413,-0.126846047421808,0.3909774436090225,0.0282266959579441,-0.002,13.877897963967191,0.3979999999999999,-0.102,0.3772285251215559,1862.0,0.0520351269394076,0.001705382404836,16.55153464577847,3.9679717848686306e-54,0.0248798521544898,0.0315735397613985,82,8,2.472124965281643,-0.0560704624743558,0.3575353166085747,288144.3877218902,5849678966119191.0,3.586471241914892e+16,1.449078282276885e+16,5849678966407335.0,950728381297578.0,153969458665863.38,GAYAHWS,GAYATRI HIGHWAYS LIMITED,EQ,2018-06-28,2026-08-27,1770,134264.09999999998,159036.5,0.0,0.0796722679948984,345,1,0.7171799027552674,LOW,PARTIAL,True,True,gap_fade_100,"{""gap_threshold"":0.01}",INTRADAY_SHORT_ALLOWED_RESEARCH,2016-08-29,2026-08-27,99.37822157501792,98.87201534798788,99.59087441924972,89.30726024547535,99.37822157501792,97.8088666990269,5,ROBUST POSITIVE,LIMITED SAMPLE,270,
20,274,INE026B01049,335,335,53701049872608.47,28486924441251.85,537010498.7260847,284869244.4125185,0.6851156502865658,3.2064467882410024,1.5916621564768112e+17,-0.0430882037979348,0.373134328358209,0.0642225777190427,-0.002,52.22515127590313,0.4979999999999998,-0.002,0.1357374392220421,670.0,0.1009082335134489,0.0055132057447996,11.648862874312467,1.5082877003798805e-26,0.0533775950085291,0.0750675604295563,34,8,3.270903066753281,-0.0276388960478721,0.6218314804947604,516636.36363636586,28486923924615.49,53701049872608.47,39118281130171.1,28486924441251.85,15093244050722.682,7987150060185.388,JIKIND,JIKIND,BZ,2016-08-29,2023-02-27,776,2679.6,7000.0,0.0914948453608247,0.116994173094151,280,3,0.3144246353322528,LOW,PARTIAL,False,True,gap_fade_050,"{""gap_threshold"":0.005}",INTRADAY_SHORT_ALLOWED_RESEARCH,2016-08-29,2026-08-27,98.75991031597438,96.24274784457852,99.29154242655387,95.05697709359036,98.75991031597438,97.8073642604535,5,ROBUST POSITIVE,LIMITED SAMPLE,537,
21,257,INE026B01049,335,335,53701049872608.47,28486924441251.85,537010498.7260847,284869244.4125185,0.6851156502865658,3.2064467882410024,1.5916621564768112e+17,-0.0430882037979348,0.373134328358209,0.0642225777190427,-0.002,52.22515127590313,0.4979999999999998,-0.002,0.1357374392220421,670.0,0.1009082335134489,0.0055132057447996,11.648862874312467,1.5082877003798805e-26,0.0533775950085291,0.0750675604295563,34,8,3.270903066753281,-0.0276388960478721,0.6218314804947604,516636.36363636586,28486923924615.49,53701049872608.47,39118281130171.1,28486924441251.85,15093244050722.682,7987150060185.388,JIKIND,JIKIND,BZ,2016-08-29,2023-02-27,776,2679.6,7000.0,0.0914948453608247,0.116994173094151,280,3,0.3144246353322528,LOW,PARTIAL,False,True,gap_fade_100,"{""gap_threshold"":0.01}",INTRADAY_SHORT_ALLOWED_RESEARCH,2016-08-29,2026-08-27,98.75991031597438,96.24274784457852,99.29154242655387,95.05697709359036,98.75991031597438,97.8073642604535,5,ROBUST POSITIVE,LIMITED SAMPLE,537,
22,29,INE293B01029,1399,1399,7.847731686542519e+20,5.116549182892672e+19,7847731686542518.0,511654918289267.2,0.51657810311016,6.982853911115449,21.52581690945339,-0.1712318930152988,0.5625446747676912,0.0252520040038862,0.0143934426229508,12.08308834490001,0.248,-0.1223007518796993,0.5668557536466775,2798.0,0.0399033275917974,0.0010668423720578,23.669854765121546,1.9583946126641082e-104,0.0231592195071077,0.0273447885006646,98,3,4.466073790991231,-0.0430882037979343,0.49541480813672,47320.8713483318,5.116549182892667e+19,7.847731686542519e+20,2.0051659206090228e+20,5.116549182892672e+19,3.318091011694585e+18,2.1402694196287066e+17,HAVISHA,SRI HAVISHA HOSP & INFR L,EQ,2018-04-12,2026-08-27,2033,53693.8,34359.0,0.0206591244466305,0.0615708297119747,335,1,0.8237439222042139,LOW,PARTIAL,True,True,gap_fade_050,"{""gap_threshold"":0.005}",INTRADAY_SHORT_ALLOWED_RESEARCH,2016-08-29,2026-08-27,99.87749347017082,99.91447657351547,99.89598502184315,85.79155398377367,99.87749347017082,97.77569747821465,5,ROBUST POSITIVE,LIMITED SAMPLE,54,
23,29,INE318D01020,1328,1328,4.946655733502491e+20,3.711289813195222e+19,4946655733502491.0,371128981319522.2,0.6164096364886463,5.877057908903597,17.52731506443665,-0.1663413593067948,0.5278614457831325,0.0267162764719263,0.0068668014375561,10.122553505004692,0.3313333333333335,-0.1586265060240963,0.5380875202593193,2656.0,0.0497307130821124,0.0013646637300544,19.57718658710224,3.557608856474833e-75,0.0240391429186807,0.0293934100251718,95,12,5.345907310643427,-0.0411705448877097,0.5787118505572773,3620038.399999996,3.71128981319486e+19,4.946655733502491e+20,1.3557918548173246e+20,3.711289813195222e+19,2.770357398957653e+18,2.0574809453454803e+17,ZENITHSTL,ZENITH STEEL PIP IND LTD,EQ,2016-08-29,2026-08-27,2089,205561.2,71866.0,0.0081378650071804,0.067194012102474,414,0,0.8464343598055105,LOW,PARTIAL,False,True,gap_fade_100,"{""gap_threshold"":0.01}",INTRADAY_SHORT_ALLOWED_RESEARCH,2016-08-29,2026-08-27,99.85900191849849,99.51459676860135,99.8936735778841,86.25846566349999,99.85900191849849,97.75697478214641,5,ROBUST POSITIVE,LIMITED SAMPLE,62,
24,21,INE106I01010,1421,1421,1.8382432773549093e+21,1.1477148882322945e+20,1.838243277354909e+16,1147714888232294.5,0.6267038626589374,5.976960399603069,18.66964101539427,-0.169454371224894,0.5130190007037297,0.0258162576378594,0.0046225165562914,8.867589492235615,0.2837142857142858,-0.113111111111111,0.5757698541329012,2842.0,0.0492421380277797,0.001306290781947,19.76302519671697,5.398811570197533e-77,0.023253790615161,0.0283787246605578,100,7,2.5619078714561363,-0.0613795328505686,0.5034770293588441,402913.3687564269,1.1477148882322904e+20,1.8382432773549093e+21,4.596348708523194e+20,1.1477148882322945e+20,7.12696570103683e+18,4.401550217255039e+17,ANKITMETAL,ANKIT MET & POW LTD,BZ,2016-08-29,2026-08-27,2114,72880.6,45092.5,0.0056764427625354,0.0685438618605705,351,1,0.8565640194489466,LOW,PARTIAL,False,True,gap_fade_050,"{""gap_threshold"":0.005}",INTRADAY_SHORT_ALLOWED_RESEARCH,2016-08-29,2026-08-27,99.9098536855974,99.56544853570026,99.91216512955643,85.9568222268451,99.9098536855974,97.74848022559694,5,ROBUST POSITIVE,LIMITED SAMPLE,40,
25,24,INE106I01010,1326,1326,1.015857651184296e+21,7.66257699378216e+19,1.015857651184296e+16,766257699378216.0,0.6224207063023682,5.946520148558309,19.24765053124652,-0.169454371224894,0.5082956259426847,0.0273368215201414,0.0041352002408913,10.270570552292169,0.2837142857142858,-0.113111111111111,0.5372771474878444,2652.0,0.0501625616977142,0.0013775518199506,19.84449595596412,6.168568763315719e-77,0.0246344009903507,0.030039242049932,100,7,2.5619078714561363,-0.0613795328505686,0.5022901954436987,402913.3687564269,7.662576993782119e+19,1.015857651184296e+21,2.791758724525879e+20,7.66257699378216e+19,5.75069481762154e+18,4.293986100944044e+17,ANKITMETAL,ANKIT MET & POW LTD,BZ,2016-08-29,2026-08-27,2114,72880.6,45092.5,0.0056764427625354,0.0685438618605705,351,1,0.8565640194489466,LOW,PARTIAL,False,True,gap_fade_100,"{""gap_threshold"":0.01}",INTRADAY_SHORT_ALLOWED_RESEARCH,2016-08-29,2026-08-27,99.88673924600698,99.551579871946,99.9098536855974,85.9568222268451,99.88673924600698,97.7348427062386,5,ROBUST POSITIVE,LIMITED SAMPLE,50,
26,213,INE216H01027,1286,1286,2502493960816361.0,199735507697690.25,25024939608.16361,1997355076.9769025,0.3612713056114479,6.253312221128856,15.115869606296364,-0.1253589450884423,0.5139968895800933,0.0172047048916641,0.0058898225957049,6.994362107414022,0.123,-0.110695652173913,0.5210696920583469,2572.0,0.0291969125882358,0.0008141725301036,21.131522196498533,2.6174934037797775e-85,0.0156074515981377,0.0188019581851904,80,10,1.0118633567773752,-0.0786680445563781,0.2441094628931291,-24214.61128944048,199735507721904.84,2502493960816361.0,707431118791923.6,199735507697690.25,15862558557805.094,1253482676781.6362,EDUCOMP,EDUCOMP SOLUTIONS LTD,BZ,2016-08-29,2026-08-24,1931,113561.4,39699.0,0.0005178663904712,0.0487976540797342,246,0,0.7824149108589952,LOW,PARTIAL,False,True,gap_fade_050,"{""gap_threshold"":0.005}",INTRADAY_SHORT_ALLOWED_RESEARCH,2016-08-29,2026-08-27,99.03843931303885,99.69026650948848,99.06155375262927,89.4274553313455,99.03843931303885,97.73178004299285,5,ROBUST POSITIVE,LIMITED SAMPLE,417,
27,206,INE216H01027,1223,1223,1768039331970476.2,159977098685313.62,17680393319.70476,1599770986.8531363,0.3586744298897629,6.232220811485841,15.389341722178902,-0.1239738860569716,0.5077677841373671,0.017900345210122,0.0061300813008129,7.566591998460848,0.123,-0.110695652173913,0.4955429497568882,2446.0,0.0294762213464409,0.0008428660877724,21.23747232188289,1.9129369905087845e-85,0.016246720182241,0.019553970238003,77,13,1.0118633567773752,-0.0745413581891331,0.2450492175051362,-24214.61128944048,159977098709528.25,1768039331970476.2,532146615873402.2,159977098685313.62,14406821628126.465,1291263468640.596,EDUCOMP,EDUCOMP SOLUTIONS LTD,BZ,2016-08-29,2026-08-24,1931,113561.4,39699.0,0.0005178663904712,0.0487976540797342,246,0,0.7824149108589952,LOW,PARTIAL,False,True,gap_fade_100,"{""gap_threshold"":0.01}",INTRADAY_SHORT_ALLOWED_RESEARCH,2016-08-29,2026-08-27,99.01070198553036,99.68102073365232,99.06848808450638,89.51297875783001,99.01070198553036,97.73166447079491,5,ROBUST POSITIVE,LIMITED SAMPLE,429,
28,220,INE778A01021,1297,1297,1952465039917473.2,152328671261609.88,19524650399.174736,1523286712.6160986,0.3990865349358561,5.624553214163627,12.32965906504798,-0.1179084736622994,0.5034695451040864,0.0169496113176853,0.0015335689045936,5.678876039469281,0.1854999999999997,-0.0939117647058822,0.5255267423014587,2594.0,0.0326599559689443,0.0009068711934566,18.69020809127226,3.295840075097842e-69,0.0151705149268877,0.0187287077084829,87,13,1.446545610182003,-0.055808864516967,0.2565339953439823,830369.8573942014,152328670431240.03,1952465039917473.2,545701394490494.4,152328671261609.88,11824829946309.152,913301841642.5808,TECHIN,TECHINDIA NIRMAN LIMITED,BZ,2016-08-30,2025-06-09,1818,37610.075,4132.5,0.0748074807480748,0.0440833291294711,509,0,0.7366288492706645,LOW,PARTIAL,True,True,gap_fade_050,"{""gap_threshold"":0.005}",INTRADAY_SHORT_ALLOWED_RESEARCH,2016-08-29,2026-08-27,99.00607909761227,99.37822157501792,99.0245706492846,89.97411182765875,99.00607909761227,97.72941081293484,5,ROBUST POSITIVE,LIMITED SAMPLE,431,
29,28,INE293B01029,1354,1354,5.3909348221257954e+20,3.843351083159494e+19,5390934822125796.0,384335108315949.4,0.51425700058101,6.954416821917033,22.30620974555493,-0.1771891588812355,0.5605612998522895,0.02586823989453,0.0149852145690588,13.133184887835323,0.248,-0.1223007518796993,0.5486223662884927,2708.0,0.0401402849190748,0.0010908652784259,23.71350560525247,3.0667071111899934e-104,0.023728268894259,0.0280082108948009,98,3,4.466073790991231,-0.0430882037979343,0.4948571582541007,47320.8713483318,3.843351083159489e+19,5.3909348221257954e+20,1.4403468700280993e+20,3.843351083159494e+19,2.725909647135815e+18,1.9233550500691386e+17,HAVISHA,SRI HAVISHA HOSP & INFR L,EQ,2018-04-12,2026-08-27,2033,53693.8,34359.0,0.0206591244466305,0.0615708297119747,335,1,0.8237439222042139,LOW,PARTIAL,True,True,gap_fade_100,"{""gap_threshold"":0.01}",INTRADAY_SHORT_ALLOWED_RESEARCH,2016-08-29,2026-08-27,99.86131336245752,99.90754224163835,99.88905068996601,85.27379053694844,99.86131336245752,97.68797817996902,5,ROBUST POSITIVE,LIMITED SAMPLE,61,
30,223,INE778A01021,1208,1208,914494417403348.8,85141009048168.11,9144944174.03349,851410090.4816811,0.3892357976143191,5.603078595574547,12.996614069075,-0.1179084736622994,0.4991721854304636,0.0176814211969496,-0.0001151282409363,6.479351328757319,0.1854999999999997,-0.0939117647058822,0.4894651539708265,2416.0,0.0326966968778583,0.0009407417403949,18.795191536336525,2.5027803091212065e-69,0.015835750483189,0.0195270919107103,88,12,1.446545610182003,-0.055808864516967,0.2421229868128051,830369.8573942014,85141008217798.25,914494417403348.8,279198742291314.28,85141009048168.11,7889768611649.223,727695015384.4323,TECHIN,TECHINDIA NIRMAN LIMITED,BZ,2016-08-30,2025-06-09,1818,37610.075,4132.5,0.0748074807480748,0.0440833291294711,509,0,0.7366288492706645,LOW,PARTIAL,True,True,gap_fade_100,"{""gap_threshold"":0.01}",INTRADAY_SHORT_ALLOWED_RESEARCH,2016-08-29,2026-08-27,98.93211289092297,99.36897579918174,98.98758754593995,89.97411182765875,98.93211289092297,97.6868802440885,5,ROBUST POSITIVE,LIMITED SAMPLE,463,
31,81,INE831Q01016,1213,1213,1.1821834850885332e+18,1.1046757619154883e+17,11821834850885.334,1104675761915.4883,0.4622238425511107,6.379635609137587,16.348208911019935,-0.1660120980068167,0.5276174773289365,0.0238084997952016,0.0047911714770798,9.193808664773364,0.2837142857142858,-0.0933043478260869,0.4914910858995138,2426.0,0.0379109215907467,0.0010885138055685,21.87248308051276,1.184121791201445e-89,0.0216729192772329,0.0259440803131703,90,3,1.514535984782604,-0.0321093969691547,0.3003460363221255,-84276.27060439566,1.104675761916331e+17,1.1821834850885332e+18,3.6158602834441766e+17,1.1046757619154883e+17,1.0274638049955718e+16,951200497861344.4,BKMINDST,BKM INDUSTRIES LIMITED,BZ,2016-08-29,2024-11-25,1906,81090.625,31395.5,0.0010493179433368,0.0602907131540538,289,0,0.7722852512155591,LOW,PARTIAL,False,True,gap_fade_100,"{""gap_threshold"":0.01}",INTRADAY_SHORT_ALLOWED_RESEARCH,2016-08-29,2026-08-27,99.60936597092204,99.73880683262834,99.69488939740656,86.29544876684466,99.60936597092204,97.6552712479486,5,ROBUST POSITIVE,LIMITED SAMPLE,170,
32,231,INE363W01018,849,849,314146150544978.7,59885508517841.71,3141461505.4497867,598855085.1784171,0.3807575105614592,5.624780218412295,6.407326739025633,-0.1258299999999999,0.7750294464075382,0.0247053471381627,0.0213576642335765,7.487147386486544,0.2078445595854923,-0.1169999999999999,0.3440032414910859,1698.0,0.0356764211468626,0.0012244116040076,20.17732195390727,3.0039834140993935e-74,0.0223021144022775,0.0271085798740479,65,1,2.2308292658473663,-0.0022704060527093,0.349563478432855,46835.948193106015,59885508471005.766,314146150544978.7,137215319856662.16,59885508517841.71,11378947618461.52,2155099184459.3877,BHAGYAPROP,BHAGYAPROP,EQ,2017-07-20,2022-12-09,1330,183170.025,7131.0,0.0203007518796992,0.0623104443149824,26,0,0.5388978930307942,LOW,PARTIAL,True,True,gap_fade_100,"{""gap_threshold"":0.01}",INTRADAY_SHORT_ALLOWED_RESEARCH,2016-08-29,2026-08-27,98.87432679194693,99.38053301897696,99.13320851535956,89.38816078404179,98.87432679194693,97.6044194808497,5,ROBUST POSITIVE,LIMITED SAMPLE,488,
33,216,INE559B01023,232,232,294088038866379.1,192355428550276.72,2940880388.663791,1923554285.502767,0.69000378181975,3.476356925241678,16.115069121976024,-0.096533826181818,0.5948275862068966,0.1012587264268298,0.109111111111111,85.22824962231745,0.398,-0.0929090909090908,0.0940032414910859,464.0,0.1041510472365049,0.0068378512456149,14.808559412836884,2.468297962485392e-35,0.0877861993394421,0.1147312535142175,24,0,10.500001419819055,0.0,1.22393808829895,-97184.32426452637,192355428647461.03,294088038866379.1,237866574185811.47,192355428550276.72,125716068612708.77,82098481037488.08,NAKODA,NAKODA,BZ,2016-08-29,2019-02-18,506,39388.075,129198.5,0.0,0.2085352833376549,3,21,0.2050243111831442,LOW,PARTIAL,False,True,gap_fade_050,"{""gap_threshold"":0.005}",INTRADAY_SHORT_ALLOWED_RESEARCH,2016-08-29,2026-08-27,99.03034925918222,96.887640709151,99.5458012620484,91.47423895707648,99.03034925918222,97.57148140443334,5,ROBUST POSITIVE,LIMITED SAMPLE,420,
34,200,INE559B01023,232,232,294088038866379.1,192355428550276.72,2940880388.663791,1923554285.502767,0.69000378181975,3.476356925241678,16.115069121976024,-0.096533826181818,0.5948275862068966,0.1012587264268298,0.109111111111111,85.22824962231745,0.398,-0.0929090909090908,0.0940032414910859,464.0,0.1041510472365049,0.0068378512456149,14.808559412836884,2.468297962485392e-35,0.0877861993394421,0.1147312535142175,24,0,10.500001419819055,0.0,1.22393808829895,-97184.32426452637,192355428647461.03,294088038866379.1,237866574185811.47,192355428550276.72,125716068612708.77,82098481037488.08,NAKODA,NAKODA,BZ,2016-08-29,2019-02-18,506,39388.075,129198.5,0.0,0.2085352833376549,3,21,0.2050243111831442,LOW,PARTIAL,False,True,gap_fade_100,"{""gap_threshold"":0.01}",INTRADAY_SHORT_ALLOWED_RESEARCH,2016-08-29,2026-08-27,99.03034925918222,96.887640709151,99.5458012620484,91.47423895707648,99.03034925918222,97.57148140443334,5,ROBUST POSITIVE,LIMITED SAMPLE,420,
35,8,INE268L01020,712,712,2.334352466693965e+24,6.089739079634511e+23,2.334352466693965e+19,6.089739079634511e+18,0.959059077145752,5.062709582337041,29.82690802091216,-0.1783177161804603,0.4311797752808989,0.0667871630728119,-0.002,34.4774608116622,0.4979999999999998,-0.133578947368421,0.2884927066450567,1424.0,0.0973980959928827,0.0036501479697263,18.297111138160087,1.4121496862618242e-61,0.059620805287896,0.0739535208577278,66,7,7.779900186757647,-0.0430882037979343,1.258556289818041,5191460.055096442,6.089739079634511e+23,2.334352466693965e+24,1.1926724112498112e+24,6.089739079634511e+23,1.5846008849876286e+23,4.112688270918297e+22,SHEKHAWATI,SHEKHAWATI INDUSTRIES LTD,BE,2016-08-29,2024-08-27,1490,65799.57500000001,124406.5,0.0006711409395973,0.1496942775682119,228,1,0.6037277147487844,LOW,PARTIAL,False,True,gap_fade_100,"{""gap_threshold"":0.01}",INTRADAY_SHORT_ALLOWED_RESEARCH,2016-08-29,2026-08-27,99.96763978457342,99.02225920532557,99.96763978457342,85.18711138848438,99.96763978457342,97.56148440931051,5,ROBUST POSITIVE,LIMITED SAMPLE,15,
36,58,INE938A01021,1153,1153,9.82986339441559e+18,1.0373184137810816e+18,98298633944155.88,10373184137810.814,0.8327080738606152,4.037458342328733,23.040601104590543,-0.1481121773539869,0.4215091066782307,0.0285572338059703,-0.002,9.872812269123042,0.6646666666666667,-0.0760740740740739,0.4671799027552674,2306.0,0.073875760964039,0.0021756413969919,13.125891907303062,8.831721931889343e-37,0.0242885701754653,0.0328258974364752,71,14,7.193635484116244,-0.0634992507411839,1.232016916347734,194561.42126158887,1.0373184137808868e+18,9.82986339441559e+18,3.194983707610183e+18,1.0373184137810816e+18,1.0898382119711234e+17,1.1399604187060618e+16,LCCINFOTEC,LCC INFOTECH LTD,EQ,2016-08-29,2026-08-27,1681,215026.8,81821.0,0.007733491969066,0.0710465240239688,399,3,0.6811183144246353,LOW,PARTIAL,False,True,gap_fade_100,"{""gap_threshold"":0.01}",INTRADAY_SHORT_ALLOWED_RESEARCH,2016-08-29,2026-08-27,99.72724961283313,97.88502877747729,99.80121581952245,87.63724198506807,99.72724961283313,97.56009754293508,5,ROBUST POSITIVE,LIMITED SAMPLE,119,
37,8,INE268L01020,714,714,2.2691621510886533e+24,5.8956818557661615e+23,2.269162151088653e+19,5.895681855766161e+18,0.9591525436896744,5.0587965313008265,29.770129983086758,-0.1783177161804603,0.4299719887955182,0.0665550934849608,-0.002,33.714989499145084,0.4979999999999998,-0.133578947368421,0.2893030794165316,1428.0,0.0973600611982519,0.003643608716222,18.26625707328156,1.9430689570326176e-61,0.0594016084715304,0.0737085784983912,65,8,7.779900186757647,-0.0430882037979343,1.2587014225652369,5191460.055096442,5.8956818557661615e+23,2.2691621510886533e+24,1.15701462400573e+24,5.8956818557661615e+23,1.5278753175524968e+23,3.9493250173331344e+22,SHEKHAWATI,SHEKHAWATI INDUSTRIES LTD,BE,2016-08-29,2024-08-27,1490,65799.57500000001,124406.5,0.0006711409395973,0.1496942775682119,228,1,0.6037277147487844,LOW,PARTIAL,False,True,gap_fade_050,"{""gap_threshold"":0.005}",INTRADAY_SHORT_ALLOWED_RESEARCH,2016-08-29,2026-08-27,99.96532834061438,99.01994776136652,99.96532834061438,85.18711138848438,99.96532834061438,97.55951968194532,5,ROBUST POSITIVE,LIMITED SAMPLE,16,
38,62,INE938A01021,1174,1174,9.662002520903426e+18,9.775721194540214e+17,96620025209034.28,9775721194540.213,0.8340933772685787,4.024805056021743,21.504252028127016,-0.1481121773539869,0.4224872231686541,0.0280050298846612,-0.002,9.173268550987231,0.6646666666666667,-0.0760740740740739,0.4756888168557536,2348.0,0.0734489487551801,0.0021436384378749,13.064250663663165,1.6275646243475233e-36,0.0237992360627001,0.0322108237066223,71,14,7.193635484116244,-0.080905656094291,1.2320263116123853,194561.42126158887,9.775721194538268e+17,9.662002520903426e+18,3.075044647195094e+18,9.775721194540214e+17,9.846435579776088e+16,9873023421773002.0,LCCINFOTEC,LCC INFOTECH LTD,EQ,2016-08-29,2026-08-27,1681,215026.8,81821.0,0.007733491969066,0.0710465240239688,399,3,0.6811183144246353,LOW,PARTIAL,False,True,gap_fade_050,"{""gap_threshold"":0.005}",INTRADAY_SHORT_ALLOWED_RESEARCH,2016-08-29,2026-08-27,99.71800383699697,97.86884866976399,99.79197004368629,87.63724198506807,99.71800383699697,97.55085176709892,5,ROBUST POSITIVE,LIMITED SAMPLE,123,
39,81,INE425A01011,1439,1439,4.018206888151539e+18,2.3944416492817018e+17,40182068881515.39,2394441649281.7017,0.4363907120301653,6.918584742154796,12.273865211086129,-0.1783072479167776,0.6518415566365532,0.0205483324750848,0.0163486238532108,5.899436429933999,0.2098055555555557,-0.0983855421686745,0.583063209076175,2878.0,0.0334708451001175,0.0008823406358759,23.28843491911302,4.725041389641649e-102,0.0188175198026035,0.0222791451475661,88,2,1.060216121110333,-0.0401617175255002,0.2697981300764053,-82273.444459942,2.3944416492825245e+17,4.018206888151539e+18,9.815640720701194e+17,2.3944416492817018e+17,1.418954504009573e+16,836210155107969.9,METALFORGE,METALFORGE,BZ,2016-08-29,2024-05-17,1817,100524.85,16033.0,0.0011007154650522,0.0600377736114028,106,0,0.736223662884927,LOW,PARTIAL,False,True,gap_fade_050,"{""gap_threshold"":0.005}",INTRADAY_SHORT_ALLOWED_RESEARCH,2016-08-29,2026-08-27,99.64403763030766,99.89598502184315,99.68795506552944,85.19520144234103,99.64403763030766,97.53588516746412,5,ROBUST POSITIVE,LIMITED SAMPLE,155,
40,86,INE425A01011,1306,1306,1.0197705683884284e+18,7.910193058474323e+16,10197705683884.283,791019305847.4324,0.4201895475932243,6.897061026559039,12.32611795662426,-0.1783072479167777,0.6562021439509954,0.0217325531937535,0.0173213362687852,6.717239120931957,0.2098055555555557,-0.0983855421686745,0.5291734197730956,2612.0,0.0331955733302396,0.0009185622332525,23.659314967480874,2.874044348578274e-103,0.0199305329834367,0.0235345734040704,89,1,1.060216121110333,-0.0211663039942012,0.2571716493879461,-82273.444459942,7.91019305848255e+16,1.0197705683884284e+18,2.841952062109605e+17,7.910193058474323e+16,6105084205776102.0,468821600411094.0,METALFORGE,METALFORGE,BZ,2016-08-29,2024-05-17,1817,100524.85,16033.0,0.0011007154650522,0.0600377736114028,106,0,0.736223662884927,LOW,PARTIAL,False,True,gap_fade_100,"{""gap_threshold"":0.01}",INTRADAY_SHORT_ALLOWED_RESEARCH,2016-08-29,2026-08-27,99.58162864341354,99.88442780204794,99.65328340614383,85.19288999838199,99.58162864341354,97.49820863093176,5,ROBUST POSITIVE,LIMITED SAMPLE,182,
41,10,INE215G01021,536,536,9.761379202241947e+22,3.5923435377660875e+22,9.761379202241948e+17,3.592343537766088e+17,1.187287897411469,3.977947996156725,14.919672321149491,-0.1644421339777065,0.5914179104477612,0.0862968546888096,0.0313333333333333,25.22953792870985,0.6646666666666667,-0.1392549019607842,0.2171799027552674,1072.0,0.1412579717185042,0.006101415081464,14.14374428499016,8.19592263390016e-39,0.0743111860048156,0.0982825233728036,52,2,31.43329108541738,-0.0879434983067953,3.4475361295075424,-99919.85178798884,3.5923435377660875e+22,9.761379202241947e+22,5.923070254458035e+22,3.5923435377660875e+22,1.3195446484832994e+22,4.837786872104858e+21,SMPL,SMPL,BZ,2016-08-29,2021-06-18,1070,21831.575,36224.5,0.008411214953271,0.1573258375389261,113,56,0.43354943273906,LOW,PARTIAL,False,True,gap_fade_050,"{""gap_threshold"":0.005}",INTRADAY_SHORT_ALLOWED_RESEARCH,2016-08-29,2026-08-27,99.95723828675773,97.78679240921804,99.96186117467582,86.39137369114486,99.95723828675773,97.48919399949148,5,ROBUST POSITIVE,LIMITED SAMPLE,19,
42,10,INE215G01021,536,536,9.761379202241947e+22,3.5923435377660875e+22,9.761379202241948e+17,3.592343537766088e+17,1.187287897411469,3.977947996156725,14.919672321149491,-0.1644421339777065,0.5914179104477612,0.0862968546888096,0.0313333333333333,25.22953792870985,0.6646666666666667,-0.1392549019607842,0.2171799027552674,1072.0,0.1412579717185042,0.006101415081464,14.14374428499016,8.19592263390016e-39,0.0743111860048156,0.0982825233728036,52,2,31.43329108541738,-0.0879434983067953,3.4475361295075424,-99919.85178798884,3.5923435377660875e+22,9.761379202241947e+22,5.923070254458035e+22,3.5923435377660875e+22,1.3195446484832994e+22,4.837786872104858e+21,SMPL,SMPL,BZ,2016-08-29,2021-06-18,1070,21831.575,36224.5,0.008411214953271,0.1573258375389261,113,56,0.43354943273906,LOW,PARTIAL,False,True,gap_fade_100,"{""gap_threshold"":0.01}",INTRADAY_SHORT_ALLOWED_RESEARCH,2016-08-29,2026-08-27,99.95723828675773,97.78679240921804,99.96186117467582,86.39137369114486,99.95723828675773,97.48919399949148,5,ROBUST POSITIVE,LIMITED SAMPLE,19,
43,386,INE455J01027,121,121,1315828246373.2915,1063384288039.8674,13158282.463732917,10633842.880398674,0.7207832925251287,2.595780392201783,,-0.009960079920032,0.6528925619834711,0.1514369670733307,0.1646666666666667,219.14134542705975,0.6646666666666667,-0.002,0.0490275526742301,242.0,0.142803915658314,0.0129821741507558,11.66499272885768,1.7571113779465684e-21,0.125733165748559,0.1771407683981024,13,1,15.296889479875244,-0.009960079920032,1.6367192491470717,46938.775510204345,1063384241101.092,1315828246373.2915,1182947180610.5186,1063384288039.8674,859045016346.6348,693706326938.4163,AUSTRAL,AUSTRAL,BZ,2016-08-29,2018-07-16,263,10116.65,34432.0,0.0076045627376425,0.1967922023055102,57,7,0.1065640194489465,LOW,PARTIAL,False,True,gap_fade_050,"{""gap_threshold"":0.005}",INTRADAY_SHORT_ALLOWED_RESEARCH,2016-08-29,2026-08-27,98.23521253727203,94.55077086656034,98.9794974920833,97.02054873679587,98.23521253727203,97.46498162402054,5,ROBUST POSITIVE,LIMITED SAMPLE,764,
44,359,INE455J01027,121,121,1315828246373.2915,1063384288039.8674,13158282.463732917,10633842.880398674,0.7207832925251287,2.595780392201783,,-0.009960079920032,0.6528925619834711,0.1514369670733307,0.1646666666666667,219.14134542705975,0.6646666666666667,-0.002,0.0490275526742301,242.0,0.142803915658314,0.0129821741507558,11.66499272885768,1.7571113779465684e-21,0.125733165748559,0.1771407683981024,13,1,15.296889479875244,-0.009960079920032,1.6367192491470717,46938.775510204345,1063384241101.092,1315828246373.2915,1182947180610.5186,1063384288039.8674,859045016346.6348,693706326938.4163,AUSTRAL,AUSTRAL,BZ,2016-08-29,2018-07-16,263,10116.65,34432.0,0.0076045627376425,0.1967922023055102,57,7,0.1065640194489465,LOW,PARTIAL,False,True,gap_fade_100,"{""gap_threshold"":0.01}",INTRADAY_SHORT_ALLOWED_RESEARCH,2016-08-29,2026-08-27,98.23521253727203,94.55077086656034,98.9794974920833,97.02054873679587,98.23521253727203,97.46498162402054,5,ROBUST POSITIVE,LIMITED SAMPLE,764,
45,230,INE874F01027,1221,1221,674847491116785.9,61178470352937.64,6748474911.167859,611784703.5293764,0.3919819166241912,5.478323757866546,17.10084717458468,-0.1326748571124394,0.3996723996723996,0.0172243434770908,-0.002,8.486003466903966,0.2063333333333332,-0.1107719298245615,0.4947325769854133,2442.0,0.0329076324479534,0.0009417568894162,18.28958584817713,3.1521400015574225e-66,0.0153767008726512,0.0190719860815304,95,14,1.3468906738359792,-0.0735733896840546,0.270721973522853,529896.3486671286,61178469823041.29,674847491116785.9,203309940936084.1,61178470352937.64,5519956152717.436,495688086583.0406,RADAAN,RADAAN MEDIAWORKS (I) LTD,EQ,2016-08-30,2026-08-27,1996,20938.6,11602.0,0.0506012024048096,0.0383579969383244,808,0,0.8087520259319287,LOW,PARTIAL,True,True,gap_fade_100,"{""gap_threshold"":0.01}",INTRADAY_SHORT_ALLOWED_RESEARCH,2016-08-29,2026-08-27,98.87894967986502,99.29732103645146,98.9459815546772,88.79643113052724,98.87894967986502,97.46365254374409,5,ROBUST POSITIVE,LIMITED SAMPLE,486,
46,255,INE874F01027,1247,1247,579069618267092.4,49816455644573.37,5790696182.670924,498164556.44573367,0.3959370551252474,5.374171308941904,14.954264179989387,-0.1326748571124389,0.3985565356856455,0.0167115147163509,-0.002,7.40541384245269,0.2063333333333332,-0.1107719298245615,0.5052674230145867,2494.0,0.0330668552357446,0.0009363962533078,17.84662706340004,1.2875794163588606e-63,0.0148744272672708,0.0185486021654311,95,14,1.3468906738359792,-0.0735733896840546,0.2716812632386914,529896.3486671286,49816455114677.016,579069618267092.4,169947204958409.84,49816455644573.37,4264940017192.7466,363364652372.7218,RADAAN,RADAAN MEDIAWORKS (I) LTD,EQ,2016-08-30,2026-08-27,1996,20938.6,11602.0,0.0506012024048096,0.0383579969383244,808,0,0.8087520259319287,LOW,PARTIAL,True,True,gap_fade_050,"{""gap_threshold"":0.005}",INTRADAY_SHORT_ALLOWED_RESEARCH,2016-08-29,2026-08-27,98.84890090839747,99.22335482976216,98.89744123153734,88.79874257448628,98.84890090839747,97.4259760072117,5,ROBUST POSITIVE,LIMITED SAMPLE,499,
47,46,INE224E01036,1462,1462,6.2302820252189655e+19,3.5603247533568727e+18,623028202521896.5,35603247533568.73,0.6130409607654117,5.506621053654614,17.53998782527411,-0.1839527984203254,0.5006839945280438,0.0226137156018526,0.0015190435104153,7.678474854503031,0.3313333333333335,-0.1392549019607842,0.5923824959481362,2924.0,0.0480588321321451,0.0012568965280755,17.99170822476235,1.574816969220652e-65,0.0201482011494312,0.025079230054274,105,2,6.271937616439544,-0.0458118538588516,0.6268873101635658,-99177.9313153758,3.560324753356972e+18,6.2302820252189655e+19,1.4904018403187118e+19,3.5603247533568727e+18,2.0231541631139507e+17,1.1431840656643868e+16,GATECHDVR,GACM TECHNOLOGIES LIMITED,BE,2017-10-10,2026-08-27,2174,229173.135,134473.5,0.0119595216191352,0.0648484328896796,397,12,0.8808752025931929,LOW,PARTIAL,True,True,gap_fade_100,"{""gap_threshold"":0.01}",INTRADAY_SHORT_ALLOWED_RESEARCH,2016-08-29,2026-08-27,99.78272426785013,99.32043547604188,99.8035272634815,84.64738922404827,99.78272426785013,97.42412685204448,5,ROBUST POSITIVE,LIMITED SAMPLE,95,
48,49,INE224E01036,1521,1521,7.993398319004574e+19,4.060746176165632e+18,799339831900457.4,40607461761656.32,0.6176998428361282,5.491802975933446,16.613894026053863,-0.1839527984203253,0.5029585798816568,0.0218427763717447,0.0023290043290044,6.91283402410799,0.3313333333333335,-0.1392549019607842,0.6162884927066451,3042.0,0.047688904708042,0.0012227924284113,17.86302880540662,6.211538099157542e-65,0.0194442373388168,0.0242413154046726,105,2,6.271937616439544,-0.0458118538588516,0.6265302331954549,-99177.9313153758,4.0607461761657313e+18,7.993398319004574e+19,1.8029601285896368e+19,4.060746176165632e+18,2.050857304769652e+17,1.0296988094103254e+16,GATECHDVR,GACM TECHNOLOGIES LIMITED,BE,2017-10-10,2026-08-27,2174,229173.135,134473.5,0.0119595216191352,0.0648484328896796,397,12,0.8808752025931929,LOW,PARTIAL,True,True,gap_fade_050,"{""gap_threshold"":0.005}",INTRADAY_SHORT_ALLOWED_RESEARCH,2016-08-29,2026-08-27,99.78734715576822,99.31350114416476,99.79659293160438,84.6497006680073,99.78734715576822,97.42378013545061,5,ROBUST POSITIVE,LIMITED SAMPLE,93,
49,329,INE388G01018,1034,1034,19628998567314.06,2570262887998.8247,196289985.6731406,25702628.87998825,0.3336548744733793,5.400391748225751,11.763642539427094,-0.1121850939044771,0.5531914893617021,0.0170665923373774,0.0056941287878788,6.242098559504097,0.1150886075949367,-0.0769999999999999,0.4189627228525122,2068.0,0.0297594429701549,0.0009254746525896,18.440907365341133,7.27126877101269e-66,0.0152505675589763,0.0188826171157786,74,6,0.7730516426347336,-0.0373236903543657,0.1942787882847693,80487.36937274848,2570262807511.456,19628998567314.06,7106487879910.931,2570262887998.8247,335209289830.95337,43541772453.63512,TANTIACONS,TANTIACONS,BZ,2016-08-29,2023-07-20,1534,54983.25,5165.5,0.0488917861799217,0.0494972716623507,314,0,0.6215559157212318,LOW,PARTIAL,False,True,gap_fade_100,"{""gap_threshold"":0.01}",INTRADAY_SHORT_ALLOWED_RESEARCH,2016-08-29,2026-08-27,98.38892356054826,99.23953493747544,98.5692161893535,90.37745879851144,98.38892356054826,97.39338464738923,5,ROBUST POSITIVE,LIMITED SAMPLE,698,
50,89,INE831Q01016,1262,1262,1.2035019405067167e+18,1.0194913562581514e+17,12035019405067.168,1019491356258.1514,0.4688374674074387,6.278557962858896,14.863429500959205,-0.1873159377943695,0.5269413629160064,0.0228437542224393,0.003909979747189,7.771887235695465,0.2837142857142858,-0.0933043478260869,0.5113452188006483,2524.0,0.0380955058745417,0.0010723685471797,21.302148671291206,2.961019828352773e-86,0.0207399311809001,0.0249475772639785,89,4,1.514535984782604,-0.056833720055337,0.3036544743594865,-84276.27060439566,1.019491356258994e+17,1.2035019405067167e+18,3.504916167980371e+17,1.0194913562581514e+17,8594417902276566.0,721003327628923.5,BKMINDST,BKM INDUSTRIES LIMITED,BZ,2016-08-29,2024-11-25,1906,81090.625,31395.5,0.0010493179433368,0.0602907131540538,289,0,0.7722852512155591,LOW,PARTIAL,False,True,gap_fade_050,"{""gap_threshold"":0.005}",INTRADAY_SHORT_ALLOWED_RESEARCH,2016-08-29,2026-08-27,99.60243163904491,99.69257795344751,99.67870928969327,84.35152439729099,99.60243163904491,97.34808034579203,5,ROBUST POSITIVE,LIMITED SAMPLE,173,
51,142,INE215F01023,1136,1136,2.8801176863295296e+16,3118597569294849.0,288011768632.95294,31185975692.94849,0.3791806527492745,6.721745074954908,11.675814213399034,-0.1790969139323607,0.6830985915492958,0.021973259805062,0.0152413793103448,9.249733341916397,0.1381076716016149,-0.1475999999999999,0.4602917341977309,2272.0,0.0312939315957326,0.0009284766007647,23.665927377129695,5.745453583965614e-101,0.0201515364558936,0.0237949831542304,105,5,0.9430357436493352,-0.0193840689337255,0.2048009950164455,229952.05816592328,3118597569064897.0,2.8801176863295296e+16,9482463122419822.0,3118597569294849.0,336212382287459.75,36088254634377.47,WIPL,THE WESTERN INDIA PLY LTD,EQ,2017-04-18,2026-08-27,2099,103617.45,1100.0,0.1500714626012387,0.0433798392798732,272,0,0.850486223662885,LOW,PARTIAL,True,True,gap_fade_100,"{""gap_threshold"":0.01}",INTRADAY_SHORT_ALLOWED_RESEARCH,2016-08-29,2026-08-27,99.32274692000092,99.84744469870328,99.47992510921573,85.11198945981555,99.32274692000092,97.32750849455654,5,ROBUST POSITIVE,LIMITED SAMPLE,294,
52,319,INE213M01024,35,35,6370099099999.989,6104880063199.108,63700990.999999896,61048800.63199108,1.40924562367453,1.7580011517351684,,0.0,1.0,0.6932380952380952,0.498,,0.998,0.3313333333333332,0.0141815235008103,70.0,0.2900465206255441,0.0490268101951762,14.13997958419705,8.423202316041289e-16,0.5936036294095864,0.792872561066604,9,0,6061.581920482611,0.0,551.0369602084916,0.0,6104880063199.108,6370099099999.989,6236121210159.145,6104880063199.108,5850392054286.738,5606213494228.55,VKSPL,VKSPL,BZ,2016-08-29,2018-04-02,166,8537.65,85123.0,0.0301204819277108,0.4809236947791164,46,65,0.0672609400324149,LOW,PARTIAL,False,True,gap_fade_050,"{""gap_threshold"":0.005}",INTRADAY_SHORT_ALLOWED_RESEARCH,2016-08-29,2026-08-27,98.54263458382452,91.40720708226428,99.243002103414,98.9113098952916,98.54263458382452,97.31092388415044,5,ROBUST POSITIVE,LIMITED SAMPLE,631,
53,302,INE213M01024,35,35,6370099099999.989,6104880063199.108,63700990.999999896,61048800.63199108,1.40924562367453,1.7580011517351684,,0.0,1.0,0.6932380952380952,0.498,,0.998,0.3313333333333332,0.0141815235008103,70.0,0.2900465206255441,0.0490268101951762,14.13997958419705,8.423202316041289e-16,0.5936036294095864,0.792872561066604,9,0,6061.581920482611,0.0,551.0369602084916,0.0,6104880063199.108,6370099099999.989,6236121210159.145,6104880063199.108,5850392054286.738,5606213494228.55,VKSPL,VKSPL,BZ,2016-08-29,2018-04-02,166,8537.65,85123.0,0.0301204819277108,0.4809236947791164,46,65,0.0672609400324149,LOW,PARTIAL,False,True,gap_fade_100,"{""gap_threshold"":0.01}",INTRADAY_SHORT_ALLOWED_RESEARCH,2016-08-29,2026-08-27,98.54263458382452,91.40720708226428,99.243002103414,98.9113098952916,98.54263458382452,97.31092388415044,5,ROBUST POSITIVE,LIMITED SAMPLE,631,
54,316,INE649H01011,688,688,25196423829629.938,6594167739043.214,251964238.29629937,65941677.39043214,0.4569271628781599,4.246837830051124,11.82745002614466,-0.1148984988641527,0.5247093023255814,0.0276228719331038,0.0102582096266306,9.668471184364147,0.3313333333333335,-0.060064516129032,0.2787682333873582,1376.0,0.0492342528026669,0.0018770382909501,14.716200551838863,8.200472335332157e-43,0.0239374516674661,0.0313082921987414,54,1,2.034198575145089,-0.037325049502645,0.3747751620975416,-61074.69539114521,6594167800117.909,25196423829629.938,12894114230579.74,6594167739043.214,1721243506879.0774,448106628541.59314,EUROCERA,EUROCERA,BZ,2016-08-29,2021-04-13,1074,21351.35,9622.5,0.0279329608938547,0.0621803906647003,227,0,0.4351701782820097,LOW,PARTIAL,False,True,gap_fade_050,"{""gap_threshold"":0.005}",INTRADAY_SHORT_ALLOWED_RESEARCH,2016-08-29,2026-08-27,98.56690474539445,98.20863093174306,98.92980144696392,90.18560894991101,98.56690474539445,97.31063495365557,5,ROBUST POSITIVE,LIMITED SAMPLE,621,
55,303,INE649H01011,645,645,19985430524382.24,5698137921512.882,199854305.2438224,56981379.21512882,0.4537783764040166,4.2400448919213884,12.66652080066592,-0.1148984988641524,0.524031007751938,0.0292145466676425,0.0111578947368422,11.484853705530416,0.3313333333333335,-0.060064516129032,0.2613452188006483,1290.0,0.0499877401223385,0.0019682653451838,14.84278872212376,4.427153468799191e-43,0.0253495536625552,0.0330795396727298,54,1,2.034198575145089,-0.037325049502645,0.3721253764868113,-61074.69539114521,5698137982587.577,19985430524382.24,10674708639533.805,5698137921512.882,1620645172816.7495,459805591803.0412,EUROCERA,EUROCERA,BZ,2016-08-29,2021-04-13,1074,21351.35,9622.5,0.0279329608938547,0.0621803906647003,227,0,0.4351701782820097,LOW,PARTIAL,False,True,gap_fade_100,"{""gap_threshold"":0.01}",INTRADAY_SHORT_ALLOWED_RESEARCH,2016-08-29,2026-08-27,98.5368559739269,98.18782793611169,98.93673577884104,90.18792039387004,98.5368559739269,97.29468599033817,5,ROBUST POSITIVE,LIMITED SAMPLE,634,
56,189,INE0CHO01012,857,857,1699038865708102.0,319850654022153.3,16990388657.08102,3198506540.2215333,0.3601545614622392,6.406030509027125,8.534580430536431,-0.1698623347635627,0.79463243873979,0.0263658462348021,0.0250598966251139,9.529823930094947,0.1859999999999999,-0.0945925925925925,0.3472447325769854,1714.0,0.0320803860022715,0.0010958451106254,24.05982923969518,4.113824567651229e-98,0.0242149880949254,0.0285167043746789,71,0,1.148627666968109,0.0,0.2487549937906564,191461.57967251103,319850653830691.75,1699038865708102.0,737483155060456.5,319850654022153.3,60016931984646.24,11224768646783.64,ADL,ARCHIDPLY DECOR LIMITED,EQ,2020-10-01,2026-08-27,1455,109954.66,1752.0,0.0268041237113402,0.0622317474538288,9,0,0.589546191247974,LOW,PARTIAL,True,True,gap_fade_100,"{""gap_threshold"":0.01}",INTRADAY_SHORT_ALLOWED_RESEARCH,2016-08-29,2026-08-27,99.09622541201489,99.74574116450546,99.31812403208285,85.92330628943901,99.09622541201489,97.29457041814021,5,ROBUST POSITIVE,LIMITED SAMPLE,392,
57,149,INE314G01014,1465,1465,3.879009243898022e+16,2175721081979566.5,387900924389.8023,21757210819.795666,0.3302425334947821,7.557115790927759,11.877354994306769,-0.1795024259162499,0.6969283276450512,0.0166838422116659,0.015286084701815,6.445613428125228,0.1120684410646387,-0.1795024259162498,0.5935980551053485,2930.0,0.0248209435434908,0.0006484843123293,25.727441503923064,9.690503175322576e-121,0.0154117846539723,0.0179558997693594,117,4,0.5792578164681008,-0.0203013308694554,0.128439291585827,129573.20476056298,2175721081849992.8,3.879009243898022e+16,9193263949381542.0,2175721081979566.5,121344213299174.69,6729125217092.47,KALYANIFRG,KALYANI FORGE LIMITED,EQ,2016-08-29,2026-08-27,2451,233547.95,828.0,0.0811913504691962,0.0428933579269976,106,0,0.9931118314424636,LOW,FULL,False,True,gap_fade_100,"{""gap_threshold"":0.01}",INTRADAY_SHORT_ALLOWED_RESEARCH,2016-08-29,2026-08-27,99.29038670457435,99.97688556040958,99.26264937706584,85.07500635647088,99.29038670457435,97.28983195802418,5,ROBUST POSITIVE,LOW LIQUIDITY,308,
58,135,INE287Z01012,965,965,4.374766770837838e+16,6668309599356801.0,437476677083.7838,66683095993.56801,0.5546771756374902,4.864843949075555,19.664326471332185,-0.1714767360909741,0.3958549222797927,0.0273858680036393,-0.002,11.94255165375245,0.3979999999999999,-0.102,0.3910048622366288,1930.0,0.0516452161658576,0.0016625183322276,16.472520917676,6.617696328731642e-54,0.0241232956659752,0.0306484403413034,82,8,2.472124965281643,-0.0772558758365226,0.358445939330103,288144.3877218902,6668309599068657.0,4.374766770837838e+16,1.7087747237450134e+16,6668309599356801.0,1012692572675082.4,153226622623095.7,GAYAHWS,GAYATRI HIGHWAYS LIMITED,EQ,2018-06-28,2026-08-27,1770,134264.09999999998,159036.5,0.0,0.0796722679948984,345,1,0.7171799027552674,LOW,PARTIAL,True,True,gap_fade_050,"{""gap_threshold"":0.005}",INTRADAY_SHORT_ALLOWED_RESEARCH,2016-08-29,2026-08-27,99.3944016827312,98.87432679194693,99.58856297529066,85.77768532001942,99.3944016827312,97.28671150867949,5,ROBUST POSITIVE,LIMITED SAMPLE,263,
59,155,INE215F01023,1279,1279,2.998115301454833e+16,2438169676987357.0,299811530145.4833,24381696769.873573,0.3908412530480526,6.467797517001052,11.086773534420812,-0.1790969139323608,0.6544175136825645,0.0193566805299969,0.0126039603960395,6.646176811999408,0.1381076716016149,-0.1475999999999999,0.5182333873581848,2558.0,0.0314561896996742,0.0008795708805273,22.00695925539414,2.8535895875665663e-91,0.0176311190689885,0.0210822419910052,105,6,0.923589924971973,-0.0193840689337255,0.2083541102520579,229952.05816592328,2438169676757405.0,2.998115301454833e+16,8555071394153706.0,2438169676987357.0,197303698252549.72,15887434237996.385,WIPL,THE WESTERN INDIA PLY LTD,EQ,2017-04-18,2026-08-27,2099,103617.45,1100.0,0.1500714626012387,0.0433798392798732,272,0,0.850486223662885,LOW,PARTIAL,True,True,gap_fade_050,"{""gap_threshold"":0.005}",INTRADAY_SHORT_ALLOWED_RESEARCH,2016-08-29,2026-08-27,99.29963248041051,99.78272426785013,99.35279569146846,85.1096780158565,99.29963248041051,97.27839031042691,5,ROBUST POSITIVE,LIMITED SAMPLE,304,
60,209,INE0CHO01012,983,983,1604719023264968.0,234682834412372.4,16047190232.64968,2346828344.123724,0.3809754631908019,5.992060744965009,7.969775898895625,-0.1675298558557179,0.7487283825025433,0.022743867149002,0.020680412371134,6.2740827048426695,0.2094030738720873,-0.0988055555555555,0.3982982171799027,1966.0,0.0336953212766305,0.0010747138425045,21.16271908808614,3.4230171480822215e-82,0.0206348673303612,0.0248528669676428,69,2,1.148627666968109,-0.0139140827780027,0.2538730221428698,191461.57967251103,234682834220910.8,1604719023264968.0,613966237162077.8,234682834412372.4,34192103998339.05,4962791767501.751,ADL,ARCHIDPLY DECOR LIMITED,EQ,2020-10-01,2026-08-27,1455,109954.66,1752.0,0.0268041237113402,0.0622317474538288,9,0,0.589546191247974,LOW,PARTIAL,True,True,gap_fade_050,"{""gap_threshold"":0.005}",INTRADAY_SHORT_ALLOWED_RESEARCH,2016-08-29,2026-08-27,99.06848808450638,99.57469431153642,99.22797771768023,86.1636964611793,99.06848808450638,97.2659085130481,5,ROBUST POSITIVE,LIMITED SAMPLE,404,
61,30,INE159N01027,1637,1637,8.987187070580218e+20,3.637190623604485e+19,8987187070580218.0,363719062360448.5,0.5846591394808628,6.169814725420152,16.21635165274994,-0.2050532524482342,0.4483811850946854,0.0215809620437147,-0.002,6.804767778577025,0.248,-0.1538518518518519,0.663290113452188,3274.0,0.0434573890215463,0.0010740865791818,20.09238590445281,1.970077603374548e-80,0.0194742324266307,0.0236876916607988,104,12,3.2287452194071697,-0.1015444240282399,0.4758903461372855,195.341202042604,3.637190623604485e+19,8.987187070580218e+20,1.809408317507281e+20,3.637190623604485e+19,1.4627485609624545e+18,5.84552906381077e+16,VIJIFIN,VIJI FINANCE LIMITED,BE,2016-10-26,2026-08-27,2353,247509.9,114241.0,0.0016999575010624,0.0642034956145262,445,0,0.9534035656401944,LOW,FULL,True,True,gap_fade_100,"{""gap_threshold"":0.01}",INTRADAY_SHORT_ALLOWED_RESEARCH,2016-08-29,2026-08-27,99.85669047453945,99.66021773802095,99.85900191849849,82.81672560848762,99.85669047453945,97.2618634861198,5,ROBUST POSITIVE,LOW LIQUIDITY,63,
62,93,INE750M01017,1521,1521,9.650837485460472e+17,4.867426794474229e+16,9650837485460.47,486742679447.42285,0.4089165748130745,6.955107636456859,11.719737323076451,-0.1947755112890775,0.6725838264299803,0.0183127670262919,0.0127492625368731,5.943577755810911,0.1032631578947369,-0.160953722334004,0.6162884927066451,3042.0,0.0307925661296314,0.0007895529776828,23.193842014294443,3.903579952197417e-102,0.0167640384019274,0.0198614956506564,117,4,1.0557386978366647,-0.1324406254715592,0.2355616192911575,824104.9887597539,4.867426794391818e+16,9.650837485460472e+17,2.168957094442621e+17,4.867426794474229e+16,2440500281098457.0,121644704983525.6,HEXATRADEX,HEXA TRADEX LIMITED,EQ,2016-08-29,2026-08-27,2466,582876.1000000001,7343.5,0.0040551500405515,0.0491479970937531,105,0,0.9991896272285252,LOW,FULL,False,True,gap_fade_100,"{""gap_threshold"":0.01}",INTRADAY_SHORT_ALLOWED_RESEARCH,2016-08-29,2026-08-27,99.551579871946,99.9098536855974,99.56544853570026,83.78290918336685,99.551579871946,97.26070776414026,5,ROBUST POSITIVE,LOW LIQUIDITY,195,
63,34,INE159N01027,1691,1691,8.423448078017391e+20,3.0591950389149807e+19,8423448078017392.0,305919503891498.06,0.588536906304567,6.102686155849741,15.609881107970256,-0.2050532524482343,0.449438202247191,0.0208015522955535,-0.002,6.239110465657982,0.248,-0.1538518518518519,0.6851701782820098,3382.0,0.0432451795132601,0.0010516371037341,19.780162017573502,1.6950750604439744e-78,0.0187389042132599,0.0228642003778471,103,13,3.2287452194071697,-0.0552559034850038,0.4759237120050253,195.341202042604,3.0591950389149807e+19,8.423448078017391e+20,1.6065786472131795e+20,3.0591950389149807e+19,1.1038020834557596e+18,3.956679234953172e+16,VIJIFIN,VIJI FINANCE LIMITED,BE,2016-10-26,2026-08-27,2353,247509.9,114241.0,0.0016999575010624,0.0642034956145262,445,0,0.9534035656401944,LOW,FULL,True,True,gap_fade_050,"{""gap_threshold"":0.005}",INTRADAY_SHORT_ALLOWED_RESEARCH,2016-08-29,2026-08-27,99.85206758662136,99.61630030279916,99.84051036682615,82.81441416452859,99.85206758662136,97.24695467258397,5,ROBUST POSITIVE,LOW LIQUIDITY,65,
64,427,INE697V01011,710,710,763130128083.4756,189937215021.33185,7631301.280834756,1899372.1502133184,0.3199036354332346,4.782218487807854,5.976550570884514,-0.092728788915906,0.6619718309859155,0.0211025459907469,0.0164948557458629,6.579364668228707,0.1688222811671087,-0.0769999999999999,0.2876823338735818,1420.0,0.0330969108823081,0.0012421049319213,16.98934240451312,1.4537563150247827e-54,0.0186639020677898,0.023541189913704,56,3,0.8117915701277185,-0.0276388960478721,0.1937180102161856,326907.7432698331,189936888113.5886,763130128083.4756,380848630855.8274,189937215021.33185,47144863668.59461,11669850468.72349,PANSARI,PANSARI DEVELOPERS LTD,EQ,2021-10-19,2026-08-27,1184,170865.7,1253.5,0.0861486486486486,0.0512273660527094,108,0,0.479740680713128,LOW,PARTIAL,True,True,gap_fade_100,"{""gap_threshold"":0.01}",INTRADAY_SHORT_ALLOWED_RESEARCH,2016-08-29,2026-08-27,97.85266856205071,98.80267202921665,98.35887478908074,91.80361972123985,97.85266856205071,97.23655317476829,5,ROBUST POSITIVE,LIMITED SAMPLE,930,
65,276,INE655I01024,32,32,28665446300000.0,27669725239813.44,286654463.0,276697252.3981344,1.6087081704400816,1.7414014913375628,,-0.002,0.96875,0.857375,0.998,13719.000000000002,0.998,-0.002,0.012965964343598,64.0,0.2613357437621993,0.0461980691451702,18.558676062972054,2.4060309707796357e-18,0.7631534167808742,0.9515965832191258,6,0,94.29820416399753,0.0,10.104908766428554,100000.0,27669725139813.44,28665446300000.0,28163328149654.74,27669725239813.44,26707508687163.36,25777705662807.96,BIRLACOT,BIRLACOT,EQ,2016-08-29,2017-03-08,130,89646.4,1133433.5,0.0,0.7038461538461539,0,52,0.0526742301458671,LOW,PARTIAL,False,True,gap_fade_050,"{""gap_threshold"":0.005}",INTRADAY_SHORT_ALLOWED_RESEARCH,2016-08-29,2026-08-27,98.74835309617919,91.335552319534,99.42329473221922,97.62961422000323,98.74835309617919,97.23297043663177,5,ROBUST POSITIVE,LIMITED SAMPLE,542,
66,260,INE655I01024,32,32,28665446300000.0,27669725239813.44,286654463.0,276697252.3981344,1.6087081704400816,1.7414014913375628,,-0.002,0.96875,0.857375,0.998,13719.000000000002,0.998,-0.002,0.012965964343598,64.0,0.2613357437621993,0.0461980691451702,18.558676062972054,2.4060309707796357e-18,0.7631534167808742,0.9515965832191258,6,0,94.29820416399753,0.0,10.104908766428554,100000.0,27669725139813.44,28665446300000.0,28163328149654.74,27669725239813.44,26707508687163.36,25777705662807.96,BIRLACOT,BIRLACOT,EQ,2016-08-29,2017-03-08,130,89646.4,1133433.5,0.0,0.7038461538461539,0,52,0.0526742301458671,LOW,PARTIAL,False,True,gap_fade_100,"{""gap_threshold"":0.01}",INTRADAY_SHORT_ALLOWED_RESEARCH,2016-08-29,2026-08-27,98.74835309617919,91.335552319534,99.42329473221922,97.62961422000323,98.74835309617919,97.23297043663177,5,ROBUST POSITIVE,LIMITED SAMPLE,542,
67,164,INE976T01013,1195,1195,9292789302253906.0,892133593965127.0,92927893022.53906,8921335939.65127,0.3756251905052847,6.439251568240306,8.462790096984504,-0.178689240901213,0.7196652719665272,0.0198228827106139,0.0166991869918697,6.706147569099534,0.222390243902439,-0.1770433275563256,0.4841977309562398,2390.0,0.0308867048639379,0.0008934857400421,22.186009045516357,1.36077602461014e-91,0.0180699058677136,0.0215758595535142,88,4,1.2793348186282911,-0.1027430872513194,0.2367714442421139,-58943.22847145692,892133594024070.2,9292789302253906.0,2880963021994661.0,892133593965127.0,85253501641835.45,8109334018341.613,SAGARDEEP,SAGARDEEP ALLOYS LIMITED,EQ,2019-01-25,2026-08-27,1849,485013.82,15322.0,0.0167658193618172,0.0543730079341124,92,1,0.7491896272285251,LOW,PARTIAL,True,True,gap_fade_100,"{""gap_threshold"":0.01}",INTRADAY_SHORT_ALLOWED_RESEARCH,2016-08-29,2026-08-27,99.21642049788503,99.75729838430067,99.29500959249243,85.14434967524213,99.21642049788503,97.2295032706932,5,ROBUST POSITIVE,LIMITED SAMPLE,340,
68,458,INE697V01011,801,801,1014786695916.2784,210612292134.61383,10147866.959162785,2106122.9213461387,0.3304398815946076,4.6722261172835085,5.955901298831694,-0.0927287889159058,0.6454431960049938,0.0188768015050962,0.0133172866520787,5.1864920272130455,0.1688222811671087,-0.0769999999999999,0.3245542949756888,1602.0,0.033093665913837,0.0011693071903435,16.143577719341963,5.83799813316252e-51,0.0165815289702338,0.0211720740399585,55,4,0.8117915701277185,-0.0276388960478721,0.1960417884748082,326907.7432698331,210611965226.8706,1014786695916.2784,462484320036.7553,210612292134.61383,43576008802.76279,8987900215.406555,PANSARI,PANSARI DEVELOPERS LTD,EQ,2021-10-19,2026-08-27,1184,170865.7,1253.5,0.0861486486486486,0.0512273660527094,108,0,0.479740680713128,LOW,PARTIAL,True,True,gap_fade_050,"{""gap_threshold"":0.005}",INTRADAY_SHORT_ALLOWED_RESEARCH,2016-08-29,2026-08-27,97.89427455331345,98.70096849501884,98.31495735385896,91.8059311651989,97.89427455331345,97.22649839354645,5,ROBUST POSITIVE,LIMITED SAMPLE,912,
69,4,INE292A01023,325,325,8.063586889824353e+27,4.58757162517282e+27,8.063586889824354e+22,4.58757162517282e+22,1.9900290913232292,3.3744895030851265,29.382617988578165,-0.1695024802024375,0.6123076923076923,0.2023619055655255,0.0979999999999999,124.86938853372656,0.998,-0.113111111111111,0.1316855753646677,650.0,0.2898114517802622,0.016075846917083,12.587946788077812,7.473209548278831e-30,0.1707356866096698,0.2339881245213811,49,0,126.10668352447732,0.0,11.931725702343831,-99588.81658430284,4.58757162517282e+27,8.063586889824353e+27,6.082896396755472e+27,4.58757162517282e+27,2.60734076001367e+27,1.480374037079526e+27,UVSL,UVSL,EQ,2016-08-29,2020-11-20,1045,526102.75,3630507.0,0.0,0.3502696362336103,15,164,0.423419773095624,LOW,PARTIAL,False,True,gap_fade_050,"{""gap_threshold"":0.005}",INTRADAY_SHORT_ALLOWED_RESEARCH,2016-08-29,2026-08-27,99.98497561426623,96.62644754177934,99.98497561426623,85.95219933892703,99.98497561426623,97.20835355846798,5,ROBUST POSITIVE,LIMITED SAMPLE,7,
70,4,INE292A01023,325,325,8.063586889824353e+27,4.58757162517282e+27,8.063586889824354e+22,4.58757162517282e+22,1.9900290913232292,3.3744895030851265,29.382617988578165,-0.1695024802024375,0.6123076923076923,0.2023619055655255,0.0979999999999999,124.86938853372656,0.998,-0.113111111111111,0.1316855753646677,650.0,0.2898114517802622,0.016075846917083,12.587946788077812,7.473209548278831e-30,0.1707356866096698,0.2339881245213811,49,0,126.10668352447732,0.0,11.931725702343831,-99588.81658430284,4.58757162517282e+27,8.063586889824353e+27,6.082896396755472e+27,4.58757162517282e+27,2.60734076001367e+27,1.480374037079526e+27,UVSL,UVSL,EQ,2016-08-29,2020-11-20,1045,526102.75,3630507.0,0.0,0.3502696362336103,15,164,0.423419773095624,LOW,PARTIAL,False,True,gap_fade_100,"{""gap_threshold"":0.01}",INTRADAY_SHORT_ALLOWED_RESEARCH,2016-08-29,2026-08-27,99.98497561426623,96.62644754177934,99.98497561426623,85.95219933892703,99.98497561426623,97.20835355846798,5,ROBUST POSITIVE,LIMITED SAMPLE,7,
71,503,INE224M01013,649,649,305620143085.70026,85804371360.5726,3056201.4308570027,858043.713605726,0.2916763616396249,4.93625954437646,11.889160082578574,-0.0857633572590109,0.559322033898305,0.0217269686750256,0.0145289256198346,10.21550298024125,0.1010927835051547,-0.0430256410256411,0.262965964343598,1298.0,0.0306074004520372,0.0012014455612802,18.08402259347703,1.7381688029199574e-59,0.0193677721714482,0.024086165178603,43,1,0.9837430231665232,-0.002,0.2279212571834871,-70212.76595744671,85804441573.33856,305620143085.70026,161987252264.43533,85804371360.5726,24029962062.648357,6712840092.494069,BGLOBAL,BHARATIYA GLOBAL INFO LTD,BZ,2016-08-29,2026-08-24,1157,45772.7,13710.0,0.0025929127052722,0.0536196676051886,168,0,0.4688006482982171,LOW,PARTIAL,False,True,gap_fade_050,"{""gap_threshold"":0.005}",INTRADAY_SHORT_ALLOWED_RESEARCH,2016-08-29,2026-08-27,97.61690127822851,98.93673577884104,98.25485981092389,92.27053140096618,97.61690127822851,97.20650440330074,5,ROBUST POSITIVE,LIMITED SAMPLE,1032,
72,479,INE224M01013,625,625,278833973456.3923,82123294827.13356,2788339.7345639225,821232.9482713356,0.2893588246540967,4.957897460734727,13.515146247619615,-0.0857633572590113,0.5616,0.0224801326397493,0.0148067226890756,11.670849206307802,0.1010927835051547,-0.0358983050847457,0.2532414910858995,1250.0,0.0305875620092159,0.0012235024803686,18.37358975600621,1.364902610921275e-60,0.0200774515516247,0.024882813727874,43,1,0.9837430231665232,-0.002,0.227833387856189,-70212.76595744671,82123365039.89952,278833973456.3923,151368665486.30518,82123294827.13356,24129309932.595474,7072533771.124548,BGLOBAL,BHARATIYA GLOBAL INFO LTD,BZ,2016-08-29,2026-08-24,1157,45772.7,13710.0,0.0025929127052722,0.0536196676051886,168,0,0.4688006482982171,LOW,PARTIAL,False,True,gap_fade_100,"{""gap_threshold"":0.01}",INTRADAY_SHORT_ALLOWED_RESEARCH,2016-08-29,2026-08-27,97.60072117051523,98.9459815546772,98.27335136259622,92.26821995700715,97.60072117051523,97.20442410373761,5,ROBUST POSITIVE,LIMITED SAMPLE,1039,
73,151,INE526E01018,1289,1289,2.573998203466956e+16,2051847405031287.2,257399820346.6956,20518474050.31287,0.3377418587919916,7.377673593233602,11.886107616290223,-0.1886565047910355,0.7331264546159814,0.0189319794111782,0.01809897990102,6.9421850795667615,0.1027177671318475,-0.0701413612565445,0.5222852512155591,2578.0,0.0263752053678936,0.0007346312375848,25.77072474268508,1.8990166522742717e-118,0.017490774330287,0.0203731844920694,105,15,0.8691827716166929,-0.0859079481491937,0.1982296384226483,472518.2731881682,2051847404558768.8,2.573998203466956e+16,7271872525054008.0,2051847405031287.2,162749914762508.6,12844785083592.096,SHRIPISTON,SPR AUTO TECHNOLOGIES LTD,EQ,2016-08-29,2026-08-27,2452,682066.1499999999,622.0,0.1798531810766721,0.0435933042538815,45,1,0.993517017828201,LOW,FULL,False,True,gap_fade_100,"{""gap_threshold"":0.01}",INTRADAY_SHORT_ALLOWED_RESEARCH,2016-08-29,2026-08-27,99.28345237269723,99.96301689665535,99.33430413979613,84.24982086309318,99.28345237269723,97.17449090446803,5,ROBUST POSITIVE,LOW LIQUIDITY,311,
74,252,INE748A01016,1351,1351,516227101825023.4,36062890483367.7,5162271018.250234,360628904.83367705,0.355935070402526,5.8473718559464505,12.779937525621143,-0.155863512751759,0.5247964470762398,0.0150876207871218,0.0046666666666665,5.075405988778094,0.105843137254902,-0.0827392996108948,0.5474068071312804,2702.0,0.0285587591908759,0.0007769832561912,19.41820581962285,2.8683811046793133e-74,0.0135633950398149,0.0166118465344287,90,7,0.6384779537830549,-0.0411705448877097,0.1770221143143432,-84729.5858717309,36062890568097.29,516227101825023.4,136532321562331.72,36062890483367.7,2506093584378.6606,173237461200.9832,MBECL,MCNALLY BH. ENG. CO.LTD,BZ,2016-08-29,2025-02-20,1945,473582.15,46015.0,0.0010282776349614,0.0483824596660368,260,0,0.7880875202593193,LOW,PARTIAL,False,True,gap_fade_100,"{""gap_threshold"":0.01}",INTRADAY_SHORT_ALLOWED_RESEARCH,2016-08-29,2026-08-27,98.79342625338049,99.49841666088805,98.8165406929709,87.01893072602455,98.79342625338049,97.17287289369669,5,ROBUST POSITIVE,LIMITED SAMPLE,523,
75,380,INE607L01029,627,627,4033204139603.752,1188333401085.43,40332041.39603753,11883334.0108543,0.4517372644251471,3.901710646658045,33.645917409724426,-0.1019372028202764,0.3110047846889952,0.0275307504635214,-0.002,18.32489467900516,0.2202222222222223,-0.0575555555555555,0.2540518638573744,1254.0,0.0512347544186003,0.0020461190011923,13.455107179728271,1.973822616477243e-36,0.0235126622420046,0.0315488386850383,46,8,2.5063089153579554,-0.039249042973657,0.3719970758617021,179708.30333978165,1188333221377.1267,4033204139603.752,2189897687597.0293,1188333401085.43,349291304283.7497,102422266597.71603,BILENERGY,BILENERGY,BZ,2016-08-29,2021-08-02,1044,84646.8,90781.5,0.0258620689655172,0.0697409178364202,365,1,0.4230145867098865,LOW,PARTIAL,False,True,gap_fade_050,"{""gap_threshold"":0.005}",INTRADAY_SHORT_ALLOWED_RESEARCH,2016-08-29,2026-08-27,98.26757275269861,97.68508887502023,98.71136999283452,91.11365369946606,98.26757275269861,97.16674756720523,5,ROBUST POSITIVE,LIMITED SAMPLE,750,
76,352,INE607L01029,627,627,4033204139603.752,1188333401085.43,40332041.39603753,11883334.0108543,0.4517372644251471,3.901710646658045,33.645917409724426,-0.1019372028202764,0.3110047846889952,0.0275307504635214,-0.002,18.32489467900516,0.2202222222222223,-0.0575555555555555,0.2540518638573744,1254.0,0.0512347544186003,0.0020461190011923,13.455107179728271,1.973822616477243e-36,0.0235126622420046,0.0315488386850383,46,8,2.5063089153579554,-0.039249042973657,0.3719970758617021,179708.30333978165,1188333221377.1267,4033204139603.752,2189897687597.0293,1188333401085.43,349291304283.7497,102422266597.71603,BILENERGY,BILENERGY,BZ,2016-08-29,2021-08-02,1044,84646.8,90781.5,0.0258620689655172,0.0697409178364202,365,1,0.4230145867098865,LOW,PARTIAL,False,True,gap_fade_100,"{""gap_threshold"":0.01}",INTRADAY_SHORT_ALLOWED_RESEARCH,2016-08-29,2026-08-27,98.26757275269861,97.68508887502023,98.71136999283452,91.11365369946606,98.26757275269861,97.16674756720523,5,ROBUST POSITIVE,LIMITED SAMPLE,750,
77,227,INE363W01018,1018,1018,901877143094278.8,122813945706030.8,9018771430.94279,1228139457.060308,0.399122689072208,5.569480126483041,6.24326966288692,-0.1714215369883803,0.7485265225933202,0.02138542630947,0.0173492991738606,5.871036557610826,0.2078445595854923,-0.1232121212121213,0.4124797406807131,2036.0,0.0355592340360454,0.0011144959855458,19.18842830016605,2.8118966458542415e-70,0.0191984515807996,0.0235724010381405,66,0,2.3097981888645207,0.0,0.354514778845545,46835.948193106015,122813945659194.84,901877143094278.8,332973578827730.75,122813945706030.8,16658915053821.62,2250804368855.557,BHAGYAPROP,BHAGYAPROP,EQ,2017-07-20,2022-12-09,1330,183170.025,7131.0,0.0203007518796992,0.0623104443149824,26,0,0.5388978930307942,LOW,PARTIAL,True,True,gap_fade_050,"{""gap_threshold"":0.005}",INTRADAY_SHORT_ALLOWED_RESEARCH,2016-08-29,2026-08-27,98.97834177010378,99.34586135959134,99.1470771791138,85.77999676397846,98.97834177010378,97.1058410188845,5,ROBUST POSITIVE,LIMITED SAMPLE,443,
78,18,INE370E01029,1307,1307,5.203440070655286e+21,4.0868625417090846e+20,5.2034400706552856e+16,4086862541709085.0,0.7199885118378326,5.454374293920726,13.779017845295373,-0.2169865164089989,0.5248661055853099,0.0294265624009543,0.0097647058823529,8.562446750344792,0.6646666666666667,-0.1727317073170733,0.529578606158833,2614.0,0.0589754600516965,0.0016312989009656,18.03873121200254,4.002007703771327e-65,0.0262263094483712,0.0326268153535373,106,14,4.553396453307148,-0.0803672641036398,0.6778081705690767,-99684.13637612354,4.086862541709086e+20,5.203440070655286e+21,1.4591832284846613e+21,4.0868625417090846e+20,3.1939564785184264e+19,2.4836989913470546e+18,VIVIDHA,VISAGAR POLYTEX LTD,EQ,2016-08-29,2026-08-27,2468,440448.21,461505.5,0.0,0.0855808665151224,220,15,1.0,LOW,FULL,False,False,gap_fade_050,"{""gap_threshold"":0.005}",INTRADAY_SHORT_ALLOWED_RESEARCH,2016-08-29,2026-08-27,99.92141090539259,99.27882948477914,99.93065668122877,81.73728127961537,99.92141090539259,97.06712433257056,5,ROBUST POSITIVE,LOW LIQUIDITY,35,
79,18,INE370E01029,1275,1275,4.1864322478192166e+21,3.5041274547781874e+20,4.186432247819217e+16,3504127454778188.0,0.7198958854948779,5.432822761690086,13.600311664229343,-0.2169865164089991,0.5223529411764706,0.0300420564762545,0.0106582278481012,8.6915078480077,0.6646666666666667,-0.1727317073170733,0.516612641815235,2550.0,0.0595460359219796,0.0016676225636872,18.01490165126357,8.237565223689008e-65,0.0267704681874354,0.0333136447650737,106,14,4.553396453307148,-0.0803672641036398,0.6779653406797012,-99684.13637612354,3.504127454778189e+20,4.1864322478192166e+21,1.2119219329237238e+21,3.5041274547781874e+20,2.918839986167496e+19,2.419507540445313e+18,VIVIDHA,VISAGAR POLYTEX LTD,EQ,2016-08-29,2026-08-27,2468,440448.21,461505.5,0.0,0.0855808665151224,220,15,1.0,LOW,FULL,False,False,gap_fade_100,"{""gap_threshold"":0.01}",INTRADAY_SHORT_ALLOWED_RESEARCH,2016-08-29,2026-08-27,99.91678801747452,99.26727226498393,99.92834523726972,81.73496983565633,99.91678801747452,97.06192358366272,5,ROBUST POSITIVE,LOW LIQUIDITY,37,
80,105,INE369I01014,1579,1579,4.385432143421573e+17,1.9662529967597096e+16,4385432143421.5728,196625299675.97092,0.4097314160574041,6.713642383973676,12.708675851997931,-0.2051752325642051,0.5592146928435718,0.0170616077480043,0.0102950819672129,5.357591293144499,0.1606506024096385,-0.1323901437371661,0.6397893030794165,3158.0,0.0306035757081826,0.0007701602631827,22.15332128081469,6.666582643060687e-95,0.0155509626832913,0.0185722528127173,108,12,1.0239719504388152,-0.0414993168646945,0.1905529519925925,-23957.219251337185,1.966252996762105e+16,4.385432143421573e+17,9.293035532768456e+16,1.9662529967597096e+16,876208680510073.1,38806666654417.375,IL&FSENGG,IL&FS ENG AND CONS CO LTD,BZ,2016-08-29,2026-08-27,2468,394285.5,28877.5,0.0012155591572123,0.0510960685094471,247,0,1.0,LOW,FULL,False,False,gap_fade_100,"{""gap_threshold"":0.01}",INTRADAY_SHORT_ALLOWED_RESEARCH,2016-08-29,2026-08-27,99.48223655317476,99.8428218107852,99.48685944109285,82.80747983265145,99.48223655317476,97.05406467420197,5,ROBUST POSITIVE,LOW LIQUIDITY,225,
81,11,INE414B01021,1232,1232,7.505904404780148e+22,6.894246497301229e+21,7.505904404780148e+17,6.894246497301229e+16,0.5767008084273886,7.190204551266292,21.61614793811515,-0.2282091035182887,0.5316558441558441,0.0329629227440371,0.0110724538619276,16.21069456583754,0.2202222222222223,-0.1205185185185184,0.4991896272285251,2464.0,0.0458291941722919,0.0013056803466387,25.245783034794133,1.150628942617599e-113,0.0304013176671627,0.0355245278209114,94,10,3.7179831190819472,-0.1189229699334638,0.751554341762173,-28993.10344827584,6.894246497301229e+21,7.505904404780148e+22,2.276127412194908e+22,6.894246497301229e+21,6.303089182198825e+20,5.7358143499503215e+19,ANTGRAPHIC,ANTARCTICA LTD,EQ,2016-08-29,2026-08-27,2118,152082.965,162378.0,0.0028328611898017,0.0654249246877134,279,0,0.8581847649918962,LOW,PARTIAL,False,True,gap_fade_100,"{""gap_threshold"":0.01}",INTRADAY_SHORT_ALLOWED_RESEARCH,2016-08-29,2026-08-27,99.9491482329011,99.94683678894205,99.95839400873726,80.62085384739846,99.9491482329011,97.05129094145113,5,ROBUST POSITIVE,LIMITED SAMPLE,23,
82,74,INE227G01018,1645,1645,5.170816975103754e+18,2.0402010647057555e+17,51708169751037.55,2040201064705.756,0.4797524121181362,6.300549478791736,9.784025009819691,-0.2112197392472411,0.6066869300911855,0.0179959304370535,0.0129892933618842,4.41406334116512,0.2246666666666666,-0.1545423728813557,0.6665316045380876,3290.0,0.0355318041796309,0.000876060922872,20.541870967211874,1.1952043676922234e-83,0.0162776175197328,0.0197142433543741,114,7,1.6635145305235657,-0.0707577269882656,0.2488887402826203,136424.33634281135,2.0402010647043917e+17,5.170816975103754e+18,1.02792476050431e+18,2.0402010647057555e+17,7998696984614594.0,311592534592705.8,INDOWIND,INDOWIND ENERGY LTD,EQ,2016-08-29,2026-08-27,2466,892110.95,95118.0,0.0,0.0579839409523161,144,0,0.9991896272285252,LOW,FULL,False,True,gap_fade_100,"{""gap_threshold"":0.01}",INTRADAY_SHORT_ALLOWED_RESEARCH,2016-08-29,2026-08-27,99.63710329843053,99.70413517324272,99.62323463467628,82.23655317476828,99.63710329843053,97.03765342209279,5,ROBUST POSITIVE,LOW LIQUIDITY,158,
83,180,INE669A01022,1059,1059,5622297640767586.0,707836639781120.2,56222976407.67586,7078366397.811202,0.4057660089688765,5.92771211551315,11.083031649468117,-0.1899263104077907,0.5967894239848914,0.022243924965799,0.0129253731343284,7.830158174591502,0.2361635581061693,-0.1292727272727272,0.4290923824959481,2118.0,0.035223907181701,0.0010824043974624,20.550475421152772,3.129075484364079e-79,0.0201200216071079,0.0243678283244901,73,4,1.6448244881278864,-0.0352993559991227,0.284285102051753,1516430.5409831968,707836638264689.8,5622297640767586.0,1995923189366877.5,707836639781120.2,88753538629061.17,11083190259719.686,INFOMEDIA,INFOMEDIA PRESS LIMITED,EQ,2016-08-29,2026-08-27,1498,50482.195,9867.5,0.0353805073431241,0.0570532788453954,244,0,0.606969205834684,LOW,PARTIAL,False,True,gap_fade_050,"{""gap_threshold"":0.005}",INTRADAY_SHORT_ALLOWED_RESEARCH,2016-08-29,2026-08-27,99.19330605829461,99.54464554006887,99.31581258812379,84.15389593879297,99.19330605829461,97.03216374269005,5,ROBUST POSITIVE,LIMITED SAMPLE,350,
84,147,INE091G01018,1288,1288,2.869139998925421e+16,2290635034224660.5,286913999892.5421,22906350342.246605,0.4391778558020328,5.783961905808202,8.90197410573636,-0.1935646536496268,0.6700310559006211,0.0193149954216363,0.0151002132196161,4.731461047728295,0.3279999999999998,-0.142625,0.5218800648298217,2576.0,0.0358974586074355,0.0010002435784374,19.31029185092025,3.659014723473851e-73,0.0173527086209221,0.0212772822223505,98,4,2.054903107424374,-0.1858081510237339,0.277743547644327,8024509.803921542,2290635026200150.5,2.869139998925421e+16,8111916099774298.0,2290635034224660.5,181969565649076.1,14383738526348.662,JAIBALAJI,JAI BALAJI INDUSTRIES LTD,EQ,2016-08-29,2025-01-16,2071,891581.5,31393.0,0.0004828585224529,0.0579555167043707,52,0,0.8391410048622366,LOW,PARTIAL,False,True,gap_fade_100,"{""gap_threshold"":0.01}",INTRADAY_SHORT_ALLOWED_RESEARCH,2016-08-29,2026-08-27,99.29732103645146,99.47067933337956,99.34586135959134,83.85456394609713,99.29732103645146,97.0252871969119,5,ROBUST POSITIVE,LIMITED SAMPLE,305,
85,262,INE748A01016,1504,1504,779411395949461.4,40110877583071.52,7794113959.494614,401108775.8307152,0.3732651771343899,5.622340373863557,10.611030162271854,-0.1664919005279072,0.526595744680851,0.0136656844311521,0.0042967423465215,4.150962665503486,0.123,-0.1016483001172332,0.6094003241491086,3008.0,0.028887753811473,0.0007448860759461,18.346006016817697,5.373209662906733e-68,0.0122045579219811,0.0151268109403231,90,7,0.6220931742452245,-0.0939658405444517,0.1758541704827918,-84729.5858717309,40110877667801.1,779411395949461.4,176942611189491.4,40110877583071.52,2052148236434.8745,104374877346.18867,MBECL,MCNALLY BH. ENG. CO.LTD,BZ,2016-08-29,2025-02-20,1945,473582.15,46015.0,0.0010282776349614,0.0483824596660368,260,0,0.7880875202593193,LOW,PARTIAL,False,True,gap_fade_050,"{""gap_threshold"":0.005}",INTRADAY_SHORT_ALLOWED_RESEARCH,2016-08-29,2026-08-27,98.81422924901186,99.37591013105887,98.71714860273212,86.2538427755819,98.81422924901186,97.02309132515083,5,ROBUST POSITIVE,LIMITED SAMPLE,514,
86,179,INE669A01022,1005,1005,3134587965925536.5,439204398891026.4,31345879659.255363,4392043988.910264,0.3998059400495419,5.887080710481852,11.15344374877595,-0.1899263104077907,0.5990049751243781,0.0229365336776476,0.0129253731343284,8.856145131512655,0.2361635581061693,-0.1292727272727272,0.4072123176661264,2010.0,0.0353047913761601,0.0011136548649929,20.59572889109756,6.795642628378147e-79,0.0207511757640133,0.025121891591282,73,4,1.6448244881278864,-0.0352993559991227,0.2783307622554932,1516430.5409831968,439204397374595.8,3134587965925536.5,1173903614575643.0,439204398891026.4,61302568533785.78,8523340554137.045,INFOMEDIA,INFOMEDIA PRESS LIMITED,EQ,2016-08-29,2026-08-27,1498,50482.195,9867.5,0.0353805073431241,0.0570532788453954,244,0,0.606969205834684,LOW,PARTIAL,False,True,gap_fade_100,"{""gap_threshold"":0.01}",INTRADAY_SHORT_ALLOWED_RESEARCH,2016-08-29,2026-08-27,99.13783140327763,99.52153110047847,99.29963248041051,84.15389593879297,99.13783140327763,96.99934123847169,5,ROBUST POSITIVE,LIMITED SAMPLE,374,
87,50,INE640C01011,1629,1629,6.372770276859963e+19,2.6084015824564547e+18,637277027685996.2,26084015824564.547,0.5146197331943606,6.417766437514359,9.86799681346216,-0.2213560652678895,0.6335174953959485,0.0198560964302438,0.0138386128709568,4.49941034424693,0.1936521739130435,-0.1707499999999999,0.6600486223662885,3258.0,0.0381891986847936,0.0009461935944092,20.98523658114716,9.874958391898388e-87,0.0180002112905686,0.0217119815699189,109,10,1.869458481038773,-0.182671365682962,0.2880283404729093,1068438.3381456756,2.608401582455386e+18,6.372770276859963e+19,1.2903044786024352e+19,2.6084015824564547e+18,1.0609343396123363e+17,4288047876233658.5,SHAHALLOYS,SHAH ALLOYS LIMITED,EQ,2016-08-29,2026-08-27,2386,354521.945,9890.5,0.0146689019279128,0.059994160837534,151,0,0.96677471636953,LOW,FULL,False,True,gap_fade_100,"{""gap_threshold"":0.01}",INTRADAY_SHORT_ALLOWED_RESEARCH,2016-08-29,2026-08-27,99.76654416013685,99.7480526084645,99.76192127221876,81.30272981531563,99.76654416013685,96.99234912049559,5,ROBUST POSITIVE,LOW LIQUIDITY,102,
88,355,INE277C01012,1026,1026,8812261390978.393,1170541378254.1255,88122613.90978393,11705413.782541256,0.3530409433063743,4.891620696813625,12.908173079535372,-0.1342370972756551,0.4454191033138401,0.016484474327899,-0.002,6.415548372853663,0.1725851329847693,-0.0607026039287346,0.4157212317666126,2052.0,0.0321166597398958,0.0010026669275927,16.440628362476538,4.388375132081833e-54,0.0145169599819643,0.0184519886738338,73,21,1.2725208264319954,-0.0882511027921028,0.2425771382571172,576678.0615295221,1170540801576.064,8812261390978.393,3213311987126.43,1170541378254.1255,154865978212.8698,20407362529.965862,REGENCERAM,REGENCY CERAMICS LTD.,EQ,2016-09-02,2026-08-27,1803,31855.28,1755.0,0.1125901275651691,0.0372242010030287,610,0,0.7305510534846029,LOW,PARTIAL,True,True,gap_fade_100,"{""gap_threshold"":0.01}",INTRADAY_SHORT_ALLOWED_RESEARCH,2016-08-29,2026-08-27,98.25948269884196,98.89281834361925,98.4628897672376,88.67161315673901,98.25948269884196,96.98865081016112,5,ROBUST POSITIVE,LIMITED SAMPLE,754,
89,46,INE376C01020,1172,1172,4.375158003495609e+19,4.461944212641584e+18,437515800349560.9,44619442126415.84,0.6868384009100837,5.007422820891638,16.888807051087873,-0.2140994413037226,0.4385665529010238,0.0287399385746765,-0.002,9.99881776717764,0.4979999999999998,-0.1378024691358024,0.4748784440842787,2344.0,0.0592430734443851,0.0017305086527422,16.607798250031397,8.779272525993842e-56,0.0253446946233574,0.0321351825259956,79,8,5.234224517667809,-0.0334614021172262,0.7445952596082719,1841.3870429081871,4.4619442126415816e+18,4.375158003495609e+19,1.3979800565132268e+19,4.461944212641584e+18,4.530169332700243e+17,4.578856313968704e+16,SPENTEX,SPENTEX,BZ,2016-08-29,2024-01-11,1717,26571.55,18258.0,0.0186371578334304,0.0722403002964562,403,0,0.6957050243111832,LOW,PARTIAL,False,True,gap_fade_050,"{""gap_threshold"":0.005}",INTRADAY_SHORT_ALLOWED_RESEARCH,2016-08-29,2026-08-27,99.79659293160438,98.98527610198092,99.84744469870328,81.98345006125327,99.79659293160438,96.9725284885468,5,ROBUST POSITIVE,LIMITED SAMPLE,89,
90,44,INE376C01020,1160,1160,3.926424088078253e+19,4.100860217098126e+18,392642408807825.3,41008602170981.26,0.6856483464470093,5.002181206263553,17.175479328744075,-0.2140994413037226,0.4370689655172414,0.0289565941058797,-0.002,10.379670633430395,0.4979999999999998,-0.1378024691358024,0.4700162074554295,2320.0,0.059381185017015,0.0017434916250367,16.608393002902794,9.891971401721495e-56,0.0255358410233437,0.0323773471884158,79,8,5.234224517667809,-0.0334614021172262,0.7449466315004227,1841.3870429081871,4.100860217098124e+18,3.926424088078253e+19,1.2696252497160212e+19,4.100860217098126e+18,4.264157604599283e+17,4.414327069889381e+16,SPENTEX,SPENTEX,BZ,2016-08-29,2024-01-11,1717,26571.55,18258.0,0.0186371578334304,0.0722403002964562,403,0,0.6957050243111832,LOW,PARTIAL,False,True,gap_fade_100,"{""gap_threshold"":0.01}",INTRADAY_SHORT_ALLOWED_RESEARCH,2016-08-29,2026-08-27,99.79197004368629,98.97834177010378,99.84513325474424,81.98345006125327,99.79197004368629,96.96859903381642,5,ROBUST POSITIVE,LIMITED SAMPLE,91,
91,37,INE471W01019,1475,1475,2.2861148715281206e+20,1.2769793185761872e+19,2286114871528120.5,127697931857618.72,0.5023073529356326,6.8897716081361,8.755269026514203,-0.2286804091583826,0.7308474576271187,0.0229787793731309,0.0195379830495296,5.740327556907675,0.2303529411764706,-0.1791571488120049,0.5976499189627229,2950.0,0.0382512611999877,0.0009959780078538,23.07157305877167,8.36017648646988e-101,0.0210250941161172,0.0249324646301445,106,4,3.1249904018390584,-0.0982630576961091,0.3678066910214663,155506.01823185946,1.2769793185761716e+19,2.2861148715281206e+20,5.4068921568910975e+19,1.2769793185761872e+19,7.092687816205553e+17,3.917141938723498e+16,PALASHSECU,PALASH SECURITIES LTD,EQ,2017-07-28,2026-08-27,2218,225591.785,2909.5,0.0342651036970243,0.0608215808062646,50,1,0.8987034035656402,LOW,PARTIAL,True,True,gap_fade_100,"{""gap_threshold"":0.01}",INTRADAY_SHORT_ALLOWED_RESEARCH,2016-08-29,2026-08-27,99.8197073711948,99.88211635808891,99.83588747890806,80.57000208029956,99.8197073711948,96.947969396482,5,ROBUST POSITIVE,LIMITED SAMPLE,79,
92,345,INE618N01014,1033,1033,22921539532695.914,3008116750368.347,229215395.32695916,30081167.50368347,0.3449293279934969,5.281665246807402,7.2951793793097615,-0.1528304683950025,0.6340755082284608,0.0172721057132605,0.0107986348122867,6.090781707125558,0.1937611668185963,-0.1420542941757157,0.4185575364667747,2066.0,0.0309030160565677,0.0009615031398243,17.963649828971135,5.420772268080377e-63,0.0153853814185737,0.0191588300079473,65,15,1.095433693983085,-0.0373236903543657,0.254838370694352,4844067.06506512,3008111906301.282,22921539532695.914,8307802404252.128,3008116750368.347,393193858431.25433,51188506978.69513,BALAXI,BALAXI,EQ,2016-08-29,2024-05-29,1419,875610.3,2062.0,0.0704721634954193,0.0489789586625914,210,0,0.5749594813614263,LOW,PARTIAL,False,True,gap_fade_050,"{""gap_threshold"":0.005}",INTRADAY_SHORT_ALLOWED_RESEARCH,2016-08-29,2026-08-27,98.43052955181102,99.17250306266324,98.59695351686199,87.30323833298662,98.43052955181102,96.943115364168,5,ROBUST POSITIVE,LIMITED SAMPLE,680,
93,9,INE699B01027,1749,1749,1.2267739984089167e+24,4.02509882773107e+22,1.2267739984089168e+19,4.02509882773107e+17,0.5506225291742294,7.846407774864403,11.06750626586866,-0.2374756667215599,0.696969696969697,0.0241924391040112,0.0218095238095239,5.904281182310381,0.248,-0.1753333333333333,0.7086709886547812,3498.0,0.0390817751862126,0.0009345001543205,25.88810605558436,2.3364405964548187e-125,0.0223595833518448,0.0260252948561775,120,1,1.8294069801261403,-0.026753506083896,0.27553438904514,4999.999999999622,4.02509882773107e+22,1.2267739984089167e+24,2.223993395203296e+23,4.02509882773107e+22,1.3118353465326156e+21,4.2467965716880925e+19,SAMBHAAV,SAMBHAAV MEDIA LTD,EQ,2016-08-29,2026-08-27,2468,202131.15,43577.5,0.0004051863857374,0.0694799464900146,65,0,1.0,LOW,FULL,False,False,gap_fade_100,"{""gap_threshold"":0.01}",INTRADAY_SHORT_ALLOWED_RESEARCH,2016-08-29,2026-08-27,99.9607054526963,99.99306566812287,99.95377112081918,79.78873402214364,99.9607054526963,96.93999491482329,5,ROBUST POSITIVE,LOW LIQUIDITY,18,
94,9,INE699B01027,1890,1890,2.598698042160845e+24,6.437938926022776e+22,2.598698042160845e+19,6.437938926022776e+17,0.565956737294248,7.735198592881599,11.05235521482225,-0.23747566672156,0.6878306878306878,0.0226849336243835,0.0206602964815145,5.266500097055242,0.248,-0.1753333333333333,0.7658022690437601,3780.0,0.0392351576996804,0.0009024943681305,25.135817380638724,1.6222528610697277e-120,0.0209149430688965,0.0244549241798706,119,2,1.8294069801261403,-0.0670141319270567,0.2977253384495396,4999.999999999622,6.437938926022776e+22,2.598698042160845e+24,4.0939704752222205e+23,6.437938926022776e+22,1.5833784589768888e+21,3.865957135269736e+19,SAMBHAAV,SAMBHAAV MEDIA LTD,EQ,2016-08-29,2026-08-27,2468,202131.15,43577.5,0.0004051863857374,0.0694799464900146,65,0,1.0,LOW,FULL,False,False,gap_fade_050,"{""gap_threshold"":0.005}",INTRADAY_SHORT_ALLOWED_RESEARCH,2016-08-29,2026-08-27,99.96301689665535,99.98613133624575,99.95145967686014,79.78642257818458,99.96301689665535,96.93883919284377,5,ROBUST POSITIVE,LOW LIQUIDITY,17,
95,172,INE278G01037,1378,1378,1.5039211840430448e+16,1001479134413851.8,150392118404.30447,10014791344.138515,0.428765364655749,5.717860660858787,7.729155279514924,-0.1987314586355149,0.604499274310595,0.0174240320360137,0.0108456366437876,4.765072752186062,0.2384730617608408,-0.1448571428571428,0.5583468395461912,2756.0,0.0342463648209641,0.0009225499083618,18.886817805828684,6.236203817409185e-71,0.0156142767148558,0.0192337873571715,91,15,0.982648974194585,-0.0878119979385464,0.2386509354603009,217098.13782435068,1001479134196753.6,1.5039211840430448e+16,3883496910492860.0,1001479134413851.8,66334334516193.53,4370240143045.572,CYBERMEDIA,CYBER MEDIA (INDIA) LTD.,EQ,2016-08-29,2026-08-27,1958,141242.09,9454.0,0.0863125638406537,0.0512564316088788,394,0,0.793354943273906,LOW,PARTIAL,False,True,gap_fade_050,"{""gap_threshold"":0.005}",INTRADAY_SHORT_ALLOWED_RESEARCH,2016-08-29,2026-08-27,99.22335482976216,99.43831911795299,99.21873194184407,83.4269468136745,99.22335482976216,96.89596190740356,5,ROBUST POSITIVE,LIMITED SAMPLE,337,
96,168,INE278G01037,1235,1235,7529554600898830.0,666773282019972.1,75295546008.98831,6667732820.199721,0.4131839390398168,5.815834581346115,8.022653248319621,-0.198731458635515,0.605668016194332,0.0190560609880323,0.0125348837209302,5.744614574909593,0.2384730617608408,-0.1448571428571428,0.5004051863857374,2470.0,0.0342463531471098,0.0009744977753027,19.55475063256188,2.171954802070765e-74,0.0171442052398992,0.0209679167361655,92,14,0.9669136648755804,-0.0878119979385464,0.2353478555282994,217098.13782435068,666773281802874.0,7529554600898830.0,2241983108372128.8,666773282019972.1,58764389204698.16,5154294211738.624,CYBERMEDIA,CYBER MEDIA (INDIA) LTD.,EQ,2016-08-29,2026-08-27,1958,141242.09,9454.0,0.0863125638406537,0.0512564316088788,394,0,0.793354943273906,LOW,PARTIAL,False,True,gap_fade_100,"{""gap_threshold"":0.01}",INTRADAY_SHORT_ALLOWED_RESEARCH,2016-08-29,2026-08-27,99.19099461433557,99.48685944109285,99.23260060559832,83.42463536971546,99.19099461433557,96.89353489124656,5,ROBUST POSITIVE,LIMITED SAMPLE,351,
97,57,INE662A01027,1725,1725,3.188683871571515e+19,1.0755505888631732e+18,318868387157151.5,10755505888631.732,0.5026880761563833,6.377913726620101,8.713093111874798,-0.2261236343831398,0.648695652173913,0.0182025712330781,0.0142601626016261,4.2467352163029615,0.2137894736842105,-0.1849268292682926,0.6989465153970826,3450.0,0.0365392355595708,0.0008797614087881,20.69034973715377,4.004912704451245e-85,0.0164770591451689,0.0199280833209874,112,9,0.947469872249781,-0.0674359086770346,0.2038623690904259,-33333.33333333292,1.0755505888632064e+18,3.188683871571515e+19,5.861154233371528e+18,1.0755505888631732e+18,3.603699203061162e+16,1199369667708105.0,SUPERSPIN,SUPER SPINNING MILLS LTD,BE,2016-08-29,2026-08-27,2468,335425.375,37801.5,0.0008103727714748,0.0624881651098679,114,0,1.0,LOW,FULL,False,False,gap_fade_100,"{""gap_threshold"":0.01}",INTRADAY_SHORT_ALLOWED_RESEARCH,2016-08-29,2026-08-27,99.72956105679218,99.73418394471027,99.70182372928367,80.80461364214224,99.72956105679218,96.88619605667661,5,ROBUST POSITIVE,LOW LIQUIDITY,118,
98,105,INE413B01023,1837,1837,1.5060663551731515e+18,4.038487511665233e+16,15060663551731.518,403848751166.52325,0.4085368588811616,6.914149782787717,12.538650003231064,-0.2193526403353297,0.5939031028851388,0.0150593243472878,0.0096959064327486,4.958835478280863,0.2042726176115801,-0.1117482246610717,0.7443273905996759,3674.0,0.0288430482316133,0.000672955858125,22.377878378597973,2.8140080626518315e-98,0.0137394850210921,0.0163791636734836,112,9,1.0631029890405617,-0.1312519665681434,0.1837162850243666,12015.523212425687,4.038487511664031e+16,1.5060663551731515e+18,2.4684181532770365e+17,4.038487511665233e+16,1075198885066621.4,28421172418075.12,RUCHINFRA,RUCHI INFRASTRUCTURE LTD,EQ,2016-08-29,2026-08-27,2459,439645.5,58526.0,0.0056933712891419,0.0472424050040709,304,0,0.9963533225283632,LOW,FULL,False,True,gap_fade_050,"{""gap_threshold"":0.005}",INTRADAY_SHORT_ALLOWED_RESEARCH,2016-08-29,2026-08-27,99.53539976423271,99.8936735778841,99.43600767399394,81.51538265954741,99.53539976423271,96.88417354321244,5,ROBUST POSITIVE,LOW LIQUIDITY,202,
99,521,INE904G01038,68,68,67164267601.76656,60014127607.04932,671642.6760176655,600141.2760704932,0.6947999253870899,2.245628566970122,,-0.0039960000000001,0.7647058823529411,0.2247156862745098,0.2480000000000001,478.5208333333334,0.6646666666666667,-0.002,0.0275526742301458,136.0,0.1438668684461567,0.0174464204303042,12.880331938131045,8.542391327577741e-20,0.1898924853477849,0.2595388872012347,12,0,5.793546516911332,0.0,0.9440187818896992,-99999.76135252009,60014227606.81067,67164267601.76656,63490121960.47875,60014127607.04932,53615011376.4383,47889104429.68053,RASOYPR,RASOYPR,BZ,2016-08-29,2018-11-05,246,134007.47499999998,768961.5,0.0,0.3053523035230353,12,51,0.09967585089141,LOW,PARTIAL,False,True,gap_fade_050,"{""gap_threshold"":0.005}",INTRADAY_SHORT_ALLOWED_RESEARCH,2016-08-29,2026-08-27,97.50710769017405,93.4042946628759,98.58886346300534,97.37651110648822,97.50710769017405,96.88330675172782,5,ROBUST POSITIVE,LIMITED SAMPLE,1079,
100,496,INE904G01038,68,68,67164267601.76656,60014127607.04932,671642.6760176655,600141.2760704932,0.6947999253870899,2.245628566970122,,-0.0039960000000001,0.7647058823529411,0.2247156862745098,0.2480000000000001,478.5208333333334,0.6646666666666667,-0.002,0.0275526742301458,136.0,0.1438668684461567,0.0174464204303042,12.880331938131045,8.542391327577741e-20,0.1898924853477849,0.2595388872012347,12,0,5.793546516911332,0.0,0.9440187818896992,-99999.76135252009,60014227606.81067,67164267601.76656,63490121960.47875,60014127607.04932,53615011376.4383,47889104429.68053,RASOYPR,RASOYPR,BZ,2016-08-29,2018-11-05,246,134007.47499999998,768961.5,0.0,0.3053523035230353,12,51,0.09967585089141,LOW,PARTIAL,False,True,gap_fade_100,"{""gap_threshold"":0.01}",INTRADAY_SHORT_ALLOWED_RESEARCH,2016-08-29,2026-08-27,97.50710769017405,93.4042946628759,98.58886346300534,97.37651110648822,97.50710769017405,96.88330675172782,5,ROBUST POSITIVE,LIMITED SAMPLE,1079,
101,336,INE388G01018,1123,1123,34081075542139.035,3738066653986.089,340810755.42139035,37380666.53986089,0.3486875205309628,5.292324195431063,10.573632828339576,-0.1589423959612939,0.553873552983081,0.0160933961859092,0.0055757575757575,5.159672820204196,0.1744705882352941,-0.0769999999999999,0.4550243111831442,2246.0,0.0303243082915701,0.000904900910316,17.784705488127234,1.575863271706085e-62,0.0143179077081559,0.0178688846636625,73,7,0.7953666925639131,-0.0373236903543657,0.1972766020628624,80487.36937274848,3738066573498.72,34081075542139.035,11293186719951.549,3738066653986.089,408212456368.114,44383621436.78797,TANTIACONS,TANTIACONS,BZ,2016-08-29,2023-07-20,1534,54983.25,5165.5,0.0488917861799217,0.0494972716623507,314,0,0.6215559157212318,LOW,PARTIAL,False,True,gap_fade_050,"{""gap_threshold"":0.005}",INTRADAY_SHORT_ALLOWED_RESEARCH,2016-08-29,2026-08-27,98.45595543536047,99.17712595058133,98.57846196518966,86.76467189053001,98.45595543536047,96.87099831264591,5,ROBUST POSITIVE,LIMITED SAMPLE,669,
102,344,INE618N01014,906,906,7975597670986.921,1346948499452.9326,79755976.7098692,13469484.994529326,0.3350154823736505,5.181385983885847,6.9438533328225125,-0.1511327338627278,0.6379690949227373,0.018764078485129,0.0125718104405462,7.155947227320602,0.1937611668185963,-0.1420542941757157,0.3670988654781199,1812.0,0.0314801864275552,0.001045859141488,17.941305612563,8.157800538110209e-62,0.0167114871226167,0.0208166698476414,63,17,0.9881298140523456,-0.0508601496287984,0.2491580438508187,4844067.06506512,1346943655385.8674,7975597670986.921,3279040890230.5337,1346948499452.9326,226682461416.0703,38015207094.2354,BALAXI,BALAXI,EQ,2016-08-29,2024-05-29,1419,875610.3,2062.0,0.0704721634954193,0.0489789586625914,210,0,0.5749594813614263,LOW,PARTIAL,False,True,gap_fade_100,"{""gap_threshold"":0.01}",INTRADAY_SHORT_ALLOWED_RESEARCH,2016-08-29,2026-08-27,98.29415435822759,99.08697963617871,98.54379030580404,87.41649908697964,98.29415435822759,96.87099831264591,5,ROBUST POSITIVE,LIMITED SAMPLE,739,
103,60,INE662A01027,1955,1955,5.402457963603467e+19,1.1507034984342778e+18,540245796360346.6,11507034984342.775,0.531231857818143,6.076736642904497,8.443812398606104,-0.2261236343831398,0.6373401534526855,0.0161715772452063,0.0126198830409356,3.51196319017586,0.2137894736842105,-0.1849268292682926,0.7921393841166937,3910.0,0.0368712839977997,0.0008339017414522,19.39266515626026,9.20749558058928e-77,0.0145361468426859,0.0178070076477266,109,12,0.9906531727691764,-0.1287656577365058,0.2058374782343746,-33333.33333333292,1.150703498434311e+18,5.402457963603467e+19,7.892041434129906e+18,1.1507034984342778e+18,2.432391158134885e+16,510256158381697.94,SUPERSPIN,SUPER SPINNING MILLS LTD,BE,2016-08-29,2026-08-27,2468,335425.375,37801.5,0.0008103727714748,0.0624881651098679,114,0,1.0,LOW,FULL,False,False,gap_fade_050,"{""gap_threshold"":0.005}",INTRADAY_SHORT_ALLOWED_RESEARCH,2016-08-29,2026-08-27,99.73418394471027,99.60936597092204,99.66252918197999,80.80461364214224,99.73418394471027,96.85545385202137,5,ROBUST POSITIVE,LOW LIQUIDITY,116,
104,451,INE904J01016,619,619,770093941786.7555,229980749689.4006,7700939.417867555,2299807.496894006,0.3161341859092169,4.897871454098157,6.0610812203789,-0.1328724832214766,0.6898222940226171,0.0244981229627839,0.0221935483870968,7.730458725293237,0.1607906976744185,-0.1328724832214765,0.2508103727714749,1238.0,0.0336570035249028,0.0013527891884879,18.109342661265146,4.049524734388498e-59,0.0218415020100679,0.0271547439154999,43,1,1.7834721630993848,-0.0212677148490415,0.3177237788119816,-91844.61650949589,229980841534.01712,770093941786.7555,420964856915.33966,229980749689.4006,68519018369.479935,20365630936.122585,JINDCOT,JINDCOT,BZ,2016-08-29,2022-11-28,960,94806.075,15650.0,0.0052083333333333,0.0595324385526181,76,0,0.3889789303079417,LOW,PARTIAL,False,True,gap_fade_050,"{""gap_threshold"":0.005}",INTRADAY_SHORT_ALLOWED_RESEARCH,2016-08-29,2026-08-27,97.924323324781,98.89975267549637,98.46057832327855,88.77909530083443,97.924323324781,96.8548759910316,5,ROBUST POSITIVE,LIMITED SAMPLE,899,
105,108,INE413B01023,1628,1628,3.9992588594748966e+17,1.625457150285277e+16,3999258859474.897,162545715028.5277,0.3945806213839071,6.906269835287973,13.001307836975522,-0.2193526403353295,0.585995085995086,0.0163934178655631,0.0109870129870129,5.890347465770452,0.2042726176115801,-0.1117482246610717,0.6596434359805511,3256.0,0.0290738231814405,0.000720567955414,22.750689567014295,1.0437351314324666e-99,0.0149800792211217,0.0178067565100044,113,8,1.0631029890405617,-0.1132173578432389,0.1805671830270853,12015.523212425687,1.6254571502840754e+16,3.9992588594748966e+17,8.069002891046987e+16,1.625457150285277e+16,656488799554760.8,26346567573837.254,RUCHINFRA,RUCHI INFRASTRUCTURE LTD,EQ,2016-08-29,2026-08-27,2459,439645.5,58526.0,0.0056933712891419,0.0472424050040709,304,0,0.9963533225283632,LOW,FULL,False,True,gap_fade_100,"{""gap_threshold"":0.01}",INTRADAY_SHORT_ALLOWED_RESEARCH,2016-08-29,2026-08-27,99.47067933337956,99.89136213392507,99.42907334211682,81.51769410350646,99.47067933337956,96.85354691075514,5,ROBUST POSITIVE,LOW LIQUIDITY,230,
106,47,INE640C01011,1837,1837,1.591823962567213e+20,4.3035102956977526e+18,1591823962567213.0,43035102956977.52,0.5283259740104284,6.362939703761839,10.373291061670525,-0.2339771395048606,0.6173108328796951,0.0179223613147494,0.0115714285714285,3.947208000728276,0.1936521739130435,-0.1707499999999999,0.7443273905996759,3674.0,0.0374988337610206,0.000874909602123,20.48481496975113,3.7132553464437183e-84,0.0162064388128404,0.0196382838166585,109,10,2.093366335694572,-0.197246439909846,0.3023448995377369,1068438.3381456756,4.303510295696684e+18,1.591823962567213e+20,2.619658700759437e+19,4.3035102956977526e+18,1.1552032149427734e+17,3078856368778138.0,SHAHALLOYS,SHAH ALLOYS LIMITED,EQ,2016-08-29,2026-08-27,2386,354521.945,9890.5,0.0146689019279128,0.059994160837534,151,0,0.96677471636953,LOW,FULL,False,True,gap_fade_050,"{""gap_threshold"":0.005}",INTRADAY_SHORT_ALLOWED_RESEARCH,2016-08-29,2026-08-27,99.79428148764534,99.7249381688741,99.7526754963826,80.07997596098284,99.79428148764534,96.81494579663918,5,ROBUST POSITIVE,LOW LIQUIDITY,90,
107,316,INE268C01029,945,945,24366011550912.914,3813749987201.2256,243660115.50912917,38137499.87201226,0.3625844611744878,5.108030795584392,7.91811220024758,-0.165281520619451,0.5587301587301587,0.0191944424338682,0.0118888888888888,5.882577146248582,0.248,-0.1496377952755905,0.38290113452188,1890.0,0.0337012975222175,0.0010963032903464,17.50833241392829,1.1876309278576526e-59,0.017042968983723,0.0213459158840135,71,3,1.1920197933909562,-0.0584296024490401,0.211932436380987,-84516.6590704017,3813750071717.885,24366011550912.914,9644198213681.838,3813749987201.2256,594750035567.8029,92411213702.03345,EASUNREYRL,EASUNREYRL,BZ,2016-08-29,2022-10-06,1463,35752.6,7633.0,0.024606971975393,0.0514019661790881,196,0,0.5927876823338736,LOW,PARTIAL,False,True,gap_fade_100,"{""gap_threshold"":0.01}",INTRADAY_SHORT_ALLOWED_RESEARCH,2016-08-29,2026-08-27,98.4628897672376,99.04999653283406,98.70096849501884,86.33474331414834,98.4628897672376,96.80870489794975,5,ROBUST POSITIVE,LIMITED SAMPLE,666,
108,436,INE904J01016,561,561,474729180263.9642,159082536346.562,4747291.802639642,1590825.3634656202,0.3087537225948475,4.885025718200218,5.824495309782455,-0.1328724832214766,0.7076648841354723,0.0263306033206703,0.0241194029850746,9.039592272322754,0.1607906976744185,-0.1328724832214765,0.2273095623987034,1122.0,0.0336130229309864,0.0014191429404709,18.55387682930157,2.9408093322930344e-60,0.0235431097036498,0.0291180969376908,43,1,1.624679078830161,-0.0785915051951671,0.3081104457957801,-91844.61650949589,159082628191.17853,474729180263.9642,274884364083.11194,159082536346.562,53194966993.60993,17749481626.483654,JINDCOT,JINDCOT,BZ,2016-08-29,2022-11-28,960,94806.075,15650.0,0.0052083333333333,0.0595324385526181,76,0,0.3889789303079417,LOW,PARTIAL,False,True,gap_fade_100,"{""gap_threshold"":0.01}",INTRADAY_SHORT_ALLOWED_RESEARCH,2016-08-29,2026-08-27,97.80643968286988,98.88357256778309,98.42590666389293,88.77909530083443,97.80643968286988,96.7916579987518,5,ROBUST POSITIVE,LIMITED SAMPLE,950,
109,256,INE861B01015,655,655,103413556752374.0,29001835333650.344,1034135567.52374,290018353.33650345,0.4038169239524406,5.138087014483196,6.352880372506895,-0.1879817544796619,0.7374045801526717,0.0310233923736182,0.0266576168929111,9.166508481096866,0.2418016528925621,-0.1099999999999998,0.2653970826580227,1310.0,0.0416275796086511,0.0016265241280242,19.073428939109423,8.037286043472579e-65,0.0278295529810694,0.034217231766167,47,0,1.5901610885707598,0.0,0.3499831346142986,-10106.827037801864,29001835343757.17,103413556752374.0,54781719236246.43,29001835333650.344,8113307977200.15,2264074440376.6426,MOTOGENFIN,MOTOGENFIN,BE,2016-08-30,2020-06-19,889,38881.05,1083.0,0.1496062992125984,0.0702577669123071,75,0,0.3602106969205835,LOW,PARTIAL,True,True,gap_fade_100,"{""gap_threshold"":0.01}",INTRADAY_SHORT_ALLOWED_RESEARCH,2016-08-29,2026-08-27,98.76337748191295,99.06848808450638,99.14938862307284,84.31222984998729,98.76337748191295,96.73392968587477,5,ROBUST POSITIVE,LIMITED SAMPLE,536,
110,183,INE068D01021,610,610,1158364545161980.0,356703624201849.06,11583645451.6198,3567036242.018491,0.6013402117444994,4.018859536137598,10.04615791605342,-0.1864740952380952,0.5344262295081967,0.0388005474372828,0.0078039215686275,12.44006991948776,0.3979999999999999,-0.144857142857143,0.2471636952998379,1220.0,0.0683932972794062,0.0027691636639876,14.011648333348845,7.266100922339431e-39,0.0333622784074792,0.0442388164670865,52,4,3.2532497557636004,-0.0964984397261057,0.5925267342152983,-42658.03882528594,356703624244507.1,1158364545161980.0,642984181773914.0,356703624201849.06,109591446299965.78,33592999956709.64,CASTEXTECH,CASTEXTECH,BE,2016-08-29,2021-07-20,1096,389604.475,351343.0,0.000912408759124,0.0946532652879083,94,0,0.4440842787682333,LOW,PARTIAL,False,True,gap_fade_100,"{""gap_threshold"":0.01}",INTRADAY_SHORT_ALLOWED_RESEARCH,2016-08-29,2026-08-27,99.12165129556433,97.85266856205071,99.46836788942052,84.42317916002126,99.12165129556433,96.73242724730139,5,ROBUST POSITIVE,LIMITED SAMPLE,381,
111,203,INE863T01013,1737,1737,9352538779336366.0,303285682040783.0,93525387793.36366,3032856820.40783,0.415429361910462,5.592180267053286,10.37934037245023,-0.2003705291345318,0.5515256188831318,0.0130985477422179,0.0059518072289156,3.488429764082467,0.2188708708708708,-0.1185662650602409,0.703808752025932,3474.0,0.0303706706394302,0.0007287095695687,17.97499070853348,2.187902957612276e-66,0.011669306754782,0.0145277887296537,106,9,0.9475198524652904,-0.1289903457505715,0.1825689642029177,586440.9440577729,303285681454342.06,9352538779336366.0,1685615245581315.5,303285682040783.0,9768470335837.562,312493976083.3525,JITFINFRA,JITF INFRALOGISTICS LTD,EQ,2017-02-27,2026-08-27,2341,1470743.85,14509.0,0.0025630072618539,0.0501148500911717,181,0,0.9485413290113452,OK,PARTIAL,True,True,gap_fade_050,"{""gap_threshold"":0.005}",INTRADAY_SHORT_ALLOWED_RESEARCH,2016-08-29,2026-08-27,99.08929108013777,99.35741857938655,98.87432679194693,83.23740840903312,99.08929108013777,96.72214132168367,5,ROBUST POSITIVE,LIMITED SAMPLE,395,
112,272,INE861B01015,694,694,116394159450678.38,30195459720334.438,1163941594.5067835,301954597.20334435,0.4136126389645766,5.035715604962169,6.296893740545436,-0.1879817544796618,0.7190201729106628,0.0293927445636896,0.0243157894736842,7.741970709848409,0.2418016528925621,-0.1099999999999998,0.2811993517017828,1388.0,0.0423651896628419,0.0016081606078339,18.277244462093837,3.314930952546614e-61,0.0262352931865949,0.0325501959407844,47,0,2.089758610462138,0.0,0.3676148823120596,-10106.827037801864,30195459730441.26,116394159450678.38,59303327367871.53,30195459720334.438,7812836192949.32,2016173582430.3188,MOTOGENFIN,MOTOGENFIN,BE,2016-08-30,2020-06-19,889,38881.05,1083.0,0.1496062992125984,0.0702577669123071,75,0,0.3602106969205835,LOW,PARTIAL,True,True,gap_fade_050,"{""gap_threshold"":0.005}",INTRADAY_SHORT_ALLOWED_RESEARCH,2016-08-29,2026-08-27,98.77031181379007,98.99914476573515,99.12165129556433,84.31454129394633,98.77031181379007,96.7179807225574,5,ROBUST POSITIVE,LIMITED SAMPLE,533,
113,385,INE116G01013,1172,1172,4213772955652.9136,417349870840.0918,42137729.556529135,4173498.708400918,0.3015225486846859,5.327300424228925,4.799245323455873,-0.1528334580040004,0.7704778156996587,0.0134228268234924,0.0144158993936672,4.106084793419426,0.1405925925925926,-0.1505915492957745,0.4748784440842787,2344.0,0.0257948222270143,0.0007534748024458,17.814566299921246,5.266664733770346e-63,0.0119445153678277,0.0149011382791572,112,8,0.7460543274339244,-0.065049089251979,0.1090006290439485,7393.364928909956,417349863446.72687,4213772955652.9136,1326885758098.687,417349870840.0918,41147385601.23106,4038138880.231694,VARDHACRLC,VARDHAMAN ACRYLICS LTD,BE,2016-08-29,2026-08-27,2468,1605478.7,35205.5,0.0,0.0415461083375117,0,0,1.0,OK,FULL,False,False,gap_fade_100,"{""gap_threshold"":0.01}",INTRADAY_SHORT_ALLOWED_RESEARCH,2016-08-29,2026-08-27,98.08843584587291,99.19561750225365,98.13697616901278,87.30092688902758,98.08843584587291,96.70145389825024,5,ROBUST POSITIVE,COMPARABLE,828,1
114,15,INE735M01018,1685,1685,4.128354693617696e+22,1.5294720598682053e+21,4.128354693617696e+17,1.5294720598682052e+16,0.5598777320571705,7.114064722815046,14.236246006380949,-0.2540193538064415,0.6118694362017805,0.0231502516397415,0.0157304964539006,5.891374229054292,0.3203140495867769,-0.1519999999999999,0.6827390599675851,3370.0,0.0406465107640837,0.0009902009019828,23.379348163976868,6.357067398210827e-105,0.0212080976403052,0.0250924056391778,117,4,4.140794895808084,-0.1912309221910506,0.4811956511319796,286357.1861662093,1.529472059868205e+21,4.128354693617696e+22,7.952610194442477e+21,1.5294720598682053e+21,5.629855147033908e+19,2.0588891248956844e+18,SAMPANN,SAMPANN UTPADAN INDIA LTD,EQ,2016-08-29,2026-08-27,2438,210581.325,16960.5,0.012715340442986,0.062708272886521,237,0,0.9878444084278768,LOW,FULL,False,True,gap_fade_100,"{""gap_threshold"":0.01}",INTRADAY_SHORT_ALLOWED_RESEARCH,2016-08-29,2026-08-27,99.93065668122877,99.92603379331068,99.92603379331068,78.2169521299956,99.93065668122877,96.67175184337657,5,ROBUST POSITIVE,LOW LIQUIDITY,31,
115,126,INE047B01011,1828,1828,3.9749202089161485e+17,1.0820498701464874e+16,3974920208916.149,108204987014.64874,0.4450787416763249,6.0766218169197375,8.964556600909681,-0.2246793085834223,0.6794310722100656,0.0144899698986933,0.0122526318996907,3.5549223857930685,0.2520106951871657,-0.1853333333333333,0.7406807131280388,3656.0,0.0317330118856063,0.0007422038429517,19.522897969736277,3.023933939350086e-77,0.0130343127535827,0.0159456270438039,116,5,1.0316767755128835,-0.1345496081592221,0.2049740719573108,80273.49987721382,1.08204987013846e+16,3.9749202089161485e+17,6.564080482024058e+16,1.0820498701464874e+16,292463462100748.0,7848545045093.924,GILLANDERS,GILLANDERS ARBUTHNOT LTD,EQ,2016-08-29,2026-08-27,2466,368823.075,5606.5,0.0137875101378751,0.0538234657909963,28,0,0.9991896272285252,LOW,FULL,False,True,gap_fade_050,"{""gap_threshold"":0.005}",INTRADAY_SHORT_ALLOWED_RESEARCH,2016-08-29,2026-08-27,99.44063056191203,99.607054526963,99.28576381665627,80.95370177750041,99.44063056191203,96.66990268820935,5,ROBUST POSITIVE,LOW LIQUIDITY,243,
116,313,INE099F01013,1217,1217,49867074041617.59,4534360406207.048,498670740.41617584,45343604.06207048,0.3574694700573853,5.227267085359805,5.259587716819951,-0.175541420240498,0.76253081347576,0.0150372244997935,0.0147391304347825,4.165223464621612,0.2975910020449896,-0.1567258661284898,0.4931118314424635,2434.0,0.030233201659919,0.0008666402427067,17.351172676713176,1.9884273083073572e-60,0.0133369484690998,0.0167375005304872,117,4,0.9794790516408785,-0.087000560206073,0.1362053449574657,34717.95406709393,4534360371489.094,49867074041617.59,15046019715834.162,4534360406207.048,410355950369.74255,36960594247.18359,SREEL,SREELEATHERS LIMITED,EQ,2016-08-29,2026-08-27,2461,2172789.8,10920.0,0.0125965054855749,0.0462443418857754,12,0,0.997163695299838,OK,FULL,False,True,gap_fade_100,"{""gap_threshold"":0.01}",INTRADAY_SHORT_ALLOWED_RESEARCH,2016-08-29,2026-08-27,98.49524998266416,99.12396273952339,98.541478861845,85.40554284261378,98.49524998266416,96.66678223886463,5,ROBUST POSITIVE,COMPARABLE,652,2
117,27,INE392B01011,1556,1556,8.930065632829702e+20,4.250293049411079e+19,8930065632829702.0,425029304941107.8,0.5582600402236755,6.476924309169956,7.109176907063002,-0.2498703586110409,0.7281491002570694,0.0227583297797458,0.0220725292956199,4.520810031424313,0.2431612903225806,-0.1782886597938144,0.6304700162074555,3112.0,0.0420777557758874,0.0010667134529497,21.334998369818955,8.559124312610421e-89,0.0206659812314471,0.0248506783280444,110,10,2.420826515625233,-0.1402357820069925,0.3709084059085127,17072.34526624663,4.250293049411077e+19,8.930065632829702e+20,1.9496687433792864e+20,4.250293049411079e+19,2.0108768042790656e+18,9.456799379770214e+16,PNC,PRITISH NANDY COMMUNICATI,EQ,2016-08-29,2026-08-27,2466,277436.32499999995,11624.0,0.0040551500405515,0.0692003299570433,48,0,0.9991896272285252,LOW,FULL,False,True,gap_fade_100,"{""gap_threshold"":0.01}",INTRADAY_SHORT_ALLOWED_RESEARCH,2016-08-29,2026-08-27,99.86362480641657,99.78503571180917,99.86593625037561,78.56366872385179,99.86362480641657,96.65337586390218,5,ROBUST POSITIVE,LOW LIQUIDITY,60,
118,138,INE047B01011,1474,1474,7.747638455354024e+16,4271180362584787.0,774763845535.4023,42711803625.84787,0.4222221580096891,6.154873921708058,8.09186119862862,-0.2246793085834222,0.7130257801899593,0.0172666192871379,0.0153170436398858,4.3456524575887805,0.2520106951871657,-0.1853333333333333,0.5972447325769854,2948.0,0.0326289806651027,0.000849874433715,20.316671030636613,4.275423895226663e-81,0.0155995261739285,0.0189337124003472,114,7,1.0316767755128835,-0.0766532205268449,0.1921576932975421,80273.49987721382,4271180362504513.5,7.747638455354024e+16,1.820406064869036e+16,4271180362584787.0,234123185046639.3,12759952625325.002,GILLANDERS,GILLANDERS ARBUTHNOT LTD,EQ,2016-08-29,2026-08-27,2466,368823.075,5606.5,0.0137875101378751,0.0538234657909963,28,0,0.9991896272285252,LOW,FULL,False,True,gap_fade_100,"{""gap_threshold"":0.01}",INTRADAY_SHORT_ALLOWED_RESEARCH,2016-08-29,2026-08-27,99.34586135959134,99.64866051822574,99.33199269583709,80.95601322145944,99.34586135959134,96.6451702378476,5,ROBUST POSITIVE,LOW LIQUIDITY,284,
119,157,INE926K01017,1371,1371,2.071895205516224e+16,1400650131735074.5,207189520551.6224,14006501317.350744,0.3699756836704647,6.65888039671632,7.408765905803236,-0.2234819140560068,0.7789934354485777,0.0175987392057277,0.0165198687568355,5.646791234687492,0.1879371069182389,-0.1416306818181818,0.5555105348460292,2742.0,0.0289889510828331,0.0007829134859851,22.47852351602048,1.659852877670987e-95,0.0160629001109322,0.0191345783005231,120,1,1.3140105847674954,-0.0014809909252907,0.1990277464345425,-25040.70472620416,1400650131760115.2,2.071895205516224e+16,5390590730902140.0,1400650131735074.5,94185909069730.28,6299810269209.5,AHLEAST,ASIAN HOTELS (EAST) LTD,EQ,2016-08-29,2026-08-27,2465,589533.25,3403.0,0.0227180527383367,0.0469663359436365,15,0,0.9987844408427876,LOW,FULL,False,True,gap_fade_100,"{""gap_threshold"":0.01}",INTRADAY_SHORT_ALLOWED_RESEARCH,2016-08-29,2026-08-27,99.24646926935256,99.83819892286712,99.25109215727065,81.09238841504288,99.24646926935256,96.64262764949265,5,ROBUST POSITIVE,LOW LIQUIDITY,327,
120,377,INE860T01019,1284,1284,8140596714787.657,645003291257.9111,81405967.14787658,6450032.912579112,0.3564280611581497,4.676293952046237,13.402879467270086,-0.152135550705447,0.367601246105919,0.0127131532489556,-0.002,5.256925284668003,0.2174570135746605,-0.0592390572390573,0.520259319286872,2568.0,0.0298624052095816,0.0008333784621275,15.254957773327016,2.0619151971543628e-48,0.0110782191281923,0.0143480873697189,75,35,1.226994775839518,-0.1079033995226284,0.274343562296257,-64476.1778822734,645003355734.089,8140596714787.657,2292878773101.7446,645003291257.9111,50849496495.653465,3988533447.796271,SABEVENTS,SAB EVENTS & GOVERNANCE,EQ,2016-09-15,2026-08-04,2083,25185.65,4730.0,0.0926548247719635,0.0341125307916665,843,1,0.8440032414910859,LOW,PARTIAL,True,True,gap_fade_100,"{""gap_threshold"":0.01}",INTRADAY_SHORT_ALLOWED_RESEARCH,2016-08-29,2026-08-27,98.14622194484895,98.70327993897789,98.13004183713566,87.35177865612648,98.14622194484895,96.63523102882371,5,ROBUST POSITIVE,LIMITED SAMPLE,803,
121,25,INE016M01021,1486,1486,1.6652630550683373e+21,9.125994712857864e+19,1.6652630550683372e+16,912599471285786.4,0.6326664891807923,5.889105843718358,13.985917919375044,-0.2506128352550208,0.5289367429340511,0.0245555686913962,0.0076620612397311,7.101197750721899,0.4979999999999998,-0.1517005988023951,0.6021069692058347,2972.0,0.0489758047507461,0.001270492706267,19.32759516860594,2.028814515141776e-74,0.0220634175191997,0.0270477198635928,96,9,3.7952958964268113,-0.2293084009227635,0.5644588804837678,-63871.175264363694,9.125994712857872e+19,1.6652630550683373e+21,3.901128181871673e+20,9.125994712857864e+19,4.972825268107512e+18,2.6942758671141818e+17,DNAMEDIA,DILIGENT MEDIA CORP LTD.,EQ,2017-12-11,2026-08-27,2115,144315.3,47327.0,0.0018912529550827,0.0728715118688413,299,1,0.856969205834684,LOW,PARTIAL,True,True,gap_fade_050,"{""gap_threshold"":0.005}",INTRADAY_SHORT_ALLOWED_RESEARCH,2016-08-29,2026-08-27,99.8936735778841,99.52846543235559,99.90060790976123,78.50241545893721,99.8936735778841,96.61333009731179,5,ROBUST POSITIVE,LIMITED SAMPLE,47,
122,217,INE863T01013,1479,1479,2121206549319770.0,114981052365475.77,21212065493.1977,1149810523.6547575,0.3913534261322687,5.656001220160611,10.633677379325336,-0.2060762034592399,0.5530764029749831,0.0146573370700719,0.0062629452809401,4.235344237213466,0.2188708708708708,-0.1185662650602409,0.5992706645056726,2958.0,0.0304680861774945,0.0007922478847123,18.50094819173237,6.683895085981054e-69,0.0131032871235468,0.0162113870165971,106,9,0.9475198524652904,-0.0921700438263827,0.1754059901380014,586440.9440577729,114981051779034.8,2121206549319770.0,494215970760055.75,114981052365475.77,6196798881932.503,332044503302.8661,JITFINFRA,JITF INFRALOGISTICS LTD,EQ,2017-02-27,2026-08-27,2341,1470743.85,14509.0,0.0025630072618539,0.0501148500911717,181,0,0.9485413290113452,OK,PARTIAL,True,True,gap_fade_100,"{""gap_threshold"":0.01}",INTRADAY_SHORT_ALLOWED_RESEARCH,2016-08-29,2026-08-27,98.96447310634954,99.41289323440353,98.88819545570118,82.71733351824885,98.96447310634954,96.60183066361556,5,ROBUST POSITIVE,LIMITED SAMPLE,449,
123,88,INE696K01024,1195,1195,6.696662525285161e+17,6.468113536104334e+16,6696662525285.16,646811353610.4335,0.7016743388380381,4.28623084765024,10.743503665100404,-0.2206419732945975,0.4912133891213389,0.0246483504949665,-0.002,7.06332441803707,0.6646666666666667,-0.1632903225806452,0.4841977309562398,2390.0,0.061017620709096,0.0017651081342292,13.964215572395794,3.680914056929775e-41,0.0211852916616235,0.0281114093283095,97,13,4.568277042291984,-0.0862952929113467,0.6008506302954172,2304.687500000145,6.468113536104104e+16,6.696662525285161e+17,2.082412952261068e+17,6.468113536104334e+16,6218738217346147.0,595147293527958.6,PRAKASHSTL,PRAKASH STEELAGE LTD,EQ,2016-08-29,2026-08-27,2247,728217.2,229693.0,0.0022251891410769,0.0703073647756161,407,13,0.910453808752026,LOW,PARTIAL,False,True,gap_fade_100,"{""gap_threshold"":0.01}",INTRADAY_SHORT_ALLOWED_RESEARCH,2016-08-29,2026-08-27,99.57469431153642,98.24330259112868,99.66715206989807,81.38825324180016,99.57469431153642,96.59894135866675,5,ROBUST POSITIVE,LIMITED SAMPLE,185,
124,400,INE277C01012,1102,1102,6094594704801.594,694730561219.2357,60945947.04801594,6947305.612192357,0.3632720267725334,4.616458240220689,9.913488411360854,-0.1573915232627671,0.441016333938294,0.0149040359125665,-0.002,4.836684675258146,0.1725851329847693,-0.068724625081504,0.446515397082658,2204.0,0.0324089534074971,0.000976279587982,15.26615540879276,7.139251365069994e-48,0.0129884572640166,0.0168196145611165,73,21,1.2471828024350755,-0.0827789400681724,0.2420083842503654,576678.0615295221,694729984541.1742,6094594704801.594,2058795316964.2788,694730561219.2357,78853964986.87254,8911594858.960333,REGENCERAM,REGENCY CERAMICS LTD.,EQ,2016-09-02,2026-08-27,1803,31855.28,1755.0,0.1125901275651691,0.0372242010030287,610,0,0.7305510534846029,LOW,PARTIAL,True,True,gap_fade_050,"{""gap_threshold"":0.005}",INTRADAY_SHORT_ALLOWED_RESEARCH,2016-08-29,2026-08-27,98.16240205256224,98.62931373228857,98.31264590989991,86.90798141599056,98.16240205256224,96.59767006448928,5,ROBUST POSITIVE,LIMITED SAMPLE,796,
125,26,INE016M01021,1408,1408,7.484064370736267e+20,4.787270352233935e+19,7484064370736269.0,478727035223393.44,0.6283353244539516,5.819059348848697,13.804058963481872,-0.2506128352550208,0.5241477272727273,0.0254323342310715,0.0079405150095848,7.526360956233716,0.4979999999999998,-0.1517005988023951,0.5705024311183144,2816.0,0.0496889767330813,0.0013242156793087,19.20558306963028,3.4248641103427824e-73,0.0228346846098453,0.0280299838522978,95,10,3.7952958964268113,-0.2293084009227635,0.5628343774874529,-63871.175264363694,4.787270352233941e+19,7.484064370736267e+20,1.894108140946152e+20,4.787270352233935e+19,3.0457728572548173e+18,1.9273339617523155e+17,DNAMEDIA,DILIGENT MEDIA CORP LTD.,EQ,2017-12-11,2026-08-27,2115,144315.3,47327.0,0.0018912529550827,0.0728715118688413,299,1,0.856969205834684,LOW,PARTIAL,True,True,gap_fade_100,"{""gap_threshold"":0.01}",INTRADAY_SHORT_ALLOWED_RESEARCH,2016-08-29,2026-08-27,99.87055913829369,99.48917088505189,99.89136213392507,78.50241545893721,99.87055913829369,96.59322053486812,5,ROBUST POSITIVE,LIMITED SAMPLE,57,
126,32,INE318D01020,1412,1412,6.719653932023303e+20,4.263467508381966e+19,6719653932023304.0,426346750838196.6,0.6215428669238748,5.856790659074862,16.6662828145469,-0.2510731052964988,0.5254957507082153,0.0252487978787407,0.0057128977892337,8.64840177425101,0.3313333333333335,-0.1586265060240963,0.5721231766612642,2824.0,0.0490646173207004,0.0013057230402383,19.33702408600475,4.360710624158678e-74,0.0226874306215057,0.0278101651359757,94,13,5.345907310643427,-0.1141648246934299,0.5801289328627955,3620038.399999996,4.263467508381604e+19,6.719653932023303e+20,1.6937443030847832e+20,4.263467508381966e+19,2.6904881497102884e+18,1.6886593292376413e+17,ZENITHSTL,ZENITH STEEL PIP IND LTD,EQ,2016-08-29,2026-08-27,2089,205561.2,71866.0,0.0081378650071804,0.067194012102474,414,0,0.8464343598055105,LOW,PARTIAL,False,True,gap_fade_050,"{""gap_threshold"":0.005}",INTRADAY_SHORT_ALLOWED_RESEARCH,2016-08-29,2026-08-27,99.86824769433466,99.50303954880614,99.88211635808891,78.46427663361301,99.86824769433466,96.58738413887156,5,ROBUST POSITIVE,LIMITED SAMPLE,58,
127,166,INE326B01027,1228,1228,9030255911774038.0,810934123236206.2,90302559117.7404,8109341232.362062,0.4567546627888788,5.34732452420344,5.8745689725597785,-0.2175416708648017,0.6921824104234527,0.0194789606004475,0.0174288410551387,4.249780315944683,0.2343636363636363,-0.1841428571428571,0.4975688816855753,2456.0,0.038389205513651,0.0010954938424896,17.780985930673598,4.127983464891859e-63,0.0173297120502248,0.0216282091506702,92,4,1.2265254397600045,-0.0743551101118151,0.2321194619118273,1570548.9685469072,810934121665657.2,9030255911774038.0,2707696492920884.0,810934123236206.2,72478585390845.53,6447098481633.597,ALMONDZ,ALMONDZ GLOBAL SEC LTD,EQ,2016-08-29,2024-07-22,1930,330325.55000000005,10030.5,0.0145077720207253,0.0634796553344287,45,0,0.7820097244732577,LOW,PARTIAL,False,True,gap_fade_100,"{""gap_threshold"":0.01}",INTRADAY_SHORT_ALLOWED_RESEARCH,2016-08-29,2026-08-27,99.20486327808983,99.20717472204886,99.25340360122968,81.6656265168851,99.20486327808983,96.58414811732891,5,ROBUST POSITIVE,LIMITED SAMPLE,345,
128,150,INE107F01022,1861,1861,1.2036527939958675e+17,3060413238397806.0,1203652793995.8677,30604132383.97806,0.4228565265891924,6.065596867048687,10.738823033059177,-0.2249036977093907,0.5980655561526061,0.013497856985265,0.0090701107011069,3.5051596441320347,0.1454407582938388,-0.1206309523809523,0.7540518638573744,3722.0,0.029937919460806,0.0006939823562764,19.44985612845691,7.509502283724775e-77,0.0121367908793418,0.0148589230911883,115,6,1.0754756799061918,-0.1533345770493388,0.1878226943004699,503991.5433080569,3060413237893814.5,1.2036527939958675e+17,1.9210307209500976e+16,3060413238397806.0,77250873088820.0,1935791853896.108,WANBURY,WANBURY LIMITED,EQ,2016-08-29,2026-08-27,2465,907835.1,16315.0,0.0044624746450304,0.0500962114444725,139,0,0.9987844408427876,LOW,FULL,False,True,gap_fade_050,"{""gap_threshold"":0.005}",INTRADAY_SHORT_ALLOWED_RESEARCH,2016-08-29,2026-08-27,99.31812403208285,99.60243163904491,99.11471696368721,80.92827589395095,99.31812403208285,96.57582691907635,5,ROBUST POSITIVE,LOW LIQUIDITY,296,
129,593,INE703A01011,763,763,38663609347.67222,8604491602.621668,386636.0934767222,86044.91602621668,0.2904619999463446,4.143105023087989,8.940170055467997,-0.0813685781124132,0.4233289646133683,0.0154466868523003,-0.002,5.923170141719554,0.1168118811881189,-0.0408888888888888,0.3091572123176661,1526.0,0.0303126401859119,0.0010973912560525,14.075824613241895,3.6195170243617805e-40,0.0132924177558116,0.0176009559487891,54,2,0.6220686784383918,-0.039249042973657,0.172541807213431,-92942.87085933745,8604584545.492527,38663609347.67222,18246319979.94782,8604491602.621668,1909173956.3747451,422288778.05265975,VIDEOIND,VIDEOIND,BZ,2016-08-29,2021-06-15,1183,1299737.55,208001.0,0.0,0.0407189555498777,245,0,0.4793354943273906,OK,PARTIAL,False,True,gap_fade_100,"{""gap_threshold"":0.01}",INTRADAY_SHORT_ALLOWED_RESEARCH,2016-08-29,2026-08-27,96.83332177611354,98.06069851836442,97.47128030880891,92.5687076716825,96.83332177611354,96.56669671543814,5,ROBUST POSITIVE,LIMITED SAMPLE,1371,
130,39,INE471W01019,1705,1705,5.235175199220232e+20,1.8479111143270703e+19,5235175199220232.0,184791111432707.0,0.5195513266024038,6.751930140324854,9.139662989261796,-0.2572868671441869,0.706158357771261,0.0201500732613282,0.0160995475113121,4.740486339261917,0.2303529411764706,-0.1791571488120049,0.6908427876823339,3410.0,0.0377518363134507,0.0009142729897184,22.03944936351293,6.461551029089229e-95,0.01835685740954,0.0219432891131163,106,4,3.1249904018390584,-0.0341074554758495,0.3674169699189886,155506.01823185946,1.8479111143270547e+19,5.235175199220232e+20,9.843797357287722e+19,1.8479111143270703e+19,6.479972846116708e+17,2.257336275003093e+16,PALASHSECU,PALASH SECURITIES LTD,EQ,2017-07-28,2026-08-27,2218,225591.785,2909.5,0.0342651036970243,0.0608215808062646,50,1,0.8987034035656402,LOW,PARTIAL,True,True,gap_fade_050,"{""gap_threshold"":0.005}",INTRADAY_SHORT_ALLOWED_RESEARCH,2016-08-29,2026-08-27,99.83126459098999,99.85206758662136,99.81739592723574,77.91646441532025,99.83126459098999,96.54543143101495,5,ROBUST POSITIVE,LIMITED SAMPLE,74,
131,443,INE369C01017,1130,1130,1283957696032.1743,137973982960.3782,12839576.960321745,1379739.8296037822,0.3411167520887948,4.406823118304083,10.11617069605586,-0.1349996153760958,0.4212389380530973,0.0130285126240047,-0.002,5.0622322883365305,0.1805396825396825,-0.0729219858156028,0.4578606158833063,2260.0,0.0302798682372253,0.0009007717538992,14.463722433132226,1.2623351795122452e-43,0.0112611377171302,0.0147958875308792,86,22,0.8581944862916038,-0.1210342141771382,0.195173173501469,2874112.009331445,137971108848.36887,1283957696032.1743,421127174462.8662,137973982960.3782,14761267549.330858,1572181732.7968302,NORBTEAEXP,NORBEN TEA & EXPORTS LTD,EQ,2016-08-30,2026-08-27,1946,16252.375,1500.0,0.1017471736896197,0.0297429435165854,731,0,0.7884927066450568,LOW,PARTIAL,True,True,gap_fade_100,"{""gap_threshold"":0.01}",INTRADAY_SHORT_ALLOWED_RESEARCH,2016-08-29,2026-08-27,97.77870235536139,98.39123500450732,97.8411113422555,88.5930240621316,97.77870235536139,96.53583893858493,5,ROBUST POSITIVE,LIMITED SAMPLE,962,
132,520,INE613B01010,724,724,139702239940.34244,33700910353.9615,1397022.3994034245,337009.103539615,0.2926405787278551,4.593318213003887,6.965847118666525,-0.1234622641509433,0.5994475138121547,0.0181830665654451,0.0091655072642206,7.132528075976275,0.1583206412825651,-0.1234622641509433,0.293354943273906,1448.0,0.0304239971703572,0.0011306989501083,16.08126244718169,5.665592838941834e-50,0.0159632212404462,0.0204029118904439,55,7,0.8228263229373456,-0.0476046450816733,0.1870461142447845,148069.22616404638,33700762284.73533,139702239940.34244,68639547923.81227,33700910353.9615,8107004982.9720125,1944666668.8326776,ICDSLTD,ICDS LTD,EQ,2021-07-06,2026-08-27,1258,51331.615,1353.5,0.0572337042925278,0.04752067038811,173,0,0.5097244732576985,LOW,PARTIAL,True,True,gap_fade_100,"{""gap_threshold"":0.01}",INTRADAY_SHORT_ALLOWED_RESEARCH,2016-08-29,2026-08-27,97.33259367126644,98.57615052123062,97.90352032914961,89.53493747544091,97.33259367126644,96.52584194346207,5,ROBUST POSITIVE,LIMITED SAMPLE,1155,
133,546,INE613B01010,810,810,187249158574.42545,38046641271.56383,1872491.5857442543,380466.4127156383,0.3015747875700234,4.507330322530826,6.633583436910166,-0.1234622641509433,0.5851851851851851,0.0164351629012742,0.007980286366466,5.551034793428563,0.1583206412825651,-0.1234622641509433,0.3282009724473257,1620.0,0.0303127682844348,0.001065082110708,15.430888131571,2.789574475110258e-47,0.0143445125316832,0.0185258132708651,56,6,0.8228263229373456,-0.0476046450816733,0.1928633649996603,148069.22616404638,38046493202.33766,187249158574.42545,84438133715.2475,38046641271.56383,7706260087.003895,1555902182.4021137,ICDSLTD,ICDS LTD,EQ,2021-07-06,2026-08-27,1258,51331.615,1353.5,0.0572337042925278,0.04752067038811,173,0,0.5097244732576985,LOW,PARTIAL,True,True,gap_fade_050,"{""gap_threshold"":0.005}",INTRADAY_SHORT_ALLOWED_RESEARCH,2016-08-29,2026-08-27,97.37882255044727,98.49524998266416,97.83186556641934,89.53493747544091,97.37882255044727,96.5161338788341,5,ROBUST POSITIVE,LIMITED SAMPLE,1135,
134,176,INE093B01015,1363,1363,6735998191159558.0,461436812992731.3,67359981911.59558,4614368129.927313,0.4574751334138925,5.205101933214581,9.972526273169368,-0.2175150356582113,0.4526779163609684,0.0171098219464622,-0.002,5.703850157241379,0.3979999999999999,-0.1519999999999999,0.5522690437601296,2726.0,0.0370554275602958,0.0010036999459835,17.046749892664348,3.2703592693722898e-59,0.0151408564728001,0.0190787874201242,89,18,1.158667587771996,-0.1360378323756105,0.2533842138646371,356848.3234841247,461436812635883.0,6735998191159558.0,1764183270512823.0,461436812992731.3,31443088199464.285,2131236842211.2,ALPSINDUS,ALPS INDUSTRIES LTD.,BE,2016-08-29,2026-01-01,2112,57264.2,23981.5,0.0094696969696969,0.0514748609123901,471,0,0.8557536466774717,LOW,PARTIAL,False,True,gap_fade_100,"{""gap_threshold"":0.01}",INTRADAY_SHORT_ALLOWED_RESEARCH,2016-08-29,2026-08-27,99.15170006703188,99.10084829993296,99.12627418348242,81.67024940480319,99.15170006703188,96.51422693756791,5,ROBUST POSITIVE,LIMITED SAMPLE,368,
135,626,INE703A01011,830,830,59408978524.06466,11571231340.3674,594089.7852406466,115712.313403674,0.2963883669649629,4.168630837267675,8.488675962788657,-0.0932345682693718,0.4385542168674698,0.0145787776720265,-0.002,5.2777442208245215,0.1168118811881189,-0.0425405405405405,0.3363047001620745,1660.0,0.0299356642006638,0.0010390820735554,14.030439022148174,2.7851996647641633e-40,0.0125392365153859,0.0166183188286672,56,3,0.6220686784383918,-0.039249042973657,0.1788855996561994,-92942.87085933745,11571324283.23826,59408978524.06466,26229595992.073982,11571231340.3674,2246416418.721425,434636447.2424167,VIDEOIND,VIDEOIND,BZ,2016-08-29,2021-06-15,1183,1299737.55,208001.0,0.0,0.0407189555498777,245,0,0.4793354943273906,OK,PARTIAL,False,True,gap_fade_050,"{""gap_threshold"":0.005}",INTRADAY_SHORT_ALLOWED_RESEARCH,2016-08-29,2026-08-27,96.9488939740656,98.08612440191388,97.48977186048124,91.77357094977232,96.9488939740656,96.5082171832744,5,ROBUST POSITIVE,LIMITED SAMPLE,1321,
136,37,INE737B01033,1828,1828,7.167730788018854e+20,1.9796892009843528e+19,7167730788018855.0,197968920098435.25,0.4880445340889631,7.169754520391501,12.86101298373674,-0.2619970340963706,0.6477024070021882,0.0187470165523726,0.0140879477351991,4.785238423274854,0.205920792079208,-0.127,0.7406807131280388,3656.0,0.034425296189857,0.0008051737168526,23.283194868371933,3.2025707371006564e-105,0.0171678589056935,0.0203261741990517,115,6,1.0472885061248631,-0.096440928202819,0.2173493253856117,-75166.43828830305,1.97968920098436e+19,7.167730788018854e+20,1.1922637899651056e+20,1.9796892009843528e+19,5.42928029427717e+17,1.4784454414209366e+16,ADROITINFO,ADROIT INFOTECH LIMITED,EQ,2016-08-29,2026-08-27,2433,352394.53,20921.0,0.0226058364159473,0.0592185874498881,164,0,0.9858184764991896,LOW,FULL,False,True,gap_fade_050,"{""gap_threshold"":0.005}",INTRADAY_SHORT_ALLOWED_RESEARCH,2016-08-29,2026-08-27,99.83819892286712,99.93990245706493,99.81277303931766,77.43337262788063,99.83819892286712,96.49273050874882,5,ROBUST POSITIVE,LOW LIQUIDITY,71,
137,102,INE946H01037,1527,1527,6.02959699738918e+17,3.001271065992176e+16,6029596997389.18,300127106599.2176,0.4350783776415627,6.447906723745989,8.702741128489391,-0.244988540606206,0.6666666666666666,0.0179925129621552,0.0160412371134019,4.721147886078168,0.2150963364993214,-0.1816246648793564,0.6187196110210696,3054.0,0.0330280418887568,0.00084520743396,21.287688961577214,2.920628856236749e-88,0.01633462187439,0.0196504040499203,115,6,0.8582276987712996,-0.0883796911557758,0.2052189513027178,-77354.42127965487,3.001271065999912e+16,6.02959699738918e+17,1.3462232982553597e+17,3.001271065992176e+16,1485095254316574.0,73050871272561.36,VIPULLTD,VIPUL LIMITED,BE,2016-08-29,2026-08-27,2468,1610826.875,60110.5,0.0008103727714748,0.0558350140405278,136,0,1.0,OK,FULL,False,False,gap_fade_100,"{""gap_threshold"":0.01}",INTRADAY_SHORT_ALLOWED_RESEARCH,2016-08-29,2026-08-27,99.50535099276519,99.75960982825971,99.53308832027368,79.023646071701,99.50535099276519,96.48949448720617,5,ROBUST POSITIVE,COMPARABLE,215,3
138,41,INE737B01033,1585,1585,1.147124291331548e+20,5.135841294716749e+18,1147124291331548.0,51358412947167.49,0.46645519105551,7.180534749125913,12.521543895140235,-0.2619970340963705,0.6574132492113565,0.0206957927596153,0.0159324894514767,5.696511555865282,0.205920792079208,-0.127,0.6422204213938412,3170.0,0.0345164456287401,0.0008669847013963,23.871001098730112,7.82478351670706e-108,0.0189952345577293,0.0223963509615012,117,4,0.970911068420131,-0.0648965825105502,0.2095136285486784,-75166.43828830305,5.135841294716824e+18,1.147124291331548e+20,2.4290802620723626e+19,5.135841294716749e+18,2.285392871179685e+17,1.010759515637089e+16,ADROITINFO,ADROIT INFOTECH LIMITED,EQ,2016-08-29,2026-08-27,2433,352394.53,20921.0,0.0226058364159473,0.0592185874498881,164,0,0.9858184764991896,LOW,FULL,False,True,gap_fade_100,"{""gap_threshold"":0.01}",INTRADAY_SHORT_ALLOWED_RESEARCH,2016-08-29,2026-08-27,99.8035272634815,99.94221390102396,99.79428148764534,77.43568407183969,99.8035272634815,96.4742389570765,5,ROBUST POSITIVE,LOW LIQUIDITY,86,
139,125,INE335W01016,1343,1343,9.90427393092282e+16,7098465524868533.0,990427393092.282,70984655248.68533,0.4682726676749031,5.7014206106719545,7.110990405091764,-0.2381842998543959,0.7259865971705137,0.0194693069744217,0.0163235867446392,4.621398323306868,0.2762805429864252,-0.1875721393034826,0.5441653160453809,2686.0,0.0377716012081639,0.0010306884027872,18.889614864951007,9.313278111627812e-71,0.0174473712476907,0.0214912427011527,101,8,1.1967006580188562,-0.1649052371148767,0.2425889652323095,101013.49536820348,7098465524767520.0,9.90427393092282e+16,2.65322901965162e+16,7098465524868533.0,506118775807040.1,35898611541790.81,GANGESSECU,GANGES SECURITIES LIMITED,EQ,2017-07-28,2026-08-27,2230,434221.35,4870.0,0.0255605381165919,0.0610889705826684,30,1,0.9035656401944896,LOW,PARTIAL,True,True,gap_fade_100,"{""gap_threshold"":0.01}",INTRADAY_SHORT_ALLOWED_RESEARCH,2016-08-29,2026-08-27,99.40595890252641,99.43138478607587,99.47761366525668,79.72170214733144,99.40595890252641,96.4727365185031,5,ROBUST POSITIVE,LIMITED SAMPLE,258,
140,119,INE875R01011,1458,1458,1.3387904114331978e+17,7627199281744406.0,1338790411433.1978,76271992817.44406,0.446440037129142,5.980924028917318,6.243656739152488,-0.2398234378905581,0.7098765432098766,0.017935707474862,0.0159354246487867,4.398308056808294,0.1766407766990292,-0.1878267716535433,0.5907617504051864,2916.0,0.0347481045797318,0.0009100229771002,19.70907100830871,7.631559929979775e-77,0.0161506123146284,0.0197208026350955,110,10,1.5419746811795152,-0.170831226827493,0.2319346466070243,-57013.969516442725,7627199281801421.0,1.3387904114331978e+17,3.1977527963208044e+16,7627199281744406.0,432080242962792.9,24338893583269.03,BALKRISHNA,BALKRISHNA PAPER MILLS L,EQ,2016-08-29,2026-08-27,2439,508009.15,15623.0,0.002460024600246,0.0586462594247313,68,0,0.9882495948136144,LOW,FULL,False,True,gap_fade_100,"{""gap_threshold"":0.01}",INTRADAY_SHORT_ALLOWED_RESEARCH,2016-08-29,2026-08-27,99.41982756628066,99.57007142361833,99.41520467836257,79.54834385040334,99.41982756628066,96.46822920278298,5,ROBUST POSITIVE,LOW LIQUIDITY,252,
141,36,INE216G01011,478,478,5.779063351481116e+19,2.359522814773497e+19,577906335148111.6,235952281477349.7,0.9821394516482688,3.86718264977968,11.304409704004442,-0.2331367407407406,0.5502092050209205,0.0778188053147147,0.035037037037037,24.31860572145838,0.6646666666666667,-0.1353333333333333,0.1936790923824959,956.0,0.1220808861131238,0.0055838497604063,13.93640743461766,2.8077714542746447e-37,0.0668468212463959,0.0887907893830335,48,3,15.893250998969696,-0.1503149726232011,2.3051333816179285,-99992.96833019955,2.359522814773507e+19,5.779063351481116e+19,3.693454839160832e+19,2.359522814773497e+19,9.61731190155542e+18,3.913300458174219e+18,SUJANAUNI,SUJANAUNI,BE,2016-08-29,2021-02-02,1047,55035.6,121430.0,0.0009551098376313,0.1872610791124359,55,59,0.4242301458670988,LOW,PARTIAL,False,True,gap_fade_050,"{""gap_threshold"":0.005}",INTRADAY_SHORT_ALLOWED_RESEARCH,2016-08-29,2026-08-27,99.84628897672377,97.60418833645377,99.94105817904445,80.17127799736495,99.84628897672377,96.4655710422301,5,ROBUST POSITIVE,LIMITED SAMPLE,67,
142,32,INE216G01011,478,478,5.779063351481116e+19,2.359522814773497e+19,577906335148111.6,235952281477349.7,0.9821394516482688,3.86718264977968,11.304409704004442,-0.2331367407407406,0.5502092050209205,0.0778188053147147,0.035037037037037,24.31860572145838,0.6646666666666667,-0.1353333333333333,0.1936790923824959,956.0,0.1220808861131238,0.0055838497604063,13.93640743461766,2.8077714542746447e-37,0.0668468212463959,0.0887907893830335,48,3,15.893250998969696,-0.1503149726232011,2.3051333816179285,-99992.96833019955,2.359522814773507e+19,5.779063351481116e+19,3.693454839160832e+19,2.359522814773497e+19,9.61731190155542e+18,3.913300458174219e+18,SUJANAUNI,SUJANAUNI,BE,2016-08-29,2021-02-02,1047,55035.6,121430.0,0.0009551098376313,0.1872610791124359,55,59,0.4242301458670988,LOW,PARTIAL,False,True,gap_fade_100,"{""gap_threshold"":0.01}",INTRADAY_SHORT_ALLOWED_RESEARCH,2016-08-29,2026-08-27,99.84628897672377,97.60418833645377,99.94105817904445,80.17127799736495,99.84628897672377,96.4655710422301,5,ROBUST POSITIVE,LIMITED SAMPLE,67,
143,139,INE342A01018,1352,1352,5.817841489074329e+16,4092567144100973.0,581784148907.4329,40925671441.00973,0.4155912132638078,6.234877426439434,9.918097722256638,-0.2397424197999137,0.5784023668639053,0.018769910411202,0.0126819314044835,5.695996209981239,0.2215701906412477,-0.172103092783505,0.5478119935170178,2704.0,0.0330471708726861,0.0008987645624271,20.8841238249451,3.6752746492717243e-84,0.0170067846733006,0.0205330361491033,104,9,0.926982471338093,-0.1287322228061796,0.2049068960143289,-9886.03580561446,4092567144110858.5,5.817841489074329e+16,1.5440524233157894e+16,4092567144100973.0,286391243824430.1,19936305611586.17,PREMIER,PREMIER LIMITED,BE,2016-08-29,2026-08-27,2229,42982.5,8038.0,0.0215343203230148,0.0557855082505168,289,0,0.903160453808752,LOW,PARTIAL,False,True,gap_fade_100,"{""gap_threshold"":0.01}",INTRADAY_SHORT_ALLOWED_RESEARCH,2016-08-29,2026-08-27,99.3435499156323,99.68333217761135,99.38515590689504,79.55990107019856,99.3435499156323,96.45228023946561,5,ROBUST POSITIVE,LIMITED SAMPLE,285,
144,64,INE747B01016,1768,1768,3.005148363112588e+19,9.300146758025094e+17,300514836311258.75,9300146758025.094,0.4912076438921534,6.485547848720466,9.012850026964603,-0.2586513779116534,0.6476244343891403,0.0176471321590167,0.0139754601226994,4.233596137565445,0.2421860465116279,-0.1861004184100418,0.7163695299837926,3536.0,0.0353328273968645,0.000840305607201,21.00085017615979,1.352562039311713e-87,0.015999034527543,0.0192952297904904,114,6,1.133630009099635,-0.1428019495441301,0.2356502500502782,-65834.17849898571,9.300146758025752e+17,3.005148363112588e+19,5.291139321839118e+18,9.300146758025094e+17,2.858492915744539e+16,872561597222410.8,NEXTMEDIA,NEXT MEDIAWORKS LIMITED,EQ,2016-08-29,2026-08-27,2424,88181.4,12950.0,0.0045379537953795,0.0596523670799319,121,0,0.9821717990275528,LOW,FULL,False,True,gap_fade_050,"{""gap_threshold"":0.005}",INTRADAY_SHORT_ALLOWED_RESEARCH,2016-08-29,2026-08-27,99.7133809490789,99.78965859972725,99.69257795344751,77.77662205579826,99.7133809490789,96.4339620460902,5,ROBUST POSITIVE,LOW LIQUIDITY,125,
145,154,INE314G01014,1701,1701,7.106489216848385e+16,2487720859221222.0,710648921684.8385,24877208592.21222,0.352150590106411,7.148357386415681,10.317875391356615,-0.2402195007935657,0.6713697824808936,0.014493556859861,0.0133696023420345,4.792238119220703,0.1120684410646387,-0.1901315846054612,0.6892220421393841,3402.0,0.0254716971645158,0.0006175977795523,23.46763110185936,9.96095801846025e-106,0.0132822250224276,0.0157048886972943,115,6,0.5229888916154792,-0.0749404974967381,0.1346608324537134,129573.20476056298,2487720859091649.0,7.106489216848385e+16,1.330721716469656e+16,2487720859221222.0,86511044853637.67,2988501094429.433,KALYANIFRG,KALYANI FORGE LIMITED,EQ,2016-08-29,2026-08-27,2451,233547.95,828.0,0.0811913504691962,0.0428933579269976,106,0,0.9931118314424636,LOW,FULL,False,True,gap_fade_050,"{""gap_threshold"":0.005}",INTRADAY_SHORT_ALLOWED_RESEARCH,2016-08-29,2026-08-27,99.30194392436955,99.9329681251878,99.17250306266324,79.50211497122253,99.30194392436955,96.43228624921989,5,ROBUST POSITIVE,LOW LIQUIDITY,303,
146,284,INE299C01024,598,598,69853024214900.44,21919083167213.89,698530242.1490043,219190831.67213896,0.564310277058243,3.737594785413729,14.815671961040907,-0.1837029099441686,0.4347826086956521,0.0345424872024223,-0.002,16.33103579626226,0.398,-0.0929090909090908,0.2423014586709886,1196.0,0.0656987982532642,0.0026866236509812,12.857211016439182,1.4306084856415749e-33,0.0292661045862035,0.0398188698186411,57,0,2.613269403229733,0.0,0.4164605621224931,-97626.953125,21919083264840.848,69853024214900.44,39140478527052.375,21919083167213.89,6862446710024.567,2143636630092.7024,KGL,KGL,BZ,2016-08-29,2021-04-12,1140,591833.6000000001,655481.0,0.0,0.1073241013474157,111,6,0.4619124797406807,LOW,PARTIAL,False,True,gap_fade_050,"{""gap_threshold"":0.005}",INTRADAY_SHORT_ALLOWED_RESEARCH,2016-08-29,2026-08-27,98.71830432471165,97.39153549222199,99.12974134942098,84.6716593856182,98.71830432471165,96.42824122229156,5,ROBUST POSITIVE,LIMITED SAMPLE,555,
147,264,INE299C01024,598,598,69853024214900.44,21919083167213.89,698530242.1490043,219190831.67213896,0.564310277058243,3.737594785413729,14.815671961040907,-0.1837029099441686,0.4347826086956521,0.0345424872024223,-0.002,16.33103579626226,0.398,-0.0929090909090908,0.2423014586709886,1196.0,0.0656987982532642,0.0026866236509812,12.857211016439182,1.4306084856415749e-33,0.0292661045862035,0.0398188698186411,57,0,2.613269403229733,0.0,0.4164605621224931,-97626.953125,21919083264840.848,69853024214900.44,39140478527052.375,21919083167213.89,6862446710024.567,2143636630092.7024,KGL,KGL,BZ,2016-08-29,2021-04-12,1140,591833.6000000001,655481.0,0.0,0.1073241013474157,111,6,0.4619124797406807,LOW,PARTIAL,False,True,gap_fade_100,"{""gap_threshold"":0.01}",INTRADAY_SHORT_ALLOWED_RESEARCH,2016-08-29,2026-08-27,98.71830432471165,97.39153549222199,99.12974134942098,84.6716593856182,98.71830432471165,96.42824122229156,5,ROBUST POSITIVE,LIMITED SAMPLE,555,
148,548,INE005D01015,475,475,94281852941.32054,37359725311.08848,942818.5294132056,373597.2531108848,0.5903887186807761,2.4597816088591733,30.098277642588837,-0.0547718364808802,0.3326315789473684,0.0299423308832833,-0.002,19.53461108578181,0.6646666666666667,-0.026390243902439,0.1924635332252836,950.0,0.0804573491984233,0.0036916363623272,8.110855984853071,4.33980058054985e-15,0.0226883342333546,0.037196327533212,41,8,6.299467940670403,-0.0198209566480505,0.6132475992410802,460880.3526701847,37359264430.73581,94281852941.32054,59362782436.358055,37359725311.08848,14777140507.621702,5834229902.603159,RAMSARUP,RAMSARUP,BZ,2016-08-29,2021-07-19,877,2152.7,2363.0,0.0957810718358038,0.061441218169238,422,18,0.3553484602917342,LOW,PARTIAL,False,True,gap_fade_050,"{""gap_threshold"":0.005}",INTRADAY_SHORT_ALLOWED_RESEARCH,2016-08-29,2026-08-27,97.36610960867253,94.1162194022606,98.20747520976354,94.32193791461526,97.36610960867253,96.42777893349975,5,ROBUST POSITIVE,LIMITED SAMPLE,1140,
149,517,INE005D01015,475,475,94281852941.32054,37359725311.08848,942818.5294132056,373597.2531108848,0.5903887186807761,2.4597816088591733,30.098277642588837,-0.0547718364808802,0.3326315789473684,0.0299423308832833,-0.002,19.53461108578181,0.6646666666666667,-0.026390243902439,0.1924635332252836,950.0,0.0804573491984233,0.0036916363623272,8.110855984853071,4.33980058054985e-15,0.0226883342333546,0.037196327533212,41,8,6.299467940670403,-0.0198209566480505,0.6132475992410802,460880.3526701847,37359264430.73581,94281852941.32054,59362782436.358055,37359725311.08848,14777140507.621702,5834229902.603159,RAMSARUP,RAMSARUP,BZ,2016-08-29,2021-07-19,877,2152.7,2363.0,0.0957810718358038,0.061441218169238,422,18,0.3553484602917342,LOW,PARTIAL,False,True,gap_fade_100,"{""gap_threshold"":0.01}",INTRADAY_SHORT_ALLOWED_RESEARCH,2016-08-29,2026-08-27,97.36610960867253,94.1162194022606,98.20747520976354,94.32193791461526,97.36610960867253,96.42777893349975,5,ROBUST POSITIVE,LIMITED SAMPLE,1140,
150,401,INE183H01011,464,464,1611761258166.7502,656820812251.2324,16117612.581667503,6568208.122512324,0.473904535782075,3.609860747364338,6.073965562126619,-0.1539049987950328,0.4827586206896552,0.036108375359872,-0.002,11.264320328297414,0.2837142857142858,-0.131032258064516,0.1880064829821718,928.0,0.0607261507779374,0.0028191407762249,12.808290974466397,2.3102207037299848e-32,0.0305684793598814,0.0416482713598626,39,3,2.638198741598192,-0.0530741418581219,0.4226580172577718,-69607.40148849397,656820881858.6339,1611761258166.7502,1029125588068.9362,656820812251.2324,267199142371.082,108508092682.09567,XLENERGY,XLENERGY,BZ,2016-08-29,2020-03-09,773,2595.5,2000.0,0.0776196636481241,0.0630392530376104,226,0,0.3132090761750405,LOW,PARTIAL,False,True,gap_fade_050,"{""gap_threshold"":0.005}",INTRADAY_SHORT_ALLOWED_RESEARCH,2016-08-29,2026-08-27,98.15200055474655,97.167325428195,98.73217298846589,87.17033030534175,98.15200055474655,96.4238494787694,5,ROBUST POSITIVE,LIMITED SAMPLE,800,
151,376,INE183H01011,464,464,1611761258166.7502,656820812251.2324,16117612.581667503,6568208.122512324,0.473904535782075,3.609860747364338,6.073965562126619,-0.1539049987950328,0.4827586206896552,0.036108375359872,-0.002,11.264320328297414,0.2837142857142858,-0.131032258064516,0.1880064829821718,928.0,0.0607261507779374,0.0028191407762249,12.808290974466397,2.3102207037299848e-32,0.0305684793598814,0.0416482713598626,39,3,2.638198741598192,-0.0530741418581219,0.4226580172577718,-69607.40148849397,656820881858.6339,1611761258166.7502,1029125588068.9362,656820812251.2324,267199142371.082,108508092682.09567,XLENERGY,XLENERGY,BZ,2016-08-29,2020-03-09,773,2595.5,2000.0,0.0776196636481241,0.0630392530376104,226,0,0.3132090761750405,LOW,PARTIAL,False,True,gap_fade_100,"{""gap_threshold"":0.01}",INTRADAY_SHORT_ALLOWED_RESEARCH,2016-08-29,2026-08-27,98.15200055474655,97.167325428195,98.73217298846589,87.17033030534175,98.15200055474655,96.4238494787694,5,ROBUST POSITIVE,LIMITED SAMPLE,800,
152,69,INE747B01016,1540,1540,7.502458177272869e+18,3.65542982717482e+17,75024581772728.69,3655429827174.8193,0.4741081218910417,6.498333483043275,8.468476828436103,-0.2586513779116534,0.6584415584415585,0.0195931058075915,0.0157277701394539,4.949218146550821,0.2421860465116279,-0.1861004184100418,0.6239870340356564,3080.0,0.035852334637102,0.000913602082714,21.445995120092235,1.748325628395157e-89,0.017801069280049,0.0213851423351341,117,3,1.1580903124873223,-0.184840870372084,0.222341311378185,-65834.17849898571,3.6554298271754784e+17,7.502458177272869e+18,1.657269998243138e+18,3.65542982717482e+17,1.7704767482908056e+16,852410340596359.5,NEXTMEDIA,NEXT MEDIAWORKS LIMITED,EQ,2016-08-29,2026-08-27,2424,88181.4,12950.0,0.0045379537953795,0.0596523670799319,121,0,0.9821717990275528,LOW,FULL,False,True,gap_fade_100,"{""gap_threshold"":0.01}",INTRADAY_SHORT_ALLOWED_RESEARCH,2016-08-29,2026-08-27,99.66946351385711,99.79428148764534,99.69026650948848,77.77662205579826,99.66946351385711,96.4146614890322,5,ROBUST POSITIVE,LOW LIQUIDITY,144,
153,325,INE048C01017,988,988,18399855207511.29,2641296944372.596,183998552.07511288,26412969.44372596,0.3374837112137752,5.3520024602808665,8.331314174171192,-0.1947784903509787,0.5445344129554656,0.0179042770986562,0.010739370334307,6.1297745874382485,0.1441538461538462,-0.11040108401084,0.4003241491085899,1976.0,0.0306146296649115,0.0009739811189964,18.382571026739896,3.937144287366768e-65,0.0159929653791271,0.0198155888181853,75,7,0.8016755991484898,-0.1315912677432095,0.2024076984652673,-47643.30955929295,2641296992015.906,18399855207511.29,6974659784336.257,2641296944372.596,377710481360.5507,53806253745.5151,VICEROY,VICEROY,BZ,2016-08-29,2023-10-19,1621,128765.45,40061.0,0.000616903146206,0.051166004976788,200,0,0.656807131280389,LOW,PARTIAL,False,True,gap_fade_100,"{""gap_threshold"":0.01}",INTRADAY_SHORT_ALLOWED_RESEARCH,2016-08-29,2026-08-27,98.40048078034349,99.2094861660079,98.60619929269815,83.7805977394078,98.40048078034349,96.41044310380695,5,ROBUST POSITIVE,LIMITED SAMPLE,693,
154,12,INE414B01021,1305,1305,9.36692408800425e+22,7.436694631535759e+21,9.36692408800425e+17,7.436694631535758e+16,0.5810808558257939,7.153956551792905,20.29565265262753,-0.272835763054542,0.5295019157088122,0.0311972970835003,0.0086382978723402,13.24467210652965,0.2202222222222223,-0.1205185185185184,0.5287682333873582,2610.0,0.0455623890192094,0.0012612501531276,24.735217677584934,4.523489139136862e-111,0.0287229956133069,0.0336715985536936,94,10,3.7179831190819472,-0.1469120022585103,0.7516832993903612,-28993.10344827584,7.436694631535759e+21,9.36692408800425e+22,2.6409241979304114e+22,7.436694631535759e+21,5.8751509451893984e+20,4.6185521895146e+19,ANTGRAPHIC,ANTARCTICA LTD,EQ,2016-08-29,2026-08-27,2118,152082.965,162378.0,0.0028328611898017,0.0654249246877134,279,0,0.8581847649918962,LOW,PARTIAL,False,True,gap_fade_050,"{""gap_threshold"":0.005}",INTRADAY_SHORT_ALLOWED_RESEARCH,2016-08-29,2026-08-27,99.95145967686014,99.93759101310589,99.95608256477821,76.32850241545893,99.95145967686014,96.40616693248273,5,ROBUST POSITIVE,LIMITED SAMPLE,22,
155,441,INE129Z01016,739,739,598311536137.0774,140472283099.01492,5983115.361370774,1404722.8309901492,0.2857184413777863,5.212166844700465,5.003992630893484,-0.1675853939665829,0.7875507442489851,0.0197358919050077,0.0182582728006457,6.783873662967579,0.1365454545454545,-0.1099365079365077,0.2994327390599676,1478.0,0.0284544652219428,0.0010467144233206,18.855087371774705,4.97857378621159e-65,0.0176809992808793,0.0217907845291361,69,2,0.7126041796589682,-0.0451594225401013,0.1682297351289324,-5372.259694533248,140472288471.27463,598311536137.0774,290010303642.6234,140472283099.01492,32886350063.9486,7677062028.74443,SINTERCOM,SINTERCOM INDIA LIMITED,EQ,2020-10-07,2026-08-27,1452,747278.155,6911.5,0.0034435261707988,0.0443762483831213,10,0,0.5883306320907618,LOW,PARTIAL,True,True,gap_fade_100,"{""gap_threshold"":0.01}",INTRADAY_SHORT_ALLOWED_RESEARCH,2016-08-29,2026-08-27,97.78563668723852,99.1077826318101,98.28259713843238,86.15445068534314,97.78563668723852,96.4047800661073,5,ROBUST POSITIVE,LIMITED SAMPLE,959,
156,148,INE342A01018,1502,1502,6.668485922567781e+16,3474265283252263.0,666848592256.7781,34742652832.52263,0.4399873173510037,5.875977818181996,8.126664706139596,-0.2397424197999136,0.5752330226364847,0.0168575706191865,0.0104999999999999,4.483602611216273,0.2215701906412477,-0.1930112359550562,0.6085899513776337,3004.0,0.0339308563080163,0.0008755074654739,19.254628068830904,5.217066213228771e-74,0.0151402227162094,0.0185749185221637,103,10,0.926982471338093,-0.1325490457829025,0.2134999952366811,-9886.03580561446,3474265283262149.0,6.668485922567781e+16,1.5232141982913556e+16,3474265283252263.0,179956172958688.3,9266773053429.76,PREMIER,PREMIER LIMITED,BE,2016-08-29,2026-08-27,2229,42982.5,8038.0,0.0215343203230148,0.0557855082505168,289,0,0.903160453808752,LOW,PARTIAL,False,True,gap_fade_050,"{""gap_threshold"":0.005}",INTRADAY_SHORT_ALLOWED_RESEARCH,2016-08-29,2026-08-27,99.32968125187804,99.5122853246423,99.3042553683286,79.5622125141576,99.32968125187804,96.39599657906295,5,ROBUST POSITIVE,LIMITED SAMPLE,291,
157,34,INE142K01011,1647,1647,5.355221668074701e+20,2.123602581885827e+19,5355221668074701.0,212360258188582.7,0.4883416428626494,7.184827640778192,8.162634464988622,-0.2693878902227096,0.7176684881602914,0.0208636903975854,0.0199780219780218,5.091115343237094,0.2130537634408602,-0.1698657074340528,0.6673419773095624,3294.0,0.0356856770573294,0.0008793203849731,23.727063257180458,2.771423075170262e-107,0.0191389858891366,0.0225883949060342,115,5,1.2052950484702536,-0.1465927441043606,0.2271156895765762,-92052.1739130435,2.123602581885836e+19,5.355221668074701e+20,1.0672573273624866e+20,2.123602581885827e+19,8.367837688667776e+17,3.2763220833336e+16,AURUS,AURUS GEM CORP LIMITED,EQ,2016-08-29,2026-08-27,2468,229223.275,37653.5,0.0,0.0643803277857442,66,0,1.0,LOW,FULL,False,False,gap_fade_100,"{""gap_threshold"":0.01}",INTRADAY_SHORT_ALLOWED_RESEARCH,2016-08-29,2026-08-27,99.84051036682615,99.94452534498302,99.83126459098999,76.7191364445369,99.84051036682615,96.3912581189469,5,ROBUST POSITIVE,LOW LIQUIDITY,70,
158,477,INE369C01017,1242,1242,1905845019604.9773,163781310382.584,19058450.196049776,1637813.1038258402,0.3523843259948847,4.326938558035815,9.05754267891214,-0.1466137497138638,0.4194847020933977,0.0120232071543918,-0.002,4.318937650753835,0.1805396825396825,-0.0772688172043012,0.5032414910858996,2484.0,0.0301278873194153,0.0008548853612872,14.064116311792445,8.510043376455951e-42,0.0103460268854014,0.0137003874233822,84,26,0.7863764184249096,-0.122792145748784,0.198704346914652,2874112.009331445,163778436270.57468,1905845019604.9773,559035639935.2047,163781310382.584,14006401807.443165,1191895007.7044442,NORBTEAEXP,NORBEN TEA & EXPORTS LTD,EQ,2016-08-30,2026-08-27,1946,16252.375,1500.0,0.1017471736896197,0.0297429435165854,731,0,0.7884927066450568,LOW,PARTIAL,True,True,gap_fade_050,"{""gap_threshold"":0.005}",INTRADAY_SHORT_ALLOWED_RESEARCH,2016-08-29,2026-08-27,97.81568545870606,98.31958024177703,97.75327647181194,87.71929824561403,97.81568545870606,96.38952453597763,5,ROBUST POSITIVE,LIMITED SAMPLE,946,
159,468,INE129Z01016,965,965,1272290836130.5825,190266502482.1853,12722908.361305824,1902665.024821853,0.3028061427748239,5.037828602230291,5.215204445175253,-0.167585393966583,0.7398963730569948,0.0154819396463567,0.0127275405007363,4.695505966224361,0.1365454545454545,-0.1099365079365077,0.3910048622366288,1930.0,0.0280184050438488,0.0009019443712963,17.16507152664538,7.875560645185909e-58,0.0137119388596824,0.0172519404330309,68,3,0.7126041796589682,-0.0486448919061313,0.1715540645932602,-5372.259694533248,190266507854.445,1272290836130.5825,492240881202.8792,190266502482.1853,28347044845.05772,4207362560.1755857,SINTERCOM,SINTERCOM INDIA LIMITED,EQ,2020-10-07,2026-08-27,1452,747278.155,6911.5,0.0034435261707988,0.0443762483831213,10,0,0.5883306320907618,LOW,PARTIAL,True,True,gap_fade_050,"{""gap_threshold"":0.005}",INTRADAY_SHORT_ALLOWED_RESEARCH,2016-08-29,2026-08-27,97.85960289392783,99.0014562096942,98.14622194484895,86.15213924138409,97.85960289392783,96.38917781938378,5,ROBUST POSITIVE,LIMITED SAMPLE,927,
160,312,INE365I01020,1477,1477,143295873054484.28,7757684734717.29,1432958730.5448427,77576847.3471729,0.3750125650923233,5.147824250976337,6.303255238378092,-0.198742810415273,0.6668923493568043,0.0128006979550022,0.0099729605866178,3.7252594779396313,0.2746515837104073,-0.1822656546489562,0.5984602917341977,2954.0,0.0294436499515877,0.0007661281115619,16.708299515214847,1.561996686214347e-57,0.0112978821116599,0.0143035137983445,100,5,0.8198992469380857,-0.1309372601653362,0.1507874750140163,40509.18257944135,7757684694208.107,143295873054484.28,33365354574967.145,7757684734717.29,417563769732.1743,22345708371.52406,NBIFIN,N.B.I. IND. FIN. CO. LTD,EQ,2017-12-08,2026-08-27,2141,431919.3,234.0,0.2816440915460065,0.0418688894855948,61,0,0.8675040518638574,LOW,PARTIAL,True,True,gap_fade_050,"{""gap_threshold"":0.005}",INTRADAY_SHORT_ALLOWED_RESEARCH,2016-08-29,2026-08-27,98.58308485310774,99.07079952846544,98.47213554307376,83.42232392575643,98.58308485310774,96.38432378706977,5,ROBUST POSITIVE,LIMITED SAMPLE,614,
161,211,INE989C01012,736,736,516323083811059.2,123380561186477.56,5163230838.110592,1233805611.8647754,0.5672917488560436,4.038889696848169,9.259537857000328,-0.2067788991371099,0.4565217391304347,0.0304884439555197,-0.002,9.401430345165515,0.3979999999999999,-0.160953722334004,0.2982171799027552,1472.0,0.0602759361350887,0.0022218004832062,13.722404052915602,2.55840650489954e-38,0.0261266123665158,0.0348502755445236,53,10,7.656805391030433,-0.0373236903543657,0.7943408222076183,-93125.3297701031,123380561279602.88,516323083811059.2,252485070392038.8,123380561186477.56,29400659479786.188,6986308543403.633,DIAPOWER,DIAPOWER,BZ,2016-08-29,2022-09-12,1295,62374.05,42834.0,0.0084942084942084,0.0673494591371188,264,0,0.5247163695299838,LOW,PARTIAL,False,True,gap_fade_100,"{""gap_threshold"":0.01}",INTRADAY_SHORT_ALLOWED_RESEARCH,2016-08-29,2026-08-27,98.98296465802187,97.88965166539538,99.26727226498393,82.66185886323186,98.98296465802187,96.37299771167048,5,ROBUST POSITIVE,LIMITED SAMPLE,441,
162,343,INE302H01017,763,763,6020175261878.521,1352527121411.1924,60201752.61878522,13525271.214111924,0.3874196681755369,4.527062387681847,5.587743984751993,-0.1835904163905768,0.6435124508519003,0.0225122146490288,0.0155438596491228,5.729004454511677,0.2096279069767441,-0.1697852348993287,0.3091572123176661,1526.0,0.0397206751951653,0.0014379849916185,15.65538915930484,4.1837924423619245e-48,0.01968933209773,0.0253350972003277,62,3,1.6712101458560769,-0.0112133360625417,0.261076986176648,148880.3198730734,1352526972530.8726,6020175261878.521,2854541871953.981,1352527121411.1924,302976822283.83105,67669674489.51777,GTNTEX,GTNTEX,BE,2016-08-29,2022-01-11,1234,28049.550000000003,2907.5,0.0777957860615883,0.053504310570389,219,0,0.5,LOW,PARTIAL,False,True,gap_fade_100,"{""gap_threshold"":0.01}",INTRADAY_SHORT_ALLOWED_RESEARCH,2016-08-29,2026-08-27,98.29877724614566,98.51605297829555,98.63162517624761,84.68437232739292,98.29877724614566,96.36664124078312,5,ROBUST POSITIVE,LIMITED SAMPLE,737,
163,123,INE363A01022,1402,1402,1.1383802685497312e+17,7255225705256278.0,1138380268549.7312,72552257052.56279,0.4055560655789814,6.526083411229996,7.638452960185256,-0.2501565990622783,0.7425106990014265,0.0184884337934639,0.0163947510591714,5.27965824461439,0.2355841750841751,-0.1853218470020674,0.5680713128038898,2804.0,0.0316472560590881,0.0008452049933544,21.874496647359067,1.7342875740426447e-91,0.0168304300705138,0.020146437516414,117,4,0.9917388680576188,-0.1365149738796933,0.1867645184762384,210183.64795926312,7255225705046094.0,1.1383802685497312e+17,2.875827996091563e+16,7255225705256278.0,459896126931590.8,28993759308043.44,ASIANHOTNR,ASIAN HOTELS (NORTH) LTD,EQ,2016-08-29,2026-08-27,2466,591236.65,4393.0,0.0121654501216545,0.0520300482294346,36,0,0.9991896272285252,LOW,FULL,False,True,gap_fade_100,"{""gap_threshold"":0.01}",INTRADAY_SHORT_ALLOWED_RESEARCH,2016-08-29,2026-08-27,99.41058179044448,99.8035272634815,99.44063056191203,78.53361995238426,99.41058179044448,96.36363636363637,5,ROBUST POSITIVE,LOW LIQUIDITY,256,
164,147,INE926K01017,1792,1792,1.3091041821812685e+17,3822996108828069.0,1309104182181.2683,38229961088.280685,0.3949050107808578,6.525345589678337,8.16877119346756,-0.2442058505107924,0.7299107142857143,0.0140832461793326,0.0126603255220409,4.19199640931813,0.1879371069182389,-0.1416306818181818,0.7260940032414911,3584.0,0.028250184696535,0.0006673478857024,21.103305309057266,1.815933022294192e-88,0.0127743838342335,0.0153921085244317,118,3,1.3119923499717585,-0.047064215745434,0.2039232617496117,-25040.70472620416,3822996108853109.0,1.3091041821812685e+17,2.2390694345539668e+16,3822996108828069.0,110866230371286.38,3192628903500.6074,AHLEAST,ASIAN HOTELS (EAST) LTD,EQ,2016-08-29,2026-08-27,2465,589533.25,3403.0,0.0227180527383367,0.0469663359436365,15,0,0.9987844408427876,LOW,FULL,False,True,gap_fade_050,"{""gap_threshold"":0.005}",INTRADAY_SHORT_ALLOWED_RESEARCH,2016-08-29,2026-08-27,99.33430413979613,99.80121581952245,99.1817488384994,79.10685805422646,99.33430413979613,96.36305850264661,5,ROBUST POSITIVE,LOW LIQUIDITY,289,
165,199,INE550H01011,1557,1557,4488504654800040.0,208396831254277.97,44885046548.0004,2083968312.5427797,0.4163544217886099,5.487362803921576,10.31962609974172,-0.224704704933913,0.4983943481053308,0.0143708633051754,-6.451612903213104e-05,4.255723062969462,0.1483496503496503,-0.1892770511296075,0.6308752025931929,3114.0,0.031849154771488,0.0008071487992367,17.80447833009831,1.0950126945081103e-64,0.0127876492112502,0.0159540773991006,101,11,1.0511085188911795,-0.0480704970742804,0.2042753400044133,9517.641002361168,208396831244760.28,4488504654800040.0,967888399214955.2,208396831254277.97,9617101881768.28,441113607362.8718,SUPREMEINF,SUPREME INFRA. LTD.,EQ,2016-08-29,2026-08-27,2281,651212.35,15849.0,0.0135905304690925,0.047298246976301,341,0,0.9242301458670988,LOW,PARTIAL,False,True,gap_fade_100,"{""gap_threshold"":0.01}",INTRADAY_SHORT_ALLOWED_RESEARCH,2016-08-29,2026-08-27,99.04768508887501,99.31118970020572,98.92749000300488,80.94676744562328,99.04768508887501,96.36120934747937,5,ROBUST POSITIVE,LIMITED SAMPLE,413,
166,639,INE784B01035,874,874,53618480109.1795,9563226606.16599,536184.801091795,95632.2660616599,0.2481567508125909,4.847930652460152,36.9623208247525,-0.1149597571941783,0.4839816933638444,0.0134808002896464,-0.002,11.834085410027152,0.1646666666666667,-0.0244719101123596,0.3541329011345219,1748.0,0.0239386509709313,0.0008097369479266,16.648369972697772,2.9454370242864136e-54,0.0118915416712469,0.0150700589080459,67,6,0.8998885450498675,-0.039249042973657,0.1615440875312127,-93749.31924171698,9563320355.485231,53618480109.1795,22654001587.913338,9563226606.16599,1699795335.3455555,301026531.6854224,WINSOME,WINSOME YARNS LIMITED,BZ,2016-08-29,2026-07-30,1401,21909.85,10149.0,0.0421127765881513,0.0310736431607173,375,15,0.5676661264181524,LOW,PARTIAL,False,True,gap_fade_050,"{""gap_threshold"":0.005}",INTRADAY_SHORT_ALLOWED_RESEARCH,2016-08-29,2026-08-27,96.87261632341723,98.86276957215172,97.3418394471026,90.17983034001341,96.87261632341723,96.36057370039063,5,ROBUST POSITIVE,LIMITED SAMPLE,1354,
167,91,INE696K01024,1354,1354,1.3953203459777846e+18,9.816431558706515e+16,13953203459777.848,981643155870.6516,0.7064534698711895,4.323095257675037,10.897511209081769,-0.2390616743699686,0.5007385524372231,0.0220904375418183,7.526881720437868e-05,6.036027080805795,0.6646666666666667,-0.1632903225806452,0.5486223662884927,2708.0,0.058229352297324,0.0015824595847898,13.959558749016608,1.7853647675804866e-41,0.0189860967148398,0.0251947783687968,97,13,4.568277042291984,-0.1600576173519222,0.6010056366038335,2304.687500000145,9.816431558706286e+16,1.3953203459777846e+18,3.703368494798684e+17,9.816431558706515e+16,6870110892659501.0,478294366048010.06,PRAKASHSTL,PRAKASH STEELAGE LTD,EQ,2016-08-29,2026-08-27,2247,728217.2,229693.0,0.0022251891410769,0.0703073647756161,407,13,0.910453808752026,LOW,PARTIAL,False,True,gap_fade_050,"{""gap_threshold"":0.005}",INTRADAY_SHORT_ALLOWED_RESEARCH,2016-08-29,2026-08-27,99.59780875112682,98.3057115780228,99.65559485010286,79.6246215010517,99.59780875112682,96.35496844878998,5,ROBUST POSITIVE,LIMITED SAMPLE,175,
168,457,INE728Z01015,697,697,440912046838.0141,112521308694.9056,4409120.46838014,1125213.086949056,0.3008380837362295,4.888396200652269,4.996541313122426,-0.1666537932308659,0.7474892395982783,0.0206638408372145,0.0181249132546843,6.425046246771636,0.1566268126664692,-0.1205307017543859,0.2824149108589951,1394.0,0.0310828734233611,0.0011773477843188,17.551178260524697,2.2580639542581284e-57,0.0183522617996121,0.0229754198748168,54,1,1.2539071470373329,-0.0194819712726446,0.2033555538715692,240132.3508707501,112521068562.55472,440912046838.0141,222812125086.7317,112521308694.9056,28638563079.905453,7269327480.057522,SOFTTECH,SOFTTECH ENGINEERS LTD,EQ,2022-02-25,2026-08-27,1108,1167012.9,4344.5,0.0135379061371841,0.0570248787207627,22,0,0.4489465153970826,OK,PARTIAL,True,True,gap_fade_100,"{""gap_threshold"":0.01}",INTRADAY_SHORT_ALLOWED_RESEARCH,2016-08-29,2026-08-27,97.7116704805492,98.88819545570118,98.2779742505143,86.23535122390957,97.7116704805492,96.33878834107668,5,ROBUST POSITIVE,LIMITED SAMPLE,991,
169,398,INE732S01012,856,856,1868415349090.413,347656889926.9528,18684153.490904134,3476568.899269528,0.3751076562537174,4.295869966535496,3.5452984429629444,-0.1698881690040476,0.75,0.0184364757079981,0.0180134128241106,3.95497504664742,0.2057586206896551,-0.1626382978723404,0.3468395461912479,1712.0,0.0372665869482333,0.0012737457193026,14.474219955056263,1.2501879392819853e-42,0.0159364409322001,0.020936510483796,80,9,1.3712720109541603,-0.1002534886969851,0.2305970766846732,1445695.026379455,347655444231.92645,1868415349090.413,806290870131.7676,347656889926.9528,64474541767.923805,11917304263.889854,SAKAR,SAKAR HEALTHCARE LIMITED,EQ,2019-04-11,2026-08-27,1816,4832206.3,22497.0,0.0066079295154185,0.0555861184040673,10,0,0.7358184764991896,OK,PARTIAL,True,True,gap_fade_100,"{""gap_threshold"":0.01}",INTRADAY_SHORT_ALLOWED_RESEARCH,2016-08-29,2026-08-27,98.04220696669209,98.26641703071908,98.36349767699882,85.91637195756189,98.04220696669209,96.33243187018931,5,ROBUST POSITIVE,LIMITED SAMPLE,848,
170,144,INE486Y01013,1018,1018,2.0052593147585244e+16,2747597138341520.5,200525931475.85245,27475971383.415203,0.3956105055019994,6.424913127029521,7.869207209755902,-0.2495379660913571,0.7671905697445972,0.0244529867340909,0.0231793447629647,7.472159690534053,0.228897435897436,-0.1082215477996964,0.4124797406807131,2036.0,0.0339837720438994,0.0010651179234693,22.95800886951766,2.6077849245995306e-94,0.0223629065436805,0.0265430669245013,79,1,1.05382753979106,-0.2075934951431343,0.2711182737658487,-22740.82936435264,2747597138364261.0,2.0052593147585244e+16,7426303699466702.0,2747597138341520.5,375011861385496.3,50984685756040.336,TOUCHWOOD,TOUCHWOOD ENTERTAIN LTD.,EQ,2020-01-21,2026-08-27,1630,349636.9,3472.5,0.0079754601226993,0.0610600832279361,36,0,0.660453808752026,LOW,PARTIAL,True,True,gap_fade_100,"{""gap_threshold"":0.01}",INTRADAY_SHORT_ALLOWED_RESEARCH,2016-08-29,2026-08-27,99.31118970020572,99.75036405242355,99.50303954880614,78.60758615907358,99.31118970020572,96.33185400919955,5,ROBUST POSITIVE,LIMITED SAMPLE,299,
171,305,INE908V01012,1064,1064,43515751852843.93,5373084103449.956,435157518.5284393,53730841.03449956,0.3646197478055977,5.181607647043351,4.575339414285666,-0.2038578581466661,0.7584586466165414,0.0173903249812757,0.0168745217047103,4.427217907896265,0.1767878787878787,-0.1661929499072356,0.4311183144246353,2128.0,0.0324372252232539,0.0009944269424055,17.487785416601824,2.2207940377241904e-60,0.0154390622644466,0.0193415876981048,84,2,0.9382183397431698,-0.1431281999963832,0.1778267092869588,-78134.25790765016,5373084181584.214,43515751852843.93,15298841114942.95,5373084103449.956,660707846427.4131,80908941709.62663,LIBAS,LIBAS CONSU PRODUCTS LTD,EQ,2019-07-23,2026-08-27,1733,1166106.3,62333.0,0.0219272937103289,0.0567229782730077,33,0,0.7021880064829822,OK,PARTIAL,True,True,gap_fade_100,"{""gap_threshold"":0.01}",INTRADAY_SHORT_ALLOWED_RESEARCH,2016-08-29,2026-08-27,98.53223308600883,99.08929108013777,98.66629683563322,82.92305203060351,98.53223308600883,96.3290802764487,5,ROBUST POSITIVE,LIMITED SAMPLE,636,
172,552,INE878I01022,1012,1012,256862340719.06815,34856068862.257614,2568623.407190682,348560.6886225761,0.2845966952801059,4.728235553442127,7.230523991795083,-0.1388091305808534,0.575098814229249,0.0130224608104426,0.007349935130603,4.667594398483673,0.1654773485932282,-0.0722160493827159,0.4100486223662885,2024.0,0.0261561715427707,0.0008222122078863,15.838320917078036,1.2314664853867632e-50,0.0114090229346378,0.0146358986862474,62,9,0.6802353991895986,-0.0500453048551374,0.1612341495233642,10970168.070291638,34845098694.187325,256862340719.06815,94668130608.4234,34856068862.257614,4711216137.015398,634180825.4845425,BAFNAPH,BAFNA PHARMACEUTICALS LTD,BE,2020-03-02,2026-08-27,1437,333675.05,2934.0,0.0250521920668058,0.0400537503761187,205,0,0.5822528363047001,LOW,PARTIAL,True,True,gap_fade_050,"{""gap_threshold"":0.005}",INTRADAY_SHORT_ALLOWED_RESEARCH,2016-08-29,2026-08-27,97.34877377897972,98.74719737419966,97.59840972655618,88.3121836211081,97.34646233502069,96.32243487506645,5,ROBUST POSITIVE,LIMITED SAMPLE,1148,
173,342,INE196J01019,842,842,17366085698604.318,3338039004133.4194,173660856.98604318,33380390.041334197,0.3731253078612601,4.938353158878493,5.661244438741007,-0.2005034457441854,0.6021377672209026,0.0214323293531459,0.0155438596491228,6.062945103297747,0.1774871794871795,-0.172940170940171,0.3411669367909238,1684.0,0.0362991977256998,0.0012509529647857,17.13280191699034,1.1419765443708313e-56,0.0189769729423004,0.0238876857639913,53,1,1.526182793757298,-0.0180078908277749,0.2754283455021454,-65516.75485008815,3338039069650.1743,17366085698604.318,7616794607231.156,3338039004133.4194,639548540442.236,122135669724.67392,OISL,OISL,BZ,2016-08-29,2021-08-02,1106,109117.925,30499.0,0.0009041591320072,0.0605430057800436,105,0,0.4481361426256078,LOW,PARTIAL,False,True,gap_fade_050,"{""gap_threshold"":0.005}",INTRADAY_SHORT_ALLOWED_RESEARCH,2016-08-29,2026-08-27,98.43977532764718,98.93904722280008,98.75644315003582,83.22816263319696,98.43977532764718,96.32122136698797,5,ROBUST POSITIVE,LIMITED SAMPLE,676,
174,152,INE550B01022,1310,1310,3.6276830718354056e+16,2772706583911572.0,362768307183.5406,27727065839.11572,0.4367984456521562,5.859940737026525,7.984914461462435,-0.2447628846602098,0.6458015267175573,0.0191358442314608,0.0145197792646197,5.001774761259005,0.2468584474885846,-0.1536709511568124,0.5307941653160454,2620.0,0.0354252281786703,0.0009787617943137,19.551073961645123,6.935943786089295e-75,0.0172157309638348,0.0210559574990867,93,4,1.780312460219838,-0.0501105405758325,0.2566244165804988,533803.2702441523,2772706583377768.5,3.6276830718354056e+16,1.0035544704654834e+16,2772706583911572.0,210852896076929.3,15953193006640.404,HBSL,HB STOCKHOLDINGS LIMITED,EQ,2018-07-26,2026-08-27,1868,340017.9,6446.5,0.0535331905781584,0.0543975292319906,208,1,0.7568881685575365,LOW,PARTIAL,True,True,gap_fade_050,"{""gap_threshold"":0.005}",INTRADAY_SHORT_ALLOWED_RESEARCH,2016-08-29,2026-08-27,99.31350114416476,99.50766243672422,99.3551071354275,79.05022767722997,99.31350114416476,96.32116358088899,5,ROBUST POSITIVE,LIMITED SAMPLE,298,
175,23,INE879E01037,1638,1638,2.0080030341339635e+21,8.125250648823577e+19,2.008003034133964e+16,812525064882357.6,0.5470412783474669,6.715014815782055,10.810305668138858,-0.2748236929936111,0.6507936507936508,0.0219633099626011,0.0157646285338591,5.353077382677452,0.2752277227722772,-0.1746618705035971,0.6636952998379254,3276.0,0.0403396704184795,0.000996725104401,22.035473838896603,1.8961363482684864e-94,0.0200083191931889,0.0239183007320134,114,7,1.7394239594960452,-0.1601012867358462,0.3411469938900656,-87625.14229599311,8.125250648823585e+19,2.0080030341339635e+21,4.0424253533697055e+20,8.125250648823577e+19,3.2671738728759726e+18,1.3054493106334883e+17,KANANIIND,KANANI INDUSTRIES LTD,EQ,2016-08-29,2026-08-27,2466,264057.48,43285.0,0.0052716950527169,0.0616794287961035,154,1,0.9991896272285252,LOW,FULL,False,True,gap_fade_100,"{""gap_threshold"":0.01}",INTRADAY_SHORT_ALLOWED_RESEARCH,2016-08-29,2026-08-27,99.88905068996601,99.84513325474424,99.87518202621177,76.15976700644893,99.88905068996601,96.31810091764325,5,ROBUST POSITIVE,LOW LIQUIDITY,49,
176,311,INE365I01020,1142,1142,45491352694864.53,4805641338352.341,454913526.9486453,48056413.383523405,0.3592458016317407,5.220397131153982,5.561125939965724,-0.2036886455369705,0.7057793345008757,0.0160832478402992,0.013802152027422,4.688743031450737,0.2746515837104073,-0.1822656546489562,0.4627228525121556,2284.0,0.0311159601318009,0.0009207678660529,17.467212348800878,9.939918678894221e-61,0.014276659603788,0.0178898360768104,100,5,0.8198992469380857,-0.1519301451745467,0.1513090551285771,40509.18257944135,4805641297843.158,45491352694864.53,14793825746706.695,4805641338352.341,505413498293.0176,52918445420.87957,NBIFIN,N.B.I. IND. FIN. CO. LTD,EQ,2017-12-08,2026-08-27,2141,431919.3,234.0,0.2816440915460065,0.0418688894855948,61,0,0.8675040518638574,LOW,PARTIAL,True,True,gap_fade_100,"{""gap_threshold"":0.01}",INTRADAY_SHORT_ALLOWED_RESEARCH,2016-08-29,2026-08-27,98.51143009037746,99.11933985160529,98.6038878487391,82.93229780643968,98.51143009037746,96.3146337517047,5,ROBUST POSITIVE,LIMITED SAMPLE,645,
177,362,INE116G01013,1656,1656,48034732241511.73,1813629227603.0696,480347322.41511726,18136292.276030697,0.3464644780555262,5.1142766073369055,5.294675620713865,-0.1880384597277457,0.7306763285024155,0.0104791778162834,0.0109458046405281,3.1114266793617724,0.2092068965517242,-0.1688789808917197,0.6709886547811994,3312.0,0.0259595248826982,0.0006379205215927,16.427089992525186,2.7200037745391127e-56,0.0092279615181894,0.0117303941143773,116,5,0.6378246650687973,-0.1288179939130033,0.1150780427575701,7393.364928909956,1813629220209.7048,48034732241511.73,9341231492508.225,1813629227603.0696,68032739054.35042,2535345838.673089,VARDHACRLC,VARDHAMAN ACRYLICS LTD,BE,2016-08-29,2026-08-27,2468,1605478.7,35205.5,0.0,0.0415461083375117,0,0,1.0,OK,FULL,False,False,gap_fade_050,"{""gap_threshold"":0.005}",INTRADAY_SHORT_ALLOWED_RESEARCH,2016-08-29,2026-08-27,98.34962901324458,99.05693086471119,97.98210942375702,84.3076069620692,98.34962901324458,96.31128215796409,5,ROBUST POSITIVE,COMPARABLE,715,4
178,762,INE0URU01010,367,367,3498975245.866116,1712686635.2919643,34989.75245866116,17126.866352919646,0.2418787855429268,4.2400446977110064,4.098176834512033,-0.077229357798165,0.8092643051771117,0.0273682333780653,0.0279810246679318,10.39091055626092,0.1418102297998517,-0.077229357798165,0.1487034035656401,734.0,0.0304221437638212,0.001588022978017,17.234154515975625,3.72364047909199e-49,0.0242454390372555,0.0304910277188752,24,1,1.0910713586092444,-0.0059880079999999,0.2331494103275538,-84715.80092466684,1712771351.0928893,3498975245.866116,2448420976.119605,1712686635.2919643,837135483.8046986,408580572.6237514,GLOBALE,GLOBALE TESSILE LIMITED,EQ,2024-08-27,2026-08-27,496,88104.35,5497.0,0.0040322580645161,0.0700637656132792,9,1,0.2009724473257698,LOW,PARTIAL,True,True,gap_fade_050,"{""gap_threshold"":0.005}",INTRADAY_SHORT_ALLOWED_RESEARCH,2016-08-29,2026-08-27,96.11446270485172,98.18551649215264,97.45278875713659,92.87381827427595,96.11446270485172,96.31024200818251,5,ROBUST POSITIVE,LIMITED SAMPLE,1682,
179,323,INE196J01019,807,807,13547534002494.656,2791818087645.093,135475340.02494657,27918180.87645093,0.3668412622585264,4.966302893507391,5.928562979895514,-0.2005034457441856,0.5997521685254027,0.0221096802837289,0.0158571428571427,6.625340866400936,0.1774871794871795,-0.172940170940171,0.3269854132901134,1614.0,0.0361263831199467,0.0012717089153826,17.385802691393973,9.79057010034574e-58,0.0196134281035321,0.0246059324639258,53,1,1.526182793757298,-0.0180078908277749,0.2767409604629809,-65516.75485008815,2791818153161.848,13547534002494.656,6152359784715.167,2791818087645.093,573544313717.89,117461175321.3475,OISL,OISL,BZ,2016-08-29,2021-08-02,1106,109117.925,30499.0,0.0009041591320072,0.0605430057800436,105,0,0.4481361426256078,LOW,PARTIAL,False,True,gap_fade_100,"{""gap_threshold"":0.01}",INTRADAY_SHORT_ALLOWED_RESEARCH,2016-08-29,2026-08-27,98.4120380001387,98.95060444259529,98.7495088181587,83.22585118923791,98.4120380001387,96.3093174305989,5,ROBUST POSITIVE,LIMITED SAMPLE,688,
180,155,INE550B01022,1159,1159,1.6237760384946292e+16,1676660063532298.2,162377603849.46292,16766600635.322985,0.4233608915776085,5.909543325210579,7.834285007844777,-0.2447628846602098,0.6635030198446937,0.0211410151144694,0.0164331797235023,5.946900118616638,0.2468584474885846,-0.1536709511568124,0.469611021069692,2318.0,0.0357488774976274,0.0010500759010901,20.132844771050262,1.5622138993883367e-77,0.0190807507767139,0.0232012794522248,91,6,1.780312460219838,-0.0691446012676901,0.2537301127730465,533803.2702441523,1676660062998495.0,1.6237760384946292e+16,5220683165868861.0,1676660063532298.2,172355838176573.75,17638490751177.207,HBSL,HB STOCKHOLDINGS LIMITED,EQ,2018-07-26,2026-08-27,1868,340017.9,6446.5,0.0535331905781584,0.0543975292319906,208,1,0.7568881685575365,LOW,PARTIAL,True,True,gap_fade_100,"{""gap_threshold"":0.01}",INTRADAY_SHORT_ALLOWED_RESEARCH,2016-08-29,2026-08-27,99.26727226498393,99.5400226521508,99.36666435522271,79.05022767722997,99.26727226498393,96.30914407230198,5,ROBUST POSITIVE,LIMITED SAMPLE,318,
181,601,INE784B01035,826,826,38905530514.32964,7634134994.350294,389055.3051432964,76341.34994350294,0.246635172729152,4.782611198704189,59.76081742981987,-0.1149597571941783,0.4782082324455206,0.0139857143975129,-0.002,13.567845070803177,0.1646666666666667,-0.0244719101123596,0.3346839546191248,1652.0,0.0243211693001323,0.0008462417099323,16.526855428375768,3.240357822664384e-53,0.0123246742593288,0.0156467545356971,66,7,0.8998885450498675,-0.039249042973657,0.1605931697057239,-93749.31924171698,7634228743.669536,38905530514.32964,17240936744.77396,7634134994.350294,1493109484.4586756,291020350.64872307,WINSOME,WINSOME YARNS LIMITED,BZ,2016-08-29,2026-07-30,1401,21909.85,10149.0,0.0421127765881513,0.0310736431607173,375,15,0.5676661264181524,LOW,PARTIAL,False,True,gap_fade_100,"{""gap_threshold"":0.01}",INTRADAY_SHORT_ALLOWED_RESEARCH,2016-08-29,2026-08-27,96.78478145297366,98.8049834731757,97.32797078334836,90.17983034001341,96.78478145297366,96.30671705614498,5,ROBUST POSITIVE,LIMITED SAMPLE,1392,
182,520,INE248H01012,819,819,323721632583.5418,64640998416.20603,3237216.325835418,646409.9841620603,0.3910662185580275,3.6856791274744767,8.770031377008062,-0.1295798003323653,0.3467643467643467,0.0172356845883716,-0.002,5.974212583537574,0.2837142857142857,-0.1258095238095238,0.3318476499189627,1638.0,0.0403923664723037,0.001411423509741,12.21156121420572,1.2669657553639907e-31,0.0144652461310011,0.020006123045742,51,10,1.4043619343667104,-0.0494277224180647,0.2191247152139168,899539.3402738334,64640098876.86576,323721632583.5418,144714572382.09686,64640998416.20603,12866526183.947657,2552802654.769324,ROHITFERRO,ROHITFERRO,EQ,2016-08-29,2022-04-07,1144,20573.125,12897.5,0.0244755244755244,0.0500641798786614,391,0,0.4635332252836304,LOW,PARTIAL,False,True,gap_fade_050,"{""gap_threshold"":0.005}",INTRADAY_SHORT_ALLOWED_RESEARCH,2016-08-29,2026-08-27,97.52906640778495,97.30023345583987,97.99135519959319,89.0576242978989,97.52906640778495,96.30504125927469,5,ROBUST POSITIVE,LIMITED SAMPLE,1070,
183,39,INE526B01014,1684,1684,2.345426655250476e+20,8.623831354648659e+18,2345426655250476.0,86238313546486.6,0.4787255440870645,7.122107834843713,10.672040460065476,-0.2734416175119711,0.6300475059382423,0.0198288566818438,0.0148480189237137,5.8328141276279295,0.2064225553176302,-0.1862105263157893,0.6823338735818476,3368.0,0.0347578658770861,0.0008469973654107,23.410765477679647,3.713704246689837e-105,0.0181675776217523,0.0214901357419354,107,11,1.3755620837100166,-0.201911041209631,0.2804190799617665,1100241.941033988,8.623831354647559e+18,2.345426655250476e+20,4.50104325841654e+19,8.623831354648659e+18,3.15033003473668e+17,1.1433471404394956e+16,CALSOFT,CALIFORNIA SOFTWARE CO LT,EQ,2016-08-29,2026-08-27,2306,467791.925,26733.5,0.0199479618386817,0.0558301635466229,281,1,0.9343598055105348,LOW,PARTIAL,False,True,gap_fade_100,"{""gap_threshold"":0.01}",INTRADAY_SHORT_ALLOWED_RESEARCH,2016-08-29,2026-08-27,99.8150844832767,99.93065668122877,99.80583870744054,76.2591590966877,99.8150844832767,96.30296095971154,5,ROBUST POSITIVE,LIMITED SAMPLE,81,
184,31,INE142K01011,1883,1883,1.9508162675070049e+21,4.834688698933915e+19,1.950816267507005e+16,483468869893391.4,0.5037303203918093,7.149689713005919,8.905977583433637,-0.2757010087844381,0.6988847583643123,0.0187318029927579,0.0172307692307691,4.387960868289453,0.2130537634408602,-0.1698657074340528,0.7629659643435981,3766.0,0.0351667143762331,0.0008104134386798,23.113884961323883,2.9630794082683134e-104,0.0171423996636979,0.0203212063218179,116,5,1.2052950484702536,-0.1484999566889372,0.2329990656944806,-92052.1739130435,4.834688698933924e+19,1.9508162675070049e+21,3.073881358426956e+20,4.834688698933915e+19,1.1894800425654164e+18,2.905158263214444e+16,AURUS,AURUS GEM CORP LIMITED,EQ,2016-08-29,2026-08-27,2468,229223.275,37653.5,0.0,0.0643803277857442,66,0,1.0,LOW,FULL,False,False,gap_fade_050,"{""gap_threshold"":0.005}",INTRADAY_SHORT_ALLOWED_RESEARCH,2016-08-29,2026-08-27,99.87287058225274,99.93527956914686,99.8266417030719,76.051129140374,99.87287058225274,96.3028453875136,5,ROBUST POSITIVE,LOW LIQUIDITY,56,
185,261,INE099F01013,1716,1716,1275318330313632.5,42964944770392.24,12753183303.136326,429649447.70392233,0.4010999907775568,5.27796170229121,5.631686211384875,-0.2155933659803611,0.7336829836829837,0.0120822054861796,0.0117016177672382,3.357321739145425,0.2975910020449896,-0.1903571228659391,0.6952998379254457,3432.0,0.0295609087072799,0.0007136070606874,16.931174243903715,1.3921341914306116e-59,0.0106825735670373,0.0134818374053219,117,4,0.9794790516408785,-0.0843414394135894,0.1384016985456433,34717.95406709393,42964944735674.28,1275318330313632.5,234277415557736.38,42964944770392.24,1437779063844.097,47790313259.51096,SREEL,SREELEATHERS LIMITED,EQ,2016-08-29,2026-08-27,2461,2172789.8,10920.0,0.0125965054855749,0.0462443418857754,12,0,0.997163695299838,OK,FULL,False,True,gap_fade_050,"{""gap_threshold"":0.005}",INTRADAY_SHORT_ALLOWED_RESEARCH,2016-08-29,2026-08-27,98.81885213692993,99.16556873078612,98.58539629706678,81.85516492152648,98.81885213692993,96.29695120541803,5,ROBUST POSITIVE,COMPARABLE,512,5
186,172,INE610C01014,1089,1089,4379637996807669.0,518907676051849.6,43796379968.07668,5189076760.5184965,0.4178453238921067,5.695586297472519,6.306685152740563,-0.2400285442346262,0.6887052341597796,0.0214028061342792,0.0185333333333335,5.21655364043269,0.1284945054945054,-0.1781589403973509,0.4412479740680713,2178.0,0.036260062071832,0.0010987897597524,19.478527119783543,9.948136883148178e-73,0.0192468193592828,0.0235587929092756,77,13,1.5706244267489944,-0.1219071912462013,0.271139260353936,356140.5604726782,518907675695709.06,4379637996807669.0,1508312227095140.5,518907676051849.6,61223989560776.8,7193257815591.64,ARENTERP,RAJDARSHAN INDUSTRIES LTD,EQ,2017-11-07,2026-08-27,1697,74342.6,2385.0,0.0518562168532704,0.0601811430474202,142,0,0.6876012965964343,LOW,PARTIAL,True,True,gap_fade_100,"{""gap_threshold"":0.01}",INTRADAY_SHORT_ALLOWED_RESEARCH,2016-08-29,2026-08-27,99.16556873078612,99.42676189815778,99.27189515290202,79.52407368883343,99.16556873078612,96.29284839239072,5,ROBUST POSITIVE,LIMITED SAMPLE,362,
187,277,INE861B01023,979,979,83908438080086.02,12298597719754.098,839084380.8008602,122985977.19754098,0.3638298451901257,5.425946013700247,4.921534244752284,-0.215940861515436,0.7558733401430031,0.0197485726863124,0.0184918032786884,5.205946480241146,0.1671042047531993,-0.1777075471698113,0.396677471636953,1958.0,0.0330074540069979,0.0010549228050627,18.720396024746936,4.5098750531047824e-67,0.0176784000081582,0.0218187453644666,70,5,1.1085037524064316,-0.1100597063438517,0.2324086586846731,6388.88888888876,12298597713365.207,83908438080086.02,32139218090656.523,12298597719754.098,1795828238450.83,261232169624.43405,MOTOGENFIN,MOTOR & GENERAL FINANCE L,BE,2020-06-22,2026-08-27,1531,195374.4,7453.0,0.0032658393207054,0.0576525417029256,18,0,0.6203403565640194,LOW,PARTIAL,True,True,gap_fade_100,"{""gap_threshold"":0.01}",INTRADAY_SHORT_ALLOWED_RESEARCH,2016-08-29,2026-08-27,98.64780528396089,99.25802648914777,98.86045812819269,81.82511615005895,98.64780528396089,96.28897672375933,5,ROBUST POSITIVE,LIMITED SAMPLE,586,
188,162,INE976T01013,1366,1366,2.371182770435213e+16,1619385673389232.8,237118277043.52133,16193856733.892328,0.3847238215844,6.45586649118621,8.73157155546707,-0.2483374595915461,0.7071742313323572,0.0178072777958454,0.0147825471166691,5.677438159003903,0.222390243902439,-0.1770433275563256,0.553484602917342,2732.0,0.0303288826383444,0.0008205991463989,21.70033672834088,6.0140759271479685e-90,0.0161975056373141,0.0194170499543767,89,3,1.2805466168862971,-0.1265463198690432,0.242503692201183,-58943.22847145692,1619385673448176.0,2.371182770435213e+16,6200749526747411.0,1619385673389232.8,110011684891361.36,7433982240071.145,SAGARDEEP,SAGARDEEP ALLOYS LIMITED,EQ,2019-01-25,2026-08-27,1849,485013.82,15322.0,0.0167658193618172,0.0543730079341124,92,1,0.7491896272285251,LOW,PARTIAL,True,True,gap_fade_050,"{""gap_threshold"":0.005}",INTRADAY_SHORT_ALLOWED_RESEARCH,2016-08-29,2026-08-27,99.26264937706584,99.77578993597301,99.27420659686106,78.7162240251485,99.26264937706584,96.28562513001873,5,ROBUST POSITIVE,LIMITED SAMPLE,320,
189,718,INE0URU01010,334,334,2721132458.79113,1422254670.5022082,27211.324587911306,14222.546705022083,0.2327039491248653,4.316135598036205,4.479154176677474,-0.0772293577981649,0.8353293413173652,0.0294507922131654,0.0295650374821092,15.251466038905017,0.1418102297998517,-0.077229357798165,0.1353322528363047,668.0,0.0289782333738062,0.0015856183831824,18.57369498583594,2.3712932807980187e-53,0.026331700973155,0.0325698834531757,24,1,1.0910713586092444,-0.0059880079999999,0.2296103426103797,-84715.80092466684,1422339386.303133,2721132458.79113,1967583476.081188,1422254670.5022082,742408398.1936005,387018476.3428303,GLOBALE,GLOBALE TESSILE LIMITED,EQ,2024-08-27,2026-08-27,496,88104.35,5497.0,0.0040322580645161,0.0700637656132792,9,1,0.2009724473257698,LOW,PARTIAL,True,True,gap_fade_100,"{""gap_threshold"":0.01}",INTRADAY_SHORT_ALLOWED_RESEARCH,2016-08-29,2026-08-27,96.02200494649007,98.29184291426854,97.42736287358713,92.87612971823498,96.02431639044912,96.28562513001873,5,ROBUST POSITIVE,LIMITED SAMPLE,1722,
190,54,INE060J01017,1641,1641,3.604981020632917e+19,1.439392318048211e+18,360498102063291.7,14393923180482.111,0.4769634056324205,6.757149400884456,11.659752109097369,-0.270994031883137,0.6039000609384522,0.0192346644536158,0.0121791044776119,5.237476874878883,0.2122857142857144,-0.1563859649122807,0.6649108589951378,3282.0,0.0351274167871692,0.0008671453970552,22.18159090613369,1.4948288059625497e-95,0.0175338354637776,0.0209354934434541,110,10,1.4892355198409697,-0.2277590322625203,0.2691124895445709,-98670.50516854256,1.4393923180483095e+18,3.604981020632917e+19,7.209159401184224e+18,1.439392318048211e+18,5.710860954752418e+16,2251434529919972.8,FLEXITUFF,FLEXITUFF VENTURES INT L,BE,2016-08-29,2026-08-27,2463,294774.0,10715.0,0.0077141697117336,0.0558280362994393,228,0,0.9979740680713128,LOW,FULL,False,True,gap_fade_100,"{""gap_threshold"":0.01}",INTRADAY_SHORT_ALLOWED_RESEARCH,2016-08-29,2026-08-27,99.74574116450546,99.8543790305804,99.73880683262834,76.53884381573168,99.74574116450546,96.28504726902896,5,ROBUST POSITIVE,LOW LIQUIDITY,111,
191,499,INE248H01012,798,798,256972324223.36655,53492890447.31202,2569723.2422336657,534928.9044731202,0.3865503303180557,3.673956614678368,9.341877723996207,-0.1295798003323655,0.3408521303258145,0.0174293742534412,-0.002,6.423395925512719,0.2837142857142857,-0.1258095238095238,0.3233387358184765,1596.0,0.0403676675138834,0.001428999939716,12.196903421076527,1.7040114162803423e-31,0.0146243260611949,0.0202344224456875,51,10,1.4043619343667104,-0.0494277224180647,0.2160259253340626,899539.3402738334,53491990907.97175,256972324223.36655,117289495611.16245,53492890447.31202,11100904109.76098,2296457666.2054567,ROHITFERRO,ROHITFERRO,EQ,2016-08-29,2022-04-07,1144,20573.125,12897.5,0.0244755244755244,0.0500641798786614,391,0,0.4635332252836304,LOW,PARTIAL,False,True,gap_fade_100,"{""gap_threshold"":0.01}",INTRADAY_SHORT_ALLOWED_RESEARCH,2016-08-29,2026-08-27,97.4874604165222,97.27480757229041,97.94281487645333,89.05531285393987,97.4874604165222,96.27117860527471,5,ROBUST POSITIVE,LIMITED SAMPLE,1088,
192,421,INE495J01015,562,562,1061568263507.1212,355300061681.2,10615682.63507121,3553000.616812,0.4548188394313634,3.604004602852119,8.405841486621194,-0.1592404444444445,0.3914590747330961,0.0285648588009902,-0.002,12.455911383075644,0.3493513513513513,-0.1575555555555555,0.2277147487844408,1124.0,0.0545758694557435,0.0023021441061538,12.407936898751828,2.072622263046154e-31,0.0240429836302778,0.0330867339717027,48,9,1.712704572719267,-0.0896881828407392,0.320174726369453,177993.6808489433,355299883687.5192,1061568263507.1212,614310041380.4441,355300061681.2,118662274199.18144,39545411717.80471,PRADIP,PRADIP,EQ,2016-09-06,2021-10-14,958,2646.225,2383.0,0.0939457202505219,0.048968089506223,442,0,0.3881685575364668,LOW,PARTIAL,True,True,gap_fade_050,"{""gap_threshold"":0.005}",INTRADAY_SHORT_ALLOWED_RESEARCH,2016-08-29,2026-08-27,98.04567413263065,97.13265376880938,98.55188035966069,86.75427039271433,98.04567413263065,96.27060074428496,5,ROBUST POSITIVE,LIMITED SAMPLE,846,
193,397,INE495J01015,562,562,1061568263507.1212,355300061681.2,10615682.63507121,3553000.616812,0.4548188394313634,3.604004602852119,8.405841486621194,-0.1592404444444445,0.3914590747330961,0.0285648588009902,-0.002,12.455911383075644,0.3493513513513513,-0.1575555555555555,0.2277147487844408,1124.0,0.0545758694557435,0.0023021441061538,12.407936898751828,2.072622263046154e-31,0.0240429836302778,0.0330867339717027,48,9,1.712704572719267,-0.0896881828407392,0.320174726369453,177993.6808489433,355299883687.5192,1061568263507.1212,614310041380.4441,355300061681.2,118662274199.18144,39545411717.80471,PRADIP,PRADIP,EQ,2016-09-06,2021-10-14,958,2646.225,2383.0,0.0939457202505219,0.048968089506223,442,0,0.3881685575364668,LOW,PARTIAL,True,True,gap_fade_100,"{""gap_threshold"":0.01}",INTRADAY_SHORT_ALLOWED_RESEARCH,2016-08-29,2026-08-27,98.04567413263065,97.13265376880938,98.55188035966069,86.75427039271433,98.04567413263065,96.27060074428496,5,ROBUST POSITIVE,LIMITED SAMPLE,846,
194,140,INE843B01013,1329,1329,5.16818271675309e+16,3805959620217847.0,516818271675.30896,38059596202.17847,0.4100832673049527,6.2980247828061815,7.155017898352781,-0.2522320772963597,0.6847253574115877,0.0190325091806579,0.0163639398998329,5.126811630875007,0.1340576923076923,-0.1845842696629214,0.5384927066450568,2658.0,0.032747423571275,0.00089828603226,21.18758223677606,4.6039943351390374e-86,0.0172702948187931,0.0207947235425227,96,5,0.8881742542627395,-0.1716082774171752,0.2220102467364009,23936.726488565284,3805959620193910.5,5.16818271675309e+16,1.4033928677459168e+16,3805959620217847.0,278843244208981.03,20324361001604.457,MAHAPEXLTD,MAHA RASHTRA APEX COPR. L,EQ,2018-04-05,2026-08-27,2026,425102.6,4297.0,0.0360315893385982,0.0555833518965344,102,1,0.8209076175040518,LOW,PARTIAL,True,True,gap_fade_100,"{""gap_threshold"":0.01}",INTRADAY_SHORT_ALLOWED_RESEARCH,2016-08-29,2026-08-27,99.33199269583709,99.69951228532464,99.38746735085408,78.35563876753808,99.33199269583709,96.27013845549315,5,ROBUST POSITIVE,LIMITED SAMPLE,290,
195,163,INE497D01022,1525,1525,3.073907048344662e+16,1526734599624221.0,307390704834.4662,15267345996.24221,0.4635588470040408,5.418516386412786,6.181308459740315,-0.2417526738135987,0.7114754098360656,0.016130953376844,0.0168866799204772,3.324428949745509,0.2112530120481928,-0.1939999999999999,0.6179092382495948,3050.0,0.0357893150842344,0.0009164704476641,17.601171339411877,2.852623733540011e-63,0.0143332766065145,0.0179286301471735,89,6,1.0626062426421383,-0.1102044853424633,0.2415803169736667,-40957.446808510686,1526734599665178.5,3.073907048344662e+16,6855646978547389.0,1526734599624221.0,75380814370575.22,3699749701279.468,DAMODARIND,DAMODAR INDUSTRIES LTD,BE,2018-10-26,2026-08-27,1934,437109.125,11078.0,0.0067218200620475,0.0641982302075371,6,0,0.7836304700162074,LOW,PARTIAL,True,True,gap_fade_050,"{""gap_threshold"":0.005}",INTRADAY_SHORT_ALLOWED_RESEARCH,2016-08-29,2026-08-27,99.26033793310681,99.2487807133116,99.20024039017174,79.33106811825348,99.26033793310681,96.25661650833274,5,ROBUST POSITIVE,LIMITED SAMPLE,321,
196,444,INE088B01015,919,919,833100012095.712,136475267163.5789,8331000.12095712,1364752.671635789,0.3246498894324697,4.61301186726021,6.648303163602141,-0.1684237480967103,0.5418933623503809,0.0159598547432368,0.0066206896551723,4.783083623223542,0.1426153846153846,-0.0884197530864199,0.3723662884927066,1838.0,0.0310472440962467,0.0010241540823041,15.58345079026614,9.374674635109874e-49,0.0139498996019689,0.0179698098845046,68,5,0.8276355183861843,-0.0824674548185097,0.1914235214729064,20442.286668709217,136475246721.29224,833100012095.712,337340971790.5865,136475267163.5789,22277088736.261257,3623242518.8454943,NATNLSTEEL,NATNLSTEEL,BE,2016-08-29,2023-05-19,1431,93678.95,14225.0,0.0097833682739343,0.0482041728087109,251,0,0.5798217179902755,LOW,PARTIAL,False,True,gap_fade_100,"{""gap_threshold"":0.01}",INTRADAY_SHORT_ALLOWED_RESEARCH,2016-08-29,2026-08-27,97.77176802348427,98.62469084437048,98.09768162170907,86.07586159073574,97.77176802348427,96.2531493423942,5,ROBUST POSITIVE,LIMITED SAMPLE,965,
197,541,INE878I01022,902,902,125453249817.16316,21188649809.606182,1254532.4981716317,211886.49809606187,0.274383188973975,4.707672746955053,7.396161777739397,-0.1388091305808534,0.5742793791574279,0.014024966793536,0.0081286435433968,5.436441397266924,0.1654773485932282,-0.0722160493827159,0.3654781199351701,1804.0,0.0263260631268981,0.0008765620202502,15.999970874315936,6.64240942410277e-51,0.0123046258251977,0.0157453077618744,65,6,0.7491944388461975,-0.0500453048551374,0.1560363364999228,10970168.070291638,21177679641.53589,125453249817.16316,51580249521.51148,21188649809.606182,3566065742.8428044,597987577.4043283,BAFNAPH,BAFNA PHARMACEUTICALS LTD,BE,2020-03-02,2026-08-27,1437,333675.05,2934.0,0.0250521920668058,0.0400537503761187,205,0,0.5822528363047001,LOW,PARTIAL,True,True,gap_fade_100,"{""gap_threshold"":0.01}",INTRADAY_SHORT_ALLOWED_RESEARCH,2016-08-29,2026-08-27,97.19159558976493,98.73101726648638,97.58685250676096,88.3121836211081,97.19159558976493,96.24661951320991,5,ROBUST POSITIVE,LIMITED SAMPLE,1216,
198,554,INE186H01014,694,694,67165607156.74893,17178453253.379234,671656.0715674893,171784.53253379234,0.3138845355001817,4.081844633824557,4.49872658222471,-0.1268187234397356,0.7161383285302594,0.0180805456872965,0.0160336134453781,4.358619073258237,0.2148582375478929,-0.0829278350515463,0.2811993517017828,1388.0,0.0340069903634533,0.0012908877011699,14.00628859575515,1.9824568817683418e-39,0.0155460257333327,0.0206150656412603,53,2,1.9115428688348337,-0.0749086691448979,0.2372607698918893,-47676.11683329547,17178500929.496067,67165607156.74893,33979062657.210644,17178453253.379234,4381761136.885759,1114602699.435106,BASML,BASML,EQ,2016-08-29,2021-02-12,1100,206212.15,1077.0,0.0618181818181818,0.054165953160112,9,1,0.4457050243111831,LOW,PARTIAL,False,True,gap_fade_100,"{""gap_threshold"":0.01}",INTRADAY_SHORT_ALLOWED_RESEARCH,2016-08-29,2026-08-27,97.11300649515752,97.97748653583895,97.7394078080577,89.30957168943439,97.11300649515752,96.24066754501538,5,ROBUST POSITIVE,LIMITED SAMPLE,1250,
199,233,INE753W01010,1176,1176,549575246688569.4,54487584833871.445,5495752466.885694,544875848.3387145,0.404370812689766,5.29737833370752,5.61032867873599,-0.2261773141494274,0.6726190476190477,0.0178393113223279,0.0157192770599364,4.815534591224507,0.2157631578947367,-0.1726586826347307,0.4764991896272285,2352.0,0.0345776509587051,0.0010083047780105,17.69238003367024,2.776607310032031e-62,0.0158610324878519,0.0198175901568039,82,4,1.4414993848479556,-0.105384748614597,0.2527009620848733,-36125.7861635219,54487584869997.234,549575246688569.4,173144708803099.03,54487584833871.445,5377607999579.093,528316318417.91766,SANGINITA,SANGINITA CHEMICALS LTD,BE,2019-07-15,2026-08-27,1758,1101190.55,38738.5,0.0011376564277588,0.0531877649586271,143,0,0.7123176661264181,OK,PARTIAL,True,True,gap_fade_100,"{""gap_threshold"":0.01}",INTRADAY_SHORT_ALLOWED_RESEARCH,2016-08-29,2026-08-27,98.86276957215172,99.17943739454037,98.95522733051337,80.79421214432656,98.86276957215172,96.23431107412802,5,ROBUST POSITIVE,LIMITED SAMPLE,493,
200,236,INE871L01013,1528,1528,1082096830635721.0,53107308177246.92,10820968306.35721,531073081.7724692,0.3827671939468851,5.566471818660608,12.57118329886935,-0.2257745541547884,0.3933246073298429,0.0136563922805774,-0.002,5.431831381548533,0.1375348837209301,-0.1673057521320995,0.6191247974068071,3056.0,0.0294654008039402,0.0007537905279566,18.116959253383367,1.334139954013221e-66,0.0121778180294469,0.0151349665317079,99,17,1.2799789779635145,-0.0715766613448392,0.2113063415071685,-96746.4225963154,53107308273993.34,1082096830635721.0,239901677469991.56,53107308177246.92,2590912227616.5625,125646613299.0614,TVVISION,TV VISION LIMITED,BE,2016-09-15,2026-08-27,2301,65509.13,13438.0,0.0404172099087353,0.0387190816280627,755,2,0.9323338735818476,LOW,PARTIAL,True,True,gap_fade_100,"{""gap_threshold"":0.01}",INTRADAY_SHORT_ALLOWED_RESEARCH,2016-08-29,2026-08-27,98.8558352402746,99.3435499156323,98.76337748191295,80.85199824330259,98.8558352402746,96.23431107412802,5,ROBUST POSITIVE,LIMITED SAMPLE,496,
201,191,INE965H01011,1438,1438,4854841743228745.0,286149095519053.2,48548417432.28745,2861490955.190532,0.3914056573013538,5.892913222849615,13.15305731688986,-0.2400564455200203,0.454798331015299,0.0157087950282969,-0.002,7.075356839955595,0.248,-0.15825,0.5826580226904376,2876.0,0.0306695164809958,0.0008087745676246,19.42295870459013,8.348303410557097e-75,0.0141222897326005,0.0172953003239933,107,11,1.258703559507051,-0.0941146841988727,0.2057636226048374,-98343.7055476529,286149095617396.9,4854841743228745.0,1179469171948780.5,286149095519053.2,16771887994061.293,977539138230.7336,SITINET,SITI NETWORKS LIMITED,BZ,2016-08-29,2026-08-27,2401,1229102.95,517023.0,0.0,0.0469235339160995,344,0,0.9728525121555917,OK,FULL,False,True,gap_fade_100,"{""gap_threshold"":0.01}",INTRADAY_SHORT_ALLOWED_RESEARCH,2016-08-29,2026-08-27,99.08235674826064,99.53077687631463,99.03150498116173,79.51367219101772,99.08235674826064,96.22656773686522,5,ROBUST POSITIVE,COMPARABLE,398,6
202,245,INE753W01010,1366,1366,1051159509411071.6,71327634573175.05,10511595094.110716,713276345.7317505,0.4175420530820692,5.209662860694657,6.017290762358591,-0.2261773141494273,0.6544655929721815,0.015595659933837,0.012809968847352,4.022730807482787,0.2157631578947367,-0.1726586826347307,0.553484602917342,2732.0,0.0337887663866508,0.0009142121450825,17.059125737635828,2.674758714438692e-59,0.0138022468348796,0.0173890730327944,79,7,1.5157578776953575,-0.128406990667858,0.2653824513545618,-36125.7861635219,71327634609300.83,1051159509411071.6,274000397287896.44,71327634573175.05,4814361498899.686,323222802806.8857,SANGINITA,SANGINITA CHEMICALS LTD,BE,2019-07-15,2026-08-27,1758,1101190.55,38738.5,0.0011376564277588,0.0531877649586271,143,0,0.7123176661264181,OK,PARTIAL,True,True,gap_fade_050,"{""gap_threshold"":0.005}",INTRADAY_SHORT_ALLOWED_RESEARCH,2016-08-29,2026-08-27,98.89975267549637,99.10547118785105,98.88357256778309,80.79652358828561,98.89975267549637,96.22217599334304,5,ROBUST POSITIVE,LIMITED SAMPLE,477,
203,263,INE353A01023,1324,1324,316400252931551.1,23304694845632.62,3164002529.315511,233046948.45632625,0.3717154983460116,5.496318013443318,4.971844295968922,-0.2228319682106416,0.763595166163142,0.0151125987349727,0.0147805423714467,4.217829746655887,0.1982664298401422,-0.1528642389662694,0.5364667747163695,2648.0,0.0302733403079443,0.0008319866359426,18.164472939940897,5.28504680523046e-66,0.013480441715172,0.0167447557547734,115,6,0.6621022530266865,-0.1174915816174462,0.1516303962777175,73576.49492341571,23304694772056.125,316400252931551.1,85924959375814.02,23304694845632.62,1707701144097.2117,124489585354.33752,NDLVENTURE,NDL VENTURES LIMITED,EQ,2016-08-29,2026-08-27,2468,1500664.745,5255.0,0.0012155591572123,0.045347639993935,15,1,1.0,OK,FULL,False,False,gap_fade_100,"{""gap_threshold"":0.01}",INTRADAY_SHORT_ALLOWED_RESEARCH,2016-08-29,2026-08-27,98.72870582252733,99.31812403208285,98.76106603795391,81.14786307005987,98.72870582252733,96.21593509465364,5,ROBUST POSITIVE,COMPARABLE,551,7
204,326,INE333I01036,840,840,23939318186161.477,4620375495153.402,239393181.86161476,46203754.951534025,0.4735850170737286,4.035074079821747,8.867052337129135,-0.1963243401392851,0.4559523809523809,0.0222799799102503,-0.002,6.856284728726887,0.3979999999999999,-0.1217916666666667,0.3403565640194489,1680.0,0.0478451390809603,0.0016508141330857,13.496358835142477,1.0391720441080897e-37,0.0190397693633821,0.0255201904571186,59,13,1.3546189395050665,-0.0295836182557763,0.2889379488095863,20201.30027886125,4620375474952.103,23939318186161.477,10521308087011.43,4620375495153.402,888870061062.4973,170446905319.35788,NTL,NEUEON TOWERS LIMITED,BZ,2016-08-29,2024-12-02,1338,27186.45,14542.0,0.0396113602391629,0.059074758682251,387,1,0.5421393841166937,LOW,PARTIAL,False,True,gap_fade_050,"{""gap_threshold"":0.005}",INTRADAY_SHORT_ALLOWED_RESEARCH,2016-08-29,2026-08-27,98.49987287058225,97.88271733351826,98.80729491713474,83.66964842937384,98.49987287058225,96.21339250629869,5,ROBUST POSITIVE,LIMITED SAMPLE,650,
205,200,INE610C01014,1184,1184,3276277937345792.5,320720231319520.7,32762779373.457924,3207202313.195206,0.4340292062706904,5.385034478046022,6.147869772967429,-0.2400285442346262,0.6672297297297297,0.019333049150474,0.015739144115796,4.264679833683842,0.1284945054945054,-0.1781589403973509,0.479740680713128,2368.0,0.0369363315884135,0.0010734403327529,18.010362160412175,2.821669330886005e-64,0.0172269900210397,0.0214391082799084,77,13,1.5706244267489944,-0.1330715141003567,0.2742963229993111,356140.5604726782,320720230963380.1,3276277937345792.5,1025655458169197.2,320720231319520.7,31252479068778.496,3031427750865.8174,ARENTERP,RAJDARSHAN INDUSTRIES LTD,EQ,2017-11-07,2026-08-27,1697,74342.6,2385.0,0.0518562168532704,0.0601811430474202,142,0,0.6876012965964343,LOW,PARTIAL,True,True,gap_fade_050,"{""gap_threshold"":0.005}",INTRADAY_SHORT_ALLOWED_RESEARCH,2016-08-29,2026-08-27,99.09853685597393,99.23028916163928,99.17481450662228,79.52407368883343,99.09853685597393,96.20397337216559,5,ROBUST POSITIVE,LIMITED SAMPLE,391,
206,214,INE550H01011,1760,1760,6354341605371295.0,196600713097926.03,63543416053.71295,1966007130.97926,0.4375066848873864,5.229173374529982,9.447822410269788,-0.2320489506098353,0.5,0.0127306237004659,5.392879713506278e-05,3.438723784958606,0.1483496503496503,-0.1892770511296075,0.713128038897893,3520.0,0.0319183511589703,0.000760823843512,16.732682353512956,1.95413716129022e-58,0.0112384095909082,0.0142228378100236,100,12,1.0511085188911795,-0.0823813720508475,0.2056438239022915,9517.641002361168,196600713088408.4,6354341605371295.0,1118666951086756.0,196600713097926.03,6041013716315.776,184345552573.9329,SUPREMEINF,SUPREME INFRA. LTD.,EQ,2016-08-29,2026-08-27,2281,651212.35,15849.0,0.0135905304690925,0.047298246976301,341,0,0.9242301458670988,LOW,PARTIAL,False,True,gap_fade_050,"{""gap_threshold"":0.005}",INTRADAY_SHORT_ALLOWED_RESEARCH,2016-08-29,2026-08-27,99.03612786907982,99.12858562744147,98.8280979127661,80.27182580958325,99.03612786907982,96.19836812056494,5,ROBUST POSITIVE,LIMITED SAMPLE,418,
207,130,INE272L01022,1556,1556,1.2612101889946205e+17,5905065313264758.0,1261210188994.6204,59050653132.64758,0.4345948762173843,6.071620309585471,6.301236802049347,-0.2573553278544408,0.7172236503856041,0.0166082635822108,0.0162442271687122,4.149591966589639,0.2146666666666665,-0.1759130434782609,0.6304700162074555,3112.0,0.0329708257940384,0.0008358436133496,19.870060998196934,1.7843058081392812e-78,0.0149687640838584,0.0182477630805633,115,6,0.8858378060033638,-0.0705786685296977,0.1793516340688785,5165.289256197837,5905065313259593.0,1.2612101889946205e+17,2.73107381295302e+16,5905065313264758.0,274813437957093.28,12712087024381.607,SURANASOL,SURANA SOLAR LIMITED,EQ,2016-08-29,2026-08-27,2468,1052433.325,53329.5,0.0,0.056704330736868,59,0,1.0,OK,FULL,False,False,gap_fade_100,"{""gap_threshold"":0.01}",INTRADAY_SHORT_ALLOWED_RESEARCH,2016-08-29,2026-08-27,99.38053301897696,99.60474308300395,99.32736980791901,77.9141529713612,99.38053301897696,96.1947853824284,5,ROBUST POSITIVE,COMPARABLE,269,8
208,93,INE750M01017,1825,1825,3.212086581174446e+18,8.834135540643587e+16,32120865811744.46,883413554064.3588,0.4311326095066804,6.761523811287489,10.879982246361182,-0.2695881865129469,0.6646575342465754,0.0156436179246461,0.0096583774533397,4.547958011899884,0.1070909090909091,-0.160953722334004,0.7394651539708266,3650.0,0.030558584541852,0.0007153223582936,21.869326106292306,2.400467951101795e-94,0.0142406809187239,0.0170465549305683,116,5,1.0557386978366647,-0.1770516802187139,0.2385481824310668,824104.9887597539,8.834135540561176e+16,3.212086581174446e+18,5.331631269990231e+17,8.834135540643587e+16,2412454589224038.5,65412433055076.58,HEXATRADEX,HEXA TRADEX LIMITED,EQ,2016-08-29,2026-08-27,2466,582876.1000000001,7343.5,0.0040551500405515,0.0491479970937531,105,0,0.9991896272285252,LOW,FULL,False,True,gap_fade_050,"{""gap_threshold"":0.005}",INTRADAY_SHORT_ALLOWED_RESEARCH,2016-08-29,2026-08-27,99.58856297529066,99.85669047453945,99.51690821256038,76.69602200494649,99.58856297529066,96.19397637704273,5,ROBUST POSITIVE,LOW LIQUIDITY,179,
209,454,INE602K01014,771,771,528628991384.6674,116342871138.3589,5286289.913846674,1163428.711383589,0.3485467201057445,4.27005399515057,6.165658441879907,-0.1672173913043478,0.5019455252918288,0.0189053448450811,0.0042499999999999,6.223168593016062,0.2043492063492062,-0.1672173913043477,0.3123987034035656,1542.0,0.0360342394388104,0.0012977414341865,14.56788258974822,1.2225058342931452e-42,0.0163578140127705,0.0214528756773917,55,3,1.1698675872081536,-0.002525177372762,0.2312306896396099,-37248.32214765077,116342908386.68105,528628991384.6674,248088688565.48056,116342871138.3589,25528936554.977707,5584971880.604675,SYNCOM,SYNCOM,BZ,2016-08-29,2021-06-28,1189,213786.3,58494.0,0.0008410428931875,0.057390638721912,187,0,0.4817666126418152,LOW,PARTIAL,False,True,gap_fade_100,"{""gap_threshold"":0.01}",INTRADAY_SHORT_ALLOWED_RESEARCH,2016-08-29,2026-08-27,97.72322770034441,98.23174537133347,98.19245082402978,86.17987656889258,97.72322770034441,96.18727318956152,5,ROBUST POSITIVE,LIMITED SAMPLE,986,
210,189,INE093B01015,1462,1462,8760290241623206.0,492425372999663.75,87602902416.23207,4924253729.996637,0.467620639839994,5.116570266609036,9.609460683438154,-0.240286759351616,0.4548563611491108,0.0160276502374046,-0.002,4.833620226533202,0.3979999999999999,-0.1519999999999999,0.5923824959481362,2924.0,0.0368842385275133,0.0009646441515363,16.61509087250188,6.447895542139298e-57,0.0141354148433756,0.0179198856314335,87,20,1.158667587771996,-0.1360378323756105,0.2581021090146159,356848.3234841247,492425372642815.4,8760290241623206.0,2078440155937112.8,492425372999663.75,27522821219184.53,1529559109441.484,ALPSINDUS,ALPS INDUSTRIES LTD.,BE,2016-08-29,2026-01-01,2112,57264.2,23981.5,0.0094696969696969,0.0514748609123901,471,0,0.8557536466774717,LOW,PARTIAL,False,True,gap_fade_050,"{""gap_threshold"":0.005}",INTRADAY_SHORT_ALLOWED_RESEARCH,2016-08-29,2026-08-27,99.158634398909,99.05924230867022,99.08697963617871,79.49749208330445,99.158634398909,96.17525368097449,5,ROBUST POSITIVE,LIMITED SAMPLE,365,
211,153,INE486Y01013,1176,1176,2.5298899221090804e+16,2527338819141960.0,252988992210.90805,25273388191.4196,0.409761643666969,6.196061331310488,8.19938385748488,-0.2583927861737806,0.7295918367346939,0.0211438614338209,0.02084353257432,5.496050851091539,0.228897435897436,-0.1082215477996964,0.4764991896272285,2352.0,0.0341274750386432,0.0009951773815981,21.24632434859589,4.947496302018054e-85,0.0191913383539944,0.0230963845136474,79,1,1.05382753979106,-0.2225984075374765,0.2763971673406166,-22740.82936435264,2527338819164701.0,2.5298899221090804e+16,8000696178756206.0,2527338819141960.0,251338832792533.5,24881826235621.188,TOUCHWOOD,TOUCHWOOD ENTERTAIN LTD.,EQ,2020-01-21,2026-08-27,1630,349636.9,3472.5,0.0079754601226993,0.0610600832279361,36,0,0.660453808752026,LOW,PARTIAL,True,True,gap_fade_050,"{""gap_threshold"":0.005}",INTRADAY_SHORT_ALLOWED_RESEARCH,2016-08-29,2026-08-27,99.3042553683286,99.67177495781615,99.41982756628066,77.79858077340916,99.3042553683286,96.17502253657861,5,ROBUST POSITIVE,LIMITED SAMPLE,302,
212,245,INE651C01018,1137,1137,392363879094068.9,42036322044631.86,3923638790.9406886,420363220.44631857,0.3950662828065701,5.342821563668454,9.566723258729713,-0.2296321111111111,0.5417766051011433,0.0181812938538753,0.0043424947145878,5.863804342855779,0.2265714285714286,-0.1728333333333334,0.4606969205834684,2274.0,0.0341554664416412,0.0010129312931359,17.949187646862466,1.294115667523646e-63,0.0161938675124035,0.0201687201953471,96,17,0.8272780929853212,-0.035626256282177,0.1903884799811339,-64373.788390224254,42036322109005.65,392363879094068.9,128497694499189.66,42036322044631.86,4483827194904.963,476161049179.26624,LAKPRE,LAKSHMI PRE SCRE LTD,BZ,2016-08-29,2026-08-27,1978,10761.4,1346.5,0.1208291203235591,0.043297213439657,454,0,0.8014586709886548,LOW,PARTIAL,False,True,gap_fade_100,"{""gap_threshold"":0.01}",INTRADAY_SHORT_ALLOWED_RESEARCH,2016-08-29,2026-08-27,98.8165406929709,99.20255183413079,98.94135866675913,80.50759309340545,98.8165406929709,96.17236437602573,5,ROBUST POSITIVE,LIMITED SAMPLE,513,
213,218,INE156C01018,1293,1293,1462266830715544.5,114916260115461.2,14622668307.155443,1149162601.1546118,0.4150354311976061,5.356485169701667,6.144333412360049,-0.2353924612471648,0.7262180974477959,0.0168388012191692,0.0168996220075599,3.81866664007612,0.279138790035587,-0.1493684210526316,0.5239059967585089,2586.0,0.0342067166146386,0.0009512882385903,17.70105057129908,6.041673315028042e-63,0.0149725622405427,0.0187050401977958,108,13,0.7512304406973971,-0.1965073113283817,0.1858195289898852,-49031.61541370231,114916260164492.8,1462266830715544.5,410181425417753.0,114916260115461.2,8985796246340.896,699106274073.7158,PIONEEREMB,PIONEER EMBROIDERIES LTD,EQ,2016-08-29,2026-08-27,2465,1032493.35,26615.0,0.0016227180527383,0.0587625834660991,5,0,0.9987844408427876,OK,FULL,False,True,gap_fade_100,"{""gap_threshold"":0.01}",INTRADAY_SHORT_ALLOWED_RESEARCH,2016-08-29,2026-08-27,98.96216166239049,99.214109053926,98.98527610198092,79.94591221135843,98.96216166239049,96.16473661096087,5,ROBUST POSITIVE,COMPARABLE,450,9
214,397,INE860T01019,1347,1347,10536002605849.596,736206230686.2983,105360026.05849595,7362062.306862984,0.3665556217626486,4.593938044832843,11.900606329573607,-0.1877743624022504,0.3719376391982182,0.0122433999681342,-0.002,4.674013970164997,0.2174570135746605,-0.0592390572390573,0.5457860615883307,2694.0,0.0301514021226552,0.0008215305441751,14.903158567801745,1.3177484022936118e-46,0.0106317804938498,0.0138550194424186,75,35,1.3183204479829942,-0.1079033995226284,0.2825767557747872,-64476.1778822734,736206295162.4762,10536002605849.596,2786912358247.6104,736206230686.2983,51172061195.105286,3537994366.730487,SABEVENTS,SAB EVENTS & GOVERNANCE,EQ,2016-09-15,2026-08-04,2083,25185.65,4730.0,0.0926548247719635,0.0341125307916665,843,1,0.8440032414910859,LOW,PARTIAL,True,True,gap_fade_050,"{""gap_threshold"":0.005}",INTRADAY_SHORT_ALLOWED_RESEARCH,2016-08-29,2026-08-27,98.17395927235745,98.58308485310774,98.08381295795483,84.31916418186441,98.17395927235745,96.15953586205303,5,ROBUST POSITIVE,LIMITED SAMPLE,791,
215,239,INE871L01013,1610,1610,1925748611196804.8,80290073501182.14,19257486111.96805,802900735.0118214,0.3912596415703956,5.562888614788345,11.879321739041703,-0.2336469907454889,0.4037267080745341,0.0132398832495778,-0.002,4.948984867770474,0.1375348837209301,-0.1673057521320995,0.6523500810372771,3220.0,0.0295031321584415,0.0007352841201641,18.006486045996503,3.4960789915636576e-66,0.0117976679681928,0.0146820985309628,100,16,1.4508020183124728,-0.158674678480854,0.2263373119120814,-96746.4225963154,80290073597928.56,1925748611196804.8,393524181732645.9,80290073501182.14,3326542727513.0947,136956366555.08194,TVVISION,TV VISION LIMITED,BE,2016-09-15,2026-08-27,2301,65509.13,13438.0,0.0404172099087353,0.0387190816280627,755,2,0.9323338735818476,LOW,PARTIAL,True,True,gap_fade_050,"{""gap_threshold"":0.005}",INTRADAY_SHORT_ALLOWED_RESEARCH,2016-08-29,2026-08-27,98.91824422716871,99.3389270277142,98.77724614566719,80.11464762036844,98.91824422716871,96.15364167995747,5,ROBUST POSITIVE,LIMITED SAMPLE,469,
216,302,INE861B01023,1126,1126,110610414983808.14,12083125411397.703,1106104149.8380814,120831254.11397704,0.3905512503335735,5.077486360433572,4.4750532940361945,-0.2212328797853758,0.7282415630550622,0.0172477727728991,0.0167334691819239,4.066310548248544,0.1671042047531993,-0.1922985074626866,0.4562398703403565,2252.0,0.0341380244168475,0.0010173471889761,16.95367418300666,1.373700106060645e-57,0.0152516613867923,0.0192438841590059,69,6,1.1085037524064316,-0.1052541636344441,0.2366579006515137,6388.88888888876,12083125405008.816,110610414983808.14,36578366479210.38,12083125411397.703,1314212364785.913,142313825944.17584,MOTOGENFIN,MOTOR & GENERAL FINANCE L,BE,2020-06-22,2026-08-27,1531,195374.4,7453.0,0.0032658393207054,0.0576525417029256,18,0,0.6203403565640194,LOW,PARTIAL,True,True,gap_fade_050,"{""gap_threshold"":0.005}",INTRADAY_SHORT_ALLOWED_RESEARCH,2016-08-29,2026-08-27,98.64087095208377,99.03381642512076,98.78418047754433,81.323532810947,98.64087095208377,96.15052123061277,5,ROBUST POSITIVE,LIMITED SAMPLE,589,
217,405,INE891B01012,997,997,2207443841623.884,309918807822.50104,22074438.416238837,3099188.0782250105,0.3375420871979566,4.696664956772437,8.6061688142048,-0.1867768131085162,0.4824473420260782,0.0155728093964037,-0.002,5.683706127740677,0.2322105263157896,-0.0918876404494379,0.4039708265802269,1994.0,0.0312277765215245,0.0009889936054054,15.746117377593588,4.722724792758822e-50,0.0136320591489987,0.0175135596438086,69,22,0.7954698207569615,-0.0674647088302713,0.2021030799724094,298818.62066768925,309918509003.8804,2207443841623.884,827520739829.4797,309918807822.50104,43343267313.742966,6038089523.324679,DCMFINSERV,DCM FINANCIAL SERVICES LT,EQ,2018-03-22,2026-08-27,1680,36742.7,8779.5,0.0601190476190476,0.0426801565400968,487,1,0.6807131280388979,LOW,PARTIAL,True,True,gap_fade_100,"{""gap_threshold"":0.01}",INTRADAY_SHORT_ALLOWED_RESEARCH,2016-08-29,2026-08-27,98.00060097542935,98.71483715877308,98.21556526362019,84.3977532764718,98.00060097542935,96.14601391489265,5,ROBUST POSITIVE,LIMITED SAMPLE,866,
218,59,INE805A01014,1916,1916,5.660499864424689e+19,1.303743912862247e+18,566049986442468.9,13037439128622.47,0.5263797350433165,6.152856755176682,8.782775679640931,-0.2763798034589975,0.6127348643006263,0.0165548433407476,0.0114606673712818,3.6716500180722527,0.1970389946405468,-0.1929090909090909,0.7763371150729336,3832.0,0.036811821579392,0.0008409875296629,19.68500454148606,1.0404217665276028e-78,0.0149054956217454,0.0182041910597498,112,8,1.0611741884925985,-0.1362750451865474,0.2422742353262201,553915.1101600729,1.303743912861693e+18,5.660499864424689e+19,8.598584431467012e+18,1.303743912862247e+18,2.980547530395404e+16,676321579906318.4,GOLDTECH,AION-TECH SOLUTIONS LTD,BE,2016-08-29,2026-08-27,2454,816831.675,25010.5,0.0032599837000814,0.0598554441354952,177,0,0.994327390599676,LOW,FULL,False,True,gap_fade_050,"{""gap_threshold"":0.005}",INTRADAY_SHORT_ALLOWED_RESEARCH,2016-08-29,2026-08-27,99.74111827658739,99.6463490742667,99.67177495781615,75.96329426993043,99.74111827658739,96.14162217137046,5,ROBUST POSITIVE,LOW LIQUIDITY,113,
219,115,INE369I01014,1786,1786,8.12040234133053e+17,2.408107377076156e+16,8120402341330.53,240810737707.6156,0.4323246210882163,6.433762377053411,11.162511004480216,-0.2675377933505841,0.5571108622620381,0.0152523985948014,0.0091003658271341,4.2351066824410415,0.1606506024096385,-0.1538418688230007,0.7236628849270664,3572.0,0.0309958154189349,0.0007334361952937,20.795808405245275,3.466118702366041e-86,0.0138139146777642,0.0166908825118387,108,13,1.0239719504388152,-0.188898522521076,0.1954465886599019,-23957.219251337185,2.408107377078552e+16,8.12040234133053e+17,1.3995978221303496e+17,2.408107377076156e+16,709178743090681.0,20739828910237.91,IL&FSENGG,IL&FS ENG AND CONS CO LTD,BZ,2016-08-29,2026-08-27,2468,394285.5,28877.5,0.0012155591572123,0.0510960685094471,247,0,1.0,LOW,FULL,False,False,gap_fade_050,"{""gap_threshold"":0.005}",INTRADAY_SHORT_ALLOWED_RESEARCH,2016-08-29,2026-08-27,99.49610521692902,99.75498694034162,99.3944016827312,76.89480618542403,99.49610521692902,96.13734600004624,5,ROBUST POSITIVE,LOW LIQUIDITY,219,
220,425,INE902B01017,1002,1002,1404157844256.8289,195009021116.61584,14041578.44256829,1950090.2111661583,0.3286889523875809,4.670706804284053,9.312154747361904,-0.181559732758671,0.4660678642714571,0.0150052973607509,-0.002,5.716749044169565,0.1280383468257349,-0.0883309352517984,0.4059967585089141,2004.0,0.0303760923164223,0.0009596172434403,15.636752531619328,1.7770634388186415e-49,0.0131222052209275,0.0168883895005743,63,10,1.2961162617363473,-0.0668348953990155,0.2377997964992909,5665365.909095694,195003355750.7068,1404157844256.8289,523536163711.4914,195009021116.61584,26977290357.694653,3717342692.8810425,S&SPOWER,S&S POWER SWITCHGEARS LTD,EQ,2020-03-30,2026-08-27,1396,180427.325,1846.5,0.0573065902578796,0.0413425306547297,322,1,0.5656401944894651,LOW,PARTIAL,True,True,gap_fade_100,"{""gap_threshold"":0.01}",INTRADAY_SHORT_ALLOWED_RESEARCH,2016-08-29,2026-08-27,97.86884866976399,98.6986570510598,98.1046159535862,84.89009083974759,97.86884866976399,96.13515012828513,5,ROBUST POSITIVE,LIMITED SAMPLE,923,
221,178,INE147P01019,1620,1620,1.7574377690568168e+16,721044550940414.8,175743776905.68167,7210445509.404147,0.4467330447752123,5.429260270896129,7.475206608952372,-0.2469898967143013,0.6376543209876543,0.0146628482513768,0.009036769327467,3.7530844969050343,0.2696666666666667,-0.1744782067247821,0.6564019448946515,3240.0,0.0336575813844251,0.0008362293325978,17.534482084986138,3.6880591064294327e-63,0.0130226426744136,0.0163030538283399,99,15,0.8351490467958815,-0.0945660314580538,0.2166060982167443,932530.6380141268,721044550007884.1,1.7574377690568168e+16,3562567884430056.0,721044550940414.8,29396921528697.027,1190935679858.1516,JPOLYINVST,JIND POL INV & FIN CO LTD,EQ,2016-08-29,2026-08-27,2336,1453955.95,5248.5,0.0265410958904109,0.0515328640456558,145,0,0.946515397082658,OK,PARTIAL,False,True,gap_fade_050,"{""gap_threshold"":0.005}",INTRADAY_SHORT_ALLOWED_RESEARCH,2016-08-29,2026-08-27,99.1979289462127,99.2649608210249,99.04999653283406,78.82486189122345,99.1979289462127,96.12578878025101,5,ROBUST POSITIVE,LIMITED SAMPLE,348,
222,70,INE505C01016,1897,1897,2.9824054233715315e+19,7.124718470017861e+17,298240542337153.1,7124718470017.86,0.5488086173701026,5.809970926509422,7.652099754388276,-0.2741649229834596,0.6483921982076963,0.0164616045600172,0.0143043478260869,3.297892526277658,0.2122857142857142,-0.1884406779661016,0.7686385737439222,3794.0,0.0386318650754809,0.0008869762887772,18.559238582026943,8.751728452907532e-71,0.0147220524992482,0.0182011566207863,113,8,1.208263939828389,-0.1011711390364501,0.2099490620072234,178153.15315315308,7.12471847001608e+17,2.9824054233715315e+19,4.613886002421318e+18,7.124718470017861e+17,1.6895267905535806e+16,397691311512668.56,PRAENG,PRAJAY ENG. SYN. LTD.,EQ,2016-08-29,2026-08-27,2467,750656.55,50826.0,0.0,0.0642525468686521,69,0,0.9995948136142626,LOW,FULL,False,True,gap_fade_050,"{""gap_threshold"":0.005}",INTRADAY_SHORT_ALLOWED_RESEARCH,2016-08-29,2026-08-27,99.69488939740656,99.48223655317476,99.63479185447149,76.20715160760926,99.69488939740656,96.1171786515036,5,ROBUST POSITIVE,LOW LIQUIDITY,133,
223,43,INE830Q01018,1817,1817,2.757197993651983e+20,7.76481089285014e+18,2757197993651983.0,77648108928501.4,0.557258604775176,6.169335902284204,8.88399831795098,-0.2818898368396554,0.6505228398458999,0.0185304039815482,0.0137480314960629,3.890435607311743,0.2542500000000001,-0.1862105263157893,0.736223662884927,3634.0,0.039792180415384,0.0009335127916647,19.850187535730413,1.6192784291368427e-79,0.016699532268022,0.0203612756950745,112,9,1.695575846457897,-0.1074177752305507,0.2897956847149819,1734494.0015242065,7.764810892848406e+18,2.757197993651983e+20,4.631063433792959e+19,7.76481089285014e+18,2.1713873222635968e+17,6029413977830626.0,MANAKCOAT,MAN COAT METAL & IND LTD,EQ,2016-08-29,2026-08-27,2461,717561.0,37598.0,0.0044697277529459,0.0656718153989204,90,0,0.997163695299838,LOW,FULL,False,True,gap_fade_050,"{""gap_threshold"":0.005}",INTRADAY_SHORT_ALLOWED_RESEARCH,2016-08-29,2026-08-27,99.81277303931766,99.6579062940619,99.77810137993204,75.38196611423156,99.81277303931766,96.11024431962649,5,ROBUST POSITIVE,LOW LIQUIDITY,82,
224,45,INE830Q01018,1542,1542,7.809629199612843e+19,3.805728862719405e+18,780962919961284.2,38057288627194.05,0.5300013700863738,6.318699964566223,8.831311929509669,-0.2818898368396554,0.6666666666666666,0.0212698764425033,0.0174174757281553,4.735503353189782,0.2542500000000001,-0.1742222222222222,0.6247974068071313,3084.0,0.0401828235252249,0.0010232888999696,20.785798070450763,8.608111558393095e-85,0.0192626905478011,0.0232770623372056,112,9,1.695575846457897,-0.1019727491370369,0.2973915061097357,1734494.0015242065,3.8057288627176704e+18,7.809629199612843e+19,1.725265795433622e+19,3.805728862719405e+18,1.843593363138119e+17,8877733586882221.0,MANAKCOAT,MAN COAT METAL & IND LTD,EQ,2016-08-29,2026-08-27,2461,717561.0,37598.0,0.0044697277529459,0.0656718153989204,90,0,0.997163695299838,LOW,FULL,False,True,gap_fade_100,"{""gap_threshold"":0.01}",INTRADAY_SHORT_ALLOWED_RESEARCH,2016-08-29,2026-08-27,99.78503571180917,99.71106950511985,99.78503571180917,75.38196611423156,99.78503571180917,96.10978203083467,5,ROBUST POSITIVE,LOW LIQUIDITY,94,
225,108,INE592I01029,641,641,1.124630260026116e+17,3.2791289354454108e+16,1124630260026.116,327912893544.5411,0.8122772564736375,3.684901857355559,9.122406632020194,-0.2407980760917902,0.5616224648985959,0.0457316429227292,0.0165185185185183,11.05923174055244,0.6646666666666667,-0.152943396226415,0.2597244732576985,1282.0,0.092422104775443,0.0036504536617014,12.527660165233964,2.343168071762164e-32,0.0385633289872139,0.0528999568582445,53,1,8.981373084622877,-0.0695519150383198,1.0279675536949548,-70446.61894070945,3.279128935452456e+16,1.124630260026116e+17,6.074540575470146e+16,3.2791289354454108e+16,9538294867312034.0,2767849532302303.5,METKORE,METKORE,BZ,2016-08-29,2021-02-23,1096,16524.675,13756.0,0.0346715328467153,0.0889603327815449,194,0,0.4440842787682333,LOW,PARTIAL,False,True,gap_fade_050,"{""gap_threshold"":0.005}",INTRADAY_SHORT_ALLOWED_RESEARCH,2016-08-29,2026-08-27,99.52037537849895,97.2967662899013,99.74920833044403,79.43623881838985,99.52037537849895,96.10879966715208,5,ROBUST POSITIVE,LIMITED SAMPLE,208,
226,99,INE592I01029,641,641,1.124630260026116e+17,3.2791289354454108e+16,1124630260026.116,327912893544.5411,0.8122772564736375,3.684901857355559,9.122406632020194,-0.2407980760917902,0.5616224648985959,0.0457316429227292,0.0165185185185183,11.05923174055244,0.6646666666666667,-0.152943396226415,0.2597244732576985,1282.0,0.092422104775443,0.0036504536617014,12.527660165233964,2.343168071762164e-32,0.0385633289872139,0.0528999568582445,53,1,8.981373084622877,-0.0695519150383198,1.0279675536949548,-70446.61894070945,3.279128935452456e+16,1.124630260026116e+17,6.074540575470146e+16,3.2791289354454108e+16,9538294867312034.0,2767849532302303.5,METKORE,METKORE,BZ,2016-08-29,2021-02-23,1096,16524.675,13756.0,0.0346715328467153,0.0889603327815449,194,0,0.4440842787682333,LOW,PARTIAL,False,True,gap_fade_100,"{""gap_threshold"":0.01}",INTRADAY_SHORT_ALLOWED_RESEARCH,2016-08-29,2026-08-27,99.52037537849895,97.2967662899013,99.74920833044403,79.43623881838985,99.52037537849895,96.10879966715208,5,ROBUST POSITIVE,LIMITED SAMPLE,208,
227,726,INE063J01011,378,378,5094965077.96137,2439872364.062079,50949.6507796137,24398.72364062079,0.3833090398024574,2.869296723052967,21.614991054543705,-0.0507205628903094,0.3386243386243386,0.0284955693463522,-0.002,18.61817066499876,0.3313333333333335,-0.0332499999999997,0.153160453808752,756.0,0.0559089920021317,0.0028756482529775,9.909268046551468,1.0042041836749508e-20,0.0228412500873061,0.0341498886053983,35,14,2.220362133105753,-0.0119401597601919,0.3131639415848084,99497.0106773999,2439772867.0514016,5094965077.96137,3526411982.2458787,2439872364.062079,1166694883.7060392,557055091.8700296,EUROMULTI,EUROMULTI,BZ,2016-08-31,2021-08-30,784,1800.15,1626.0,0.1543367346938775,0.0458237836451968,397,0,0.3176661264181523,LOW,PARTIAL,True,True,gap_fade_050,"{""gap_threshold"":0.005}",INTRADAY_SHORT_ALLOWED_RESEARCH,2016-08-29,2026-08-27,96.30284538751359,95.36439914014285,97.55564801331393,94.56926241823267,96.30284538751359,96.10567921780738,5,ROBUST POSITIVE,LIMITED SAMPLE,1600,
228,681,INE063J01011,378,378,5094965077.96137,2439872364.062079,50949.6507796137,24398.72364062079,0.3833090398024574,2.869296723052967,21.614991054543705,-0.0507205628903094,0.3386243386243386,0.0284955693463522,-0.002,18.61817066499876,0.3313333333333335,-0.0332499999999997,0.153160453808752,756.0,0.0559089920021317,0.0028756482529775,9.909268046551468,1.0042041836749508e-20,0.0228412500873061,0.0341498886053983,35,14,2.220362133105753,-0.0119401597601919,0.3131639415848084,99497.0106773999,2439772867.0514016,5094965077.96137,3526411982.2458787,2439872364.062079,1166694883.7060392,557055091.8700296,EUROMULTI,EUROMULTI,BZ,2016-08-31,2021-08-30,784,1800.15,1626.0,0.1543367346938775,0.0458237836451968,397,0,0.3176661264181523,LOW,PARTIAL,True,True,gap_fade_100,"{""gap_threshold"":0.01}",INTRADAY_SHORT_ALLOWED_RESEARCH,2016-08-29,2026-08-27,96.30284538751359,95.36439914014285,97.55564801331393,94.56926241823267,96.30284538751359,96.10567921780738,5,ROBUST POSITIVE,LIMITED SAMPLE,1600,
229,343,INE395H01011,1299,1299,40760844770187.66,3143087777790.496,407608447.7018766,31430877.77790496,0.3919753222531323,4.705658193925315,4.42593165846944,-0.2084899535511708,0.7467282525019245,0.0139063952034506,0.013821578345406,3.390362648888392,0.2067227414330217,-0.1795599128540304,0.5263371150729336,2598.0,0.0326670549835443,0.0009063697612929,15.342960232491697,5.943147646137e-49,0.0121282850813708,0.0156845053255304,79,8,1.4276030809865037,-0.1297821440600507,0.2332327379804093,41080.19639934521,3143087736710.3,40760844770187.66,11325947889060.604,3143087777790.496,241139100081.40323,18406276994.859013,STEELCITY,STEEL CITY SECURITIES LTD,EQ,2019-06-27,2026-08-27,1770,969640.575,15169.0,0.0011299435028248,0.0486616866539192,0,0,0.7171799027552674,LOW,PARTIAL,True,True,gap_fade_050,"{""gap_threshold"":0.005}",INTRADAY_SHORT_ALLOWED_RESEARCH,2016-08-29,2026-08-27,98.43746388368814,98.7263943785683,98.44439821556527,82.49081201026281,98.43746388368814,96.10463906802579,5,ROBUST POSITIVE,LIMITED SAMPLE,677,
230,297,INE429F01012,991,991,44707908296460.375,6388773918226.315,447079082.9646037,63887739.18226315,0.3831251743036799,4.992586033149643,7.868178805074926,-0.2213232791737199,0.5630676084762866,0.0189032817293249,0.0104555160142347,4.786915612674692,0.138625,-0.0941052631578946,0.4015397082658022,1982.0,0.035177069708999,0.0011174364461626,16.916650422705906,1.3846319197646926e-56,0.0167104656801672,0.0210960977784827,62,2,0.8082651803853702,-0.1280444270545521,0.24716330651815,-85412.2621564482,6388774003638.577,44707908296460.375,16908634691441.19,6388773918226.315,909466156518.958,128968791771.53609,SKIL,SKIL INFRASTRUCTURE LTD.,BZ,2016-08-29,2026-08-24,1538,370637.725,44284.5,0.0045513654096228,0.0617071787849355,151,0,0.6231766612641815,LOW,PARTIAL,False,True,gap_fade_100,"{""gap_threshold"":0.01}",INTRADAY_SHORT_ALLOWED_RESEARCH,2016-08-29,2026-08-27,98.56228185747636,98.97140743822665,98.76800036983103,81.31197559115179,98.56228185747636,96.09770473614869,5,ROBUST POSITIVE,LIMITED SAMPLE,623,
231,195,INE965H01011,1585,1585,8817602471515605.0,387660495484691.2,88176024715.15605,3876604954.846912,0.3979192188244135,5.881596410052328,12.721691294454356,-0.2496359596997724,0.4668769716088328,0.0144612383314694,-0.002,6.012463083220078,0.248,-0.15825,0.6422204213938412,3170.0,0.030062050059345,0.0007550991134603,19.15144392793489,1.0598391621293857e-73,0.0129801395432629,0.015942337119676,109,9,1.258703559507051,-0.1535758138546366,0.20724050449694,-98343.7055476529,387660495583034.9,8817602471515605.0,1850272301212744.8,387660495484691.2,16938320518978.184,735522953703.415,SITINET,SITI NETWORKS LIMITED,BZ,2016-08-29,2026-08-27,2401,1229102.95,517023.0,0.0,0.0469235339160995,344,0,0.9728525121555917,OK,FULL,False,True,gap_fade_050,"{""gap_threshold"":0.005}",INTRADAY_SHORT_ALLOWED_RESEARCH,2016-08-29,2026-08-27,99.12858562744147,99.51921965651943,98.98989898989899,78.58678316344219,99.12858562744147,96.09770473614867,5,ROBUST POSITIVE,COMPARABLE,378,10
232,265,INE737W01013,1032,1032,163932234854569.38,21635807995501.92,1639322348.5456936,216358079.9550192,0.3759951129203652,5.416939750924517,4.949814148168362,-0.2322770497446277,0.7315891472868217,0.0193286322266156,0.0182454292527821,4.908842073814841,0.2065141558173175,-0.1716296296296295,0.4181523500810373,2064.0,0.0335378845621242,0.0010439887455688,18.514215127945818,2.7199373269083963e-66,0.0172800469528972,0.0213772175003341,78,3,0.9513768059788614,-0.1524412483410751,0.2118604365236175,-60131.47582825432,21635808055633.395,163932234854569.38,59584693776718.8,21635807995501.92,2844138119127.897,372383251333.5011,AKASH,AKASH INFRA-PROJECTS LTD,EQ,2019-10-11,2026-08-27,1653,832140.3,18215.0,0.013914095583787,0.0575254101631898,64,0,0.669773095623987,LOW,PARTIAL,True,True,gap_fade_100,"{""gap_threshold"":0.01}",INTRADAY_SHORT_ALLOWED_RESEARCH,2016-08-29,2026-08-27,98.71252571481405,99.24646926935256,98.89975267549637,80.23946559415667,98.71252571481405,96.08580079975961,5,ROBUST POSITIVE,LIMITED SAMPLE,558,
233,133,INE272L01022,1870,1870,2.767524519865557e+17,6919543585128725.0,2767524519865.557,69195435851.28725,0.4650796395114088,5.739193387166717,6.423088983325332,-0.2619613631436547,0.6919786096256685,0.0139791638130114,0.0134087981181436,3.344090749595523,0.2146666666666665,-0.1915261845386533,0.7576985413290114,3740.0,0.0329481901037235,0.0007619224317724,18.347227001168783,2.899467504747191e-69,0.0124848555842192,0.0154734720418036,116,5,0.897781445441385,-0.0636490822444832,0.189219767585131,5165.289256197837,6919543585123560.0,2.767524519865557e+17,4.380058577203557e+16,6919543585128725.0,171748720177968.25,4231818810049.748,SURANASOL,SURANA SOLAR LIMITED,EQ,2016-08-29,2026-08-27,2468,1052433.325,53329.5,0.0,0.056704330736868,59,0,1.0,OK,FULL,False,False,gap_fade_050,"{""gap_threshold"":0.005}",INTRADAY_SHORT_ALLOWED_RESEARCH,2016-08-29,2026-08-27,99.40133601460832,99.45681066962531,99.214109053926,77.44955273559393,99.40133601460832,96.08221806162311,5,ROBUST POSITIVE,COMPARABLE,260,11
234,78,INE505C01016,1618,1618,3.9003004009945344e+18,1.6227916951534557e+17,39003004009945.34,1622791695153.4556,0.5192831337436937,5.815054842365417,7.109859784841903,-0.2741649229834596,0.6625463535228677,0.0182778087702372,0.0161159420289854,3.762682942380477,0.2122857142857142,-0.1784705882352941,0.6555915721231766,3236.0,0.0389540942922015,0.0009684202286517,18.873840332398014,5.759166581135471e-72,0.016378318202538,0.0201772993379365,111,10,1.208263939828389,-0.078235993991318,0.1995903534190115,178153.15315315308,1.6227916951516742e+17,3.9003004009945344e+18,7.961962134558555e+17,1.6227916951534557e+17,6709723145466598.0,275684756960443.3,PRAENG,PRAJAY ENG. SYN. LTD.,EQ,2016-08-29,2026-08-27,2467,750656.55,50826.0,0.0,0.0642525468686521,69,0,0.9995948136142626,LOW,FULL,False,True,gap_fade_100,"{""gap_threshold"":0.01}",INTRADAY_SHORT_ALLOWED_RESEARCH,2016-08-29,2026-08-27,99.62092319071724,99.48454799713382,99.6186117467582,76.20715160760926,99.62092319071724,96.08112012574256,5,ROBUST POSITIVE,LOW LIQUIDITY,165,
235,21,INE542C01019,1458,1458,1.9487830987494185e+21,1.1308330957627667e+20,1.9487830987494184e+16,1130833095762766.8,0.5213708207738619,7.088119168975112,11.240429957147937,-0.2913073658274605,0.6330589849108368,0.0248236033267327,0.0174681041863361,6.748966939064514,0.1959166666666665,-0.1591594877764843,0.5907617504051864,2916.0,0.0396746450155399,0.0010390448345058,23.89079133292543,1.0276309498348839e-106,0.022785419729158,0.0268617869243075,112,7,1.9394153936328864,-0.1028729643376757,0.3268874578210372,206998.68994817068,1.1308330957627646e+20,1.9487830987494185e+21,4.69767770520995e+20,1.1308330957627667e+20,6.525459350816362e+18,3.744481710858968e+17,NKIND,NK INDUSTRIES LTD,EQ,2016-08-29,2026-08-27,2271,30643.0,764.0,0.1488331131660061,0.0574022892602878,334,0,0.9201782820097244,LOW,PARTIAL,False,True,gap_fade_100,"{""gap_threshold"":0.01}",INTRADAY_SHORT_ALLOWED_RESEARCH,2016-08-29,2026-08-27,99.90523079767931,99.92372234935164,99.90754224163835,74.3799551579872,99.90523079767931,96.08060005085177,5,ROBUST POSITIVE,LIMITED SAMPLE,42,
236,40,INE105C01023,1641,1641,3.749652492040371e+20,1.5035838295058024e+19,3749652492040371.0,150358382950580.25,0.5104731477053726,6.822285152336357,8.62235620941525,-0.2869682731057453,0.70018281535649,0.0207844627564534,0.0181612903225807,4.889838650773858,0.2659245283018869,-0.1819163179916318,0.6649108589951378,3282.0,0.0375587172079892,0.0009271637861541,22.417250400457043,2.629325865001017e-97,0.0189659130055415,0.0226030125073652,114,7,0.9785867014214688,-0.0514710054978871,0.2291926992394521,182343.8917632629,1.5035838295057842e+19,3.749652492040371e+20,7.514533760165108e+19,1.5035838295058024e+19,5.991246927754404e+17,2.3721868702919124e+16,3PLAND,3P LAND HOLDINGS LIMITED,EQ,2016-08-29,2026-08-27,2347,109660.4,5697.0,0.0455901150404772,0.0606824793096969,204,0,0.95097244732577,LOW,FULL,False,True,gap_fade_050,"{""gap_threshold"":0.005}",INTRADAY_SHORT_ALLOWED_RESEARCH,2016-08-29,2026-08-27,99.8266417030719,99.87055913829369,99.8197073711948,74.78792501675797,99.8266417030719,96.07823082079375,5,ROBUST POSITIVE,LOW LIQUIDITY,76,
237,185,INE147P01019,1264,1264,4143120797519095.0,345780291606569.6,41431207975.19095,3457802916.065696,0.4158371739741888,5.618389269393337,7.417231292876568,-0.2513040410171417,0.6511075949367089,0.0181022549554962,0.0117659003062095,5.032625771200332,0.2696666666666667,-0.1744782067247821,0.5121555915721232,2528.0,0.03435609597577,0.0009663406976348,18.732787514592868,2.7570737981956203e-69,0.0162064452191104,0.019998064691882,101,13,0.8168872415812758,-0.082416556327465,0.2059337007590224,932530.6380141268,345780290674039.0,4143120797519095.0,1197647705289689.0,345780291606569.6,28717545886083.12,2373342629750.139,JPOLYINVST,JIND POL INV & FIN CO LTD,EQ,2016-08-29,2026-08-27,2336,1453955.95,5248.5,0.0265410958904109,0.0515328640456558,145,0,0.946515397082658,OK,PARTIAL,False,True,gap_fade_100,"{""gap_threshold"":0.01}",INTRADAY_SHORT_ALLOWED_RESEARCH,2016-08-29,2026-08-27,99.11471696368721,99.3712872431408,99.158634398909,78.43422786214548,99.11471696368721,96.07274114139102,5,ROBUST POSITIVE,LIMITED SAMPLE,384,
238,40,INE105C01023,1467,1467,1.3512564948409408e+20,7.661684666115276e+18,1351256494840940.8,76616846661152.77,0.5005208095095511,6.808379683591764,8.026633377601083,-0.2869682731057453,0.7177914110429447,0.0227499478851061,0.0202222222222223,5.490887729341442,0.2659245283018869,-0.1819163179916318,0.5944084278768234,2934.0,0.0382475253591584,0.0009985924641246,22.78201438766896,1.329741115584437e-98,0.0207911253923867,0.0247087703778255,114,7,0.9785867014214688,-0.0458018196214963,0.2226569415166208,182343.8917632629,7.661684666115094e+18,1.3512564948409408e+20,3.2198546974264357e+19,7.661684666115276e+18,4.319803915486437e+17,2.421851085805984e+16,3PLAND,3P LAND HOLDINGS LIMITED,EQ,2016-08-29,2026-08-27,2347,109660.4,5697.0,0.0455901150404772,0.0606824793096969,204,0,0.95097244732577,LOW,FULL,False,True,gap_fade_100,"{""gap_threshold"":0.01}",INTRADAY_SHORT_ALLOWED_RESEARCH,2016-08-29,2026-08-27,99.81046159535862,99.86593625037561,99.82201881515383,74.78792501675797,99.81046159535862,96.07048748353097,5,ROBUST POSITIVE,LOW LIQUIDITY,83,
239,438,INE749B01020,796,796,701167212223.1654,146871398501.496,7011672.122231654,1468713.98501496,0.3345881288467701,4.509346774103569,3.63509306990574,-0.1828375442677995,0.75,0.0185633224848864,0.0174174983242719,4.649215692404869,0.2222990654205607,-0.1575075593952484,0.3225283630470016,1592.0,0.0338349188861953,0.0011992469035702,15.479149814455754,1.952832020384498e-47,0.0162092578440818,0.0209173871256909,63,3,1.461266585584228,-0.1206918685621393,0.2205189517017734,-53538.46153846158,146871452039.95755,701167212223.1654,321030500530.07043,146871398501.496,30670061127.09605,6384768705.238209,ORTINGLOBE,ORTIN GLOBAL LIMITED,EQ,2021-03-30,2026-08-27,1337,420460.47,21490.0,0.0007479431563201,0.0574144583450838,24,0,0.5417341977309562,LOW,PARTIAL,True,True,gap_fade_100,"{""gap_threshold"":0.01}",INTRADAY_SHORT_ALLOWED_RESEARCH,2016-08-29,2026-08-27,97.79488246307469,98.49987287058225,98.23405681529252,84.744469870328,97.79488246307469,96.06615352610777,5,ROBUST POSITIVE,LIMITED SAMPLE,955,
240,26,INE542C01019,1582,1582,1.9999476155720888e+21,9.053461873796135e+19,1.999947615572089e+16,905346187379613.6,0.532664705177371,6.905941207252185,11.156784869624524,-0.2913747937364783,0.6156763590391909,0.0227727214056068,0.0146217083012618,5.625205331972207,0.1959166666666665,-0.1591594877764843,0.6410048622366289,3164.0,0.0396307776736922,0.0009963899880223,22.855229056252597,3.946756730883953e-100,0.020818336717728,0.0247271060934855,113,7,1.79074505675682,-0.1782547591821929,0.322886754429375,206998.68994817068,9.053461873796116e+19,1.9999476155720888e+21,4.258394346699507e+20,9.053461873796135e+19,4.07353761099048e+18,1.8217105892720045e+17,NKIND,NK INDUSTRIES LTD,EQ,2016-08-29,2026-08-27,2271,30643.0,764.0,0.1488331131660061,0.0574022892602878,334,0,0.9201782820097244,LOW,PARTIAL,False,True,gap_fade_050,"{""gap_threshold"":0.005}",INTRADAY_SHORT_ALLOWED_RESEARCH,2016-08-29,2026-08-27,99.89136213392507,99.88905068996601,99.88673924600698,74.37302082611006,99.89136213392507,96.06222407137739,5,ROBUST POSITIVE,LIMITED SAMPLE,48,
241,418,INE891B01012,1047,1047,3131077520622.402,397983844058.8865,31310775.206224017,3979838.440588865,0.3432112230616093,4.6995455354665605,8.480191972943713,-0.1972178943284405,0.4813753581661891,0.015087430265532,-0.002,5.206186178975957,0.2322105263157896,-0.0918876404494379,0.4242301458670988,2094.0,0.0311651149457061,0.0009631532450383,15.664620706262436,7.667755323416643e-50,0.0131974977275722,0.0169773628034919,70,21,0.7539426289789364,-0.0828270007321727,0.2072336602368322,298818.62066768925,397983545240.2658,3131077520622.402,1116864431026.2363,397983844058.8865,50380962936.19573,6351631675.283269,DCMFINSERV,DCM FINANCIAL SERVICES LT,EQ,2018-03-22,2026-08-27,1680,36742.7,8779.5,0.0601190476190476,0.0426801565400968,487,1,0.6807131280388979,LOW,PARTIAL,True,True,gap_fade_050,"{""gap_threshold"":0.005}",INTRADAY_SHORT_ALLOWED_RESEARCH,2016-08-29,2026-08-27,98.06994429420058,98.71946004669117,98.22943392737443,83.5956822226845,98.06994429420058,96.06060606060606,5,ROBUST POSITIVE,LIMITED SAMPLE,836,
242,327,INE268C01029,1017,1017,33527885130972.223,4545942200998.537,335278851.30972224,45459422.00998537,0.3706889166980217,5.053128483336328,7.694432882354868,-0.2212389444890817,0.5555555555555556,0.0180382168586805,0.0109870129870128,5.128998256546846,0.248,-0.1496377952755905,0.4120745542949757,2034.0,0.033653124544003,0.0010552732181618,17.093409126880523,9.047954147517308e-58,0.0159674524984624,0.0201089812188987,69,5,1.1920197933909562,-0.0391299941906295,0.2168676952936397,-84516.6590704017,4545942285515.196,33527885130972.223,12351746885527.36,4545942200998.537,613947823955.0793,82588907733.009,EASUNREYRL,EASUNREYRL,BZ,2016-08-29,2022-10-06,1463,35752.6,7633.0,0.024606971975393,0.0514019661790881,196,0,0.5927876823338736,LOW,PARTIAL,False,True,gap_fade_050,"{""gap_threshold"":0.005}",INTRADAY_SHORT_ALLOWED_RESEARCH,2016-08-29,2026-08-27,98.49756142662322,99.0176363174075,98.67323116751035,81.32122136698796,98.49756142662322,96.06025934401222,5,ROBUST POSITIVE,LIMITED SAMPLE,651,
243,198,INE203Y01012,1024,1024,1575255220078024.0,212178067023518.84,15752552200.78024,2121780670.2351885,0.3993702404518251,5.709356649057724,6.003006457240444,-0.2517879728660261,0.73828125,0.0218075828372637,0.0204502827951102,5.379094113840964,0.2094285714285713,-0.1753021077283372,0.4149108589951377,2048.0,0.0353241062313917,0.0011038783197309,19.75542271957845,7.680507189504076e-74,0.0196414582846151,0.0239737073899122,74,0,0.9216225981986136,0.0,0.2282361277895431,-37443.30645840019,212178067060962.16,1575255220078024.0,578414317502892.1,212178067023518.84,28466893734208.78,3804196627371.78,SILLYMONKS,SILLY MONKS ENTERTAIN LTD,EQ,2020-07-08,2026-08-27,1517,170268.61,8655.0,0.011206328279499,0.0664707401876226,19,0,0.6146677471636953,LOW,PARTIAL,True,True,gap_fade_100,"{""gap_threshold"":0.01}",INTRADAY_SHORT_ALLOWED_RESEARCH,2016-08-29,2026-08-27,99.04999653283406,99.43600767399394,99.20255183413079,78.39840048078034,99.04999653283406,96.05997041351732,5,ROBUST POSITIVE,LIMITED SAMPLE,412,
244,103,INE641C01019,1610,1610,5.4062546988727936e+17,2.277493168797181e+16,5406254698872.794,227749316879.7181,0.4986861127957013,5.621672381887721,11.50381223461787,-0.2692930638029924,0.4832298136645963,0.0170534222382806,-0.002,4.555326484254662,0.2326938775510203,-0.156867256637168,0.6523500810372771,3220.0,0.037575684749511,0.0009364702077132,18.210320091145817,1.6140430041906888e-67,0.0152165926276745,0.0188902518488867,87,19,2.037713254846023,-0.0945750717155871,0.4015825085586719,296072.80542015145,2.277493168767574e+16,5.4062546988727936e+17,1.1104919939140904e+17,2.277493168797181e+16,953461575200132.4,39666519015288.016,KAVDEFENCE,KAVVERI DFS & WIR TEC LTD,EQ,2016-08-29,2026-08-27,2114,162960.425,13335.5,0.0203405865657521,0.0539127803693348,473,0,0.8565640194489466,LOW,PARTIAL,False,True,gap_fade_100,"{""gap_threshold"":0.01}",INTRADAY_SHORT_ALLOWED_RESEARCH,2016-08-29,2026-08-27,99.49379377296998,99.37359868709983,99.49148232901094,76.72375933245499,99.49379377296998,96.0537873009269,5,ROBUST POSITIVE,LIMITED SAMPLE,220,
245,128,INE843B01013,1533,1533,1.7702299472806432e+17,8685103348933758.0,1770229947280.6433,86851033489.33759,0.4291773319024944,6.23565186558767,7.226292467063277,-0.270745408676012,0.6692759295499021,0.017097046620107,0.0144934478084047,4.381784954367753,0.1340576923076923,-0.1939899874843553,0.6211507293354943,3066.0,0.0326528015322861,0.0008339679701773,20.50084323558776,9.860434136037044e-83,0.0154612070481361,0.0187328861920778,93,8,0.8363089169647229,-0.2105550696996516,0.2278613514539164,23936.726488565284,8685103348909822.0,1.7702299472806432e+17,3.923959527268874e+16,8685103348933758.0,423582246451580.4,20535616123262.95,MAHAPEXLTD,MAHA RASHTRA APEX COPR. L,EQ,2018-04-05,2026-08-27,2026,425102.6,4297.0,0.0360315893385982,0.0555833518965344,102,1,0.8209076175040518,LOW,PARTIAL,True,True,gap_fade_050,"{""gap_threshold"":0.005}",INTRADAY_SHORT_ALLOWED_RESEARCH,2016-08-29,2026-08-27,99.43138478607587,99.68564362157039,99.38977879481313,76.55964681136305,99.43138478607587,96.0431546587153,5,ROBUST POSITIVE,LIMITED SAMPLE,247,
246,470,INE143H01015,698,698,727367156646.2755,185297415521.83044,7273671.566462755,1852974.1552183044,0.432359069956128,3.620136339635876,6.389516307398032,-0.1692354948805461,0.4340974212034384,0.0219613327836275,-0.002,5.8322896556266,0.2837142857142857,-0.1692354948805461,0.2828200972447325,1396.0,0.0477408221084825,0.0018070167659823,12.153364150824023,5.8341852700537135e-31,0.0184134842267894,0.0255091813404656,50,2,1.886165247188052,-0.0727123894849312,0.287123579928279,-96996.4664310954,185297512518.29688,727367156646.2755,367246167958.58966,185297415521.83044,47077833611.8381,11928583672.089664,KSK,KSK,BZ,2016-08-29,2021-01-15,1060,1070232.675,540097.0,0.0,0.0810183877974037,132,0,0.4294975688816855,OK,PARTIAL,False,True,gap_fade_050,"{""gap_threshold"":0.005}",INTRADAY_SHORT_ALLOWED_RESEARCH,2016-08-29,2026-08-27,97.84804567413263,97.18697270184684,98.36580912095786,85.978780944456,97.84804567413263,96.03899405958902,5,ROBUST POSITIVE,LIMITED SAMPLE,932,
247,95,INE759V01019,1738,1738,2.0987071356964613e+18,6.8613945874932936e+16,20987071356964.613,686139458749.3293,0.4765392509729795,6.1077843215075855,6.950934534598865,-0.2761591773554285,0.6967779056386652,0.0164012599943551,0.0149491525423728,3.844692131604487,0.1974047619047619,-0.1857606837606837,0.7042139384116693,3476.0,0.0346447426572094,0.0008310218707731,19.73625553211568,2.1611543281354734e-78,0.0147713513288176,0.0180311686598927,110,7,1.1590363186471286,-0.109142982784937,0.2205420574113711,-96933.72015175186,6.861394587502987e+16,2.0987071356964613e+18,3.797939330006675e+17,6.8613945874932936e+16,2228126891172060.8,71865887438812.8,HEADSUP,HEADS UP VENTURES LIMITED,EQ,2016-12-14,2026-08-27,2397,709479.75,39204.0,0.0,0.0617732210466843,71,1,0.9712317666126418,LOW,FULL,True,True,gap_fade_050,"{""gap_threshold"":0.005}",INTRADAY_SHORT_ALLOWED_RESEARCH,2016-08-29,2026-08-27,99.5793171994545,99.6186117467582,99.53077687631463,75.98640870952083,99.5793171994545,96.03853177079722,5,ROBUST POSITIVE,LOW LIQUIDITY,183,
248,112,INE378D01032,1534,1534,2.7256545676372256e+17,1.335679147303333e+16,2725654567637.2256,133567914730.3333,0.4380470531484168,6.217366434087668,8.967599643014559,-0.2723639826379892,0.5880052151238592,0.0173878739123685,0.0124927536231884,4.431938662228617,0.1525454545454544,-0.1648140703517588,0.6215559157212318,3068.0,0.0333298567860813,0.0008509827716013,20.432697926008395,2.9162735513550896e-82,0.015718660435762,0.019057087388975,107,13,1.056846820148249,-0.2426669382366955,0.2091703693738085,-87343.19687755285,1.3356791473120674e+16,2.7256545676372256e+17,6.038216874650337e+16,1.335679147303333e+16,650654697841218.2,31506913996946.54,MADHUCON,MADHUCON PROJECTS LTD.,BE,2016-08-29,2026-08-27,2438,268911.125,40118.5,0.0,0.0554650876624186,191,0,0.9878444084278768,LOW,FULL,False,True,gap_fade_100,"{""gap_threshold"":0.01}",INTRADAY_SHORT_ALLOWED_RESEARCH,2016-08-29,2026-08-27,99.4498763377482,99.67639784573423,99.45681066962531,76.38397707047592,99.4498763377482,96.03668261562999,5,ROBUST POSITIVE,LOW LIQUIDITY,239,
249,243,INE790C01014,1014,1014,537070543981340.3,73624088630328.05,5370705439.813403,736240886.3032805,0.437601903637538,4.996998102313058,5.2864834991271685,-0.2405970856673661,0.6548323471400395,0.0211200550894146,0.017736842105263,4.640545701731278,0.1680404858299594,-0.1737391304347826,0.4108589951377633,2028.0,0.0398443424490358,0.0012512603607288,16.87902514318576,1.6257012002247206e-56,0.0186646961665192,0.02357541401231,62,4,2.587237453490547,-0.1472585916859324,0.3543413988933954,65108.90264948897,73624088565219.14,537070543981340.3,198946988807028.9,73624088630328.05,10053361313324.398,1367409811693.172,PATSPINLTD,PATSPINLTD,BE,2016-08-29,2022-01-11,1309,80046.1,8975.0,0.0175706646294881,0.0690680204419781,115,0,0.5303889789303079,LOW,PARTIAL,False,True,gap_fade_050,"{""gap_threshold"":0.005}",INTRADAY_SHORT_ALLOWED_RESEARCH,2016-08-29,2026-08-27,98.90437556341448,98.97371888218571,99.07079952846544,79.46050897995977,98.90437556341448,96.0349490326607,5,ROBUST POSITIVE,LIMITED SAMPLE,475,
250,141,INE022C01012,1242,1242,5.198353844986426e+16,4555099357884212.0,519835384498.6426,45550993578.84212,0.4628785692781727,5.662534547194912,10.417054177298963,-0.2667583412101636,0.5595813204508857,0.0206681191874482,0.0066251047916613,5.533721252706228,0.2128760330578512,-0.1276281407035175,0.5032414910858996,2484.0,0.0384421693681903,0.0010908049243735,18.94758515077142,1.6045977716823324e-70,0.018528093659672,0.0228081447152245,93,18,1.4047390166320155,-0.0774809121426727,0.3002817245962177,94996.49688829156,4555099357789216.0,5.198353844986426e+16,1.539718365319415e+16,4555099357884212.0,397237493063814.6,34475832613590.37,EUROTEXIND,EUROTEX IND & EXPORTS LTD,BE,2016-08-29,2026-08-27,1931,19230.3,1195.0,0.1481097876747799,0.0529444628218493,454,0,0.7824149108589952,LOW,PARTIAL,False,True,gap_fade_050,"{""gap_threshold"":0.005}",INTRADAY_SHORT_ALLOWED_RESEARCH,2016-08-29,2026-08-27,99.35279569146846,99.41520467836257,99.4729907773386,76.95605945033863,99.35279569146846,96.02980606985184,5,ROBUST POSITIVE,LIMITED SAMPLE,281,
251,20,INE060B01014,1606,1606,3.8178767180778806e+21,1.649825985825466e+20,3.817876718077881e+16,1649825985825466.0,0.4994196070512632,7.457108797849028,10.758588345858158,-0.2957709197048206,0.7004981320049813,0.0227109416593596,0.0188802810788287,6.187420113627553,0.2122857142857144,-0.1702692307692308,0.6507293354943274,3212.0,0.0366206657134757,0.0009138048620134,24.85316351821421,1.2632950553010986e-115,0.0209185653892786,0.0245033179294407,109,6,1.3528879933271716,-0.1894987404312115,0.2877494609179635,58479.23157040411,1.6498259858254653e+20,3.8178767180778806e+21,7.942625162656759e+20,1.649825985825466e+20,7.085601916008656e+18,3.024316122051598e+17,KHANDSE,KHANDWALA SECURITIES LTD,EQ,2016-08-29,2026-08-27,2145,82142.2,4341.0,0.0741258741258741,0.0600400635040949,211,0,0.8691247974068071,LOW,PARTIAL,False,True,gap_fade_050,"{""gap_threshold"":0.005}",INTRADAY_SHORT_ALLOWED_RESEARCH,2016-08-29,2026-08-27,99.91216512955643,99.96995122853247,99.90523079767931,73.94309224972841,99.91216512955643,96.02697455100201,5,ROBUST POSITIVE,LIMITED SAMPLE,39,
252,25,INE139I01011,1587,1587,1.1947650081174698e+21,5.3532532832137126e+19,1.1947650081174696e+16,535325328321371.25,0.4432798898564206,8.082612755175877,10.677830725658758,-0.29468479535447,0.741650913673598,0.0221104452834199,0.020142121524202,6.946797407076782,0.1918775510204082,-0.1856065573770491,0.643030794165316,3174.0,0.0322221660411957,0.0008088467929459,27.335764295843635,3.9482801133797727e-135,0.0205239239535455,0.0236969666132942,119,2,0.8991878935359388,-0.0124620855893596,0.208677925538896,92500.31812743824,5.353253283213704e+19,1.1947650081174698e+21,2.5309313172975623e+20,5.3532532832137126e+19,2.383999537882065e+18,1.0552058689315942e+17,BVCL,BARAK VALLEY CEM. LTD.,EQ,2016-08-29,2026-08-27,2446,217625.275,7917.5,0.0204415372035977,0.0576147667560019,72,0,0.9910858995137763,LOW,FULL,False,True,gap_fade_100,"{""gap_threshold"":0.01}",INTRADAY_SHORT_ALLOWED_RESEARCH,2016-08-29,2026-08-27,99.87980491412985,99.99537711208191,99.87055913829369,74.04017289600814,99.87980491412985,96.02512539583476,5,ROBUST POSITIVE,LOW LIQUIDITY,53,
253,215,INE203Y01012,1128,1128,1766215412190281.2,193206848507803.03,17662154121.902813,1932068485.0780303,0.4130082563276703,5.510950791783981,6.021568968167641,-0.2517879728660261,0.7198581560283688,0.0197615398140571,0.0178101265822784,4.556629646781876,0.2094285714285713,-0.1753021077283372,0.4570502431118314,2256.0,0.0356298522535607,0.0010608634127472,18.627789003375334,1.000994974536827e-67,0.0176800503157389,0.0218430293123753,74,0,0.9216225981986136,0.0,0.2283335767067145,-37443.30645840019,193206848545246.38,1766215412190281.2,584479179474333.4,193206848507803.03,21043114906277.52,2281911085968.0264,SILLYMONKS,SILLY MONKS ENTERTAIN LTD,EQ,2020-07-08,2026-08-27,1517,170268.61,8655.0,0.011206328279499,0.0664707401876226,19,0,0.6146677471636953,LOW,PARTIAL,True,True,gap_fade_050,"{""gap_threshold"":0.005}",INTRADAY_SHORT_ALLOWED_RESEARCH,2016-08-29,2026-08-27,99.03381642512076,99.32274692000092,99.15401151099091,78.39840048078034,99.03381642512076,96.02032914961976,5,ROBUST POSITIVE,LIMITED SAMPLE,419,
254,502,INE885F01015,915,915,303815441223.89764,50063539283.22762,3038154.4122389765,500635.3928322762,0.3486644049081556,4.020099989165392,8.59838609348365,-0.1582344409924245,0.3912568306010929,0.0150026503657363,-0.002,5.279357781336142,0.1856436047995915,-0.0913592004703116,0.3707455429497568,1830.0,0.0340630688774119,0.0011260903211148,13.322777120474258,3.886646816188003e-37,0.0127926273365919,0.0172126733948807,68,22,0.9910402138938996,-0.0630221762541082,0.1983467858641064,2099812.093220779,50061439471.1344,303815441223.89764,123384028858.51364,50063539283.22762,8220187496.874121,1344823614.688413,MASKINVEST,MASK INVESTMENTS LIMITED,EQ,2016-10-14,2026-08-27,1533,14976.0,211.0,0.3522504892367906,0.0336006256830151,578,1,0.6211507293354943,LOW,PARTIAL,True,True,gap_fade_100,"{""gap_threshold"":0.01}",INTRADAY_SHORT_ALLOWED_RESEARCH,2016-08-29,2026-08-27,97.47359175276796,97.85498000600975,97.77407946744331,86.83632665326029,97.47359175276796,96.01437718142525,5,ROBUST POSITIVE,LIMITED SAMPLE,1094,
255,145,INE022C01012,1132,1132,2.5140255110110184e+16,2741941079137072.0,251402551101.10184,27419410791.37072,0.4515203746019174,5.677652684980322,10.334804013823833,-0.2667583412101636,0.5715547703180212,0.0221791226379947,0.0088698862797223,6.384348318170283,0.2128760330578512,-0.1276281407035175,0.4586709886547812,2264.0,0.0387057639734209,0.001150409423495,19.279329762974594,7.76853208526965e-72,0.0199219460775558,0.0244362991984335,96,15,1.381555541055954,-0.0774809121426727,0.2890821830941174,94996.49688829156,2741941079042075.5,2.5140255110110184e+16,8307104574070384.0,2741941079137072.0,297753323927978.3,32192724428645.02,EUROTEXIND,EUROTEX IND & EXPORTS LTD,BE,2016-08-29,2026-08-27,1931,19230.3,1195.0,0.1481097876747799,0.0529444628218493,454,0,0.7824149108589952,LOW,PARTIAL,False,True,gap_fade_100,"{""gap_threshold"":0.01}",INTRADAY_SHORT_ALLOWED_RESEARCH,2016-08-29,2026-08-27,99.30887825624669,99.41982756628066,99.4614335575434,76.95605945033863,99.30887825624669,96.00865635762662,5,ROBUST POSITIVE,LIMITED SAMPLE,300,
256,235,INE790C01014,908,908,315943383186677.0,53501039412488.05,3159433831.86677,535010394.1248805,0.4220646702742414,5.086681608867726,5.37301282662177,-0.2427371871837046,0.6629955947136564,0.0231564681447924,0.0194148473217683,5.548361942495442,0.1680404858299594,-0.1737391304347826,0.3679092382495948,1816.0,0.0397922082324069,0.0013205508111944,17.5354616789394,1.666320184247948e-59,0.0205647776605946,0.0257481586289902,62,4,2.658776382828934,-0.1126178206860472,0.3533968319679426,65108.90264948897,53501039347379.14,315943383186677.0,130069233896862.4,53501039412488.05,9028206404629.523,1518172305755.9685,PATSPINLTD,PATSPINLTD,BE,2016-08-29,2022-01-11,1309,80046.1,8975.0,0.0175706646294881,0.0690680204419781,115,0,0.5303889789303079,LOW,PARTIAL,False,True,gap_fade_100,"{""gap_threshold"":0.01}",INTRADAY_SHORT_ALLOWED_RESEARCH,2016-08-29,2026-08-27,98.85814668423365,99.03612786907982,99.08235674826064,79.2547904676051,98.85814668423365,95.99808150151401,5,ROBUST POSITIVE,LIMITED SAMPLE,495,
257,56,INE058B01018,1473,1473,2.1706907157620548e+19,1.2120871942691717e+18,217069071576205.47,12120871942691.717,0.4705076053871282,6.804970675545245,10.951065668208058,-0.2886745841750081,0.6374745417515275,0.0212879956911391,0.0154446016030174,6.044052851820909,0.2796537467700257,-0.1843308270676691,0.596839546191248,2946.0,0.0359091159417215,0.0009356282791755,22.752621062178928,1.926828140400245e-98,0.0194526888855071,0.023123302496771,108,6,1.4785035817103522,-0.2503610906544591,0.2843604299176594,323707.5379438819,1.212087194268848e+18,2.1706907157620548e+19,5.133021547438306e+18,1.2120871942691717e+18,6.729882612312395e+16,3715430306109760.0,ZENITHEXPO,ZENITH EXPORTS LTD,EQ,2016-08-31,2026-08-26,2234,80256.53,866.5,0.1096687555953446,0.0542782988327807,242,0,0.9051863857374391,LOW,PARTIAL,True,True,gap_fade_100,"{""gap_threshold"":0.01}",INTRADAY_SHORT_ALLOWED_RESEARCH,2016-08-29,2026-08-27,99.7364953886693,99.86362480641657,99.75729838430067,74.6157224418094,99.7364953886693,95.99796592931604,5,ROBUST POSITIVE,LIMITED SAMPLE,115,
258,719,INE731U01028,731,731,11318030638.277742,2679345227.039569,113180.30638277742,26793.45227039569,0.2485102142012418,4.318494843281503,5.843668886334616,-0.1114089473477795,0.6073871409028728,0.0143781790209873,0.0093636363636364,5.36017196275916,0.1125238095238095,-0.0885817091454272,0.2961912479740681,1462.0,0.0261246814999757,0.000966256249752,14.880296013274716,6.182995483461592e-44,0.0124812064175146,0.01627515162446,51,3,0.8996899924152093,-0.0450020273903384,0.160929058331985,1029753.7848135104,2678315473.2547555,11318030638.277742,5508789430.87367,2679345227.039569,632426204.8705716,148791779.03294364,DIGJAMLMTD,DIGJAM LTD,EQ,2021-10-18,2026-08-27,1073,181781.75,2152.0,0.0149114631873252,0.0447115819833319,125,1,0.4347649918962722,LOW,PARTIAL,True,True,gap_fade_050,"{""gap_threshold"":0.005}",INTRADAY_SHORT_ALLOWED_RESEARCH,2016-08-29,2026-08-27,96.34098421283775,98.3010886901047,97.08295772368999,90.42946628758986,96.34098421283775,95.9946721216744,5,ROBUST POSITIVE,LIMITED SAMPLE,1584,
259,197,INE193B01039,1381,1381,3222767765520808.5,212680081958934.44,32227677655.208084,2126800819.5893445,0.4184228495972179,5.470172366871981,5.959277325141851,-0.2523864726035204,0.7132512671976828,0.0162318245644725,0.01627438858078,3.73444688153268,0.2156165803108808,-0.1890170015455949,0.5595623987034035,2762.0,0.0335539743613307,0.0009029155428442,17.977123877324964,4.353331259434913e-65,0.0144605891349953,0.0180030599939497,110,10,1.486758788172453,-0.2287804770228068,0.2215153805344058,220012.7877237856,212680081738921.7,3222767765520808.5,828454550248631.8,212680081958934.44,13960270867962.838,911424748716.4692,AYMSYNTEX,AYM SYNTEX LIMITED,EQ,2016-08-29,2026-08-27,2468,1932440.05,23606.0,0.0,0.057766280005962,36,0,1.0,OK,FULL,False,False,gap_fade_100,"{""gap_threshold"":0.01}",INTRADAY_SHORT_ALLOWED_RESEARCH,2016-08-29,2026-08-27,99.0523079767931,99.29038670457435,99.02225920532557,78.35332732357904,99.0523079767931,95.98906687007374,5,ROBUST POSITIVE,COMPARABLE,411,12
260,58,INE058B01018,1615,1615,3.155623085511323e+19,1.3268337143347725e+18,315562308551132.25,13268337143347.729,0.4871249001840342,6.608191568474337,10.651483137870612,-0.2886745841750079,0.6241486068111455,0.0195206844965674,0.013819209039548,5.065712577297011,0.2796537467700257,-0.1843308270676691,0.6543760129659644,3230.0,0.0361593335174536,0.0008997754795373,21.695061646493954,8.594862124020368e-92,0.0177558334892315,0.0212855355039033,106,8,1.492112144447384,-0.2503610906544591,0.2935340211230673,323707.5379438819,1.326833714334449e+18,3.155623085511323e+19,6.475730897703062e+18,1.3268337143347725e+18,5.544197436824007e+16,2302189096504118.0,ZENITHEXPO,ZENITH EXPORTS LTD,EQ,2016-08-31,2026-08-26,2234,80256.53,866.5,0.1096687555953446,0.0542782988327807,242,0,0.9051863857374391,LOW,PARTIAL,True,True,gap_fade_050,"{""gap_threshold"":0.005}",INTRADAY_SHORT_ALLOWED_RESEARCH,2016-08-29,2026-08-27,99.74342972054643,99.8150844832767,99.74342972054643,74.61803388576844,99.74342972054643,95.98895129787579,5,ROBUST POSITIVE,LIMITED SAMPLE,112,
261,642,INE251C01025,758,758,39422715951.64299,8861083696.91053,394227.1595164299,88610.8369691053,0.3099397465915491,3.910754926037181,5.650353920932067,-0.1289713470658312,0.5422163588390502,0.0156607762092693,0.0031568854914489,4.645413063735042,0.1403076923076923,-0.072299727520436,0.3071312803889789,1516.0,0.032743623202251,0.0011893019506541,13.168040463277864,8.344219609625962e-36,0.0133260543441308,0.0179954980744078,53,7,0.7121388289715929,-0.0793626577524254,0.1784453607431884,-29935.820751142197,8861113632.731281,39422715951.64299,18697222455.0654,8861083696.91053,1985791402.80905,443645373.118797,ABMINTLLTD,ABM INTERNATIONAL LTD,BE,2021-09-13,2026-08-27,1183,34816.65,624.0,0.1563820794590025,0.0430660362997723,183,0,0.4793354943273906,LOW,PARTIAL,True,True,gap_fade_050,"{""gap_threshold"":0.005}",INTRADAY_SHORT_ALLOWED_RESEARCH,2016-08-29,2026-08-27,96.84719043986777,97.69549037283592,97.49439474839933,89.11541039687492,96.84719043986777,95.98652428171877,5,ROBUST POSITIVE,LIMITED SAMPLE,1365,
262,122,INE824Q01011,1508,1508,1.4194125559201565e+17,7312794712837904.0,1419412555920.1565,73127947128.37904,0.5121567038111743,5.265285738431008,5.769147919121137,-0.2669609553786427,0.6757294429708223,0.017513303720416,0.0156244094997735,3.477991387364541,0.223925925925926,-0.1888421052631579,0.6110210696920584,3016.0,0.0398068016015327,0.0010250772933734,17.084861633000937,5.863253954861427e-60,0.0155025742253751,0.0195240332154568,108,13,1.1375172427478315,-0.1533966488633504,0.2731066744375495,821224.4897959043,7312794712016680.0,1.4194125559201565e+17,3.224134591386592e+16,7312794712837904.0,374555257200420.7,19071994567051.105,MANAKSTEEL,MANAKSIA STEELS LTD,EQ,2016-08-29,2026-08-27,2468,1437257.625,40111.5,0.0,0.0616472598096911,57,0,1.0,OK,FULL,False,False,gap_fade_100,"{""gap_threshold"":0.01}",INTRADAY_SHORT_ALLOWED_RESEARCH,2016-08-29,2026-08-27,99.41289323440353,99.15170006703188,99.37822157501792,76.93872362064582,99.41289323440353,95.98259482698842,5,ROBUST POSITIVE,COMPARABLE,255,13
263,240,INE077B01018,814,814,219573629155313.88,44848950609161.62,2195736291.5531387,448489506.09161615,0.4267458566234997,4.989835402480503,5.412832648508098,-0.2424968676005303,0.7297297297297297,0.0256198004535742,0.0208257757929691,6.20844029413143,0.254830601092896,-0.1511525423728812,0.3298217179902755,1628.0,0.0418623986325183,0.0014672763127544,17.460787876742174,3.212098502040509e-58,0.0227397040535996,0.0284998968535489,59,2,1.7178905875856127,-0.0448459150798292,0.3241582203490857,19872.778986162823,44848950589288.84,219573629155313.88,99273827723983.94,44848950609161.62,9132159079522.95,1853695541193.4028,ZODJRDMKJ,ZODJRDMKJ,EQ,2016-08-29,2021-09-20,1164,31498.275,962.5,0.1048109965635738,0.0692121858638795,62,0,0.4716369529983792,LOW,PARTIAL,False,True,gap_fade_100,"{""gap_threshold"":0.01}",INTRADAY_SHORT_ALLOWED_RESEARCH,2016-08-29,2026-08-27,98.83040935672514,98.96909599426762,99.10084829993296,79.27328201927745,98.83040935672514,95.97866537225806,5,ROBUST POSITIVE,LIMITED SAMPLE,507,
264,598,INE251C01025,710,710,31832384592.115276,7873594273.825899,318323.84592115274,78735.942738259,0.3040205828736796,3.941071898767896,5.736953423448132,-0.1289713470658313,0.5492957746478874,0.0165273647233417,0.0040546922719831,5.174736649354699,0.1403076923076923,-0.072299727520436,0.2876823338735818,1420.0,0.032884366121406,0.0012341282691836,13.39193431998342,1.2694329538433417e-36,0.0141043815063451,0.0189503479403382,53,7,0.7121388289715929,-0.0729369108156746,0.1725761210758446,-29935.820751142197,7873624209.64665,31832384592.115276,15836935953.989029,7873594273.825899,1942079278.4176152,477647148.9959881,ABMINTLLTD,ABM INTERNATIONAL LTD,BE,2021-09-13,2026-08-27,1183,34816.65,624.0,0.1563820794590025,0.0430660362997723,183,0,0.4793354943273906,LOW,PARTIAL,True,True,gap_fade_100,"{""gap_threshold"":0.01}",INTRADAY_SHORT_ALLOWED_RESEARCH,2016-08-29,2026-08-27,96.79865011672793,97.74403069597578,97.50826341215357,89.11309895291588,96.79865011672793,95.97681621709083,5,ROBUST POSITIVE,LIMITED SAMPLE,1386,
265,134,INE526E01018,1645,1645,1.7577035004237664e+17,6895245715165898.0,1757703500423.7664,68952457151.65898,0.3591053950602649,7.307877393717617,11.789251692339269,-0.2765128800577667,0.7033434650455928,0.0156239879238544,0.0144517792676638,4.993671103591721,0.1027177671318475,-0.1122153846153846,0.6665316045380876,3290.0,0.0262003518299564,0.0006459875858733,24.18620460443108,8.182555612559534e-111,0.0143569426941734,0.0168910331535354,107,14,0.8470784263840401,-0.1149897776310073,0.1982366018520959,472518.2731881682,6895245714693380.0,1.7577035004237664e+17,3.484127102906809e+16,6895245715165898.0,268768236898843.44,10409244570413.184,SHRIPISTON,SPR AUTO TECHNOLOGIES LTD,EQ,2016-08-29,2026-08-27,2452,682066.1499999999,622.0,0.1798531810766721,0.0435933042538815,45,1,0.993517017828201,LOW,FULL,False,True,gap_fade_050,"{""gap_threshold"":0.005}",INTRADAY_SHORT_ALLOWED_RESEARCH,2016-08-29,2026-08-27,99.39902457064929,99.95839400873726,99.31350114416476,75.95173705013522,99.39902457064929,95.97670064489287,5,ROBUST POSITIVE,LOW LIQUIDITY,261,
266,378,INE611L01021,1149,1149,5853096377394.696,607177938084.2477,58530963.77394696,6071779.380842477,0.3672440639137126,4.537635268006508,4.358843009017066,-0.2025291474784579,0.7275892080069626,0.0142039441240418,0.0153202614379085,3.252462086442919,0.180846715328467,-0.1694825174825174,0.4655591572123176,2298.0,0.0322828649577447,0.0009523839219534,14.914094827333596,4.12615224221712e-46,0.0123353358536043,0.0160725523944792,106,14,0.7992921795067212,-0.0887167940239456,0.1385294979054455,-79191.43054595726,607178017275.6782,5853096377394.696,1886225794398.584,607177938084.2477,62704572898.01928,6446482056.518297,INDTERRAIN,IND TERRAIN FASHIONS LTD,EQ,2016-08-29,2026-08-27,2468,3720921.85,61049.0,0.0,0.0554199934792507,0,0,1.0,OK,FULL,False,False,gap_fade_100,"{""gap_threshold"":0.01}",INTRADAY_SHORT_ALLOWED_RESEARCH,2016-08-29,2026-08-27,98.13466472505374,98.52992164204979,98.2386797032106,83.0340013406375,98.13466472505374,95.9694195964219,5,ROBUST POSITIVE,COMPARABLE,808,14
267,688,INE731U01028,651,651,7919978850.991131,2199081923.4497232,79199.7885099113,21990.819234497238,0.2416190500055803,4.350849805605357,6.058732157466666,-0.1114089473477795,0.6098310291858678,0.0158149888423939,0.0100109190172884,6.51841060532004,0.1125238095238095,-0.0885817091454272,0.2637763371150729,1302.0,0.0263597709616706,0.0010331208778806,15.30797526310413,2.1300870796506528e-45,0.0137863316911202,0.0178436459936676,49,5,0.8895145229880204,-0.0450020273903384,0.1572014639700281,1029753.7848135104,2198052169.66491,7919978850.991131,4174667822.125824,2199081923.4497232,609008520.7088835,168177368.91749838,DIGJAMLMTD,DIGJAM LTD,EQ,2021-10-18,2026-08-27,1073,181781.75,2152.0,0.0149114631873252,0.0447115819833319,125,1,0.4347649918962722,LOW,PARTIAL,True,True,gap_fade_100,"{""gap_threshold"":0.01}",INTRADAY_SHORT_ALLOWED_RESEARCH,2016-08-29,2026-08-27,96.24390356655803,98.33807179344937,97.1222522709937,90.42946628758986,96.24390356655803,95.9662413609782,5,ROBUST POSITIVE,LIMITED SAMPLE,1626,
268,482,INE088B01015,1008,1008,1004255799948.7983,137706405558.9485,10042557.999487985,1377064.0555894847,0.3344029516015849,4.490915468072068,6.349083685439706,-0.1862192481707087,0.5376984126984127,0.0145911346426128,0.0055049281892424,4.078296825511852,0.1426153846153846,-0.0884197530864199,0.4084278768233387,2016.0,0.0310008573392063,0.0009764352255872,14.943269415374676,9.408370411237349e-46,0.0126750537796528,0.0165072155055729,67,6,0.8276355183861843,-0.0930530612379585,0.1938517346184178,20442.286668709217,137706385116.6618,1004255799948.7983,372059251163.1818,137706405558.9485,18808599076.596783,2558783592.398556,NATNLSTEEL,NATNLSTEEL,BE,2016-08-29,2023-05-19,1431,93678.95,14225.0,0.0097833682739343,0.0482041728087109,251,0,0.5798217179902755,LOW,PARTIAL,False,True,gap_fade_050,"{""gap_threshold"":0.005}",INTRADAY_SHORT_ALLOWED_RESEARCH,2016-08-29,2026-08-27,97.77639091140236,98.48138131890992,97.99597808751128,84.44629359961168,97.77639091140236,95.96179183135706,5,ROBUST POSITIVE,LIMITED SAMPLE,963,
269,178,INE925C01016,1423,1423,7366322984431029.0,447586977277106.7,73663229844.31029,4475869772.771067,0.4364561503536414,5.437642553323585,5.787698925891157,-0.2581580405375349,0.7146872803935348,0.0163339411995966,0.0172878338278933,3.581532711847686,0.2113784928027098,-0.180147268408551,0.576580226904376,2846.0,0.0346178951568162,0.0009176946677541,17.798884284214353,3.871351680914378e-64,0.0145337604633637,0.0181341219358295,109,11,1.89966628695243,-0.2276018457084299,0.2300638015597587,-31669.90291262159,447586977308776.56,7366322984431029.0,1817036803066200.8,447586977277106.7,27045959423564.254,1625234639089.8755,MADHAV,MADHAV MARBLE & GRANITE,EQ,2016-08-29,2026-08-27,2468,438215.575,9337.5,0.0012155591572123,0.0575349126313573,10,0,1.0,LOW,FULL,False,False,gap_fade_100,"{""gap_threshold"":0.01}",INTRADAY_SHORT_ALLOWED_RESEARCH,2016-08-29,2026-08-27,99.14014284723666,99.26958370894297,99.09622541201489,77.81938376904051,99.14014284723666,95.95913367080414,5,ROBUST POSITIVE,LOW LIQUIDITY,373,
270,404,INE696V01013,810,810,1598177662924.2185,326024821613.8123,15981776.629242182,3260248.216138123,0.3439060035582268,4.634981222058059,3.847906751119811,-0.2039782992818348,0.725925925925926,0.0192729117176997,0.0175315480277714,4.883970211239547,0.1526860782529572,-0.1777508342602893,0.3282009724473257,1620.0,0.0343708115019495,0.0012076672152719,15.958793510313324,4.744306112883703e-50,0.0169023809533885,0.021643442482011,60,0,0.8087155486398061,0.0,0.1955387557450761,-63782.66850068791,326024885396.48083,1598177662924.2185,722116787345.2549,326024821613.8123,66300484862.721,13440522883.374218,JAIPURKURT,NANDANI CREATION LIMITED,EQ,2021-09-02,2026-08-27,1231,1006145.45,17545.0,0.0,0.0575748643266452,31,0,0.4987844408427876,OK,PARTIAL,True,True,gap_fade_100,"{""gap_threshold"":0.01}",INTRADAY_SHORT_ALLOWED_RESEARCH,2016-08-29,2026-08-27,98.0144696391836,98.65705105979706,98.38661211658923,82.90687192289022,98.0144696391836,95.95127476134341,5,ROBUST POSITIVE,LIMITED SAMPLE,860,
271,661,INE318J01027,320,320,12252361732.62973,6601762853.75836,122523.6173262973,66017.6285375836,0.367879202824749,3.256287728851205,6.488025501664633,-0.1109441517681887,0.440625,0.0366625480848342,-0.002,18.65599478830472,0.3313333333333335,-0.102,0.1296596434359805,640.0,0.0545868521775215,0.0030514978036667,12.014607397317974,1.1015211301542003e-27,0.0306589446833307,0.0426661514863378,31,1,1.052432712989169,-0.0295836182557763,0.2414048946384719,-32692.307692307848,6601795546.066052,12252361732.62973,8995082032.702932,6601762853.75836,3552844218.056117,1909696070.4806888,NUTEK,NUTEK,BZ,2016-08-29,2019-11-25,650,64792.675,96089.5,0.0,0.1012218325081812,119,3,0.2633711507293355,LOW,PARTIAL,False,True,gap_fade_050,"{""gap_threshold"":0.005}",INTRADAY_SHORT_ALLOWED_RESEARCH,2016-08-29,2026-08-27,96.72583963201812,96.3652543744077,97.90005316321106,90.46876083489356,96.72583963201812,95.95000346716594,5,ROBUST POSITIVE,LIMITED SAMPLE,1417,
272,608,INE318J01027,320,320,12252361732.62973,6601762853.75836,122523.6173262973,66017.6285375836,0.367879202824749,3.256287728851205,6.488025501664633,-0.1109441517681887,0.440625,0.0366625480848342,-0.002,18.65599478830472,0.3313333333333335,-0.102,0.1296596434359805,640.0,0.0545868521775215,0.0030514978036667,12.014607397317974,1.1015211301542003e-27,0.0306589446833307,0.0426661514863378,31,1,1.052432712989169,-0.0295836182557763,0.2414048946384719,-32692.307692307848,6601795546.066052,12252361732.62973,8995082032.702932,6601762853.75836,3552844218.056117,1909696070.4806888,NUTEK,NUTEK,BZ,2016-08-29,2019-11-25,650,64792.675,96089.5,0.0,0.1012218325081812,119,3,0.2633711507293355,LOW,PARTIAL,False,True,gap_fade_100,"{""gap_threshold"":0.01}",INTRADAY_SHORT_ALLOWED_RESEARCH,2016-08-29,2026-08-27,96.72583963201812,96.3652543744077,97.90005316321106,90.46876083489356,96.72583963201812,95.95000346716594,5,ROBUST POSITIVE,LIMITED SAMPLE,1417,
273,605,INE416A01036,941,941,99544689559.53935,15539570635.443056,995446.8955953936,155395.70635443056,0.3172024419241451,4.008634967980361,7.319203711414196,-0.1414329896907217,0.4314558979808714,0.0132339053351917,-0.002,4.972737780028422,0.2896666666666667,-0.1414329896907217,0.3812803889789303,1882.0,0.0306497946761599,0.000999154751008,13.245100743242828,7.694816992762294e-37,0.0112730732538906,0.0151947374164928,67,11,0.8441134488573379,-0.0755510588607862,0.1740834193977094,-91778.74382131698,15539662414.186878,99544689559.53935,39348503805.489685,15539570635.443056,2416855661.3097587,374435352.42257935,SABTN,SABTN,BE,2016-08-29,2024-01-23,1464,38750.275,14827.0,0.0191256830601092,0.040688601083191,383,0,0.593192868719611,LOW,PARTIAL,False,True,gap_fade_050,"{""gap_threshold"":0.005}",INTRADAY_SHORT_ALLOWED_RESEARCH,2016-08-29,2026-08-27,97.07602339181285,97.83417701037838,97.41118276587383,88.09375216697872,97.07602339181285,95.94734530661304,5,ROBUST POSITIVE,LIMITED SAMPLE,1266,
274,372,INE395H01011,978,978,4825845794753.913,704730558138.1592,48258457.94753913,7047305.581381592,0.3661370515933714,4.590751663940672,3.8109577304672864,-0.2084899535511709,0.7719836400817995,0.0168319037887446,0.0165185185185186,4.054896678789362,0.2067227414330217,-0.1795599128540304,0.3962722852512155,1956.0,0.03423514449924,0.0010947192069238,15.375544415669758,6.116417713417074e-48,0.014683632222604,0.0189801753548853,79,8,1.241877727620995,-0.1388032301101761,0.2268162115981226,41080.19639934521,704730517057.9628,4825845794753.913,1845032345510.0037,704730558138.1592,102523541833.56134,14858212896.001629,STEELCITY,STEEL CITY SECURITIES LTD,EQ,2019-06-27,2026-08-27,1770,969640.575,15169.0,0.0011299435028248,0.0486616866539192,0,0,0.7171799027552674,LOW,PARTIAL,True,True,gap_fade_100,"{""gap_threshold"":0.01}",INTRADAY_SHORT_ALLOWED_RESEARCH,2016-08-29,2026-08-27,98.16702494048032,98.57383907727157,98.39354644846637,82.48850056630377,98.16702494048032,95.9419134133093,5,ROBUST POSITIVE,LIMITED SAMPLE,794,
275,481,INE902B01017,1063,1063,1151275955898.6829,141444270275.4137,11512759.558986828,1414442.7027541369,0.3372419619795048,4.463053704473614,7.926166262518647,-0.1863039002042398,0.4590780809031044,0.0138670815664132,-0.002,4.648397492222088,0.1280383468257349,-0.0939282511210761,0.4307131280388979,2126.0,0.0306402687494285,0.0009397794366226,14.75567673224298,5.803389889282814e-45,0.012023046105619,0.0157111170272074,62,11,1.3927534352163136,-0.0892995188870355,0.2463863635535896,5665365.909095694,141438604909.5046,1151275955898.6829,403745012138.4841,141444270275.4137,17305658335.90601,2108466153.7756047,S&SPOWER,S&S POWER SWITCHGEARS LTD,EQ,2020-03-30,2026-08-27,1396,180427.325,1846.5,0.0573065902578796,0.0413425306547297,322,1,0.5656401944894651,LOW,PARTIAL,True,True,gap_fade_050,"{""gap_threshold"":0.005}",INTRADAY_SHORT_ALLOWED_RESEARCH,2016-08-29,2026-08-27,97.78794813119755,98.43977532764718,97.91970043686291,84.43473637981647,97.78794813119755,95.94168226891338,5,ROBUST POSITIVE,LIMITED SAMPLE,958,
276,390,INE00Y801016,1011,1011,7179099041856.998,982044395456.2264,71790990.41856998,9820443.954562264,0.3741389945994816,4.593906379914525,3.6386252910980903,-0.2115965156814425,0.7270029673590505,0.0166497828694162,0.0161634712411704,3.93772632835704,0.2085263157894736,-0.1852822085889569,0.409643435980551,2022.0,0.0345394532473267,0.0010862752403277,15.327407135224076,7.837121337532207e-48,0.0145181680875338,0.0187813976512987,64,3,1.5461971459945931,-0.1164574417292942,0.2268935606520467,-80584.32667525778,982044476040.553,7179099041856.998,2656521257195.014,982044395456.2264,133809412213.17046,18160519596.470547,AKG,AKG EXIM LIMITED,EQ,2021-02-16,2026-08-27,1365,777584.9,34287.0,0.0014652014652014,0.0589731254098287,33,1,0.5530794165316045,LOW,PARTIAL,True,True,gap_fade_050,"{""gap_threshold"":0.005}",INTRADAY_SHORT_ALLOWED_RESEARCH,2016-08-29,2026-08-27,98.21556526362019,98.58077340914869,98.43977532764718,82.19957007142362,98.21556526362019,95.93104962670179,5,ROBUST POSITIVE,LIMITED SAMPLE,773,
277,65,INE520H01022,1518,1518,1.1646252837146558e+19,5.93452439226226e+17,116462528371465.6,5934524392262.26,0.4863994386274261,6.448241085152705,8.547408556308046,-0.2914689026542054,0.7055335968379447,0.0202351847744394,0.0175895692853096,4.540985091173779,0.1721935483870967,-0.1363283582089551,0.6150729335494327,3036.0,0.0370005019773526,0.0009496678382542,21.30764458827706,2.4230745768185055e-88,0.0183723837665394,0.0220979857823394,107,5,1.5895091609215777,-0.0861293032672898,0.2561242286737566,-69652.71278225581,5.934524392262957e+17,1.1646252837146558e+19,2.630894189496771e+18,5.93452439226226e+17,3.0063677339922828e+16,1514065696456159.2,BEARDSELL,BEARDSELL LIMITED,EQ,2017-05-05,2026-08-27,2297,434197.5,18508.0,0.0095777100565955,0.0656345007084783,63,0,0.930713128038898,LOW,PARTIAL,True,True,gap_fade_100,"{""gap_threshold"":0.01}",INTRADAY_SHORT_ALLOWED_RESEARCH,2016-08-29,2026-08-27,99.68795506552944,99.76423271617779,99.71569239303794,74.35684071839678,99.68795506552944,95.90909090909092,5,ROBUST POSITIVE,LIMITED SAMPLE,136,
278,83,INE227G01018,1879,1879,8.837841609333257e+18,2.1846596442347546e+17,88378416093332.58,2184659644234.7544,0.4999285630732171,6.0807621043545526,9.556359934683387,-0.2866823747309224,0.5965939329430548,0.015844691874036,0.0103881624225741,3.674775183468381,0.2246666666666666,-0.1718113207547169,0.7613452188006483,3758.0,0.0352545927645155,0.0008133028840203,19.48190789108194,3.860965266757239e-77,0.0142496195054009,0.0174397642426711,112,9,1.6635145305235657,-0.1075923717475251,0.2536877544791039,136424.33634281135,2.1846596442333904e+17,8.837841609333257e+18,1.3907883072286449e+18,2.1846596442347546e+17,5361012817597110.0,130593875160397.77,INDOWIND,INDOWIND ENERGY LTD,EQ,2016-08-29,2026-08-27,2466,892110.95,95118.0,0.0,0.0579839409523161,144,0,0.9991896272285252,LOW,FULL,False,True,gap_fade_050,"{""gap_threshold"":0.005}",INTRADAY_SHORT_ALLOWED_RESEARCH,2016-08-29,2026-08-27,99.63941474238958,99.61167741488107,99.57238286757737,74.83530961791831,99.63941474238958,95.89984513325474,5,ROBUST POSITIVE,LOW LIQUIDITY,157,
279,218,INE606A01024,1814,1814,6352952204298522.0,176348697913667.72,63529522042.98522,1763486979.1366773,0.4732448317265723,4.84858807240569,5.46219349194143,-0.2479913764802149,0.6918412348401323,0.0123882083359731,0.0130263723559906,2.768233299568905,0.2144502164502164,-0.1850663615560641,0.7350081037277147,3628.0,0.0341852829511933,0.0008026395163419,15.43433644088864,1.371355904622244e-50,0.0108140128653868,0.0139624038065595,107,14,0.7657413632980246,-0.1512698345940165,0.1786517954709685,112000.00000000064,176348697801667.72,6352952204298522.0,1059397227156445.8,176348697913667.72,4860528934071.106,133013843609.14136,AMJLAND,AMJ LAND HOLDINGS LIMITED,EQ,2016-08-29,2026-08-27,2468,743734.4099999999,24757.5,0.0,0.0598726021326158,0,0,1.0,LOW,FULL,False,False,gap_fade_050,"{""gap_threshold"":0.005}",INTRADAY_SHORT_ALLOWED_RESEARCH,2016-08-29,2026-08-27,99.01532487344844,98.86508101611076,98.77493470170816,78.76014146037029,99.01532487344844,95.89892055567114,5,ROBUST POSITIVE,LOW LIQUIDITY,427,
280,31,INE130B01031,1637,1637,7.929301091029482e+20,3.208735136828288e+19,7929301091029483.0,320873513682828.8,0.5545676450609194,6.459077746235345,8.722845630124622,-0.299560961664,0.7018937080024434,0.0214299409982642,0.0188333333333334,4.6971405826357415,0.248,-0.1799661016949152,0.663290113452188,3274.0,0.0410560392153034,0.0010147351626131,21.118752742418653,9.678315209838414e-88,0.0194396241448481,0.0234202578516804,113,7,3.254713605914076,-0.2148995520736024,0.4638117937494548,211960.78431372548,3.208735136828267e+19,7.929301091029482e+20,1.5963424322812094e+20,3.208735136828288e+19,1.2903101133310405e+18,5.155903670138616e+16,SURANAT&P,SURANA TELECOM AND POW LT,EQ,2016-08-29,2026-08-27,2468,609416.125,62496.0,0.0008103727714748,0.0630505304718592,43,0,1.0,LOW,FULL,False,False,gap_fade_100,"{""gap_threshold"":0.01}",INTRADAY_SHORT_ALLOWED_RESEARCH,2016-08-29,2026-08-27,99.8543790305804,99.77810137993204,99.85206758662136,73.55245822065044,99.8543790305804,95.89337309016943,5,ROBUST POSITIVE,LOW LIQUIDITY,64,
281,84,INE973A01010,1542,1542,4.04966932535806e+18,1.9636698117032675e+17,40496693253580.59,1963669811703.268,0.4236177931689537,7.069225626751759,9.191841573034738,-0.2919526150312876,0.7075226977950714,0.0190198145220688,0.017315743269606,5.450271295712081,0.2038165548098434,-0.1782054979720595,0.6247974068071313,3084.0,0.0316892107691397,0.0008069920126071,23.568776673044063,3.8705790736319444e-105,0.0174368959690673,0.0206027330750704,110,4,0.7027018309624373,-0.1868618958118078,0.1844367035078307,-16905.365724298797,1.9636698117034365e+17,4.04966932535806e+18,8.924148328407493e+17,1.9636698117032675e+17,9465207498851368.0,453517837426051.7,GOLDENTOBC,GOLDEN TOBACCO LIMITED,BZ,2016-08-29,2026-08-27,2285,121169.4,2975.0,0.0253829321663019,0.0540566074629996,135,0,0.9258508914100486,LOW,PARTIAL,False,True,gap_fade_050,"{""gap_threshold"":0.005}",INTRADAY_SHORT_ALLOWED_RESEARCH,2016-08-29,2026-08-27,99.6301689665534,99.92141090539259,99.64403763030766,74.30021034140027,99.6301689665534,95.89169729329912,5,ROBUST POSITIVE,LIMITED SAMPLE,161,
282,175,INE193B01039,1759,1759,2.6787482261491816e+16,832681880247923.1,267874822614.91812,8326818802.479231,0.4516197132076893,5.411866900276007,6.572619000828548,-0.2632362453382737,0.6930073905628198,0.0136081401289392,0.0130202195262854,3.081889521898605,0.2156165803108808,-0.1890170015455949,0.7127228525121556,3518.0,0.032902199598516,0.0007844983110317,17.346296273145285,2.414694088377072e-62,0.0120694923629249,0.0151467878949534,111,9,1.5004359615074017,-0.2399728327604656,0.2240285303046278,220012.7877237856,832681880027910.4,2.6787482261491816e+16,4726914423252723.0,832681880247923.1,25706476424618.258,788152598387.4102,AYMSYNTEX,AYM SYNTEX LIMITED,EQ,2016-08-29,2026-08-27,2468,1932440.05,23606.0,0.0,0.057766280005962,36,0,1.0,OK,FULL,False,False,gap_fade_050,"{""gap_threshold"":0.005}",INTRADAY_SHORT_ALLOWED_RESEARCH,2016-08-29,2026-08-27,99.2094861660079,99.24415782539351,98.99914476573515,77.31780042992857,99.2094861660079,95.89059935741857,5,ROBUST POSITIVE,COMPARABLE,343,15
283,73,INE927A01040,1717,1717,1.149702240203628e+19,3.933775651070619e+17,114970224020362.8,3933775651070.618,0.4740418396442698,6.513685793964205,11.472579455155586,-0.291714153771017,0.5218404193360513,0.0176123699616729,0.006,4.936672652783283,0.2029180327868851,-0.172940170940171,0.6957050243111832,3434.0,0.0344607624513615,0.000831648358195,21.177664559932232,1.2752529173282683e-88,0.015981218628253,0.0192435212950929,111,7,2.561278500740117,-0.1782057234839551,0.3185629923848468,-70191.10251450681,3.933775651071321e+17,1.149702240203628e+19,2.128423493177172e+18,3.933775651070619e+17,1.3370375761891058e+16,451415034763606.56,ROLLT,ROLLATAINERS LIMITED,BE,2016-11-22,2026-08-27,2400,214518.08,98741.0,0.0016666666666666,0.0542806051073762,325,0,0.9724473257698542,LOW,FULL,True,True,gap_fade_050,"{""gap_threshold"":0.005}",INTRADAY_SHORT_ALLOWED_RESEARCH,2016-08-29,2026-08-27,99.67408640177518,99.79659293160438,99.6417261863486,74.31523472713404,99.67408640177518,95.88828791345954,5,ROBUST POSITIVE,LOW LIQUIDITY,142,
284,59,INE805A01014,1702,1702,2.8728787739710464e+19,1.0145405469287612e+18,287287877397104.6,10145405469287.611,0.4973869581126389,6.428131856089939,9.45782958471982,-0.294007552791212,0.6216216216216216,0.0183977294900744,0.0127692363623143,4.415431826409731,0.1970389946405468,-0.1786141732283466,0.6896272285251216,3404.0,0.0363138787024125,0.0008802233006444,20.90120708757097,1.5737389963113633e-86,0.0166712950746277,0.0201241639055211,112,8,1.0611741884925985,-0.1296170057645884,0.2349576197323754,553915.1101600729,1.0145405469282074e+18,2.8728787739710464e+19,5.403191558394744e+18,1.0145405469287612e+18,3.559260688896565e+16,1240443968484200.0,GOLDTECH,AION-TECH SOLUTIONS LTD,BE,2016-08-29,2026-08-27,2454,816831.675,25010.5,0.0032599837000814,0.0598554441354952,177,0,0.994327390599676,LOW,FULL,False,True,gap_fade_100,"{""gap_threshold"":0.01}",INTRADAY_SHORT_ALLOWED_RESEARCH,2016-08-29,2026-08-27,99.7249381688741,99.7526754963826,99.70413517324272,74.12569632249266,99.7249381688741,95.88643875829231,5,ROBUST POSITIVE,LOW LIQUIDITY,120,
285,119,INE378D01032,1830,1830,7.24021787128987e+17,1.9648765641513496e+16,7240217871289.87,196487656415.13492,0.4719882475923901,5.887827535907565,8.678468078448933,-0.2797092368555236,0.580327868852459,0.0148723565989515,0.0105791139240505,3.409444160175474,0.1525454545454544,-0.1648140703517588,0.7414910858995137,3660.0,0.0336923884627025,0.0007876009919877,18.88311054740557,8.422333432152788e-73,0.0133276648120498,0.0164170483858533,106,14,1.2789862767242597,-0.2124241083842305,0.2190023866087295,-87343.19687755285,1.964876564160084e+16,7.24021787128987e+17,1.193795116770312e+17,1.9648765641513496e+16,529446446434850.1,14164447657392.668,MADHUCON,MADHUCON PROJECTS LTD.,BE,2016-08-29,2026-08-27,2438,268911.125,40118.5,0.0,0.0554650876624186,191,0,0.9878444084278768,LOW,FULL,False,True,gap_fade_050,"{""gap_threshold"":0.005}",INTRADAY_SHORT_ALLOWED_RESEARCH,2016-08-29,2026-08-27,99.47992510921573,99.52615398839654,99.3389270277142,75.59577468044287,99.47992510921573,95.87834870443567,5,ROBUST POSITIVE,LOW LIQUIDITY,226,
286,95,INE546Y01022,1507,1507,8.16110433586413e+17,4.230224496292121e+16,8161104335864.13,423022449629.2121,0.4524119626004513,6.294348854378417,10.179162386941076,-0.286084354517348,0.5965494359654944,0.0185061573958065,0.0111578947368421,5.155508820755254,0.2207116984826236,-0.2189014084507041,0.6106158833063209,3014.0,0.0345983607783485,0.0008912486742964,20.76430285903719,2.0203989281447007e-84,0.016757937076353,0.02025437771526,96,6,1.0427864086678755,-0.0456424569175851,0.249448482165483,-95291.52714085102,4.23022449630165e+16,8.16110433586413e+17,1.8593968461470096e+17,4.230224496292121e+16,2179945215541858.8,111682573204300.14,PRAXIS,PRAXIS HOME RETAIL LTD,EQ,2018-01-31,2026-08-27,2063,916884.7,25759.0,0.0053320407174018,0.0553250189555583,241,2,0.8358995137763371,LOW,PARTIAL,True,True,gap_fade_100,"{""gap_threshold"":0.01}",INTRADAY_SHORT_ALLOWED_RESEARCH,2016-08-29,2026-08-27,99.53771120819177,99.69488939740656,99.56313709174121,74.8954071608534,99.53771120819177,95.87788641564386,5,ROBUST POSITIVE,LIMITED SAMPLE,201,
287,107,INE363A01022,1762,1762,1.1779929326940764e+18,3.668108576020782e+16,11779929326940.766,366810857602.0783,0.4265171366891399,6.618077447313658,8.62202599628463,-0.2867397410756255,0.717366628830874,0.0156894254766749,0.0134862156907669,4.306211709542677,0.2355841750841751,-0.1853218470020674,0.7139384116693679,3524.0,0.0306732587699188,0.0007307300485406,21.470891347644734,5.043121347161444e-91,0.0142562358555737,0.017122615097776,116,5,0.9917388680576188,-0.1083606417683139,0.1961940173138353,210183.64795926312,3.668108575999764e+16,1.1779929326940764e+18,2.080480269461001e+17,3.668108576020782e+16,1134400649971750.2,34842054253116.35,ASIANHOTNR,ASIAN HOTELS (NORTH) LTD,EQ,2016-08-29,2026-08-27,2466,591236.65,4393.0,0.0121654501216545,0.0520300482294346,36,0,0.9991896272285252,LOW,FULL,False,True,gap_fade_050,"{""gap_threshold"":0.005}",INTRADAY_SHORT_ALLOWED_RESEARCH,2016-08-29,2026-08-27,99.52615398839654,99.82201881515383,99.47530222129764,74.82144095416406,99.52615398839654,95.86944964519334,5,ROBUST POSITIVE,LOW LIQUIDITY,206,
288,99,INE546Y01022,1676,1676,1.3663315103807557e+18,5.05375222604422e+16,13663315103807.56,505375222604.422,0.4687877813562408,6.129850680516643,9.968622129151264,-0.2860843545173479,0.5906921241050119,0.0167917816896641,0.0097704785545229,4.307546091160273,0.2207116984826236,-0.2189014084507041,0.6790923824959482,3352.0,0.0345525621380693,0.0008440015603265,19.895439154363302,3.0888035988382907e-79,0.0151363728353381,0.0184471905439901,95,7,0.8933278417391355,-0.0456424569175851,0.2455027324448663,-95291.52714085102,5.053752226053749e+16,1.3663315103807557e+18,2.629889767515101e+17,5.05375222604422e+16,1857145757631528.0,67801769843388.02,PRAXIS,PRAXIS HOME RETAIL LTD,EQ,2018-01-31,2026-08-27,2063,916884.7,25759.0,0.0053320407174018,0.0553250189555583,241,2,0.8358995137763371,LOW,PARTIAL,True,True,gap_fade_050,"{""gap_threshold"":0.005}",INTRADAY_SHORT_ALLOWED_RESEARCH,2016-08-29,2026-08-27,99.56082564778217,99.6301689665534,99.52384254443751,74.89771860481243,99.56082564778217,95.86783163442203,5,ROBUST POSITIVE,LIMITED SAMPLE,191,
289,391,INE302H01017,880,880,5448422478197.051,968148137111.9462,54484224.78197051,9681481.371119462,0.4038384672169052,4.273931765763376,5.44552976096183,-0.2124631201524576,0.6113636363636363,0.0192086662855519,0.0115135135135134,4.280329139809324,0.2096279069767441,-0.1697852348993287,0.3565640194489465,1760.0,0.0397322406390153,0.001339373558709,14.34153015837224,4.5386726781737156e-42,0.0165799227097663,0.0218374098613374,59,6,1.7012479923968962,-0.0942711860994948,0.2720042914760175,148880.3198730734,968147988231.6263,5448422478197.051,2297686169045.866,968148137111.9462,171448823814.17917,30258139295.25713,GTNTEX,GTNTEX,BE,2016-08-29,2022-01-11,1234,28049.550000000003,2907.5,0.0777957860615883,0.053504310570389,219,0,0.5,LOW,PARTIAL,False,True,gap_fade_050,"{""gap_threshold"":0.005}",INTRADAY_SHORT_ALLOWED_RESEARCH,2016-08-29,2026-08-27,98.2109423757021,98.23405681529252,98.52067586621362,82.14640686036567,98.2109423757021,95.86783163442203,5,ROBUST POSITIVE,LIMITED SAMPLE,775,
290,8,INE360C01024,2467,2467,932047883321440.4,6979833820967.735,9320478833.214403,69798338.20967735,0.3604541975594949,5.31111638424001,8.766963599612904,-0.2221216679289068,0.6238346169436563,0.0075999611246938,0.0062101806239738,2.827669079724965,0.1953684210526316,-0.1690625494853523,0.9995948136142626,4934.0,0.0227105681249906,0.0004572391659385,16.621413235879523,6.918738440244781e-59,0.0067033487546062,0.0084965734947813,109,12,1.4964469240830949,-0.1428689492993099,0.192237773663627,-76671.9492868463,6979833897639.685,932047883321440.4,80754929509282.95,6979833820967.735,51763499410.615845,380053945.94961154,DPSCLTD,DPSC LIMITED,BE,2016-08-29,2026-08-27,2468,901428.575,61312.5,0.0,0.0555915148390342,4,0,1.0,LOW,FULL,False,False,close_to_open,{},LONG_ONLY,2016-08-29,2026-08-27,98.57615052123062,99.18868317037654,97.41811709775097,81.23569794050344,98.57615052123062,95.8659824792548,5,ROBUST POSITIVE,LOW LIQUIDITY,617,
291,169,INE263L01013,852,852,3300341684327845.0,628204115721025.6,33003416843.27845,6282041157.210257,0.4000574686750076,5.977699657447183,6.90007687125555,-0.2740155668711272,0.7464788732394366,0.0274891615202967,0.0251411033120713,8.561395483827775,0.2101212121212121,-0.1464991789819376,0.3452188006482982,1704.0,0.0366845721169334,0.0012567927319688,21.87247015443314,1.6854958405831471e-84,0.0250223846558525,0.029955938384741,57,0,1.55122865241926,0.0,0.3409094733659252,-50216.59251351454,628204115771242.2,3300341684327845.0,1440473974071860.2,628204115721025.6,119188760144025.05,22540158285310.887,SANGHVIFOR,SANGHVIFOR,EQ,2016-08-29,2021-04-30,1121,80200.2,2964.0,0.055307760927743,0.0641102967570303,64,0,0.4542139384116693,LOW,PARTIAL,False,True,gap_fade_100,"{""gap_threshold"":0.01}",INTRADAY_SHORT_ALLOWED_RESEARCH,2016-08-29,2026-08-27,99.18406028245845,99.5677599796593,99.40827034648545,76.21755310542497,99.18406028245845,95.86066615814902,5,ROBUST POSITIVE,LIMITED SAMPLE,354,
292,176,INE263L01013,937,937,5148899678123940.0,827362627429215.0,51488996781.2394,8273626274.29215,0.4126929866331559,5.875496162517555,7.119958970871132,-0.2740155668711271,0.7267876200640342,0.025344087489015,0.0216111111111112,7.037982862309025,0.2101212121212121,-0.1464991789819376,0.3796596434359806,1874.0,0.0371813937179141,0.0012146631871749,20.86511533123806,1.0853946217301432e-79,0.0229603089348695,0.0277278660431605,57,0,1.5817010966421807,0.0,0.3448042477449323,-50216.59251351454,827362627479431.6,5148899678123940.0,2064900280815300.0,827362627429215.0,132471660225030.5,21134382428944.62,SANGHVIFOR,SANGHVIFOR,EQ,2016-08-29,2021-04-30,1121,80200.2,2964.0,0.055307760927743,0.0641102967570303,64,0,0.4542139384116693,LOW,PARTIAL,False,True,gap_fade_050,"{""gap_threshold"":0.005}",INTRADAY_SHORT_ALLOWED_RESEARCH,2016-08-29,2026-08-27,99.20717472204886,99.50997388068326,99.39902457064929,76.219864549384,99.20717472204886,95.8580079975961,5,ROBUST POSITIVE,LIMITED SAMPLE,344,
293,134,INE748T01016,1540,1540,1.1446727619891709e+17,5531740314535606.0,1144672761989.171,55317403145.35606,0.4619850765016281,5.72112620973768,6.999293804629507,-0.2769532302140594,0.6694805194805195,0.0168086707030844,0.0152821069780071,3.767328362639677,0.248,-0.1813248945147678,0.6239870340356564,3080.0,0.0353742763593011,0.0009014200297828,18.646879531991768,3.980608994653692e-70,0.0150405293529351,0.0185768120532338,108,11,1.2036066873188251,-0.0700450363906539,0.2218108174626226,-65650.86399225055,5531740314601257.0,1.1446727619891709e+17,2.518230944388174e+16,5531740314535606.0,265732808127099.5,12688820079677.39,SIMBHALS,SIMBHAOLI SUGARS LTD.,BZ,2016-08-29,2026-08-27,2449,545710.05,31593.0,0.0004083299305839,0.0590954373860303,57,0,0.9923014586709886,LOW,FULL,False,True,gap_fade_100,"{""gap_threshold"":0.01}",INTRADAY_SHORT_ALLOWED_RESEARCH,2016-08-29,2026-08-27,99.36897579918174,99.44294200587107,99.32505836395997,75.91244250283152,99.36897579918174,95.85650555902272,5,ROBUST POSITIVE,LOW LIQUIDITY,274,
294,91,INE973A01010,1359,1359,7.233738226385604e+17,5.043076797116435e+16,7233738226385.604,504307679711.6435,0.4064537152063921,7.0053937006835385,8.495985227981722,-0.2919526150312876,0.7167034584253127,0.0205195958595829,0.0191492418196328,6.211567743711565,0.1479999999999999,-0.1782054979720595,0.5506482982171799,2718.0,0.031648105586058,0.0008584954355968,23.90181124878955,1.127066487299587e-105,0.0188354747164304,0.0222037170027354,108,5,0.6655683222286886,-0.1024408637584879,0.1765937004398668,-16905.365724298797,5.0430767971181256e+16,7.233738226385604e+17,1.9112293853961117e+17,5.043076797116435e+16,3497477083055442.0,241285770958444.62,GOLDENTOBC,GOLDEN TOBACCO LIMITED,BZ,2016-08-29,2026-08-27,2285,121169.4,2975.0,0.0253829321663019,0.0540566074629996,135,0,0.9258508914100486,LOW,PARTIAL,False,True,gap_fade_100,"{""gap_threshold"":0.01}",INTRADAY_SHORT_ALLOWED_RESEARCH,2016-08-29,2026-08-27,99.55851420382312,99.91678801747452,99.61167741488107,74.30021034140027,99.55851420382312,95.85205602940155,5,ROBUST POSITIVE,LIMITED SAMPLE,192,
295,80,INE927A01040,1633,1633,3.745544100206734e+18,1.5130385556026403e+17,37455441002067.336,1513038555602.6404,0.4627446031667079,6.44840824482607,11.256407997022686,-0.2917141537710168,0.5143906919779547,0.0178958494204709,0.0058125,5.186819465535209,0.177245283018868,-0.172940170940171,0.6616693679092382,3266.0,0.0342938870829197,0.0008486402405993,21.08767480532409,1.712212421163056e-87,0.0162313106318503,0.0195603882090915,111,7,2.561278500740117,-0.1782057234839551,0.3170933226993507,-70191.10251450681,1.513038555603342e+17,3.745544100206734e+18,7.533992376251227e+17,1.5130385556026403e+17,6073483991689651.0,242252205216451.03,ROLLT,ROLLATAINERS LIMITED,BE,2016-11-22,2026-08-27,2400,214518.08,98741.0,0.0016666666666666,0.0542806051073762,325,0,0.9724473257698542,LOW,FULL,True,True,gap_fade_100,"{""gap_threshold"":0.01}",INTRADAY_SHORT_ALLOWED_RESEARCH,2016-08-29,2026-08-27,99.61398885884012,99.76654416013685,99.61398885884012,74.31754617109308,99.61398885884012,95.85003351593741,5,ROBUST POSITIVE,LOW LIQUIDITY,168,
296,205,INE662L01016,1135,1135,2535140544902266.0,273713040241431.7,25351405449.02266,2737130402.414317,0.3890947094468961,5.915859660249857,7.0462287148701455,-0.2686705447388011,0.7303964757709251,0.0198619526215773,0.016135084963587,6.017100803515474,0.2158400862733014,-0.1474606067340815,0.4598865478119935,2270.0,0.0330712964071274,0.0009816423557384,20.23338999735324,5.774751790130382e-78,0.0179359132556721,0.0217879919874825,75,1,1.178335636308018,-0.0015714285714285,0.2573032158999528,4304.167786597318,273713040237127.6,2535140544902266.0,833462365607852.8,273713040241431.7,29423027719087.74,3148981757119.9844,TCIDEVELOP,TCIDEVELOP,EQ,2016-08-29,2022-11-10,1488,121867.6,342.0,0.2479838709677419,0.0564146734940716,63,0,0.6029173419773096,LOW,PARTIAL,False,True,gap_fade_050,"{""gap_threshold"":0.005}",INTRADAY_SHORT_ALLOWED_RESEARCH,2016-08-29,2026-08-27,99.07773386034255,99.54233409610984,99.17943739454037,76.78154543143101,99.07773386034255,95.84656634999885,5,ROBUST POSITIVE,LIMITED SAMPLE,400,
297,13,INE440L01017,1720,1720,1.0407560104905428e+23,3.6022417106529445e+21,1.0407560104905428e+18,3.6022417106529444e+16,0.5303023366506159,7.652240897962729,13.294457592359471,-0.309821430420829,0.6488372093023256,0.023106190090176,0.0190526315789473,6.119611914755532,0.3056923076923077,-0.1724545454545454,0.6969205834683955,3440.0,0.0379425939473025,0.0009148771792806,25.256056893170918,5.817801573568984e-120,0.021311800336409,0.024900579843943,113,7,1.8738829864371964,-0.1287299028535936,0.3272916963037539,11360.73017999038,3.6022417106529445e+21,1.0407560104905428e+23,1.937842358673661e+22,3.6022417106529445e+21,1.2385989502816048e+20,4.2306901059429135e+18,TIJARIA,TIJARIA POLYPIPES LTD,EQ,2016-08-29,2026-08-27,2465,122278.95,16439.0,0.0016227180527383,0.0636301725427734,170,0,0.9987844408427876,LOW,FULL,False,True,gap_fade_100,"{""gap_threshold"":0.01}",INTRADAY_SHORT_ALLOWED_RESEARCH,2016-08-29,2026-08-27,99.94221390102396,99.97919700436863,99.94452534498302,72.54466865450847,99.94221390102396,95.84044102350738,5,ROBUST POSITIVE,LOW LIQUIDITY,26,
298,12,INE245I01016,1668,1668,1.255936604209109e+23,4.824701569047355e+21,1.255936604209109e+18,4.824701569047355e+16,0.5510761676585997,7.438992150730677,12.505650791004983,-0.309889855972295,0.6354916067146283,0.024069900681898,0.0161833209356144,6.468040477767082,0.2627058823529411,-0.1872941176470588,0.6758508914100486,3336.0,0.0399439494630669,0.0009780318104474,24.610549907254224,2.432943405720076e-114,0.022151600748094,0.0259882006157021,112,9,2.4129113646997085,-0.0676560277134514,0.3795786914946288,68913.24587526862,4.824701569047355e+21,1.255936604209109e+23,2.4635724658427065e+22,4.824701569047355e+21,1.8416102053576445e+20,6.98455222544666e+18,NAGREEKCAP,NAGREEKA CAP & INFR.LTD,EQ,2016-08-29,2026-08-27,2345,58591.95,3463.0,0.0601279317697228,0.058120771904968,334,0,0.950162074554295,LOW,FULL,False,True,gap_fade_100,"{""gap_threshold"":0.01}",INTRADAY_SHORT_ALLOWED_RESEARCH,2016-08-29,2026-08-27,99.94452534498302,99.96532834061438,99.94683678894205,72.5400457665904,99.94452534498302,95.8384762961422,5,ROBUST POSITIVE,LOW LIQUIDITY,25,
299,163,INE497D01022,1302,1302,1.1967997938474082e+16,927399755439404.8,119679979384.7408,9273997554.394049,0.4392465450407443,5.575612960843108,6.026716001090532,-0.2717135867670454,0.7380952380952381,0.0184219077624524,0.0188015997027874,3.883716398043057,0.2112530120481928,-0.1878037578288101,0.5275526742301458,2604.0,0.0359353305987144,0.0009959009634808,18.497730635849777,5.257509363489359e-68,0.0164681601328684,0.0203756553920365,89,6,1.0626062426421383,-0.1453633115464448,0.245669560115132,-40957.446808510686,927399755480362.4,1.1967997938474082e+16,3333629513577265.0,927399755439404.8,71502859040815.45,5485069489405.532,DAMODARIND,DAMODAR INDUSTRIES LTD,BE,2018-10-26,2026-08-27,1934,437109.125,11078.0,0.0067218200620475,0.0641982302075371,6,0,0.7836304700162074,LOW,PARTIAL,True,True,gap_fade_100,"{""gap_threshold"":0.01}",INTRADAY_SHORT_ALLOWED_RESEARCH,2016-08-29,2026-08-27,99.21873194184407,99.35048424750941,99.23953493747544,76.4671890530014,99.21873194184407,95.83651156877703,5,ROBUST POSITIVE,LIMITED SAMPLE,339,
300,406,INE00Y801016,821,821,1489068036454.1182,297091656826.5544,14890680.364541182,2970916.568265544,0.3471308439009321,4.5701507436582345,3.014602908614475,-0.209768615380094,0.758830694275274,0.018924533678927,0.0188333333333333,4.728225587228283,0.1375848246241947,-0.1852822085889569,0.3326580226904376,1642.0,0.034631080026097,0.0012086330264642,15.657799567408263,1.5296875732026497e-48,0.01655215480561,0.0212969125522439,63,4,1.2062474954284368,-0.1392118886926127,0.2012984287963084,-80584.32667525778,297091737410.88104,1489068036454.1182,665387340133.564,297091656826.5544,59086339105.46471,11713779924.80843,AKG,AKG EXIM LIMITED,EQ,2021-02-16,2026-08-27,1365,777584.9,34287.0,0.0014652014652014,0.0589731254098287,33,1,0.5530794165316045,LOW,PARTIAL,True,True,gap_fade_100,"{""gap_threshold"":0.01}",INTRADAY_SHORT_ALLOWED_RESEARCH,2016-08-29,2026-08-27,97.99135519959319,98.55765896955828,98.36118623303977,82.37755125626978,97.99135519959319,95.83651156877701,5,ROBUST POSITIVE,LIMITED SAMPLE,870,
301,127,INE886A01014,1444,1444,1.103856858425531e+17,6465145393770368.0,1103856858425.531,64651453937.70368,0.4491727422925859,5.907139635139543,7.678664663606084,-0.2809665008784344,0.6246537396121884,0.0179956712973867,0.0126205923836389,4.539874421919112,0.1893888888888888,-0.1800397022332507,0.5850891410048622,2888.0,0.0351326907678943,0.0009245444938919,19.46436479398874,4.082622267439822e-75,0.0161820761954017,0.0198092663993717,114,7,0.7048116597829972,-0.1670867504852607,0.184308002086203,296472.34043124365,6465145393473896.0,1.103856858425531e+17,2.673305529020557e+16,6465145393770368.0,376542930339581.4,21807794982745.816,IITL,INDUSTRIAL INV TRUST LTD,EQ,2016-08-29,2026-08-27,2353,210997.0,2285.0,0.1117722056948576,0.0505488489827431,229,0,0.9534035656401944,LOW,FULL,False,True,gap_fade_100,"{""gap_threshold"":0.01}",INTRADAY_SHORT_ALLOWED_RESEARCH,2016-08-29,2026-08-27,99.39209023877216,99.53771120819177,99.40133601460832,75.47326815061369,99.39209023877216,95.83524027459954,5,ROBUST POSITIVE,LOW LIQUIDITY,264,
302,204,INE662L01016,976,976,1191827661538646.5,176661521058156.8,11918276615.386463,1766615210.5815682,0.3745395409524455,6.011023206102268,6.361158154270213,-0.268670544738801,0.7622950819672131,0.0225912819280084,0.0200061115146681,7.550103078614287,0.2158400862733014,-0.1474606067340815,0.3954619124797406,1952.0,0.0331610604425336,0.001061459678582,21.283221947900092,7.397311108925452e-83,0.0205082733962779,0.0246742904597388,74,2,1.178335636308018,-0.0032853113979629,0.2544549647989236,4304.167786597318,176661521053852.66,1191827661538646.5,459071813915623.4,176661521058156.8,26088190382352.133,3838071153223.2544,TCIDEVELOP,TCIDEVELOP,EQ,2016-08-29,2022-11-10,1488,121867.6,342.0,0.2479838709677419,0.0564146734940716,63,0,0.6029173419773096,LOW,PARTIAL,False,True,gap_fade_100,"{""gap_threshold"":0.01}",INTRADAY_SHORT_ALLOWED_RESEARCH,2016-08-29,2026-08-27,99.0176363174075,99.58162864341354,99.20486327808983,76.78385687539006,99.0176363174075,95.83281325844257,5,ROBUST POSITIVE,LIMITED SAMPLE,426,
303,388,INE450G01024,1211,1211,4394874260485.352,402410509471.589,43948742.60485352,4024105.09471589,0.3879762851312933,4.204522448231562,4.916389308420641,-0.202486768860831,0.6358381502890174,0.0131923549360135,0.0111958762886598,2.99054125390811,0.2507950310559006,-0.161375,0.4906807131280389,2422.0,0.0336026063239471,0.0009656080826351,13.662225050986912,1.2622496972051788e-39,0.011297902880471,0.0150868069915559,105,15,0.5925734989590727,-0.1188789732539818,0.1497799673851673,-68452.01238390087,402410577923.6014,4394874260485.352,1330651746464.0354,402410509471.589,36672046378.79126,3326028453.240301,VIPCLOTHNG,VIP CLOTHING LIMITED,EQ,2016-08-29,2026-08-27,2468,4619226.775,135731.0,0.0,0.0521345324480893,47,0,1.0,OK,FULL,False,False,gap_fade_100,"{""gap_threshold"":0.01}",INTRADAY_SHORT_ALLOWED_RESEARCH,2016-08-29,2026-08-27,98.07919007003674,98.12773039317662,98.06300996232346,83.04324711647367,98.07919007003674,95.8302706700876,5,ROBUST POSITIVE,COMPARABLE,832,16
304,28,INE130B01031,1870,1870,2.1746728701467076e+21,5.5295844642079736e+19,2.174672870146707e+16,552958446420797.3,0.5719234696973619,6.379175719201742,9.059475987608664,-0.3040466088412323,0.6823529411764706,0.0191075714452958,0.0160180180180179,4.068433690143333,0.248,-0.1799661016949152,0.7576985413290114,3740.0,0.040308750949804,0.0009321344040051,20.498729971980907,2.128003056521855e-84,0.0172794376981307,0.0209357051924609,112,9,3.254713605914076,-0.2148995520736024,0.4666586102228341,211960.78431372548,5.529584464207952e+19,2.1746728701467076e+21,3.4708451400953404e+20,5.5295844642079736e+19,1.3958819777132037e+18,3.4982441798198908e+16,SURANAT&P,SURANA TELECOM AND POW LT,EQ,2016-08-29,2026-08-27,2468,609416.125,62496.0,0.0008103727714748,0.0630505304718592,43,0,1.0,LOW,FULL,False,False,gap_fade_050,"{""gap_threshold"":0.005}",INTRADAY_SHORT_ALLOWED_RESEARCH,2016-08-29,2026-08-27,99.88211635808891,99.7364953886693,99.83357603494903,73.12252964426878,99.88211635808891,95.82934609250398,5,ROBUST POSITIVE,LOW LIQUIDITY,52,
305,96,INE040M01013,1606,1606,9.175901229472626e+17,3.901854115321e+16,9175901229472.623,390185411532.1,0.4487318857928862,6.328041181752655,7.86726440529183,-0.2891429861356493,0.6718555417185554,0.0173163079643441,0.0154675819984744,4.140450214297712,0.1482645502645503,-0.1935254237288135,0.6507293354943274,3212.0,0.0335171547850779,0.0008363621579984,20.70431785888688,1.3647325347726769e-84,0.0156758311541342,0.0189567847745541,114,6,1.3621917895209277,-0.1838394105076267,0.2114494818014937,-81281.6691505216,3.901854115329128e+16,9.175901229472626e+17,1.893639530521757e+17,3.901854115321e+16,1648878047988420.0,69245339959263.15,TREEHOUSE,TREE HOUSE EDU LTD,EQ,2016-08-29,2026-08-27,2468,341407.19999999995,33837.5,0.0,0.0605383905517356,50,0,1.0,LOW,FULL,False,False,gap_fade_100,"{""gap_threshold"":0.01}",INTRADAY_SHORT_ALLOWED_RESEARCH,2016-08-29,2026-08-27,99.53308832027368,99.71569239303794,99.52615398839654,74.55793634283336,99.53308832027368,95.82194947183505,5,ROBUST POSITIVE,LOW LIQUIDITY,203,
306,106,INE759V01019,1451,1451,3.237114251009829e+17,1.873480849134818e+16,3237114251009.8296,187348084913.4818,0.4494000390952561,6.150173029588166,6.339025262425772,-0.2867795777471288,0.7174362508614749,0.018655102621757,0.0176078431372548,4.644272081963248,0.1974047619047619,-0.1857606837606837,0.5879254457050244,2902.0,0.0349289352078387,0.0009169626376303,20.3444522777566,3.827066796999126e-81,0.0168563874491678,0.0204538177943462,111,6,0.9173259710538332,-0.1216607253476849,0.2118337998472245,-96933.72015175186,1.873480849144511e+16,3.237114251009829e+17,7.793055940529922e+16,1.873480849134818e+16,1078207828292474.4,61703252541946.445,HEADSUP,HEADS UP VENTURES LIMITED,EQ,2016-12-14,2026-08-27,2397,709479.75,39204.0,0.0,0.0617732210466843,71,1,0.9712317666126418,LOW,FULL,True,True,gap_fade_100,"{""gap_threshold"":0.01}",INTRADAY_SHORT_ALLOWED_RESEARCH,2016-08-29,2026-08-27,99.47530222129764,99.6417261863486,99.5122853246423,74.80988373436887,99.47530222129764,95.81617086193744,5,ROBUST POSITIVE,LOW LIQUIDITY,228,
307,314,INE032B01021,1195,1195,46167070077125.27,4384936004776.528,461670700.77125263,43849360.047765285,0.4012821595321073,4.68828108189981,5.97276169860677,-0.232027714742785,0.6686192468619246,0.0154184317552317,0.013695067264574,3.395268798701393,0.2694843749999998,-0.1444999999999999,0.4841977309562398,2390.0,0.0346056409153654,0.0010010665371752,15.402004944384984,5.839296415135271e-49,0.0134543864669566,0.0173824770435067,109,11,0.6374736727298262,-0.094394267960801,0.1572828291894112,1973333.3333333384,4384934031443.195,46167070077125.27,14236388397400.656,4384936004776.528,414547039111.9592,39008131708.616936,PRIMESECU,PRIME SECURITIES LIMITED,EQ,2016-08-29,2026-08-27,2468,3393506.725,39916.0,0.0,0.0548760011811573,15,0,1.0,OK,FULL,False,False,gap_fade_100,"{""gap_threshold"":0.01}",INTRADAY_SHORT_ALLOWED_RESEARCH,2016-08-29,2026-08-27,98.48831565078704,98.710214270855,98.54841319372211,80.27876014146037,98.48831565078704,95.81328155698866,5,ROBUST POSITIVE,COMPARABLE,655,17
308,22,INE725L01011,1752,1752,3.4969121398710096e+21,1.127684056544889e+20,3.4969121398710096e+16,1127684056544889.0,0.5190419159802078,7.120470478925587,9.758245686317292,-0.3089058766809548,0.6718036529680366,0.0206595869475092,0.0169007835385458,4.913504108554849,0.1979999999999999,-0.1816132971506106,0.7098865478119936,3504.0,0.0371795605532578,0.0008882540603042,23.25864622609657,1.6902534287831505e-104,0.018917436747124,0.0224017371478944,112,9,1.4916717532753982,-0.1767659409255531,0.2911892987862684,81055.39749414491,1.1276840565448884e+20,3.4969121398710096e+21,6.284952982907363e+20,1.127684056544889e+20,3.612075105843295e+18,1.149161688025274e+17,KARMAENG,KARMA ENERGY LIMITED,EQ,2016-08-29,2026-08-27,2450,140270.375,4216.0,0.0244897959183673,0.0622610849088671,134,0,0.992706645056726,LOW,FULL,False,True,gap_fade_100,"{""gap_threshold"":0.01}",INTRADAY_SHORT_ALLOWED_RESEARCH,2016-08-29,2026-08-27,99.90291935372026,99.92834523726972,99.87287058225274,72.63712641287012,99.90291935372026,95.81212583500914,5,ROBUST POSITIVE,LOW LIQUIDITY,43,
309,14,INE804H01012,1608,1608,4.928909651176066e+22,2.13147759338058e+21,4.9289096511760666e+17,2.13147759338058e+16,0.5383042591641716,7.444638267263176,11.781276695634766,-0.3116992493355544,0.6411691542288557,0.0244078759042592,0.0188878708551483,6.697317796171338,0.4070909090909091,-0.157,0.6515397082658023,3216.0,0.0394656339604729,0.0009841834582744,24.800128166198828,3.124019899646831e-115,0.0224774578330463,0.0263382939754721,112,9,1.1549903246440758,-0.2395483994753369,0.2687386963689289,13413.404800087565,2.13147759338058e+21,4.928909651176066e+22,1.025768477675569e+22,2.13147759338058e+21,9.16087953836364e+19,3.91299726233109e+18,TFL,TRANSWARRANTY FIN. LTD.,EQ,2016-08-30,2026-08-27,2387,64943.85,6880.0,0.0314201927105152,0.0622221990650355,272,0,0.9671799027552674,LOW,FULL,True,True,gap_fade_100,"{""gap_threshold"":0.01}",INTRADAY_SHORT_ALLOWED_RESEARCH,2016-08-29,2026-08-27,99.93759101310589,99.96763978457342,99.93759101310589,72.38055613341655,99.93759101310589,95.810045535446,5,ROBUST POSITIVE,LOW LIQUIDITY,28,
310,17,INE879E01037,1909,1909,2.0102275835218734e+22,4.748769603396237e+20,2.0102275835218733e+17,4748769603396237.0,0.5668860740279454,6.822100558456102,11.231370515835426,-0.3091878433595555,0.6458878994237821,0.019840499022689,0.0130753768844221,4.730358153237885,0.2752277227722772,-0.1746618705035971,0.7735008103727715,3818.0,0.0394923465516148,0.0009038783313013,21.9504089605992,2.0880089134435872e-95,0.0180678055279068,0.0216131925174711,115,6,1.7732743380195828,-0.1104223869839348,0.348018960893516,-87625.14229599311,4.748769603396237e+20,2.0102275835218734e+22,3.0925212008468746e+21,4.748769603396237e+20,1.1135622298616248e+19,2.5919866060051e+17,KANANIIND,KANANI INDUSTRIES LTD,EQ,2016-08-29,2026-08-27,2466,264057.48,43285.0,0.0052716950527169,0.0616794287961035,154,1,0.9991896272285252,LOW,FULL,False,True,gap_fade_050,"{""gap_threshold"":0.005}",INTRADAY_SHORT_ALLOWED_RESEARCH,2016-08-29,2026-08-27,99.92603379331068,99.86824769433466,99.89829646580219,72.59783186556642,99.92603379331068,95.80969881885216,5,ROBUST POSITIVE,LOW LIQUIDITY,33,
311,67,INE797H01018,1621,1621,1.1435166749010452e+19,4.742422167270285e+17,114351667490104.52,4742422167270.285,0.4520067304409631,6.853242918327968,9.508221693255242,-0.2993197019954102,0.6878470080197409,0.0187155514171537,0.0170114068441065,4.728057426575914,0.2127651006711408,-0.1688194317140239,0.656807131280389,3242.0,0.033382086096073,0.0008291287326778,22.572551980809088,2.5455259058977968e-98,0.017089273923284,0.0203418289110235,114,6,1.3124607088373517,-0.2289260141669008,0.216165141035139,-87380.06716238904,4.7424221672711584e+17,1.1435166749010452e+19,2.3305636361011994e+18,4.742422167270285e+17,1.9545000817249004e+16,800457336285603.4,TGBHOTELS,TGB BANQUETS&HOTELS LTD,EQ,2016-08-29,2026-08-27,2466,359194.975,29833.5,0.0008110300081103,0.0594346433717945,72,0,0.9991896272285252,LOW,FULL,False,True,gap_fade_100,"{""gap_threshold"":0.01}",INTRADAY_SHORT_ALLOWED_RESEARCH,2016-08-29,2026-08-27,99.68102073365232,99.87749347017082,99.68333217761135,73.58019554815894,99.68102073365232,95.80565379192382,5,ROBUST POSITIVE,LOW LIQUIDITY,139,
312,414,INE802B01019,1019,1019,1887390263843.696,253471706691.9941,18873902.63843696,2534717.066919941,0.340497632960952,4.601316358837583,3.983783176125288,-0.2081530142827121,0.7576054955839058,0.0150579767247835,0.0151319796954314,3.8701853212039934,0.3111903833658219,-0.188868686868687,0.4128849270664506,2038.0,0.0313317546508831,0.00098151654578,15.34154140296898,6.05086654958638e-48,0.0131319497163071,0.0169840037332599,87,14,1.0228739866038885,-0.1788878773359047,0.1731718005488279,190386.28854382428,253471516305.7056,1887390263843.696,692007150416.9409,253471706691.9941,33905747356.84204,4517312300.852535,LINC,LINC LIMITED,EQ,2016-08-29,2024-12-19,2051,1832565.4,6866.0,0.0034129692832764,0.0482383749281548,0,0,0.8310372771474879,OK,PARTIAL,False,True,gap_fade_100,"{""gap_threshold"":0.01}",INTRADAY_SHORT_ALLOWED_RESEARCH,2016-08-29,2026-08-27,97.93819198853524,98.59926496082102,98.16471349652127,82.52086078173035,97.93819198853524,95.80311120356887,5,ROBUST POSITIVE,LIMITED SAMPLE,893,
313,445,INE805B01012,765,765,606700987801.9058,135173259615.82364,6067009.878019057,1351732.5961582365,0.3428340877199214,4.384852706747473,3.897535260129704,-0.2012421229457505,0.6888888888888889,0.0192451892337372,0.0164049079754602,4.427245859089151,0.128801687763713,-0.1852335329341317,0.309967585089141,1530.0,0.0353575521795061,0.0012783549969412,15.054651704562636,4.7866075794247175e-45,0.0167356839133911,0.0217546945540833,59,5,0.7536748101423278,-0.0898491515857073,0.2021958394111941,-29915.920309942187,135173289531.74396,606700987801.9058,286479118893.45514,135173259615.82364,30027695559.44956,6650590347.482207,MANGTIMBER,MANGTIMBER,EQ,2016-08-29,2022-01-04,1277,203357.55,10580.0,0.0117462803445575,0.0574021334452781,45,0,0.5174230145867099,LOW,PARTIAL,False,True,gap_fade_100,"{""gap_threshold"":0.01}",INTRADAY_SHORT_ALLOWED_RESEARCH,2016-08-29,2026-08-27,97.7625222476481,98.38198922867115,98.2502369230058,83.16806509026189,97.7625222476481,95.79479000531633,5,ROBUST POSITIVE,LIMITED SAMPLE,969,
314,589,INE416A01036,842,842,46696707062.4099,8874541807.197441,466967.070624099,88745.41807197442,0.3097496750481044,3.912073359154853,7.232426241973022,-0.1431295660158127,0.4085510688836104,0.0140945226734815,-0.002,5.541182070565633,0.2896666666666667,-0.1414329896907217,0.3411669367909238,1684.0,0.0313976462255993,0.0010820343449463,13.025947595202958,1.8277086336929128e-35,0.0119707178299683,0.0162183275169946,67,11,0.8441134488573379,-0.0755510588607862,0.1708406923416311,-91778.74382131698,8874633585.941263,46696707062.4099,20365486991.44945,8874541807.197441,1680979622.1226296,317290468.3195303,SABTN,SABTN,BE,2016-08-29,2024-01-23,1464,38750.275,14827.0,0.0191256830601092,0.040688601083191,383,0,0.593192868719611,LOW,PARTIAL,False,True,gap_fade_100,"{""gap_threshold"":0.01}",INTRADAY_SHORT_ALLOWED_RESEARCH,2016-08-29,2026-08-27,96.85181332778586,97.700113260754,97.36033099877494,87.98511430090377,96.85181332778586,95.79317199454499,5,ROBUST POSITIVE,LIMITED SAMPLE,1363,
315,243,INE980Y01015,1083,1083,371102934812338.9,44276270921816.91,3711029348.123389,442762709.218169,0.4407915479974142,4.843778644026689,5.127059820346458,-0.2520676106826317,0.7229916897506925,0.019307840590769,0.0173097781429746,4.133783216382085,0.231644859813084,-0.1806833855799372,0.4388168557536466,2166.0,0.0393517104487972,0.0011957747695097,16.146720170960688,1.0384892595196534e-52,0.016961540502636,0.0216541406789019,80,9,1.5076596564935891,-0.0881236253407667,0.2598692040958216,633760.5965102549,44276270288056.31,371102934812338.9,128250663317897.02,44276270921816.91,5260521951511.667,622387058061.4491,SOUTHWEST,SOUTH WEST PINNACLE LTD,EQ,2019-04-18,2026-08-27,1808,3841136.0,37638.0,0.0094026548672566,0.060622491321847,21,0,0.7325769854132901,OK,PARTIAL,True,True,gap_fade_100,"{""gap_threshold"":0.01}",INTRADAY_SHORT_ALLOWED_RESEARCH,2016-08-29,2026-08-27,98.82347502484802,98.85352379631556,98.97140743822665,78.37644176316945,98.82347502484802,95.79201627256548,5,ROBUST POSITIVE,LIMITED SAMPLE,510,
316,111,INE882A01013,1874,1874,1.2233832519196795e+18,3.042657940508311e+16,12233832519196.8,304265794050.8311,0.49424562184588,5.735415117529276,7.801062778134776,-0.2857739614346113,0.6819637139807898,0.0148143539121541,0.0136940328375807,3.1540654975663367,0.2057562326869806,-0.1885801550878305,0.7593192868719612,3748.0,0.0349847399178961,0.0008081534967061,18.331114042732384,3.63168447785218e-69,0.0132293779373379,0.0163993298869702,109,12,3.2455096139812074,-0.1665485674039954,0.3538324819170934,102774.77477477444,3.0426579404980336e+16,1.2233832519196795e+18,1.9310948843730707e+17,3.042657940508311e+16,751227022490148.1,18412135065356.586,MARALOVER,MARAL OVERSEAS LTD,EQ,2016-08-29,2026-08-27,2467,849556.1,18020.0,0.0004053506282934,0.0588544315390026,5,0,0.9995948136142626,LOW,FULL,False,True,gap_fade_050,"{""gap_threshold"":0.005}",INTRADAY_SHORT_ALLOWED_RESEARCH,2016-08-29,2026-08-27,99.50766243672422,99.45218778170724,99.3712872431408,74.93932459607517,99.50766243672422,95.78404179090677,5,ROBUST POSITIVE,LOW LIQUIDITY,214,
317,173,INE025A01027,1451,1451,8679309748037662.0,498760672153867.4,86793097480.37662,4987606721.538674,0.4435397981359709,5.381522112219749,5.773282050505811,-0.2702626142481684,0.7119228118538938,0.0161107191069468,0.015037037037037,3.8118104550834495,0.2328484848484848,-0.1879182349123946,0.5879254457050244,2902.0,0.0349453460241539,0.0009173934582472,17.561406136170906,9.522229086134138e-63,0.0143111588360423,0.0179102793778514,114,7,1.8035294450480344,-0.1546594711433998,0.2532721395234635,365145.6330992591,498760671788721.8,8679309748037662.0,2082065345124147.5,498760672153867.4,28500277590576.703,1619370120592.0183,CONSOFINVT,CONSO. FIN. & HOLD. LTD.,BE,2016-08-29,2026-08-27,2455,679316.15,6241.0,0.015478615071283,0.0539469752923504,37,0,0.9947325769854132,LOW,FULL,False,True,gap_fade_100,"{""gap_threshold"":0.01}",INTRADAY_SHORT_ALLOWED_RESEARCH,2016-08-29,2026-08-27,99.16325728682708,99.22797771768023,99.09391396805584,76.60818713450293,99.16325728682708,95.77907218639484,5,ROBUST POSITIVE,LOW LIQUIDITY,363,
318,317,INE333I01036,808,808,18530044029511.344,3811169384226.9385,185300440.29511344,38111693.84226938,0.4695080457345516,4.024001553811295,8.854905693607488,-0.2250445127178209,0.4517326732673267,0.0228999446434899,-0.002,7.300115983576125,0.3979999999999999,-0.1217916666666667,0.3273905996758509,1616.0,0.048176375245929,0.001694838966852,13.511575489690172,1.1888873856840652e-37,0.019573131777129,0.0262267575098507,59,12,1.3546189395050665,-0.0295836182557763,0.2858347391711795,20201.30027886125,3811169364025.638,18530044029511.344,8406896438344.433,3811169384226.9385,781430948091.1033,159723221365.6265,NTL,NEUEON TOWERS LIMITED,BZ,2016-08-29,2024-12-02,1338,27186.45,14542.0,0.0396113602391629,0.059074758682251,387,1,0.5421393841166937,LOW,PARTIAL,False,True,gap_fade_100,"{""gap_threshold"":0.01}",INTRADAY_SHORT_ALLOWED_RESEARCH,2016-08-29,2026-08-27,98.46057832327855,97.86653722580496,98.79804914129858,80.91209578623766,98.46057832327855,95.77699188683171,5,ROBUST POSITIVE,LIMITED SAMPLE,667,
319,809,INE253B01015,1516,1516,19695336892.101517,969781162.6996264,196953.36892101512,9697.811626996265,0.1743244409047177,5.472554465550355,23.987161499522784,-0.0864685824722513,0.3891820580474934,0.0061630229768666,-0.002,4.60765943127908,0.0389356725146199,-0.0164254684131985,0.6142625607779578,3032.0,0.013479901495685,0.0003462080150224,17.8015028810534,1.6104529703843354e-64,0.0054839251985095,0.0068421207552237,92,12,0.3102227161635349,-0.0548865245165443,0.0846953547634831,43448.24022949411,969737714.459397,19695336892.101517,4373779079.364424,969781162.6996264,47375402.15729252,2209966.165429701,21STCENMGM,21ST CENTURY MGMT SERVICE,EQ,2018-01-11,2026-08-27,2103,84974.15,2919.0,0.0456490727532097,0.0192564911524919,639,0,0.8521069692058347,LOW,PARTIAL,True,True,gap_fade_050,"{""gap_threshold"":0.005}",INTRADAY_SHORT_ALLOWED_RESEARCH,2016-08-29,2026-08-27,95.80935210225829,99.29269814853339,94.84085708342002,92.23123685366248,95.80935210225829,95.7756050204563,5,ROBUST POSITIVE,LIMITED SAMPLE,1814,
320,690,INE802W01023,539,539,12362743468.507986,4298640802.421367,123627.43468507986,42986.40802421367,0.2786188840791142,4.0522839000481765,5.367469324934648,-0.1396706126395763,0.6029684601113172,0.0205147515631935,0.011323464100666,7.119375322760543,0.1358650071804691,-0.0770163078930201,0.2183954619124797,1078.0,0.0329090882782739,0.0014174947793729,14.472541177378094,2.49282849791043e-40,0.0177302486629812,0.0232992544634059,34,4,0.9608965153568928,-0.0717174983931625,0.2226200836558609,-86770.24371595487,4298727572.665083,12362743468.507986,7291827153.499838,4298640802.421367,1491534180.4399283,516409145.0667242,BOHRAIND,BOHRA INDUSTRIES LIMITED,EQ,2022-10-27,2026-08-27,783,237670.6,9059.0,0.057471264367816,0.0498599154695947,134,1,0.3172609400324149,LOW,PARTIAL,True,True,gap_fade_050,"{""gap_threshold"":0.005}",INTRADAY_SHORT_ALLOWED_RESEARCH,2016-08-29,2026-08-27,96.53745694935625,97.91507754894482,97.53368929570303,88.2509303561935,96.53745694935625,95.76924854956891,5,ROBUST POSITIVE,LIMITED SAMPLE,1499,
321,16,INE791A01024,1726,1726,2.01022155998766e+22,6.851258088629123e+20,2.0102215599876595e+17,6851258088629123.0,0.541251210626422,7.19298554904813,9.554447291114048,-0.3135407856896474,0.6761297798377752,0.022090822786734,0.0181906961996647,5.492599118063978,0.3019215686274512,-0.1838181818181818,0.6993517017828201,3452.0,0.038932724300979,0.0009371182564601,23.5731431272916,9.711054998752778e-107,0.0202528151125988,0.0239288304608692,117,4,2.3594060360059315,-0.0830757256810843,0.3203580055523978,340704.7758674451,6.851258088629119e+20,2.01022155998766e+22,3.714212618689466e+21,6.851258088629123e+20,2.3196047843957776e+19,7.801238682605564e+17,BLBLIMITED,BLB LIMITED,EQ,2016-08-29,2026-08-27,2459,328026.6,26197.0,0.0105734038226921,0.0629214903957809,141,0,0.9963533225283632,LOW,FULL,False,True,gap_fade_100,"{""gap_threshold"":0.01}",INTRADAY_SHORT_ALLOWED_RESEARCH,2016-08-29,2026-08-27,99.92834523726972,99.9491482329011,99.91678801747452,72.17946050897996,99.92834523726972,95.7678616831935,5,ROBUST POSITIVE,LOW LIQUIDITY,32,
322,353,INE855F01034,985,985,8217354955199.748,1184524209029.981,82173549.55199748,11845242.09029981,0.3770201719072673,4.606824929523364,6.30649506066956,-0.2262489831091488,0.5431472081218274,0.0172692978306701,0.0093636363636365,4.964158185737743,0.248,-0.1867826086956521,0.3991085899513776,1970.0,0.0351395548777599,0.0011196393169263,15.423983035964396,3.097577639610835e-48,0.0150721425504631,0.019466453110877,73,3,0.9318634063544876,-0.046624251676395,0.1960259219179165,-65999.99999999985,1184524275029.981,8217354955199.748,3121368204203.3794,1184524209029.981,170096888500.25464,24332214797.6656,BARTRONICS,BARTRONICS,BZ,2016-08-29,2022-11-17,1535,136180.25,24441.0,0.0039087947882736,0.0534763976562008,172,0,0.6219611021069692,LOW,PARTIAL,False,True,gap_fade_100,"{""gap_threshold"":0.01}",INTRADAY_SHORT_ALLOWED_RESEARCH,2016-08-29,2026-08-27,98.26410558676005,98.61775651249336,98.48831565078704,80.78727781244943,98.26410558676005,95.75815361856553,5,ROBUST POSITIVE,LIMITED SAMPLE,752,
323,187,INE466H01028,689,689,2233888185743164.8,587891050199643.1,22338881857.43165,5878910501.996431,0.6550531632411877,3.7999062431175337,8.742192446127277,-0.2542090004698537,0.5950653120464441,0.0353813844085563,0.0146666666666666,10.97667524804787,0.6646666666666667,-0.152943396226415,0.2791734197730956,1378.0,0.072124866184796,0.0027477385667167,12.87654685825252,3.7953006091167383e-34,0.0299864249816035,0.0407763438355091,57,1,4.711657630408465,-0.0039959999999999,0.6867333570854707,-95920.36712323736,587891050295563.5,2233888185743164.8,1146357378684578.8,587891050199643.1,154313150457717.72,40399433671950.97,UNITY,UNITY,BZ,2016-08-29,2021-05-07,1144,26460.225,19783.0,0.0157342657342657,0.0870447938019288,153,3,0.4635332252836304,LOW,PARTIAL,False,True,gap_fade_050,"{""gap_threshold"":0.005}",INTRADAY_SHORT_ALLOWED_RESEARCH,2016-08-29,2026-08-27,99.17019161870421,97.5036405242355,99.49379377296998,78.20423918822088,99.17019161870421,95.75670896609113,5,ROBUST POSITIVE,LIMITED SAMPLE,360,
324,87,INE142A01012,1327,1327,8.878441528018467e+17,6.597306608114779e+16,8878441528018.467,659730660811.4779,0.4901450341739977,5.94020029539111,6.305143738490122,-0.2946443152838891,0.7196684250188395,0.0214881678517752,0.020184300341297,4.636305894854876,0.3029645390070921,-0.185673469387755,0.5376823338735819,2654.0,0.0394973905676655,0.0010842587686334,19.81830211883672,9.07466442926838e-77,0.0193611181878865,0.0236152175156639,94,9,1.9181300903804963,-0.1555661360159577,0.3961991362196592,154206.89655172543,6.597306608099358e+16,8.878441528018467e+17,2.4217459469091226e+17,6.597306608114779e+16,4877274637643322.0,358723320170569.06,OSWALAGRO,OSWAL AGRO MILLS LTD,EQ,2018-02-01,2026-08-27,2114,1758551.1,61515.0,0.0,0.064567431232214,49,0,0.8565640194489466,OK,PARTIAL,True,True,gap_fade_100,"{""gap_threshold"":0.01}",INTRADAY_SHORT_ALLOWED_RESEARCH,2016-08-29,2026-08-27,99.57700575549546,99.54926842798696,99.62785752259437,74.04479578392622,99.57700575549546,95.75179714767816,5,ROBUST POSITIVE,LIMITED SAMPLE,184,
325,65,INE797H01018,1904,1904,3.603895542503468e+19,8.498457541250706e+17,360389554250346.8,8498457541250.706,0.4812801516799128,6.591218164256713,8.971512618302155,-0.3024253951308181,0.6743697478991597,0.0163170373885616,0.0148457071413296,3.810708112091583,0.2127651006711408,-0.1688194317140239,0.7714748784440842,3808.0,0.0336260479886761,0.0007706236913054,21.173807102816102,1.5928366959628924e-89,0.0148056814510422,0.017828393326081,111,10,0.9480151505910466,-0.2048296624606153,0.2137220949858613,-87380.06716238904,8.49845754125158e+17,3.603895542503468e+19,5.539326579882754e+18,8.498457541250706e+17,1.989276422643613e+16,462194260430189.44,TGBHOTELS,TGB BANQUETS&HOTELS LTD,EQ,2016-08-29,2026-08-27,2466,359194.975,29833.5,0.0008110300081103,0.0594346433717945,72,0,0.9991896272285252,LOW,FULL,False,True,gap_fade_050,"{""gap_threshold"":0.005}",INTRADAY_SHORT_ALLOWED_RESEARCH,2016-08-29,2026-08-27,99.70644661720176,99.80815015139957,99.65097196218477,73.26352772577029,99.70644661720176,95.7492545593232,5,ROBUST POSITIVE,LOW LIQUIDITY,128,
326,196,INE474C01015,1193,1193,2222668032818184.0,213468745833072.47,22226680328.181843,2134687458.3307247,0.4654771183019738,4.962130701167005,4.409015549333617,-0.2658855291145638,0.7259010896898574,0.0189614134134337,0.0174450513436748,3.9524201384035935,0.2195320910973084,-0.1862931937172773,0.4833873581847649,2386.0,0.0399195067020107,0.0011557527729569,16.40611544017448,1.071820114133628e-54,0.0166938771723633,0.0212289496545042,89,7,1.1348671826458157,-0.1474811819668225,0.2435085958833519,2262578.0606837887,213468743570494.4,2222668032818184.0,689214893156284.5,213468745833072.47,20407434873884.367,1941909622500.5095,REMSONSIND,REMSONSIND,EQ,2016-08-29,2024-07-04,1916,545312.05,3912.0,0.0281837160751565,0.0625755486102442,31,0,0.7763371150729336,LOW,PARTIAL,False,True,gap_fade_100,"{""gap_threshold"":0.01}",INTRADAY_SHORT_ALLOWED_RESEARCH,2016-08-29,2026-08-27,99.05461942075215,98.94829299863625,99.11702840764626,77.05891870651595,99.05461942075215,95.74648082657235,5,ROBUST POSITIVE,LIMITED SAMPLE,410,
327,42,INE526B01014,1845,1845,4.943194521254733e+20,1.3185475695398517e+19,4943194521254733.0,131854756953985.16,0.4908801843484238,7.047395624478053,10.873197429709808,-0.3095544565514633,0.6233062330623306,0.0183633705395834,0.0133061224489796,4.979541059944054,0.2064225553176302,-0.1862105263157893,0.7475688816855753,3690.0,0.0345556119199076,0.0008044895417906,22.826114679762725,8.924272034879e-102,0.0167855643830018,0.0199411766961649,106,12,1.3755620837100166,-0.1305444854241284,0.2806907537377478,1100241.941033988,1.3185475695397417e+19,4.943194521254733e+20,8.08050763513447e+19,1.3185475695398517e+19,3.492067669338323e+17,9182395315061770.0,CALSOFT,CALIFORNIA SOFTWARE CO LT,EQ,2016-08-29,2026-08-27,2306,467791.925,26733.5,0.0199479618386817,0.0558301635466229,281,1,0.9343598055105348,LOW,PARTIAL,False,True,gap_fade_050,"{""gap_threshold"":0.005}",INTRADAY_SHORT_ALLOWED_RESEARCH,2016-08-29,2026-08-27,99.82201881515383,99.91909946143356,99.78734715576822,72.56547165013984,99.82201881515383,95.74601853778054,5,ROBUST POSITIVE,LIMITED SAMPLE,78,
328,226,INE989C01012,824,824,613366356112032.8,122928453696713.14,6133663561.120328,1229284536.9671314,0.5735039387831279,4.0006877500905365,8.840757536921215,-0.2493156952273999,0.462378640776699,0.0272702088652683,-0.002,7.214950692914559,0.3979999999999999,-0.160953722334004,0.3338735818476499,1648.0,0.0584500525253642,0.002036204064075,13.392669893160384,3.806239756464618e-37,0.0232734444468752,0.0312669732836614,54,10,7.656805391030433,-0.0621216393076067,0.795369371470952,-93125.3297701031,122928453789838.48,613366356112032.8,274698854642751.6,122928453696713.14,24559351333148.188,4891116198572.295,DIAPOWER,DIAPOWER,BZ,2016-08-29,2022-09-12,1295,62374.05,42834.0,0.0084942084942084,0.0673494591371188,264,0,0.5247163695299838,LOW,PARTIAL,False,True,gap_fade_050,"{""gap_threshold"":0.005}",INTRADAY_SHORT_ALLOWED_RESEARCH,2016-08-29,2026-08-27,98.98065321406283,97.8179969026651,99.22335482976216,78.63301204262302,98.98065321406283,95.74451609920719,5,ROBUST POSITIVE,LIMITED SAMPLE,442,
329,174,INE466H01028,629,629,1644751929917419.5,487819176334113.44,16447519299.174194,4878191763.341134,0.6513217807435161,3.7884444326729394,8.587300775188588,-0.2542090004698537,0.6073131955484896,0.0384193924052327,0.0179999999999999,13.646291167810364,0.6646666666666667,-0.152943396226415,0.2548622366288492,1258.0,0.074238893469068,0.0029600985308633,12.97909242028769,2.703795535134911e-34,0.0326065029008574,0.044232281909608,57,1,4.711657630408465,-0.0039959999999999,0.6868574870347617,-95920.36712323736,487819176430033.8,1644751929917419.5,895999121817330.9,487819176334113.44,144341680711622.06,42608384363758.63,UNITY,UNITY,BZ,2016-08-29,2021-05-07,1144,26460.225,19783.0,0.0157342657342657,0.0870447938019288,153,3,0.4635332252836304,LOW,PARTIAL,False,True,gap_fade_100,"{""gap_threshold"":0.01}",INTRADAY_SHORT_ALLOWED_RESEARCH,2016-08-29,2026-08-27,99.15632295494996,97.46434597693178,99.49610521692902,78.20423918822088,99.15632295494996,95.74307144673277,5,ROBUST POSITIVE,LIMITED SAMPLE,366,
330,116,INE819L01012,1807,1807,7.808793972739318e+17,2.2181044012482384e+16,7808793972739.317,221810440124.82385,0.5281234068314759,5.33982998967847,6.050679376225052,-0.2845506741738349,0.6828998339789707,0.0152844321477567,0.0150454545454545,3.124631105013864,0.1641490683229811,-0.1897729257641922,0.7321717990275527,3614.0,0.0380695704948566,0.0008955686879602,17.066733521655138,1.1543521553017741e-60,0.0135279726240766,0.0170408916714367,103,18,1.8773474788003397,-0.1289461712895626,0.3556010904093047,81750.00000000061,2.218104401240063e+16,7.808793972739318e+17,1.3172388576160322e+17,2.2181044012482384e+16,625635637350488.0,17522267616831.19,ELGIRUBCO,ELGI RUBBER CO. LTD,EQ,2016-08-29,2026-08-27,2468,1039517.45,25183.5,0.0008103727714748,0.0586627913813144,64,0,1.0,OK,FULL,False,False,gap_fade_050,"{""gap_threshold"":0.005}",INTRADAY_SHORT_ALLOWED_RESEARCH,2016-08-29,2026-08-27,99.49148232901094,99.1979289462127,99.36435291126367,75.05027390610914,99.49148232901094,95.74116450546657,5,ROBUST POSITIVE,COMPARABLE,221,18
331,149,INE286H01012,1636,1636,8.38905627854023e+16,3343327753374535.5,838905627854.0231,33433277533.745358,0.4565773896765155,5.670110684967241,7.862440730764113,-0.2815625112057719,0.6259168704156479,0.0154977001119531,0.0115287657861021,3.59187523221873,0.1674915254237288,-0.1825555555555555,0.6628849270664505,3272.0,0.0341638641068861,0.0008446471792438,18.34813457357181,1.6007268288878701e-68,0.013840995644402,0.0171544045795041,99,13,0.893794825663496,-0.1617403243125307,0.2100078143005764,657735.3582018404,3343327752716800.0,8.38905627854023e+16,1.6760656275361654e+16,3343327753374535.5,132397390474102.28,5209590097469.884,VISACHROME,VISA CHROME LIMITED,EQ,2016-08-29,2026-08-27,2205,305013.6,21084.0,0.0,0.0598297558189342,122,0,0.8934359805510534,LOW,PARTIAL,False,True,gap_fade_050,"{""gap_threshold"":0.005}",INTRADAY_SHORT_ALLOWED_RESEARCH,2016-08-29,2026-08-27,99.32736980791901,99.41751612232162,99.23491204955735,75.4177934955967,99.32736980791901,95.74047107227885,5,ROBUST POSITIVE,LIMITED SAMPLE,292,
332,153,INE286H01012,1392,1392,2.8458463198985536e+16,1844910963734516.8,284584631989.85535,18449109637.345173,0.4345865860951764,5.793118212743025,7.682674395597584,-0.2815625112057716,0.6343390804597702,0.0177130801301169,0.0135048076923076,4.333751911096319,0.1674915254237288,-0.1825555555555555,0.5640194489465153,2784.0,0.0345300294724413,0.000925501935643,19.138890420374224,1.158007534566921e-72,0.0158975499268744,0.0195286103333595,99,13,0.893794825663496,-0.1652878509460101,0.2008209540373834,657735.3582018404,1844910963076782.0,2.8458463198985536e+16,7250796334048573.0,1844910963734516.8,118958788542017.6,7628963447937.859,VISACHROME,VISA CHROME LIMITED,EQ,2016-08-29,2026-08-27,2205,305013.6,21084.0,0.0,0.0598297558189342,122,0,0.8934359805510534,LOW,PARTIAL,False,True,gap_fade_100,"{""gap_threshold"":0.01}",INTRADAY_SHORT_ALLOWED_RESEARCH,2016-08-29,2026-08-27,99.27651804082011,99.47761366525668,99.27882948477914,75.42010493955574,99.27651804082011,95.73873748930959,5,ROBUST POSITIVE,LIMITED SAMPLE,314,
333,120,INE819L01012,1469,1469,1.362342487711907e+17,7589471309593626.0,1362342487711.907,75894713095.93625,0.4932654262935887,5.455825215186107,5.5876106057270825,-0.284550674173835,0.7093260721579305,0.0179417145827594,0.0176779964221824,3.719583211471448,0.1641490683229811,-0.1853333333333333,0.5952188006482982,2938.0,0.0386287694520192,0.0010078594580191,17.80180206675088,2.4214532094990704e-64,0.015964716333355,0.0199187128321637,103,18,1.8773474788003397,-0.1587590526845919,0.3578059253731187,81750.00000000061,7589471309511875.0,1.362342487711907e+17,3.217788672294033e+16,7589471309593626.0,420400301121164.4,23154264526885.867,ELGIRUBCO,ELGI RUBBER CO. LTD,EQ,2016-08-29,2026-08-27,2468,1039517.45,25183.5,0.0008103727714748,0.0586627913813144,64,0,1.0,OK,FULL,False,False,gap_fade_100,"{""gap_threshold"":0.01}",INTRADAY_SHORT_ALLOWED_RESEARCH,2016-08-29,2026-08-27,99.41751612232162,99.28345237269723,99.41289323440353,75.04796246215011,99.41751612232162,95.7343457457874,5,ROBUST POSITIVE,COMPARABLE,253,19
334,158,INE788H01017,1468,1468,2.414478425922756e+16,1343505834594126.0,241447842592.2756,13435058345.94126,0.4638736969065452,5.387426771587636,6.035548136146896,-0.2772813642897404,0.662125340599455,0.0166724600877636,0.0142381894089211,3.5879252316972194,0.1638767772511848,-0.1813478260869565,0.5948136142625607,2936.0,0.036376349424818,0.0009494149917811,17.56077187751682,8.289602480511454e-63,0.0148101043619298,0.0185348158135974,108,12,0.8432381876765087,-0.2067116276726258,0.2108205378697626,24267.51592356733,1343505834569858.5,2.414478425922756e+16,5699548585439237.0,1343505834594126.0,74332503196370.77,4089131811340.151,HILTON,HILTON METAL FORGING LTD,EQ,2016-08-29,2026-08-27,2468,1439839.85,38420.5,0.0012155591572123,0.0596422189508336,51,0,1.0,OK,FULL,False,False,gap_fade_100,"{""gap_threshold"":0.01}",INTRADAY_SHORT_ALLOWED_RESEARCH,2016-08-29,2026-08-27,99.24184638143448,99.23260060559832,99.2094861660079,75.8777708434459,99.24184638143448,95.72891385248364,5,ROBUST POSITIVE,COMPARABLE,329,20
335,274,INE635A01023,1067,1067,115867633167252.88,14246717405424.729,1158676331.672529,142467174.05424726,0.3940650074936802,5.0721386733153375,8.546757712972218,-0.2521285756423834,0.5276476101218369,0.0183459069156758,0.0037803468208093,6.327420697836375,0.20425,-0.1788953068592058,0.4323338735818476,2134.0,0.0351404435623315,0.0010757838726847,17.05352476598436,7.598103233764871e-58,0.0162350125515318,0.0204568012798199,79,24,0.8300282348655208,-0.1224093613541421,0.2264577073430537,297602.9939478039,14246717107821.732,115867633167252.88,40650157015768.19,14246717405424.729,1744511756536.1265,212731684830.10956,SHYAMTEL,SHYAM TELECOM LIMITED,EQ,2016-08-29,2026-08-27,1808,26554.2,2251.0,0.0934734513274336,0.0452741818424534,484,0,0.7325769854132901,LOW,PARTIAL,False,True,gap_fade_100,"{""gap_threshold"":0.01}",INTRADAY_SHORT_ALLOWED_RESEARCH,2016-08-29,2026-08-27,98.66860827959226,99.02688209324366,98.83734368860227,78.36719598733328,98.66860827959226,95.72879828028572,5,ROBUST POSITIVE,LIMITED SAMPLE,577,
336,661,INE802W01023,509,509,9054845450.35667,3341381561.229576,90548.45450356673,33413.81561229576,0.2715437641342297,4.055631668972681,5.778537214706972,-0.1396706126395764,0.6031434184675835,0.0211897177447092,0.0112370637785801,8.346531098157522,0.1358650071804691,-0.0770163078930201,0.2062398703403565,1018.0,0.0326169543472486,0.0014457210836296,14.656850470430976,8.04456579004044e-41,0.018349389383908,0.0240300461055103,34,4,0.9608965153568928,-0.0717174983931625,0.2154042706352235,-86770.24371595487,3341468331.473292,9054845450.35667,5501874214.618334,3341381561.229576,1230570679.902964,452266923.2847926,BOHRAIND,BOHRA INDUSTRIES LIMITED,EQ,2022-10-27,2026-08-27,783,237670.6,9059.0,0.057471264367816,0.0498599154695947,134,1,0.3172609400324149,LOW,PARTIAL,True,True,gap_fade_100,"{""gap_threshold"":0.01}",INTRADAY_SHORT_ALLOWED_RESEARCH,2016-08-29,2026-08-27,96.43344197119941,97.92201188082194,97.49670619235836,88.24861891223448,96.43344197119941,95.71608533851098,5,ROBUST POSITIVE,LIMITED SAMPLE,1544,
337,51,INE080A01014,1571,1571,5.516075064377313e+19,2.535397768512384e+18,551607506437731.25,25353977685123.84,0.4970452289372383,6.621715683675158,7.936963537918443,-0.3080132700355731,0.732017823042648,0.0205179925834815,0.018699938601877,4.977437006087594,0.2703492723492724,-0.1886386554621848,0.6365478119935171,3142.0,0.0372476876488804,0.0009397475977846,21.83351426686278,1.670003163131677e-92,0.0186747001012052,0.0223612850657577,114,7,1.326171660033916,-0.1531368563295754,0.2607512508079929,340234.4576432852,2.5353977685120435e+18,5.516075064377313e+19,1.1834948187914109e+19,2.535397768512384e+18,1.1583266921814834e+17,5259865807298966.0,WEIZMANIND,WEIZMANN LTD,EQ,2016-08-29,2026-08-27,2467,320934.35,5670.0,0.0060802594244021,0.0593448065048362,57,1,0.9995948136142626,LOW,FULL,False,True,gap_fade_100,"{""gap_threshold"":0.01}",INTRADAY_SHORT_ALLOWED_RESEARCH,2016-08-29,2026-08-27,99.76423271617779,99.82433025911287,99.76654416013685,72.69028962392807,99.76423271617779,95.71562304971917,5,ROBUST POSITIVE,LOW LIQUIDITY,103,
338,68,INE979R01011,1862,1862,2.98943146091691e+19,7.662283624269174e+17,298943146091691.0,7662283624269.174,0.5249449002304108,6.060708433713017,8.59928493602291,-0.3020600808448694,0.6546723952738991,0.0167340880787486,0.0138910533910535,3.738712894505144,0.233772357723577,-0.177,0.7544570502431118,3724.0,0.0371592347917391,0.0008611462680067,19.432341171821157,9.893092134246859e-77,0.0150451739775045,0.0184230021799928,113,8,1.5725926435300943,-0.0804289016984648,0.2587620112748844,-35844.15584415546,7.662283624269532e+17,2.98943146091691e+19,4.790328756925344e+18,7.662283624269174e+17,1.949783480075928e+16,492561705129899.0,SHYAMCENT,SHYAM CENTURY FERROUS LTD,BE,2016-08-29,2026-08-27,2468,783189.72,91825.5,0.0004051863857374,0.0582199073597964,86,0,1.0,LOW,FULL,False,False,gap_fade_050,"{""gap_threshold"":0.005}",INTRADAY_SHORT_ALLOWED_RESEARCH,2016-08-29,2026-08-27,99.69951228532464,99.60012019508588,99.6579062940619,73.30282227307399,99.69951228532464,95.71180916718676,5,ROBUST POSITIVE,LOW LIQUIDITY,131,
339,214,INE537A01013,778,778,535452684517372.1,117752753746713.42,5354526845.173721,1177527537.4671342,0.4219753132283524,5.278097220230521,5.851753132034796,-0.2702025404475042,0.718508997429306,0.0280368647942576,0.0254226700757005,7.020563571238588,0.2109277566539922,-0.1465783132530118,0.3152350081037277,1556.0,0.0412857627562238,0.0014801663069049,18.941699093855867,4.4791933553632376e-66,0.0251312660939634,0.0309424634945517,56,0,1.371818634642043,0.0,0.3320954643728544,-28714.65052092913,117752753775428.08,535452684517372.1,251192344301697.56,117752753746713.42,25818798658915.45,5644310973773.203,GTNIND,GTNIND,EQ,2016-08-29,2021-03-12,1107,47103.7,4304.0,0.024390243902439,0.0719337959692339,40,0,0.4485413290113452,LOW,PARTIAL,False,True,gap_fade_100,"{""gap_threshold"":0.01}",INTRADAY_SHORT_ALLOWED_RESEARCH,2016-08-29,2026-08-27,98.97140743822665,99.16788017474516,99.24646926935256,76.61049857846196,98.97140743822665,95.71157802279085,5,ROBUST POSITIVE,LIMITED SAMPLE,446,
340,183,INE068D01021,708,708,2435792547507762.5,617297141519733.2,24357925475.077625,6172971415.197332,0.6101950524944617,4.061707282754751,9.367177800529252,-0.2634831264508911,0.53954802259887,0.0342837769230809,0.0075238095238094,9.648270528649856,0.3979999999999999,-0.144857142857143,0.2868719611021069,1416.0,0.0656986077890013,0.0024691048794959,13.88510354816522,6.154641315159264e-39,0.0294361214785504,0.0391314323676114,52,4,3.2532497557636004,-0.0964984397261057,0.5949856345002866,-42658.03882528594,617297141562391.2,2435792547507762.5,1226626176064615.2,617297141519733.2,156022198926387.2,39328930043873.03,CASTEXTECH,CASTEXTECH,BE,2016-08-29,2021-07-20,1096,389604.475,351343.0,0.000912408759124,0.0946532652879083,94,0,0.4440842787682333,LOW,PARTIAL,False,True,gap_fade_050,"{""gap_threshold"":0.005}",INTRADAY_SHORT_ALLOWED_RESEARCH,2016-08-29,2026-08-27,99.17943739454037,97.94050343249427,99.48917088505189,77.28775165846105,99.17943739454037,95.70984443982157,5,ROBUST POSITIVE,LIMITED SAMPLE,356,
341,136,INE886A01014,1659,1659,1.6233509997177654e+17,6186116964786720.0,1623350999717.7654,61861169647.8672,0.4644927330795005,5.7179602207279165,7.82151580205538,-0.2861939407310732,0.6051838456901748,0.0156789971855208,0.0096703136396789,3.7993315990550633,0.1893888888888888,-0.1800397022332507,0.6722042139384117,3318.0,0.0345440065096342,0.0008481047856182,18.487099060632232,1.5741484812644966e-69,0.0140155280085276,0.017342466362514,112,9,0.7277687717939154,-0.1538068821289074,0.1898701667561843,296472.34043124365,6186116964490248.0,1.6233509997177654e+17,3.171502243935421e+16,6186116964786720.0,234218039650146.16,8810650196977.111,IITL,INDUSTRIAL INV TRUST LTD,EQ,2016-08-29,2026-08-27,2353,210997.0,2285.0,0.1117722056948576,0.0505488489827431,229,0,0.9534035656401944,LOW,FULL,False,True,gap_fade_050,"{""gap_threshold"":0.005}",INTRADAY_SHORT_ALLOWED_RESEARCH,2016-08-29,2026-08-27,99.38515590689504,99.44063056191203,99.30194392436955,74.88847282897626,99.38515590689504,95.70510597970554,5,ROBUST POSITIVE,LOW LIQUIDITY,267,
342,372,INE732S01012,1270,1270,17313654033390.13,1412211221315.9204,173136540.33390132,14122112.213159204,0.4162473169268366,4.256447986248396,4.335141406248056,-0.2241227065674647,0.705511811023622,0.0136627987534716,0.0123916294270964,3.01098713321258,0.2057586206896551,-0.1626382978723404,0.5145867098865479,2540.0,0.0352978953730857,0.0009904828289597,13.794079366142606,1.95580481373868e-40,0.0117196347334815,0.0156059627734617,81,8,1.3712720109541603,-0.0975874890353246,0.236130968949528,1445695.026379455,1412209775620.894,17313654033390.13,4947810410459.804,1412211221315.9204,114618634844.34695,9256424215.258017,SAKAR,SAKAR HEALTHCARE LIMITED,EQ,2019-04-11,2026-08-27,1816,4832206.3,22497.0,0.0066079295154185,0.0555861184040673,10,0,0.7358184764991896,OK,PARTIAL,True,True,gap_fade_050,"{""gap_threshold"":0.005}",INTRADAY_SHORT_ALLOWED_RESEARCH,2016-08-29,2026-08-27,98.31495735385896,98.22018815153827,98.31958024177703,81.02535654023069,98.31495735385896,95.70348796893418,5,ROBUST POSITIVE,LIMITED SAMPLE,730,
343,44,INE080A01014,1846,1846,2.881236934660293e+20,7.659079567913782e+18,2881236934660292.5,76590795679137.83,0.52804086365521,6.480514794172279,8.105684626199167,-0.3104927918180045,0.7118093174431203,0.0181547367968273,0.0162292902919534,4.100611542711932,0.2703492723492724,-0.19138127090301,0.7479740680713128,3692.0,0.0373679342447491,0.0008697275789598,20.87404980136296,4.858870619172623e-87,0.0164489830625152,0.0198604905311393,112,9,1.3846019380029038,-0.2211425467619886,0.2736745921214995,340234.4576432852,7.659079567913442e+18,2.881236934660293e+20,4.701812163238075e+19,7.659079567913782e+18,2.02147365099654e+17,5297136868909116.0,WEIZMANIND,WEIZMANN LTD,EQ,2016-08-29,2026-08-27,2467,320934.35,5670.0,0.0060802594244021,0.0593448065048362,57,1,0.9995948136142626,LOW,FULL,False,True,gap_fade_050,"{""gap_threshold"":0.005}",INTRADAY_SHORT_ALLOWED_RESEARCH,2016-08-29,2026-08-27,99.80815015139957,99.78734715576822,99.76885560409588,72.49843977532765,99.80815015139957,95.69967408640179,5,ROBUST POSITIVE,LOW LIQUIDITY,84,
344,98,INE946H01037,1828,1828,1.8525609435703785e+18,5.057385731709224e+16,18525609435703.785,505738573170.9224,0.4664091330244326,6.16153590487108,8.397690709796244,-0.2973846909642761,0.6504376367614879,0.0153965867304472,0.0132234207049781,3.674389243465765,0.2150963364993214,-0.1909534883720931,0.7406807131280388,3656.0,0.0332284919095214,0.0007771816453995,19.810795612050644,2.7925878720786883e-79,0.0138723289057027,0.0169208445551917,114,7,0.8582276987712996,-0.101416609454412,0.2129198481618916,-77354.42127965487,5.057385731716959e+16,1.8525609435703785e+18,3.0636191688314445e+17,5.057385731709224e+16,1370849120876335.8,36893596248333.81,VIPULLTD,VIPUL LIMITED,BE,2016-08-29,2026-08-27,2468,1610826.875,60110.5,0.0008103727714748,0.0558350140405278,136,0,1.0,OK,FULL,False,False,gap_fade_050,"{""gap_threshold"":0.005}",INTRADAY_SHORT_ALLOWED_RESEARCH,2016-08-29,2026-08-27,99.56313709174121,99.65328340614383,99.48454799713382,73.78129117259552,99.56313709174121,95.69817164782842,5,ROBUST POSITIVE,COMPARABLE,190,21
345,19,INE060B01014,1467,1467,3.664272901541308e+21,2.0916760953870864e+20,3.664272901541308e+16,2091676095387086.5,0.4824395217044815,7.752691205566771,11.674537582651842,-0.3185723213948959,0.7164280845262441,0.0249695010994581,0.0208571428571427,8.062823456189205,0.2122857142857144,-0.1702692307692308,0.5944084278768234,2934.0,0.0360721385374953,0.0009417959820968,26.51264347493196,7.45597405487186e-127,0.02312208964828,0.0268169125506362,110,5,1.3528879933271716,-0.1344621607956562,0.2831081641899434,58479.23157040411,2.0916760953870857e+20,3.664272901541308e+21,8.760822291466048e+20,2.0916760953870864e+20,1.1873159400914706e+19,6.701836702842345e+17,KHANDSE,KHANDWALA SECURITIES LTD,EQ,2016-08-29,2026-08-27,2145,82142.2,4341.0,0.0741258741258741,0.0600400635040949,211,0,0.8691247974068071,LOW,PARTIAL,False,True,gap_fade_100,"{""gap_threshold"":0.01}",INTRADAY_SHORT_ALLOWED_RESEARCH,2016-08-29,2026-08-27,99.91447657351547,99.99075422416384,99.91447657351547,71.68712294570419,99.91447657351547,95.69562905947346,5,ROBUST POSITIVE,LIMITED SAMPLE,38,
346,76,INE979R01011,1571,1571,3.996729181363578e+18,1.827478704293045e+17,39967291813635.78,1827478704293.045,0.501925520858582,6.020030873401159,7.962417017990953,-0.3006614036521738,0.6607256524506684,0.0188367696267583,0.015857142857143,4.3206123802867005,0.233772357723577,-0.177,0.6365478119935171,3142.0,0.0379717345661823,0.0009580150767656,19.662289335103345,4.037037905628874e-77,0.0169576459204861,0.0207158933330305,116,5,1.5725926435300943,-0.0914325635959619,0.2449857158143124,-35844.15584415546,1.8274787042934035e+17,3.996729181363578e+18,8.552791299717537e+17,1.827478704293045e+17,8305387789252757.0,375160454486643.8,SHYAMCENT,SHYAM CENTURY FERROUS LTD,BE,2016-08-29,2026-08-27,2468,783189.72,91825.5,0.0004051863857374,0.0582199073597964,86,0,1.0,LOW,FULL,False,False,gap_fade_100,"{""gap_threshold"":0.01}",INTRADAY_SHORT_ALLOWED_RESEARCH,2016-08-29,2026-08-27,99.62785752259437,99.58394008737258,99.6301689665534,73.44150891061646,99.62785752259437,95.69158403254512,5,ROBUST POSITIVE,LOW LIQUIDITY,162,
347,518,INE459A01010,1513,1513,1342066158445.2903,67007950255.62468,13420661.584452905,670079.5025562468,0.3050565651118773,4.652814209684351,5.363279520588698,-0.1886553131638328,0.7091870456047588,0.0091875935375055,0.0084838709677419,2.9840121424200583,0.1569677419354839,-0.1492272293500159,0.6130470016207455,3026.0,0.0238713936450212,0.0006137030906825,14.970746729152014,2.360367055111876e-47,0.0079837939473212,0.0103913931276899,112,9,0.5381177210353643,-0.045999935509723,0.0950258555317853,103955.34903794198,67007846300.27564,1342066158445.2903,300104711743.4415,67007950255.62468,3325691074.622012,163984519.6599023,BANARISUG,BANNARI AMMAN SUGARS LTD,EQ,2016-08-29,2026-08-27,2466,1986448.825,879.0,0.0320356853203568,0.0354157433041468,0,0,0.9991896272285252,OK,FULL,False,True,gap_fade_050,"{""gap_threshold"":0.005}",INTRADAY_SHORT_ALLOWED_RESEARCH,2016-08-29,2026-08-27,97.54293507153919,98.68709983126459,97.10838360723945,84.25213230705222,97.54293507153919,95.69123731595128,5,ROBUST POSITIVE,COMPARABLE,1064,22
348,263,INE737W01013,1221,1221,425093007328488.8,38494452263158.04,4250930073.2848873,384944522.6315804,0.4016659243218403,5.2441694006601285,5.021014500528029,-0.2614193357950983,0.7076167076167076,0.0168954845795582,0.017047619047619,3.9143750836584856,0.2065141558173175,-0.1874395604395604,0.4947325769854133,2442.0,0.0339154663171279,0.000970599270927,17.40727103928292,8.672664470786421e-61,0.0149912558078266,0.0187997133512898,78,4,0.8684628239833359,-0.1481176473051003,0.2045344739508334,-60131.47582825432,38494452323289.52,425093007328488.8,127996422398860.22,38494452263158.04,3469397286443.288,311202714657.0417,AKASH,AKASH INFRA-PROJECTS LTD,EQ,2019-10-11,2026-08-27,1653,832140.3,18215.0,0.013914095583787,0.0575254101631898,64,0,0.669773095623987,LOW,PARTIAL,True,True,gap_fade_050,"{""gap_threshold"":0.005}",INTRADAY_SHORT_ALLOWED_RESEARCH,2016-08-29,2026-08-27,98.8049834731757,99.13320851535956,98.87201534798788,77.51658461040613,98.8049834731757,95.69077502715948,5,ROBUST POSITIVE,LIMITED SAMPLE,518,
349,454,INE728Z01015,821,821,1112750544503.9763,221933384817.7801,11127505.445039764,2219333.8481778014,0.3201376680008629,4.829449793294884,5.550060446204306,-0.2211668042380629,0.7174177831912302,0.0184431836173269,0.0157631578947368,5.179828182221344,0.2079999999999999,-0.1205307017543859,0.3326580226904376,1642.0,0.0315641360167607,0.0011015959425151,16.742239967966363,2.421105156811029e-54,0.0162809036831106,0.0206054635515431,54,1,1.2227622482782712,-0.0071471123406309,0.2129758939693601,240132.3508707501,221933144685.4293,1112750544503.9763,497144096427.8148,221933384817.7801,44123288163.34551,8744309167.978367,SOFTTECH,SOFTTECH ENGINEERS LTD,EQ,2022-02-25,2026-08-27,1108,1167012.9,4344.5,0.0135379061371841,0.0570248787207627,22,0,0.4489465153970826,OK,PARTIAL,True,True,gap_fade_050,"{""gap_threshold"":0.005}",INTRADAY_SHORT_ALLOWED_RESEARCH,2016-08-29,2026-08-27,97.91045466102675,98.84196657652036,98.30802302198182,81.33046714282412,97.91045466102675,95.68927258858609,5,ROBUST POSITIVE,LIMITED SAMPLE,905,
350,301,INE032B01021,1734,1734,389600880786580.1,12626811610616.396,3896008807.865801,126268116.10616396,0.447806959427136,4.488115136389655,6.613133584678915,-0.240293313359368,0.6320645905420992,0.0113514241038125,0.0092771739130434,2.5919252112671614,0.2694843749999998,-0.1444999999999999,0.7025931928687196,3468.0,0.033082497287174,0.0007944631153978,14.2881700658027,7.254894683235213e-44,0.0097932167378849,0.0129096314697401,109,12,0.7464883978933006,-0.1130552336420994,0.1601543076196723,1973333.3333333384,12626809637283.06,389600880786580.1,70198103283967.89,12626811610616.396,406455519480.4501,12994605975.135786,PRIMESECU,PRIME SECURITIES LIMITED,EQ,2016-08-29,2026-08-27,2468,3393506.725,39916.0,0.0,0.0548760011811573,15,0,1.0,OK,FULL,False,False,gap_fade_050,"{""gap_threshold"":0.005}",INTRADAY_SHORT_ALLOWED_RESEARCH,2016-08-29,2026-08-27,98.65242817187897,98.4744469870328,98.3796777847121,79.49286919538636,98.65242817187897,95.68834801100247,5,ROBUST POSITIVE,COMPARABLE,584,23
351,15,INE791A01024,1932,1932,8.615833035250789e+22,1.949367590788548e+21,8.615833035250789e+17,1.949367590788548e+16,0.5567666092697923,7.202666248859795,10.092220784813636,-0.3196479055962706,0.6656314699792961,0.0203284359340936,0.016181818181818,4.823018380936173,0.3019215686274512,-0.1838181818181818,0.7828200972447326,3864.0,0.0384937814860248,0.0008757638526554,23.212234522416747,2.4848884729082566e-105,0.0186108937676986,0.0220459781004885,118,3,2.5443620687404307,-0.096802697779772,0.3378852309743652,340704.7758674451,1.949367590788548e+21,8.615833035250789e+22,1.297177530798335e+22,1.949367590788548e+21,4.377766194253742e+19,9.758003163041728e+17,BLBLIMITED,BLB LIMITED,EQ,2016-08-29,2026-08-27,2459,328026.6,26197.0,0.0105734038226921,0.0629214903957809,141,0,0.9963533225283632,LOW,FULL,False,True,gap_fade_050,"{""gap_threshold"":0.005}",INTRADAY_SHORT_ALLOWED_RESEARCH,2016-08-29,2026-08-27,99.93527956914686,99.95145967686014,99.92141090539259,71.58079652358829,99.93527956914686,95.68256940110487,5,ROBUST POSITIVE,LOW LIQUIDITY,29,
352,47,INE144D01012,1614,1614,7.95711638160726e+19,3.357739502697492e+18,795711638160725.9,33577395026974.92,0.5122576742680697,6.495514382771932,9.402408623508562,-0.3111656268900336,0.6474597273853779,0.0201903155433736,0.0160855189686511,4.947403542770571,0.2373939393939393,-0.1811666666666667,0.6539708265802269,3228.0,0.0380981702184703,0.0009483144160665,21.29073986570762,7.601762761486862e-89,0.0183302577076157,0.0220503733791315,109,11,1.5018659077127343,-0.2031629620030099,0.3015649013397196,493127.0279846132,3.357739502696999e+18,7.95711638160726e+19,1.6358324919259191e+19,3.357739502697492e+18,1.408098928628538e+17,5868181422120657.0,CUBEXTUB,CUBEX TUBINGS LTD,EQ,2016-08-31,2026-08-27,2414,328892.225,11202.0,0.0186412593206296,0.0589868878309947,197,0,0.9781199351701784,LOW,FULL,True,True,gap_fade_100,"{""gap_threshold"":0.01}",INTRADAY_SHORT_ALLOWED_RESEARCH,2016-08-29,2026-08-27,99.78041282389108,99.79197004368629,99.77347849201395,72.43834223239257,99.78041282389108,95.68002681274992,5,ROBUST POSITIVE,LOW LIQUIDITY,96,
353,781,INE253B01015,1406,1406,10370907181.74978,635624044.2640449,103709.0718174978,6356.240442640449,0.1671142443437243,5.442309568516262,40.8303888959237,-0.0864685824722505,0.379800853485064,0.0063351369107881,-0.002,5.3266052560995405,0.0389356725146199,-0.0112105263157895,0.5696920583468396,2812.0,0.013315673718386,0.0003551161997777,17.839616764182036,2.518061420835708e-64,0.0056385218451278,0.0070317519764483,92,12,0.3102227161635349,-0.0410276173436385,0.0790942562868725,43448.24022949411,635580596.0238154,10370907181.74978,2569383420.615924,635624044.2640449,38652817.00405354,2249174.239691092,21STCENMGM,21ST CENTURY MGMT SERVICE,EQ,2018-01-11,2026-08-27,2103,84974.15,2919.0,0.0456490727532097,0.0192564911524919,639,0,0.8521069692058347,LOW,PARTIAL,True,True,gap_fade_100,"{""gap_threshold"":0.01}",INTRADAY_SHORT_ALLOWED_RESEARCH,2016-08-29,2026-08-27,95.57358481843607,99.27420659686106,94.85010285925618,92.23354829762152,95.57589626239512,95.66846959295472,5,ROBUST POSITIVE,LIMITED SAMPLE,1916,
354,556,INE546V01010,600,600,52830524627.042366,16305199977.25254,528305.2462704236,163051.9997725254,0.2713451875473082,4.660925312621432,2.4880583649122907,-0.1872006683046682,0.8466666666666667,0.0206437043905028,0.0186539306104522,7.391827934174959,0.211508064516129,-0.1844675324675324,0.2431118314424635,1200.0,0.0296688001360377,0.0012112236935651,17.043676160049127,2.1213432405417536e-53,0.0182649431180236,0.023022465662982,56,3,0.7998686566709445,-0.0481187318303186,0.1781935477808142,118423.97336293048,16305081553.279177,52830524627.042366,29358302948.87146,16305199977.25254,5020650150.7262745,1542315005.5839365,EIFFL,EURO (I) FRESH FOODS LTD,BE,2021-10-12,2026-08-27,1204,2849468.95,17857.5,0.0033222591362126,0.0491816938649046,3,0,0.4878444084278768,OK,PARTIAL,True,True,gap_fade_100,"{""gap_threshold"":0.01}",INTRADAY_SHORT_ALLOWED_RESEARCH,2016-08-29,2026-08-27,97.10144927536231,98.69172271918268,97.82955412246031,84.36770450500427,97.10144927536231,95.65506321799228,5,ROBUST POSITIVE,LIMITED SAMPLE,1255,
355,605,INE573R01012,868,868,39592604796.3052,7140871842.770945,395926.047963052,71408.71842770945,0.2933609158117388,4.041025738647153,5.559285004668541,-0.1532070788461166,0.5241935483870968,0.0133757689653398,0.0024642857142858,4.143546850131953,0.150563921457833,-0.09028125,0.3517017828200972,1736.0,0.0292511062802224,0.0009928472408018,13.472131880567416,1.062816231883595e-37,0.0114271037869101,0.0153244341437694,64,12,0.666703326185965,-0.0970505080298189,0.1533533551483578,-57200.259196119936,7140929043.030141,39592604796.3052,16821599577.035383,7140871842.770945,1283493617.9896882,229842906.14309743,SEYAIND,SEYA INDUSTRIES LIMITED,BE,2019-07-11,2026-08-27,1482,469332.55,12430.0,0.0067476383265856,0.0461645041260898,203,0,0.600486223662885,LOW,PARTIAL,True,True,gap_fade_100,"{""gap_threshold"":0.01}",INTRADAY_SHORT_ALLOWED_RESEARCH,2016-08-29,2026-08-27,96.7524212375471,97.89427455331345,97.24013591290479,87.25469800984675,96.7524212375471,95.65367635161687,5,ROBUST POSITIVE,LIMITED SAMPLE,1406,
356,171,INE890C01046,1443,1443,1.8103730143085144e+16,1058664771624647.4,181037301430.85144,10586647716.246471,0.4494352191590444,5.487256670096465,8.532083351290837,-0.282114415257465,0.4975744975744975,0.0167378881225605,-0.002,4.477691919257913,0.2078765432098765,-0.1838181818181818,0.5846839546191248,2886.0,0.0354243092380083,0.0009325416223053,17.948676737003662,3.558327898238975e-65,0.0149086047139732,0.0185671715311477,94,18,1.2265400132383193,-0.2463731520415112,0.2521710449734054,-27679.38061032665,1058664771652326.8,1.8103730143085144e+16,4380935622858168.0,1058664771624647.4,61562351423772.66,3559824878451.717,SANWARIA,SANWARIA CONSUMER LIMITED,BZ,2016-08-29,2026-08-27,2220,1281068.0,1010918.0,0.0,0.0590629871556957,252,1,0.899513776337115,OK,PARTIAL,False,True,gap_fade_050,"{""gap_threshold"":0.005}",INTRADAY_SHORT_ALLOWED_RESEARCH,2016-08-29,2026-08-27,99.22797771768023,99.30887825624669,99.18637172641749,75.34613873286642,99.22797771768023,95.65356077941891,5,ROBUST POSITIVE,LIMITED SAMPLE,335,
357,337,INE050B01023,1314,1314,24099230474072.484,1801597397545.5396,240992304.74072483,18015973.975455392,0.3852696941474778,4.630020200147574,5.311229319063272,-0.2352343268903354,0.6712328767123288,0.0132952645475275,0.011371830768418,3.366949315414527,0.2952972972972971,-0.1501481481481483,0.5324149108589952,2628.0,0.031999908780078,0.0008827770980377,15.0607266285919,2.1012328944441206e-47,0.011563456819485,0.0150270722755701,106,15,1.907504973991124,-0.1476987087154108,0.2145490731827836,-42925.17006802715,1801597440470.7092,24099230474072.484,6593387921154.203,1801597397545.5396,133993070005.38512,9914358481.35281,IVC,IL&FS INVESTMENT MANAGERS,EQ,2016-08-29,2026-08-27,2468,2046877.86,251772.0,0.0,0.0502611977686307,38,0,1.0,OK,FULL,False,False,gap_fade_100,"{""gap_threshold"":0.01}",INTRADAY_SHORT_ALLOWED_RESEARCH,2016-08-29,2026-08-27,98.34731756928554,98.64549384000185,98.33344890553128,79.97364953886694,98.34731756928554,95.64812888611516,5,ROBUST POSITIVE,COMPARABLE,716,24
358,111,INE273D01019,1552,1552,2.8418981898705728e+17,1.3431698301834948e+16,2841898189870.5728,134316983018.34949,0.458014821121226,5.969381573702471,6.0609342575929634,-0.2957434695265517,0.7126288659793815,0.0172528866918551,0.0165483389279784,4.0726514932932645,0.2168679245283018,-0.1864660194174756,0.6288492706645057,3104.0,0.0348358477969931,0.0008842611117463,19.511077059332944,5.4257813445641204e-76,0.015518413234882,0.0189873601488282,107,8,1.6039785237747162,-0.1961198697470371,0.2530142568755302,74035.32608695634,1.3431698301760912e+16,2.8418981898705728e+17,6.182953042837892e+16,1.3431698301834948e+16,631013096983122.5,29465953387632.816,VGL,VARVEE GLOBAL LIMITED,EQ,2016-08-29,2026-02-27,2347,564108.75,15542.0,0.0004260758414997,0.060971543627248,65,0,0.95097244732577,LOW,FULL,False,True,gap_fade_100,"{""gap_threshold"":0.01}",INTRADAY_SHORT_ALLOWED_RESEARCH,2016-08-29,2026-08-27,99.45218778170724,99.56313709174121,99.4452534498301,73.948870859626,99.45218778170724,95.64749323902643,5,ROBUST POSITIVE,LOW LIQUIDITY,238,
359,171,INE890C01046,1283,1283,7057260079840451.0,567576156223635.2,70572600798.40451,5675761562.236353,0.4243633505072252,5.633508126021524,9.699502376719424,-0.2821144152574645,0.4894777864380358,0.0182488185502711,-0.002,5.6348754618103145,0.2078765432098765,-0.1375932203389829,0.5198541329011345,2566.0,0.0348589613388141,0.0009731977910313,18.751397422440743,1.6125104463634496e-69,0.0163395834079692,0.0201580536925729,94,17,1.2265400132383193,-0.2463731520415112,0.2495023067318233,-27679.38061032665,567576156251314.6,7057260079840451.0,2002623145910620.8,567576156223635.2,45420836037679.16,3616766982827.997,SANWARIA,SANWARIA CONSUMER LIMITED,BZ,2016-08-29,2026-08-27,2220,1281068.0,1010918.0,0.0,0.0590629871556957,252,1,0.899513776337115,OK,PARTIAL,False,True,gap_fade_100,"{""gap_threshold"":0.01}",INTRADAY_SHORT_ALLOWED_RESEARCH,2016-08-29,2026-08-27,99.16788017474516,99.38515590689504,99.19099461433557,75.34845017682547,99.16788017474516,95.64304370940528,5,ROBUST POSITIVE,LIMITED SAMPLE,361,
360,282,INE832A01018,1114,1114,106850223063997.5,11959282138627.34,1068502230.639975,119592821.3862734,0.3484280966124994,5.64181153306033,6.881192371881254,-0.2618369413192478,0.6328545780969479,0.0172818872141414,0.0129238264635372,5.82911305937384,0.1509661597479106,-0.1897358490566039,0.4513776337115073,2228.0,0.0300636573270477,0.0009007395185743,19.18633173938565,4.183860643082756e-71,0.0155145482894566,0.0190492261388262,88,11,0.7880559076807425,-0.0841409902308548,0.1849480965000171,236413.4008760887,11959281902213.94,106850223063997.5,35766313983778.62,11959282138627.34,1332784025225.5576,147887617787.55002,MODIRUBBER,MODI RUBBER LTD,EQ,2018-06-20,2026-08-27,1886,126470.05,1581.0,0.1113467656415694,0.0448914014663387,237,0,0.7641815235008104,LOW,PARTIAL,True,True,gap_fade_100,"{""gap_threshold"":0.01}",INTRADAY_SHORT_ALLOWED_RESEARCH,2016-08-29,2026-08-27,98.63393662020664,99.40133601460832,98.79111480942144,77.45879851143009,98.63393662020664,95.64258142061345,5,ROBUST POSITIVE,LIMITED SAMPLE,592,
361,114,INE273D01019,1837,1837,9.979708530139168e+17,2.671784604696025e+16,9979708530139.166,267178460469.60248,0.4873804514532967,5.785145614661026,6.26290321972214,-0.2957434695265517,0.6913445835601524,0.0150320377929999,0.0145562913907284,3.4189744746807134,0.2168679245283018,-0.190235294117647,0.7443273905996759,3674.0,0.0347674386706578,0.0008111816524225,18.53103771283236,2.0505800035732392e-70,0.013441102172737,0.0166229734132627,104,11,1.6039785237747162,-0.2228817903504726,0.2550211791823966,74035.32608695634,2.671784604688621e+16,9.979708530139168e+17,1.634359077265847e+17,2.671784604696025e+16,710192776168348.5,18742604614289.227,VGL,VARVEE GLOBAL LIMITED,EQ,2016-08-29,2026-02-27,2347,564108.75,15542.0,0.0004260758414997,0.060971543627248,65,0,0.95097244732577,LOW,FULL,False,True,gap_fade_050,"{""gap_threshold"":0.005}",INTRADAY_SHORT_ALLOWED_RESEARCH,2016-08-29,2026-08-27,99.49841666088805,99.4729907773386,99.37359868709983,73.948870859626,99.49841666088805,95.63593601923121,5,ROBUST POSITIVE,LOW LIQUIDITY,218,
362,366,INE137I01015,1593,1593,34490042029823.973,1475594301993.4917,344900420.2982397,14755943.019934917,0.4162654175739576,4.267072164918308,4.640382361382561,-0.2256267755031453,0.6660389202762084,0.0109201639487248,0.0105101763907733,2.7301703494641982,0.3523638275499474,-0.1654775213576096,0.6454619124797407,3186.0,0.0319879051820858,0.0008014527291415,13.625462303212643,4.5456691335768305e-40,0.0093481503104161,0.0124921775870335,111,10,1.526018416811807,-0.1081392224805219,0.1793328530475119,444825.1398135484,1475593857168.3518,34490042029823.973,7139522788227.265,1475594301993.4917,62736974180.070885,2650564119.880682,GRPLTD,GRP LIMITED,EQ,2016-08-29,2026-08-27,2455,1237751.45,822.0,0.1458248472505091,0.0486690903407662,21,1,0.9947325769854132,OK,FULL,False,True,gap_fade_050,"{""gap_threshold"":0.005}",INTRADAY_SHORT_ALLOWED_RESEARCH,2016-08-29,2026-08-27,98.3288260176132,98.22481103945636,98.00060097542935,80.87280123893396,98.3288260176132,95.62397429674317,5,ROBUST POSITIVE,COMPARABLE,724,25
363,124,INE882A01013,1504,1504,1.376533377358233e+17,7151918835526053.0,1376533377358.233,71519188355.26053,0.4614219072224346,5.785781995149517,6.996932358943684,-0.2943268766813234,0.711436170212766,0.0173842938339628,0.0165888794802374,3.6943786749377607,0.1694285714285713,-0.1885801550878305,0.6094003241491086,3008.0,0.0356181419985857,0.00091843271024,18.928217211926363,7.79129976845198e-72,0.0155827480363494,0.0191858396315762,109,11,3.0593000215053454,-0.1723252625122766,0.3368468661772693,102774.77477477444,7151918835423278.0,1.376533377358233e+17,3.139935627059582e+16,7151918835526053.0,369423696656191.75,18970694628686.76,MARALOVER,MARAL OVERSEAS LTD,EQ,2016-08-29,2026-08-27,2467,849556.1,18020.0,0.0004053506282934,0.0588544315390026,5,0,0.9995948136142626,LOW,FULL,False,True,gap_fade_100,"{""gap_threshold"":0.01}",INTRADAY_SHORT_ALLOWED_RESEARCH,2016-08-29,2026-08-27,99.40827034648545,99.47530222129764,99.37591013105887,74.09102466310704,99.40827034648545,95.6176178258558,5,ROBUST POSITIVE,LOW LIQUIDITY,257,
364,348,INE686I01011,504,504,3444424961991.9883,1297624913890.3518,34444249.61991988,12976249.138903515,0.4725064025730509,3.7665386961463296,4.875272565104636,-0.2259823934697354,0.6309523809523809,0.0345831230071156,0.0198253968253968,9.629641429416834,0.3979999999999999,-0.1753333333333333,0.2042139384116693,1008.0,0.058237584770135,0.0025941082052743,13.33141113265842,6.192567451617695e-35,0.0294865009116318,0.0396797451025994,36,2,3.1710743827631527,-0.12956968483068,0.4438579794339681,-96769.45668135092,1297625010659.8086,3444424961991.9883,2114637293247.1023,1297624913890.3518,487928871768.0822,183119869105.6641,SITASHREE,SITASHREE,BZ,2016-08-29,2020-03-09,783,40451.6,18511.0,0.0089399744572158,0.0849601069766788,67,0,0.3172609400324149,LOW,PARTIAL,False,True,gap_fade_100,"{""gap_threshold"":0.01}",INTRADAY_SHORT_ALLOWED_RESEARCH,2016-08-29,2026-08-27,98.28259713843238,97.43198576150522,98.82578646880707,80.82657235975313,98.28259713843238,95.60270901231999,5,ROBUST POSITIVE,LIMITED SAMPLE,744,
365,128,INE283A01014,1468,1468,1.1201671598838082e+17,6250974259726687.0,1120167159883.808,62509742597.26687,0.4868851529321015,5.478384771063329,6.585979918779538,-0.2924052061778258,0.670299727520436,0.0177949848164914,0.0147594716277264,3.7237590731847328,0.1794024390243901,-0.1743320158102765,0.5948136142625607,2936.0,0.0381254673653895,0.0009950665984275,17.883209872195923,7.379777268740822e-65,0.0158430797031218,0.0197468899298611,112,9,1.6141831510299394,-0.1956507429019096,0.2571790919046096,1389182.321547286,6250974258337505.0,1.1201671598838082e+17,2.648034891327317e+16,6250974259726687.0,346848859522720.8,19135980851049.496,PRECOT,PRECOT LIMITED,EQ,2016-08-29,2026-08-27,2454,718937.6,3944.5,0.0232273838630806,0.0570476322223022,71,0,0.994327390599676,LOW,FULL,False,True,gap_fade_100,"{""gap_threshold"":0.01}",INTRADAY_SHORT_ALLOWED_RESEARCH,2016-08-29,2026-08-27,99.38977879481313,99.29963248041051,99.38053301897696,74.25051429628088,99.38977879481313,95.59901070198553,5,ROBUST POSITIVE,LOW LIQUIDITY,265,
366,49,INE947I01017,1550,1550,6.382269493755043e+19,3.060302688688107e+18,638226949375504.2,30603026886881.07,0.4992732093278482,6.633558439659922,8.162526227958883,-0.3167898960194003,0.7490322580645161,0.0209265549723918,0.0203800252928647,4.669947846562725,0.2183007518796992,-0.1755849056603773,0.6280388978930308,3100.0,0.0375821208140415,0.0009545868232639,21.922107515415995,5.342039349387775e-93,0.0190541361191117,0.0227989738256718,114,7,1.3550523234756882,-0.1500656088716341,0.2571020938702869,685931.8971369233,3.060302688687421e+18,6.382269493755043e+19,1.3985994893585584e+19,3.060302688688107e+18,1.4586788875776493e+17,6911158344316431.0,LOTUSEYE,LOTUS EYE HOSP & INST L,EQ,2016-08-29,2026-08-27,2444,611168.525,12527.0,0.0024549918166939,0.0641450696389178,11,0,0.9902755267423016,LOW,FULL,False,True,gap_fade_100,"{""gap_threshold"":0.01}",INTRADAY_SHORT_ALLOWED_RESEARCH,2016-08-29,2026-08-27,99.76885560409588,99.8266417030719,99.78041282389108,71.86972701846844,99.76885560409588,95.59785498000602,5,ROBUST POSITIVE,LOW LIQUIDITY,101,
367,291,INE061A01014,1242,1242,112362088069903.92,9732925199547.871,1123620880.6990392,97329251.99547872,0.3653066384137344,5.341104813790962,4.876926543498186,-0.2601482975529132,0.7423510466988728,0.015385502450334,0.0145248695808598,4.18061985530033,0.2131785714285714,-0.1841376281112736,0.5032414910858996,2484.0,0.0305783172104901,0.0008676664075014,17.73204807437358,6.977693590998709e-63,0.0136832473356412,0.0170877575650268,111,9,0.6672005345523577,-0.1713263403579773,0.1536281541105245,-11379.82892157245,9732925210927.7,112362088069903.92,33089743190700.742,9732925199547.871,839012378870.0245,71975712571.45016,INDIANCARD,INDIAN CARD CLOTHING CO.,EQ,2016-08-29,2026-08-27,2465,472751.97,2514.0,0.0223123732251521,0.0470312360193636,15,0,0.9987844408427876,LOW,FULL,False,True,gap_fade_100,"{""gap_threshold"":0.01}",INTRADAY_SHORT_ALLOWED_RESEARCH,2016-08-29,2026-08-27,98.60619929269815,99.20024039017174,98.64549384000185,77.63677969627626,98.60619929269815,95.58745348219033,5,ROBUST POSITIVE,LOW LIQUIDITY,604,
368,61,INE123B01028,1661,1661,2.5542168222487884e+19,9.784753703550072e+17,255421682224878.8,9784753703550.072,0.5373144610844273,5.985305541883069,6.296297814527919,-0.3122795998077771,0.7230583985550872,0.0189622486335998,0.0186896551724138,3.713115288722815,0.2658571428571428,-0.1841946169772257,0.6730145867098866,3322.0,0.0398117502248065,0.0009768467916732,19.41169157255299,8.264275601364535e-76,0.0170462671111092,0.0208782301560903,112,9,1.3351646188193134,-0.2547957916192764,0.2557473345510002,23763.01201287833,9.784753703549834e+17,2.5542168222487884e+19,5.003249770221276e+18,9.784753703550072e+17,3.724343212921389e+16,1408465151980212.5,NAGREEKEXP,NAGREEKA EXPORTS LTD.,EQ,2016-08-29,2026-08-27,2466,263349.1,8873.0,0.0052716950527169,0.0659458041360018,44,1,0.9991896272285252,LOW,FULL,False,True,gap_fade_100,"{""gap_threshold"":0.01}",INTRADAY_SHORT_ALLOWED_RESEARCH,2016-08-29,2026-08-27,99.72031528095602,99.57238286757737,99.71106950511985,72.30427848276818,99.72031528095602,95.57647412338488,5,ROBUST POSITIVE,LOW LIQUIDITY,122,
369,984,INE048C01025,385,385,267620595.9362617,125693862.86146726,2676.2059593626173,1256.9386286146726,0.1782878719549322,4.180320214882481,4.197419746721506,-0.0583189100605542,0.7896103896103897,0.0189589917064265,0.0184577968526467,9.100424097128244,0.0815447796259749,-0.0493410635745702,0.1559967585089141,770.0,0.0224989818684314,0.0011466542919452,16.5341828305234,9.319259561059044e-47,0.0167044848021766,0.0212134986106765,25,2,0.5539847483780422,-0.032280619200392,0.1475321506726322,51308.16964013799,125642554.69182712,267620595.9362617,183448608.90341285,125693862.86146726,58919024.17289906,27548842.358276494,VHLTD,VICEROY HOTELS LIMITED,BE,2024-04-03,2026-08-27,539,1167668.63,9357.0,0.0,0.0442294488232178,26,1,0.2183954619124797,OK,PARTIAL,True,True,gap_fade_050,"{""gap_threshold"":0.005}",INTRADAY_SHORT_ALLOWED_RESEARCH,2016-08-29,2026-08-27,94.61895846335206,98.10230450962717,96.29937822157501,94.07692485495689,94.6212699073111,95.5708688717842,5,ROBUST POSITIVE,LIMITED SAMPLE,2329,
370,931,INE048C01025,334,334,222327310.7253615,115605164.4253138,2223.273107253615,1156.051644253138,0.1746598193170934,4.214469794831118,3.996752777452077,-0.0583189100605542,0.8173652694610778,0.0215841077268574,0.0206725041461414,12.76109434229216,0.0815447796259749,-0.0493410635745702,0.1353322528363047,668.0,0.0221989838251605,0.001214674351852,17.76946034461663,3.7245070312550636e-50,0.0191947054781759,0.0239735099755389,25,2,0.5512193954919138,-0.032280619200392,0.1463287428939705,51308.16964013799,115553856.25567366,222327310.7253615,160350060.30197075,115605164.4253138,60011923.92778578,31089583.431730397,VHLTD,VICEROY HOTELS LIMITED,BE,2024-04-03,2026-08-27,539,1167668.63,9357.0,0.0,0.0442294488232178,26,1,0.2183954619124797,OK,PARTIAL,True,True,gap_fade_100,"{""gap_threshold"":0.01}",INTRADAY_SHORT_ALLOWED_RESEARCH,2016-08-29,2026-08-27,94.56579525229411,98.14159905693086,96.37334442826435,94.07692485495689,94.56579525229411,95.56913528881492,5,ROBUST POSITIVE,LIMITED SAMPLE,2352,
371,222,INE991I01015,1372,1372,1386092056928351.5,92984882703435.98,13860920569.283516,929848827.0343598,0.4115742716952931,5.347184880835679,5.32989314886942,-0.2750118807131729,0.7383381924198251,0.0157095564008071,0.0154545546867066,3.7931426257666256,0.210471783295711,-0.1752673267326732,0.5559157212317666,2744.0,0.0331645128973102,0.0008953576885599,17.545564863661685,2.479495419556058e-62,0.0139531369756218,0.0174659758259924,111,10,1.0213966496254103,-0.2098746264139259,0.186678462575148,11732.202622494997,92984882691703.78,1386092056928351.5,359245520643039.25,92984882703435.98,6204614956783.652,411803721834.94464,ASPINWALL,ASPINWALL & CO LTD,EQ,2016-08-29,2026-08-27,2466,784212.155,3607.5,0.0145985401459854,0.0520468537662286,6,0,0.9991896272285252,LOW,FULL,False,True,gap_fade_100,"{""gap_threshold"":0.01}",INTRADAY_SHORT_ALLOWED_RESEARCH,2016-08-29,2026-08-27,98.93904722280008,99.20486327808983,98.92055567112776,76.13434112289947,98.93904722280008,95.56780620853849,5,ROBUST POSITIVE,LOW LIQUIDITY,460,
372,228,INE474L01016,1316,1316,940389070681579.0,70522804912056.98,9403890706.81579,705228049.1205698,0.4037813819432453,5.369238191900484,9.9542759646875,-0.2736114463050841,0.5349544072948328,0.0161342092844557,0.0047567567567567,4.130773008269611,0.1293131313131312,-0.0895,0.5332252836304701,2632.0,0.0330479578240947,0.0009109964468078,17.710507369144462,4.106945163411554e-63,0.014347044125315,0.0179213744435963,96,13,0.9091086507705524,-0.1103739816068953,0.2101721914266383,-51939.10238545,70522804963996.1,940389070681579.0,257688866029885.9,70522804912056.98,5261754242354.366,390572477642.4415,OMKARCHEM,OMKAR SPL CHEM LTD,BZ,2016-08-29,2026-04-28,2143,339686.75,30262.0,0.0037330844610359,0.0545000801992623,221,1,0.8683144246353323,LOW,PARTIAL,False,True,gap_fade_100,"{""gap_threshold"":0.01}",INTRADAY_SHORT_ALLOWED_RESEARCH,2016-08-29,2026-08-27,98.89744123153734,99.22104338580311,98.90899845133255,76.24066754501537,98.89744123153734,95.56595705337125,5,ROBUST POSITIVE,LIMITED SAMPLE,478,
373,212,INE100D01014,1420,1420,3296096451665346.5,201125945050882.53,32960964516.653465,2011259450.5088253,0.4672821958534718,4.926659630249166,7.395012673940522,-0.2753331044230964,0.5218309859154929,0.0158777172340874,0.0040624791179418,4.08498339985544,0.2301428571428572,-0.1832499999999999,0.5753646677471637,2840.0,0.0374070629122397,0.0009926803790819,15.994793055919548,4.527408888288806e-53,0.0139304384965697,0.0178249959716051,92,12,1.0882405774360135,-0.093125484515973,0.2423712007998521,362227.7075615844,201125944688654.8,3296096451665346.5,814766912149748.8,201125945050882.53,12204964156403.107,736538715185.1594,WSI,W.S.INDUSTRIES (I) LTD.,EQ,2016-08-29,2026-08-27,2093,89609.9,12361.0,0.051122790253225,0.0473515115524539,479,0,0.8480551053484603,LOW,PARTIAL,False,True,gap_fade_050,"{""gap_threshold"":0.005}",INTRADAY_SHORT_ALLOWED_RESEARCH,2016-08-29,2026-08-27,99.0407507569979,98.9228671150868,98.99221043385803,76.09157940965721,99.0407507569979,95.56509026188661,5,ROBUST POSITIVE,LIMITED SAMPLE,416,
374,650,INE078A01026,759,759,17332900621.87892,3881585832.9834976,173329.0062187892,38815.85832983498,0.319844941440624,3.5328967110461416,5.736285231760167,-0.133698272032631,0.4255599472990777,0.0145805284815948,-0.002,4.666790895656893,0.1979999999999999,-0.114956810631229,0.3075364667747163,1518.0,0.0342611085544975,0.0012435994547804,11.724457119650982,2.718866070429565e-29,0.0121392201973057,0.0170218367658839,55,7,1.5848265841865676,-0.0775112751921637,0.2043618413849679,-93701.86335403728,3881679534.846852,17332900621.87892,8205444046.041819,3881585832.9834976,866626280.783478,192853830.1126948,EMCO,EMCO,BZ,2016-08-29,2021-10-26,1272,102689.75,29082.0,0.0023584905660377,0.0498109492534202,223,0,0.5153970826580226,LOW,PARTIAL,False,True,gap_fade_100,"{""gap_threshold"":0.01}",INTRADAY_SHORT_ALLOWED_RESEARCH,2016-08-29,2026-08-27,96.51434250976585,96.97200841365601,97.15461248642026,88.71784203591983,96.51434250976585,95.56445461479787,5,ROBUST POSITIVE,LIMITED SAMPLE,1509,
375,313,INE429F01012,1065,1065,62348076634071.92,7687200055393.517,623480766.3407191,76872000.55393517,0.3937576549574492,4.916757997073588,7.446807161051171,-0.2584394712751524,0.5605633802816902,0.0178033959018443,0.0097647058823529,4.238381343500088,0.138625,-0.1045641025641024,0.4315235008103728,2130.0,0.0353014060047181,0.0010817258276072,16.458325619556177,2.1448989909444607e-54,0.0156808377470235,0.019925954056665,62,2,0.8714397875109019,-0.1295842762504324,0.2475383186577116,-85412.2621564482,7687200140805.778,62348076634071.92,21903787702735.184,7687200055393.517,943889060701.0856,115418127470.77542,SKIL,SKIL INFRASTRUCTURE LTD.,BZ,2016-08-29,2026-08-24,1538,370637.725,44284.5,0.0045513654096228,0.0617071787849355,151,0,0.6231766612641815,LOW,PARTIAL,False,True,gap_fade_050,"{""gap_threshold"":0.005}",INTRADAY_SHORT_ALLOWED_RESEARCH,2016-08-29,2026-08-27,98.58077340914869,98.91362133925064,98.74719737419966,77.79395788549107,98.58077340914869,95.56260545963062,5,ROBUST POSITIVE,LIMITED SAMPLE,615,
376,683,INE544R01013,920,920,29830136957.84344,4845936490.038782,298301.3695784344,48459.36490038782,0.2696036100936568,4.22757218325892,3.814817723222433,-0.1552921407745321,0.7108695652173913,0.0121331487544172,0.0127508604851148,3.6210601140191137,0.1794338559098116,-0.1347857142857144,0.3727714748784441,1840.0,0.0261123470146478,0.0008608985867996,14.093586562293348,5.543775360677904e-41,0.0104435933595348,0.0138227041492996,63,4,0.6736763210739252,-0.0369835666079193,0.1386041544019326,159471.42857142747,4845777018.61021,29830136957.84344,12028545136.872604,4845936490.038782,784328555.2406182,126417510.69490272,GREENLAM,GREENLAM,EQ,2016-08-29,2022-02-10,1348,2037490.875,2391.5,0.0044510385756676,0.0469021775730082,0,1,0.546191247974068,OK,PARTIAL,False,True,gap_fade_050,"{""gap_threshold"":0.005}",INTRADAY_SHORT_ALLOWED_RESEARCH,2016-08-29,2026-08-27,96.58599727249613,98.14853338880799,97.03441740055013,87.06284816124634,96.58599727249613,95.55971615468184,5,ROBUST POSITIVE,LIMITED SAMPLE,1478,
377,470,INE589G01011,862,862,500320855262.5612,91763380177.55267,5003208.552625612,917633.8017755268,0.340910300009151,4.290590908496013,4.39564693012529,-0.2091901601245793,0.6090487238979119,0.0166186055513992,0.011745866792631,4.264772357790126,0.155608695652174,-0.1722127659574468,0.3492706645056726,1724.0,0.033786222016354,0.0011507632885751,14.441376186041342,1.7157472065071718e-42,0.0143599759231834,0.0188772351796151,64,5,0.8261375386877177,-0.138613068938083,0.1791359549292905,-96672.42146480376,91763476849.97417,500320855262.5612,214358368999.7468,91763380177.55267,16773925373.471024,3055842619.125997,BRFL,BRFL,BZ,2016-08-29,2022-12-12,1440,1330964.35,86392.5,0.0,0.0541342140479521,118,0,0.5834683954619124,OK,PARTIAL,False,True,gap_fade_100,"{""gap_threshold"":0.01}",INTRADAY_SHORT_ALLOWED_RESEARCH,2016-08-29,2026-08-27,97.63770427385988,98.24792547904676,98.037584078774,82.42378013545061,97.63770427385988,95.55763585511869,5,ROBUST POSITIVE,LIMITED SAMPLE,1023,
378,483,INE055C01020,849,849,385536395940.2632,72552395902.44875,3855363.959402632,725523.9590244874,0.3131672444273947,4.562672352837403,8.075759747891206,-0.210813799553954,0.4734982332155477,0.0164828588021998,-0.002,6.225886178131725,0.1518461538461537,-0.0976521739130433,0.3440032414910859,1698.0,0.0308831912631622,0.0010599083802644,15.551210943428028,3.6372111532103024e-48,0.0144025073026279,0.0185632103017717,46,12,0.8785679854681774,-0.0625395988521807,0.233053641545632,494182.3471149505,72551901720.10162,385536395940.2632,167315902907.8065,72552395902.44875,13608328079.02578,2543955884.423685,KEEPLEARN,DSJ KEEP LEARNING LTD,EQ,2021-03-25,2026-08-27,1148,81539.32,26850.0,0.0060975609756097,0.0479081955225887,320,1,0.4651539708265802,LOW,PARTIAL,True,True,gap_fade_100,"{""gap_threshold"":0.01}",INTRADAY_SHORT_ALLOWED_RESEARCH,2016-08-29,2026-08-27,97.57067239904768,98.5530360816402,97.98442086771605,82.2770034440515,97.57067239904768,95.55584448605045,5,ROBUST POSITIVE,LIMITED SAMPLE,1052,
379,453,INE236Y01012,762,762,549247513031.01984,123103964531.39694,5492475.130310198,1231039.645313969,0.319001453276168,4.657891033969031,3.8541363417276617,-0.221390066184319,0.7414698162729659,0.0190972849972199,0.0186504297364429,4.971200789851788,0.1288188111721173,-0.1838181818181816,0.3087520259319287,1524.0,0.0325062384938206,0.0011775767752899,16.21744365034507,5.0290555698671625e-51,0.0167856003132974,0.0214089696811424,57,4,0.9793306220922208,-0.1014845162898391,0.2026836767911665,-36424.242424242846,123104000955.63936,549247513031.01984,260123522319.9609,123103964531.39694,27510371145.30771,6129611527.896778,NGIL,NAKODA GROUP OF IND. LTD,EQ,2021-08-20,2026-08-27,1240,1245740.8250000002,21607.5,0.0,0.0614053761251714,12,0,0.5024311183144247,OK,PARTIAL,True,True,gap_fade_100,"{""gap_threshold"":0.01}",INTRADAY_SHORT_ALLOWED_RESEARCH,2016-08-29,2026-08-27,97.73016203222153,98.68941127522363,98.22018815153827,81.29810692739754,97.73016203222153,95.5552088389617,5,ROBUST POSITIVE,LIMITED SAMPLE,983,
380,773,INE890I01035,23,23,1555099999.9999971,1508351449.303347,15550.99999999997,15083.514493033472,0.8849906438575644,1.417667378741711,,0.0,1.0,0.5342318840579707,0.4979999999999998,,0.998,0.3313333333333332,0.0093192868719611,46.0,0.2300445814233593,0.0479676111024967,11.137346050367787,1.6426186445371994e-10,0.434753147260809,0.6337106208551324,8,0,6.543259820119962,0.0,0.837428153055985,0.0,1508351449.303347,1555099999.9999971,1531555255.5327227,1508351449.303347,1462947864.5699897,1418852287.422773,FARMAXIND,FARMAXIND,BZ,2016-08-29,2018-07-02,171,5010.35,50094.0,0.0467836257309941,0.2300194931773878,99,51,0.0692868719611021,LOW,PARTIAL,False,True,gap_fade_050,"{""gap_threshold"":0.005}",INTRADAY_SHORT_ALLOWED_RESEARCH,2016-08-29,2026-08-27,96.05552088389618,89.67131266902435,97.79372674109517,98.9113098952916,96.05552088389618,95.55468876407093,5,ROBUST POSITIVE,LIMITED SAMPLE,1707,
381,713,INE890I01035,23,23,1555099999.9999971,1508351449.303347,15550.99999999997,15083.514493033472,0.8849906438575644,1.417667378741711,,0.0,1.0,0.5342318840579707,0.4979999999999998,,0.998,0.3313333333333332,0.0093192868719611,46.0,0.2300445814233593,0.0479676111024967,11.137346050367787,1.6426186445371994e-10,0.434753147260809,0.6337106208551324,8,0,6.543259820119962,0.0,0.837428153055985,0.0,1508351449.303347,1555099999.9999971,1531555255.5327227,1508351449.303347,1462947864.5699897,1418852287.422773,FARMAXIND,FARMAXIND,BZ,2016-08-29,2018-07-02,171,5010.35,50094.0,0.0467836257309941,0.2300194931773878,99,51,0.0692868719611021,LOW,PARTIAL,False,True,gap_fade_100,"{""gap_threshold"":0.01}",INTRADAY_SHORT_ALLOWED_RESEARCH,2016-08-29,2026-08-27,96.05552088389618,89.67131266902435,97.79372674109517,98.9113098952916,96.05552088389618,95.55468876407093,5,ROBUST POSITIVE,LIMITED SAMPLE,1707,
382,194,INE888B01018,1209,1209,2362324306819139.0,219894860726301.44,23623243068.19139,2198948607.2630143,0.3916009914965213,5.824418438322304,6.8755055051086345,-0.2848598133883852,0.7088502894954508,0.0184762855016387,0.0166034658511722,4.903881179161296,0.2641536295809676,-0.1862717543043275,0.489870340356564,2418.0,0.03268756539138,0.0009400899817973,19.653741513460584,7.738675734838426e-75,0.0166318950260572,0.0203206759772203,91,2,0.882170558306294,-0.0951249168125639,0.1848974889892782,-92116.65024842454,219894860818418.1,2362324306819139.0,721158421552041.9,219894860726301.44,20373216331340.656,1878732844295.6667,PODDARHOUS,PODDAR HOUSE & DVPT LTD,BZ,2017-04-10,2025-06-30,1915,446830.1,1731.0,0.0694516971279373,0.0545468785724033,46,0,0.7759319286871961,LOW,PARTIAL,True,True,gap_fade_100,"{""gap_threshold"":0.01}",INTRADAY_SHORT_ALLOWED_RESEARCH,2016-08-29,2026-08-27,99.05924230867022,99.49379377296998,99.10315974389201,75.02253657860065,99.05924230867022,95.54943022906409,5,ROBUST POSITIVE,LIMITED SAMPLE,408,
383,575,INE294A01037,760,760,53735196726.14083,12034167152.59206,537351.9672614083,120341.6715259206,0.360349483062661,3.492409823053836,5.815669828658033,-0.1587958073831821,0.3842105263157894,0.0162173588532312,-0.002,5.008894506875678,0.2837142857142858,-0.0942619047619048,0.3079416531604538,1520.0,0.0386340786283718,0.0014014053244883,11.57221152927504,1.229145061950068e-28,0.0134662678919003,0.0189684498145621,65,16,0.7205449799616153,-0.1163919442569003,0.1738158584924391,-85526.0431058303,12034252678.635166,53735196726.14083,25438885361.61771,12034167152.59206,2687075470.545844,598151365.3765788,BALLARPUR,BALLARPUR,BZ,2016-08-29,2023-06-22,1601,3132373.7,1146791.0,0.0,0.0613130208519485,227,0,0.6487034035656402,OK,PARTIAL,False,True,gap_fade_100,"{""gap_threshold"":0.01}",INTRADAY_SHORT_ALLOWED_RESEARCH,2016-08-29,2026-08-27,96.96738552573792,96.90035365092572,97.58916395072002,86.77391766636617,96.96738552573792,95.54931465686613,5,ROBUST POSITIVE,LIMITED SAMPLE,1313,
384,700,INE067H01016,459,459,4448961441.156209,1812207369.0601175,44489.61441156209,18122.073690601177,0.2431207674060103,4.244019235869657,4.386924617603848,-0.1448455568236298,0.6797385620915033,0.0220156407903993,0.0179999999999999,8.76901733328724,0.1032631578947369,-0.1301690140845068,0.1859805510534846,918.0,0.029462031031126,0.00137516984293,16.00939760538326,3.9046068236632976e-46,0.0193132160122275,0.0247180655685711,31,2,0.8297157369631956,-0.0644384676095635,0.1969141063042635,-95644.2831215971,1812303013.3432395,4448961441.156209,2840078293.598188,1812207369.0601175,736836413.2343371,299029931.457078,ABGSHIP,ABGSHIP,BZ,2016-08-29,2019-05-15,669,233257.95,25266.0,0.0,0.0560136141325247,47,0,0.2710696920583468,LOW,PARTIAL,False,True,gap_fade_100,"{""gap_threshold"":0.01}",INTRADAY_SHORT_ALLOWED_RESEARCH,2016-08-29,2026-08-27,96.14220003236021,98.1947622679888,97.33490511522548,87.83024755564801,96.14220003236021,95.54446062455216,5,ROBUST POSITIVE,LIMITED SAMPLE,1670,
385,446,INE143H01015,624,624,447953415520.26544,132217652757.05405,4479534.155202654,1322176.5275705403,0.4266517037115779,3.5815892753958707,6.282426629497047,-0.2016569919713927,0.421474358974359,0.0239833193333711,-0.002,6.804938199648806,0.2837142857142857,-0.1692354948805461,0.252836304700162,1248.0,0.0492944917076923,0.0019733589874782,12.153551120477832,1.1941869461499376e-30,0.0201080782242499,0.0278585604424923,48,4,1.886165247188052,-0.0415658833834795,0.2873519628646595,-96996.4664310954,132217749753.52046,447953415520.26544,243439467141.3221,132217652757.05405,38931844502.33793,11435996725.550669,KSK,KSK,BZ,2016-08-29,2021-01-15,1060,1070232.675,540097.0,0.0,0.0810183877974037,132,0,0.4294975688816855,OK,PARTIAL,False,True,gap_fade_100,"{""gap_threshold"":0.01}",INTRADAY_SHORT_ALLOWED_RESEARCH,2016-08-29,2026-08-27,97.75327647181194,97.06446617201766,98.3565633451217,83.13339343087627,97.75327647181194,95.54318933037469,5,ROBUST POSITIVE,LIMITED SAMPLE,973,
386,322,INE210C01013,1246,1246,32789880632935.297,2810135837204.165,327898806.329353,28101358.372041654,0.3959047835364732,4.634678827594233,4.457857335131958,-0.2467720452924227,0.7287319422150883,0.0144223810365341,0.0160485110996306,3.184559444306529,0.1772490916431166,-0.1628643457382954,0.5048622366288493,2492.0,0.0336066748146197,0.0009520648305074,15.148528308567538,1.0518294868665631e-47,0.0125545524216698,0.0162902096513984,107,14,1.175411807860275,-0.1580763061764979,0.178283970887277,-67297.12460063898,2810135904501.29,32789880632935.297,9604989020290.736,2810135837204.165,239664722679.0321,20340434327.28181,AROGRANITE,ARO GRANITE IND. LTD.,EQ,2016-08-29,2026-08-27,2468,1047086.8,21841.5,0.0,0.055902384128242,1,0,1.0,OK,FULL,False,False,gap_fade_100,"{""gap_threshold"":0.01}",INTRADAY_SHORT_ALLOWED_RESEARCH,2016-08-29,2026-08-27,98.41434944409772,98.65473961583801,98.45826687931951,78.84797633081386,98.41434944409772,95.53625499849755,5,ROBUST POSITIVE,COMPARABLE,687,26
387,221,INE100D01014,1205,1205,1097892565783512.0,102821817691562.52,10978925657.83512,1028218176.9156252,0.4474398384821218,4.970767711503964,7.071779462618532,-0.2753331044230964,0.5203319502074689,0.0180765557888946,0.0041452984257934,5.087967518039332,0.2301428571428572,-0.1832499999999999,0.4882495948136142,2410.0,0.038216220215729,0.0011009160604983,16.419558618040618,7.96254336755811e-55,0.0159166286527733,0.0202364829250159,88,16,1.0882405774360135,-0.0918090910335096,0.2372800308895056,362227.7075615844,102821817329334.8,1097892565783512.0,336182853476847.5,102821817691562.52,9584792656161.729,889291455069.9161,WSI,W.S.INDUSTRIES (I) LTD.,EQ,2016-08-29,2026-08-27,2093,89609.9,12361.0,0.051122790253225,0.0473515115524539,479,0,0.8480551053484603,LOW,PARTIAL,False,True,gap_fade_100,"{""gap_threshold"":0.01}",INTRADAY_SHORT_ALLOWED_RESEARCH,2016-08-29,2026-08-27,98.94829299863625,98.95753877447241,99.0130134294894,76.09157940965721,98.94829299863625,95.53457920162725,5,ROBUST POSITIVE,LIMITED SAMPLE,456,
388,348,INE474B01017,648,648,10301310652054.22,2915849609546.0874,103013106.5205422,29158496.095460877,0.4368569323952095,4.233598741497986,6.288066215058056,-0.2467978862183774,0.5910493827160493,0.0279523634094716,0.0160194805194805,7.82277987592961,0.3979999999999999,-0.127,0.2625607779578606,1296.0,0.0480682945686083,0.0018883009471964,14.802917644548597,6.4983954572398555e-43,0.0242444252222753,0.0316603015966679,46,3,1.275086400049684,-0.1013855196420669,0.3023706913847572,-92682.92682926824,2915849702229.014,10301310652054.22,5482296383829.811,2915849609546.0874,823314911687.3895,231894682183.7741,PSL,PSL,BE,2016-08-29,2020-10-12,966,103644.85,39708.5,0.0041407867494824,0.0707311753143955,94,0,0.3914100486223663,LOW,PARTIAL,False,True,gap_fade_050,"{""gap_threshold"":0.005}",INTRADAY_SHORT_ALLOWED_RESEARCH,2016-08-29,2026-08-27,98.42128377597486,98.16702494048032,98.84658946443844,78.83757483299817,98.42128377597486,95.51793680512216,5,ROBUST POSITIVE,LIMITED SAMPLE,684,
389,281,INE458F01011,1649,1649,604277775068025.1,23246729552189.777,6042777750.680251,232467295.52189776,0.3897068598113162,5.261290626964969,5.326047225850059,-0.2662173566474018,0.7222559126743481,0.0121773924273773,0.0114048257372654,3.3353092749525444,0.1621534391534391,-0.1876600811199791,0.6681523500810372,3298.0,0.0292049481371063,0.0007191940926687,16.931997289061837,2.046355038810468e-59,0.0107667618909337,0.013588022963821,115,6,1.1034295075882286,-0.1946201389866083,0.1667285660363714,14126.110259039311,23246729538063.668,604277775068025.1,118617553498349.72,23246729552189.777,888553852180.2827,33743490702.1138,UNITEDTEA,UNITED NILGIRI TEA LTD,EQ,2016-08-29,2026-08-27,2460,528951.125,1501.5,0.0463414634146341,0.0465611270513714,5,0,0.9967585089141004,LOW,FULL,False,True,gap_fade_050,"{""gap_threshold"":0.005}",INTRADAY_SHORT_ALLOWED_RESEARCH,2016-08-29,2026-08-27,98.7263943785683,99.14938862307284,98.52992164204979,77.02886993504843,98.7263943785683,95.51707001363752,5,ROBUST POSITIVE,LOW LIQUIDITY,552,
390,328,INE474B01017,600,600,8430092641801.845,2625907020774.9604,84300926.41801845,26259070.207749605,0.4331510237573616,4.241190677517056,6.315413454067604,-0.2467978862183774,0.595,0.0299861360787459,0.0213466569767442,9.082626914215773,0.3979999999999999,-0.127,0.2431118314424635,1200.0,0.0488327259220123,0.0019935876876351,15.041292773189127,1.3050380514054852e-43,0.026070864927899,0.0339014072295929,46,3,1.275086400049684,-0.0638503776408079,0.3010335482635683,-92682.92682926824,2625907113457.887,8430092641801.845,4706295394830.519,2625907020774.9604,816089340361.3512,253048344075.017,PSL,PSL,BE,2016-08-29,2020-10-12,966,103644.85,39708.5,0.0041407867494824,0.0707311753143955,94,0,0.3914100486223663,LOW,PARTIAL,False,True,gap_fade_100,"{""gap_threshold"":0.01}",INTRADAY_SHORT_ALLOWED_RESEARCH,2016-08-29,2026-08-27,98.39123500450732,98.19013938007073,98.8558352402746,78.83757483299817,98.39123500450732,95.5108869010471,5,ROBUST POSITIVE,LIMITED SAMPLE,697,
391,429,INE368I01016,874,874,1008433119997.3324,180812587828.73883,10084331.199973322,1808125.878287388,0.3430027614956323,4.470530844461077,3.5271271371906496,-0.2245780879090303,0.7391304347826086,0.0171826401188833,0.018,4.036634457892351,0.1706954492415402,-0.1588627450980393,0.3541329011345219,1748.0,0.0335918455682179,0.0011362611259365,15.122087455663374,4.642815340071778e-46,0.014952517371279,0.0194127628664876,66,5,1.0597712455923984,-0.1502025494021216,0.1859809013943877,-25404.69973890333,180812613233.43857,1008433119997.3324,427190519571.11017,180812587828.73883,32309998345.40889,5753894600.626887,NIRAJ,NIRAJ CEMENT STRUC LTD,EQ,2020-10-01,2026-08-27,1458,924570.825,23382.0,0.0,0.0562741969808796,19,0,0.5907617504051864,LOW,PARTIAL,True,True,gap_fade_100,"{""gap_threshold"":0.01}",INTRADAY_SHORT_ALLOWED_RESEARCH,2016-08-29,2026-08-27,97.84573423017359,98.45595543536047,98.20169659986594,80.97219332917274,97.84573423017359,95.5079398099993,5,ROBUST POSITIVE,LIMITED SAMPLE,933,
392,516,INE055C01020,883,883,386301573086.1792,67907723410.03549,3863015.730861792,679077.234100355,0.3239426346644271,4.401395500923595,6.1722833377787865,-0.210813799553954,0.4767836919592298,0.0158140248250496,-0.002,5.412055986247664,0.1518461538461537,-0.1890967741935483,0.3577795786061588,1766.0,0.0316854651566577,0.0010663008007724,14.830735204919511,1.3651579109145817e-44,0.0137212418102098,0.0179068078398893,46,12,0.9219844521163564,-0.0625395988521807,0.2405390776270375,494182.3471149505,67907229227.68838,386301573086.1792,162035031694.29004,67907723410.03549,11896481879.93296,2076858631.391225,KEEPLEARN,DSJ KEEP LEARNING LTD,EQ,2021-03-25,2026-08-27,1148,81539.32,26850.0,0.0060975609756097,0.0479081955225887,320,1,0.4651539708265802,LOW,PARTIAL,True,True,gap_fade_050,"{""gap_threshold"":0.005}",INTRADAY_SHORT_ALLOWED_RESEARCH,2016-08-29,2026-08-27,97.5544922913344,98.38892356054826,97.91276610498578,82.2770034440515,97.5544922913344,95.50140998081501,5,ROBUST POSITIVE,LIMITED SAMPLE,1059,
393,717,INE544R01013,666,666,5367351649.568294,1445026669.3627386,53673.51649568293,14450.266693627384,0.2461106049718472,4.1024352097058685,3.0126810027150674,-0.1347857142857143,0.7582582582582582,0.014847127713035,0.0144953323797334,4.624382857585197,0.1794338559098116,-0.1347857142857144,0.2698541329011345,1332.0,0.0270274632355722,0.0010472929274568,14.176671419989416,4.705232158526999e-40,0.0127907285660959,0.0169035268599742,61,6,0.525870475679814,-0.0327114741958959,0.1238756011701924,159471.42857142747,1444867197.9341671,5367351649.568294,2785876654.802421,1445026669.3627386,387977007.7643473,103844059.09215093,GREENLAM,GREENLAM,EQ,2016-08-29,2022-02-10,1348,2037490.875,2391.5,0.0044510385756676,0.0469021775730082,0,1,0.546191247974068,OK,PARTIAL,False,True,gap_fade_100,"{""gap_threshold"":0.01}",INTRADAY_SHORT_ALLOWED_RESEARCH,2016-08-29,2026-08-27,96.0289392783672,98.0029124193884,96.96276263781985,88.61151561380395,96.0289392783672,95.49788502877749,5,ROBUST POSITIVE,LIMITED SAMPLE,1719,
394,830,INE00IK01029,528,528,2049235485.5262504,725845728.3476943,20492.354855262507,7258.457283476942,0.2512086496495915,3.740158563057904,3.902813707371248,-0.1098130348756256,0.7386363636363636,0.0174275081877224,0.015987195592358,5.2757921967262,0.2115761589403972,-0.0740923683469445,0.2139384116693679,1056.0,0.0305462698306055,0.0013293557625755,13.109739829132025,3.486331346240016e-34,0.0148160211908854,0.0200389951845594,37,0,0.6304760213593219,0.0,0.1496369094411551,-82194.58668617408,725927922.9343804,2049235485.5262504,1219926982.2537868,725845728.3476943,256529672.75501668,90435248.18324342,OSWALSEEDS,SHREEOSWAL S AND CHE LTD,EQ,2023-08-18,2026-08-27,745,1035974.69,51745.0,0.0,0.0547347924723358,12,1,0.3018638573743922,OK,PARTIAL,True,True,gap_fade_050,"{""gap_threshold"":0.005}",INTRADAY_SHORT_ALLOWED_RESEARCH,2016-08-29,2026-08-27,95.66835402075677,97.40193699003767,96.89573076300765,90.58086586690706,95.66835402075677,95.49742273998567,5,ROBUST POSITIVE,LIMITED SAMPLE,1875,
395,24,INE392B01011,1843,1843,3.452172426895488e+21,9.270974745490144e+19,3.452172426895488e+16,927097474549014.4,0.5898524239917933,6.298641809975344,7.461082273087892,-0.3268115841572671,0.7021161150298426,0.0197428369812245,0.0186611570247934,3.747699011500365,0.2431612903225806,-0.1936376306620211,0.7467585089141004,3686.0,0.0418373122772696,0.0009745432305369,20.258554328417155,1.5188717420221657e-82,0.0178315114441421,0.0216541625183069,111,10,2.420826515625233,-0.1913498700023675,0.3798607503408647,17072.34526624663,9.270974745490144e+19,3.452172426895488e+21,5.6623281925039096e+20,9.270974745490144e+19,2.472085155383454e+18,6.544769032902702e+16,PNC,PRITISH NANDY COMMUNICATI,EQ,2016-08-29,2026-08-27,2466,277436.32499999995,11624.0,0.0040551500405515,0.0692003299570433,48,0,0.9991896272285252,LOW,FULL,False,True,gap_fade_050,"{""gap_threshold"":0.005}",INTRADAY_SHORT_ALLOWED_RESEARCH,2016-08-29,2026-08-27,99.89598502184315,99.70182372928367,99.86131336245752,70.8642488962855,99.89598502184315,95.49545801262047,5,ROBUST POSITIVE,LOW LIQUIDITY,46,
396,403,INE480M01011,1252,1252,3909995715522.184,329799457488.5159,39099957.15522184,3297994.5748851597,0.3603233148589232,4.439891823086768,8.184631880235154,-0.2267919592495355,0.4281150159744409,0.0125142561077394,-0.002,4.258309305251737,0.2169024390243903,-0.1508691138301818,0.5072933549432739,2504.0,0.0306395599086637,0.000865925160106,14.45189109207463,6.787633027322904e-44,0.0108154303639539,0.0142130818515248,86,32,0.9519245695974436,-0.1566229180495878,0.1936674832551586,4339108.760150217,329795118379.7558,3909995715522.184,1136262067821.13,329799457488.5159,27681851550.64297,2312006044.2066555,THOMASCOTT,THOMAS SCOTT (INDIA) LTD,EQ,2016-08-30,2026-08-27,1993,75877.5,1840.0,0.1580531861515303,0.0368531844084262,598,0,0.8075364667747164,LOW,PARTIAL,True,True,gap_fade_100,"{""gap_threshold"":0.01}",INTRADAY_SHORT_ALLOWED_RESEARCH,2016-08-29,2026-08-27,98.02140397106072,98.41666088805677,97.94512632041236,80.74104893326862,98.02140397106072,95.49314656866144,5,ROBUST POSITIVE,LIMITED SAMPLE,857,
397,386,INE289A01011,1180,1180,4253065383644.752,414420232870.399,42530653.83644752,4144202.3287039897,0.3567907646898791,4.5491169592459775,5.104031741449125,-0.2338233346998456,0.6898305084745763,0.0134711078927528,0.0141176940674925,3.196103231233378,0.2332941176470588,-0.1610106007067138,0.4781199351701782,2360.0,0.0310198453423026,0.0009030226103464,14.91779689501289,3.1411495132607503e-46,0.0116993972883618,0.0152428184971437,106,15,1.6470141266401654,-0.1852594734760672,0.1955598382967367,31461.208948119543,414420201409.19006,4253065383644.752,1328376570169.7783,414420232870.399,40195513818.45898,3880572150.360677,NAHARINDUS,NAHAR INDS ENT LTD,EQ,2016-08-29,2026-08-27,2468,2851728.325,27717.5,0.0,0.0505394623893659,0,0,1.0,OK,FULL,False,False,gap_fade_100,"{""gap_threshold"":0.01}",INTRADAY_SHORT_ALLOWED_RESEARCH,2016-08-29,2026-08-27,98.08612440191388,98.53916741788595,98.11617317338141,80.09846751265516,98.08612440191388,95.48459422601299,5,ROBUST POSITIVE,COMPARABLE,829,27
398,799,INE258Y01016,444,444,1180809598.7365017,494322547.6968892,11808.095987365015,4943.225476968892,0.2308058992540501,3.881129014266208,3.736248040751504,-0.1062805009043585,0.740990990990991,0.0197590758752901,0.016575309000925,6.881062173161486,0.1176969696969696,-0.0902692307692307,0.179902755267423,888.0,0.0292628922339664,0.0013887554071356,14.227902029230547,4.212408010855541e-38,0.0170297084749457,0.0224884432756345,34,0,0.6935136550071339,0.0,0.1540651796840155,196761.56703007047,494125786.1298591,1180809598.7365017,764175993.1078466,494322547.6968892,206550453.0618479,86123967.25698565,LGHL,LAXMI GOLDORNA HOUSE LTD,EQ,2023-11-10,2026-08-27,688,3062218.775,8272.5,0.0247093023255813,0.0533585226843054,19,1,0.2787682333873582,OK,PARTIAL,True,True,gap_fade_100,"{""gap_threshold"":0.01}",INTRADAY_SHORT_ALLOWED_RESEARCH,2016-08-29,2026-08-27,95.44414395672976,97.644638605737,96.87492776737628,90.81201026281119,95.44645540068882,95.47604188336454,5,ROBUST POSITIVE,LIMITED SAMPLE,1972,
399,268,INE224E01028,1093,1093,173093873678394.0,20207839411766.7,1730938736.78394,202078394.117667,0.4780266444439412,4.325745703918305,7.033573550948919,-0.2619705378350436,0.4675205855443732,0.0185283839599423,-0.002,4.821859802860374,0.3313333333333335,-0.1641621621621621,0.4428687196110211,2186.0,0.0430944096943423,0.0013034994587215,14.21433958869074,3.377603511487579e-42,0.0159707371444325,0.021086030775452,75,7,1.99333466617056,-0.1297606963321613,0.3052407684398899,-97070.51857995254,20207839508837.22,173093873678394.0,59173910875451.2,20207839411766.7,2349192248750.119,271938274353.53152,GATECH,GACM TECHNOLOGIES LIMITED,BE,2016-08-29,2026-08-27,1801,988563.6,378438.0,0.0,0.0593757089327992,333,0,0.729740680713128,LOW,PARTIAL,False,True,gap_fade_100,"{""gap_threshold"":0.01}",INTRADAY_SHORT_ALLOWED_RESEARCH,2016-08-29,2026-08-27,98.70327993897789,98.31495735385896,98.86276957215172,77.44492984767585,98.70327993897789,95.46876083489357,5,ROBUST POSITIVE,LIMITED SAMPLE,562,
400,174,INE025A01027,1807,1807,3.154739028943642e+16,890912755456916.0,315473902894.3642,8909127554.56916,0.4742258208360942,5.1897884021961005,6.015826631487782,-0.2877013768158175,0.6845600442722745,0.0133389397256103,0.0120845070422535,3.1375854453234004,0.2328484848484848,-0.1879182349123946,0.7321717990275527,3614.0,0.0342252673521321,0.0008051332699374,16.567368687479615,1.6852274680366585e-57,0.0117598492339203,0.0149180302173002,112,9,1.7844654448217083,-0.1185375531243224,0.256718415296632,365145.6330992591,890912755091770.4,3.154739028943642e+16,5306180245977496.0,890912755456916.0,24982696787667.24,695606471869.0,CONSOFINVT,CONSO. FIN. & HOLD. LTD.,BE,2016-08-29,2026-08-27,2455,679316.15,6241.0,0.015478615071283,0.0539469752923504,37,0,0.9947325769854132,LOW,FULL,False,True,gap_fade_050,"{""gap_threshold"":0.005}",INTRADAY_SHORT_ALLOWED_RESEARCH,2016-08-29,2026-08-27,99.214109053926,99.09622541201489,98.98296465802187,74.6943115364168,99.214109053926,95.46633381873657,5,ROBUST POSITIVE,LOW LIQUIDITY,341,
401,494,INE878H01016,737,737,257376398721.98477,60538605746.90583,2573763.9872198477,605386.0574690583,0.364985594713919,3.9123229957017447,3.206839470894459,-0.2042763208776311,0.723202170963365,0.018975252035915,0.0161818181818182,4.180163610663191,0.1735102040816326,-0.1876617647058824,0.2986223662884927,1474.0,0.0389747494316884,0.001435653347295,13.21715445561163,6.117399210798904e-36,0.0161567883011458,0.0217937157706841,53,6,1.6567085400026715,-0.0873944856411412,0.2705965297839777,110695.18716577548,60538495051.718666,257376398721.98477,124869155813.3646,60538605746.90583,14198935002.574509,3320687485.183095,INVENTURE,INVENTURE,EQ,2016-08-29,2021-06-24,1190,311445.925,21330.0,0.0117647058823529,0.0575499479214295,10,1,0.4821717990275527,LOW,PARTIAL,False,True,gap_fade_100,"{""gap_threshold"":0.01}",INTRADAY_SHORT_ALLOWED_RESEARCH,2016-08-29,2026-08-27,97.51519774403069,97.70242470471302,98.05838707440539,82.87913459538173,97.51519774403069,95.46587152994475,5,ROBUST POSITIVE,LIMITED SAMPLE,1076,
402,205,INE429I01024,1073,1073,1320103370188545.5,160935758880123.22,13201033701.885454,1609357588.801232,0.5995638791510927,3.889298427717209,7.003752058199506,-0.2667334761069959,0.5060577819198508,0.0212839201762081,0.0031020408163265,5.145009754171845,0.6646666666666667,-0.1792784019975031,0.4347649918962722,2146.0,0.0550137176799962,0.0016794656799569,12.673030732461395,2.134331826302594e-34,0.0179885072457401,0.0245793331066762,77,10,2.811015815641458,-0.2289680421629034,0.4421978551213436,9475284.090909136,160935749404839.12,1320103370188545.5,461163374270667.2,160935758880123.22,19538765459287.43,2362297067867.111,CCCL,CONS. CONST. CONSORT LTD,EQ,2016-08-29,2026-08-27,1722,428743.825,149455.5,0.0023228803716608,0.0719166303766628,252,3,0.6977309562398704,LOW,PARTIAL,False,True,gap_fade_100,"{""gap_threshold"":0.01}",INTRADAY_SHORT_ALLOWED_RESEARCH,2016-08-29,2026-08-27,99.0130134294894,97.66313015740934,99.15632295494996,76.9710838360724,99.0130134294894,95.46540924115295,5,ROBUST POSITIVE,LIMITED SAMPLE,428,
403,262,INE747K01017,1358,1358,346162217381815.75,23816453303529.12,3461622173.8181577,238164533.0352912,0.4185904716381778,4.926020886592207,7.80131556125905,-0.269792044615563,0.4720176730486008,0.0148706664286485,-0.002,4.202374515136247,0.2455247524752475,-0.1379223300970873,0.5502431118314425,2716.0,0.0341251844499571,0.0009260301407664,16.058512324815183,2.9194078442529132e-53,0.013054060422609,0.016687272434688,90,18,0.9220049628917024,-0.2261338865694693,0.2404347746400017,263942.47955317044,23816453039586.64,346162217381815.75,90858396208240.31,23816453303529.12,1629958048340.8137,110960460358.56036,TARAPUR,TARAPUR TRANSFORMERS LTD,EQ,2016-08-29,2026-08-27,2094,51147.65,7946.0,0.0477554918815663,0.0411825009375014,553,0,0.8484602917341977,LOW,PARTIAL,False,True,gap_fade_100,"{""gap_threshold"":0.01}",INTRADAY_SHORT_ALLOWED_RESEARCH,2016-08-29,2026-08-27,98.73564015440446,98.92055567112776,98.7379515983635,76.67059612139704,98.73564015440446,95.46332894158982,5,ROBUST POSITIVE,LIMITED SAMPLE,548,
404,573,INE459A01010,978,978,83932828388.84511,12165461502.101051,839328.283888451,121654.61502101053,0.2690874156452781,4.585576427624328,4.315988044192823,-0.1868157197911374,0.7505112474437627,0.0123564320051385,0.0116868617352461,4.005078688246339,0.1569677419354839,-0.1492272293500159,0.3962722852512155,1956.0,0.0251647918614201,0.0008046813119059,15.355684073079187,7.828568389592459e-48,0.010777329372026,0.0139355346382511,115,5,0.4445993746894501,-0.0543314239929754,0.082823205870263,103955.34903794198,12165357546.752014,83932828388.84511,31969666094.707226,12165461502.101051,1756492903.3523345,252563598.69690812,BANARISUG,BANNARI AMMAN SUGARS LTD,EQ,2016-08-29,2026-08-27,2466,1986448.825,879.0,0.0320356853203568,0.0354157433041468,0,0,0.9991896272285252,OK,FULL,False,True,gap_fade_100,"{""gap_threshold"":0.01}",INTRADAY_SHORT_ALLOWED_RESEARCH,2016-08-29,2026-08-27,96.97200841365601,98.56690474539445,97.26787324041328,84.3908189445947,96.97200841365601,95.46298222499595,5,ROBUST POSITIVE,COMPARABLE,1311,28
405,623,INE00QT01015,657,657,20538609166.660595,5644373252.812852,205386.091666606,56443.73252812852,0.2837517088280858,4.083336948999413,3.4341846856704343,-0.17058200497429,0.7595129375951294,0.0172716150232818,0.0172364314456767,4.618125664875643,0.2222863615768011,-0.1091649166151944,0.2662074554294976,1314.0,0.031341973935249,0.0012227668615909,14.125027072462537,9.5690649407026e-40,0.0148706061304831,0.0196726239160804,57,5,0.8411743719338103,-0.0658287471581376,0.1557812437725534,243000.57372346456,5644130252.239128,20538609166.660595,10770409840.108562,5644373252.812852,1547175605.3886452,422959593.8457401,SGIL,SYNERGY GREEN IND. LTD,EQ,2021-07-28,2026-08-27,1256,4766823.45,13806.5,0.0,0.0524680206647461,4,0,0.5089141004862237,OK,PARTIAL,True,True,gap_fade_100,"{""gap_threshold"":0.01}",INTRADAY_SHORT_ALLOWED_RESEARCH,2016-08-29,2026-08-27,96.65071770334929,97.97979797979798,97.47359175276796,85.84702863879066,96.65071770334929,95.46055520883897,5,ROBUST POSITIVE,LIMITED SAMPLE,1450,
406,527,INE542Z01010,629,629,95869421861.86787,27951637004.122906,958694.2186186787,279516.370041229,0.2823562058101254,4.683848842739464,3.787313802819217,-0.2102797684535523,0.7615262321144675,0.0205917936530003,0.0192491951062458,7.135127346080625,0.1910906847624924,-0.160871831488754,0.2548622366288492,1258.0,0.0304359813737611,0.0012135620500242,16.968059978959502,1.947095733418333e-53,0.0182086628112588,0.0229749244947418,50,2,0.7902442182937408,-0.0485238889300291,0.1775192773524423,350269.0361090818,27951286735.086792,95869421861.86787,51781552465.1171,27951637004.122906,8129799603.054965,2358778427.282404,KAPSTON,KAPSTON SERVICES LIMITED,BE,2020-05-27,2024-08-08,1039,273732.65,2159.0,0.0490856592877767,0.0498361713750508,28,0,0.4209886547811993,LOW,PARTIAL,True,True,gap_fade_100,"{""gap_threshold"":0.01}",INTRADAY_SHORT_ALLOWED_RESEARCH,2016-08-29,2026-08-27,97.28174190416753,98.70790282689596,97.95206065228949,82.32669948917089,97.28174190416753,95.45778147608812,5,ROBUST POSITIVE,LIMITED SAMPLE,1177,
407,20,INE197J01017,1664,1664,2.973537998775475e+21,1.1431220212999438e+20,2.973537998775475e+16,1143122021299943.8,0.5305653136843431,6.980152897510829,8.649514159949694,-0.333034799201429,0.6496394230769231,0.0217969176031866,0.0192765957446807,5.205371410410985,0.2837142857142858,-0.1850985915492959,0.6742301458670988,3328.0,0.0387588990754847,0.0009501556861118,22.94036432322119,2.0642861112977158e-101,0.0199332903103835,0.0236605448959896,111,10,1.5328041063842788,-0.1754081128267667,0.2558474844256315,70553.38541666596,1.1431220212999432e+20,2.973537998775475e+21,5.834853745748055e+20,1.1431220212999438e+20,4.366472849389819e+18,1.6572080852659418e+17,LPDC,LANDMARK PR.DEV.CO.LTD,EQ,2016-08-29,2026-08-27,2463,155334.0,27856.0,0.004060089321965,0.0619415554887446,188,0,0.9979740680713128,LOW,FULL,False,True,gap_fade_100,"{""gap_threshold"":0.01}",INTRADAY_SHORT_ALLOWED_RESEARCH,2016-08-29,2026-08-27,99.90754224163835,99.91216512955643,99.87980491412985,70.27251924277095,99.90754224163835,95.45766590389016,5,ROBUST POSITIVE,LOW LIQUIDITY,41,
408,55,INE849L01019,1179,1179,1.2926520050187598e+19,1.2984379558535212e+18,129265200501875.98,12984379558535.213,0.5435773746504212,5.9533028296648505,14.156457592938978,-0.3221381338193509,0.5538592027141646,0.0268812930769135,0.0097647058823529,10.81583055193345,0.6646666666666667,-0.1442594142259414,0.4777147487844408,2358.0,0.0455829888767908,0.0013275347432129,20.249031683988395,1.8160609642655352e-78,0.0242766966835779,0.029485889470249,97,8,2.7906402438200035,-0.0551716577663199,0.4351802898575532,-68021.83248354914,1.2984379558535892e+18,1.2926520050187598e+19,4.0991611502830653e+18,1.2984379558535212e+18,1.2983994734625603e+17,1.2925142609273746e+16,ORTEL,ORTEL COMMUNICATIONS LTD,BZ,2016-08-29,2026-08-24,2008,19939.395,8612.5,0.023406374501992,0.0599659506361775,369,0,0.813614262560778,LOW,PARTIAL,False,True,gap_fade_100,"{""gap_threshold"":0.01}",INTRADAY_SHORT_ALLOWED_RESEARCH,2016-08-29,2026-08-27,99.73880683262834,99.55389131590505,99.80815015139957,71.33347201997088,99.73880683262834,95.45489217113932,5,ROBUST POSITIVE,LIMITED SAMPLE,114,
409,255,INE606A01024,1408,1408,471746217997046.9,29375725051338.41,4717462179.970469,293757250.5133841,0.4398717760533292,4.762081516117549,4.63901132346824,-0.2697907193541904,0.7159090909090909,0.0145701788176937,0.0149811320754716,3.1659104052429643,0.2144502164502164,-0.1850663615560641,0.5705024311183144,2816.0,0.0354261227721201,0.0009441093440897,15.432723877700534,9.25509882989095e-50,0.0127181653440645,0.0164221922913229,108,12,0.731156284989122,-0.1389212626803504,0.1641983285874392,112000.00000000064,29375724939338.41,471746217997046.9,117800211099607.6,29375725051338.41,1819213061191.505,112042696121.1155,AMJLAND,AMJ LAND HOLDINGS LIMITED,EQ,2016-08-29,2026-08-27,2468,743734.4099999999,24757.5,0.0,0.0598726021326158,0,0,1.0,LOW,FULL,False,False,gap_fade_100,"{""gap_threshold"":0.01}",INTRADAY_SHORT_ALLOWED_RESEARCH,2016-08-29,2026-08-27,98.765688925872,98.78186903358528,98.74026304232254,76.67290756535607,98.765688925872,95.44992256662738,5,ROBUST POSITIVE,LOW LIQUIDITY,535,
410,249,INE558D01021,1330,1330,523723350538427.0,38122916382533.92,5237233505.38427,381229163.8253392,0.4633947712397389,4.602778639878366,3.992376884445017,-0.2700478031652688,0.724812030075188,0.0157059493181685,0.0174264169823458,3.134667875273021,0.2109032258064516,-0.1835198618307425,0.5388978930307942,2660.0,0.038313842080384,0.001050581827685,14.949762983028355,7.975464804808961e-47,0.0136449697996048,0.0177669288367323,99,10,0.9392346433849684,-0.0920804957543265,0.1743256308251583,-48710.16691957539,38122916431244.08,523723350538427.0,141391947319880.84,38122916382533.92,2760709102897.8687,198882434801.39923,CORALFINAC,CORAL INDIA FIN & HOUS LT,EQ,2017-08-04,2026-08-27,2237,800557.26,24001.0,0.0,0.0619372009083109,19,0,0.9064019448946516,LOW,PARTIAL,True,True,gap_fade_100,"{""gap_threshold"":0.01}",INTRADAY_SHORT_ALLOWED_RESEARCH,2016-08-29,2026-08-27,98.80267202921665,98.60619929269815,98.8327208006842,76.63130157409334,98.80267202921665,95.44368166793797,5,ROBUST POSITIVE,LIMITED SAMPLE,519,
411,336,INE287C01029,667,667,7324523783571.245,1994126497928.2937,73245237.83571245,19941264.979282934,0.459465839515805,3.962460242549259,6.086182661769953,-0.2442924793616387,0.5022488755622189,0.0267323369316932,0.0016496350364965,7.388373570186888,0.2837142857142858,-0.1714915254237288,0.2702593192868719,1334.0,0.0508022387716837,0.0019670705409481,13.58992287018206,2.6493505301406342e-37,0.0228699303382849,0.0305947435251015,49,8,2.498325135063141,-0.0690768811022101,0.382748821875902,-81986.21553884707,1994126579914.5093,7324523783571.245,3822998456421.485,1994126497928.2937,541525902148.0603,146681220670.791,MIC,MIC,BE,2016-08-29,2021-06-21,1135,311481.2,175369.0,0.0,0.0730353262635907,117,0,0.4598865478119935,LOW,PARTIAL,False,True,gap_fade_100,"{""gap_threshold"":0.01}",INTRADAY_SHORT_ALLOWED_RESEARCH,2016-08-29,2026-08-27,98.36580912095786,97.77407946744331,98.78880336546241,79.09530083443127,98.36580912095786,95.44148579617689,5,ROBUST POSITIVE,LIMITED SAMPLE,708,
412,563,INE546V01010,790,790,144643280491.1039,30574075579.39142,1446432.804911039,305740.7557939142,0.2949096158248909,4.53095578311445,2.756830092929689,-0.2070911342319762,0.7974683544303798,0.0165651846270667,0.0153601691820372,5.071972288925664,0.211508064516129,-0.1908030888030887,0.320097244732577,1580.0,0.0298716239968229,0.0010627846872259,15.586585717850864,5.963470841367883e-48,0.0144789646381824,0.0186514046159511,57,2,0.8059878527853883,-0.0256143955975344,0.1804315709898268,118423.97336293048,30573957155.418056,144643280491.1039,66526110652.78118,30574075579.39142,6442769026.514484,1353427038.6074762,EIFFL,EURO (I) FRESH FOODS LTD,BE,2021-10-12,2026-08-27,1204,2849468.95,17857.5,0.0033222591362126,0.0491816938649046,3,0,0.4878444084278768,OK,PARTIAL,True,True,gap_fade_050,"{""gap_threshold"":0.005}",INTRADAY_SHORT_ALLOWED_RESEARCH,2016-08-29,2026-08-27,97.3025448997989,98.52067586621362,97.77639091140236,82.63412153572337,97.3025448997989,95.44067679079122,5,ROBUST POSITIVE,LIMITED SAMPLE,1168,
413,288,INE224E01028,1164,1164,188162491846126.72,19057423954667.97,1881624918.4612672,190574239.54667968,0.4885777695139505,4.231035402008709,6.503555524260904,-0.2612530545995009,0.4707903780068728,0.0173928998382616,-0.002,4.242278907630566,0.3313333333333335,-0.1921639344262293,0.4716369529983792,2328.0,0.0430044087052588,0.0012604815422248,13.798615255850642,3.1815521610448003e-40,0.0149198276672161,0.019865972009307,71,11,1.99333466617056,-0.1297606963321613,0.30854689860919,-97070.51857995254,19057424051738.49,188162491846126.72,59916104706679.34,19057423954667.97,1921462361616.9644,192853786276.8392,GATECH,GACM TECHNOLOGIES LIMITED,BE,2016-08-29,2026-08-27,1801,988563.6,378438.0,0.0,0.0593757089327992,333,0,0.729740680713128,LOW,PARTIAL,False,True,gap_fade_050,"{""gap_threshold"":0.005}",INTRADAY_SHORT_ALLOWED_RESEARCH,2016-08-29,2026-08-27,98.69403416314172,98.16240205256224,98.83040935672514,77.53045327416037,98.69403416314172,95.44044564639529,5,ROBUST POSITIVE,LIMITED SAMPLE,566,
414,633,INE00QT01015,852,852,57758158037.71473,10763439310.757942,577581.5803771473,107634.39310757942,0.3069245919567655,4.013572689909994,3.589154603548808,-0.1787640648618561,0.7230046948356808,0.014160149541807,0.0139032843547481,3.630545595812696,0.2222863615768011,-0.1660835579514823,0.3452188006482982,1704.0,0.030858370946406,0.0010571903688073,13.39413407424564,2.914644618907788e-37,0.0120851433162363,0.0162351557673777,60,2,1.0123445815949497,-0.0086222902500574,0.1628359599803414,243000.57372346456,10763196310.18422,57758158037.71473,24943814947.922417,10763439310.757942,1999085438.753276,369985694.5683395,SGIL,SYNERGY GREEN IND. LTD,EQ,2021-07-28,2026-08-27,1256,4766823.45,13806.5,0.0,0.0524680206647461,4,0,0.5089141004862237,OK,PARTIAL,True,True,gap_fade_050,"{""gap_threshold"":0.005}",INTRADAY_SHORT_ALLOWED_RESEARCH,2016-08-29,2026-08-27,96.92809097843423,97.8411113422555,97.40424843399673,85.13741534336499,96.92809097843423,95.4373251970506,5,ROBUST POSITIVE,LIMITED SAMPLE,1330,
415,248,INE558D01021,1601,1601,1522032398544333.2,64520214277186.07,15220323985.443333,645202142.7718607,0.4906575516215649,4.484244952970552,4.377207476823216,-0.2700478031652686,0.7026858213616489,0.0134592573762327,0.0141829375549692,2.7337128397312256,0.2109032258064516,-0.1835198618307425,0.6487034035656402,3202.0,0.0375410703420252,0.0009382336063465,14.34531579895439,5.394015983946002e-44,0.0116189611733142,0.0152995535791512,99,10,0.9392346433849684,-0.1324072096848298,0.1854658082325343,-48710.16691957539,64520214325896.24,1522032398544333.2,313616653030980.94,64520214277186.07,2717991992056.7705,113781030637.16734,CORALFINAC,CORAL INDIA FIN & HOUS LT,EQ,2017-08-04,2026-08-27,2237,800557.26,24001.0,0.0,0.0619372009083109,19,0,0.9064019448946516,LOW,PARTIAL,True,True,gap_fade_050,"{""gap_threshold"":0.005}",INTRADAY_SHORT_ALLOWED_RESEARCH,2016-08-29,2026-08-27,98.88588401174214,98.46751265515567,98.74257448628157,76.63361301805239,98.88588401174214,95.43570718627927,5,ROBUST POSITIVE,LIMITED SAMPLE,483,
416,14,INE804H01012,1753,1753,7.563686201122198e+22,2.448492422595892e+21,7.563686201122198e+17,2.448492422595892e+16,0.551692164264936,7.303531246849634,11.688440994723669,-0.3375943864748044,0.6292070735881347,0.0225108765249287,0.0165185185185186,5.60423618818852,0.4070909090909091,-0.157,0.710291734197731,3506.0,0.0394184124085408,0.000941473653039,23.910256492323825,1.3994066152181385e-109,0.0206643464171143,0.024357406632743,113,8,1.2309603225128385,-0.2253098794616133,0.2736586928921526,13413.404800087565,2.448492422595892e+21,7.563686201122198e+22,1.362012510560658e+22,2.448492422595892e+21,7.872969652466963e+19,2.5144407919174006e+18,TFL,TRANSWARRANTY FIN. LTD.,EQ,2016-08-30,2026-08-27,2387,64943.85,6880.0,0.0314201927105152,0.0622221990650355,272,0,0.9671799027552674,LOW,FULL,True,True,gap_fade_050,"{""gap_threshold"":0.005}",INTRADAY_SHORT_ALLOWED_RESEARCH,2016-08-29,2026-08-27,99.93990245706493,99.95608256477821,99.9329681251878,69.83334489055312,99.93990245706493,95.42576797725539,5,ROBUST POSITIVE,LOW LIQUIDITY,27,
417,377,INE412C01023,1283,1283,16858173672394.342,1339961882985.5437,168581736.7239434,13399618.829855436,0.3791304893744475,4.624322766319915,3.748710238296047,-0.2485430901678138,0.7357755261106781,0.0133830410107796,0.0134650645304851,3.348012611845094,0.1502727272727273,-0.1904368308351178,0.5198541329011345,2566.0,0.0318052066040814,0.0008879426013168,15.071966353379729,2.2047438574740344e-47,0.0116410608764183,0.0151250211451409,83,5,0.9373580975464118,-0.1536142888240081,0.1683903702049517,145711.65901032757,1339961737273.8848,16858173672394.342,4755794590150.975,1339961882985.5437,105973417848.52625,8338948556.027774,JMA,JULLUNDUR MOT AGENCY LTD,EQ,2019-05-15,2026-08-27,1798,795217.005,11740.0,0.0027808676307007,0.0514826930261818,4,0,0.7285251215559158,LOW,PARTIAL,True,True,gap_fade_050,"{""gap_threshold"":0.005}",INTRADAY_SHORT_ALLOWED_RESEARCH,2016-08-29,2026-08-27,98.29184291426854,98.63624806416568,98.29415435822759,78.69773247347618,98.29184291426854,95.42206966692093,5,ROBUST POSITIVE,LIMITED SAMPLE,740,
418,307,INE847C01020,1208,1208,52879465493899.84,4894274018858.398,528794654.93899846,48942740.18858399,0.4088470615943216,4.639146023452629,4.285828450792357,-0.2605313838743336,0.7119205298013245,0.0153771766626889,0.0153186722245737,3.483584136934057,0.2319901477832513,-0.1603961889638745,0.4894651539708265,2416.0,0.0351417279648616,0.0010110896048504,15.208520183493416,6.372677449966855e-48,0.0133934882681706,0.0173608650572071,102,19,0.9009276927435348,-0.2012812313573642,0.1879166906809623,106536.06527941616,4894273912322.333,52879465493899.84,16096910504403.451,4894274018858.398,450864997909.29193,41338326172.65836,ROSSELLIND,ROSSELL INDIA LIMITED,EQ,2016-08-29,2026-08-27,2468,1984602.535,21784.0,0.0016207455429497,0.0532405311607857,30,1,1.0,OK,FULL,False,False,gap_fade_100,"{""gap_threshold"":0.01}",INTRADAY_SHORT_ALLOWED_RESEARCH,2016-08-29,2026-08-27,98.52298731017267,98.6709197235513,98.55765896955828,77.5997965929316,98.52298731017267,95.42102951713937,5,ROBUST POSITIVE,COMPARABLE,640,29
419,100,INE998H01012,1572,1572,7.20583769295791e+17,3.277535364586861e+16,7205837692957.909,327753536458.6861,0.4816910376835149,5.887282924219726,6.75909070010189,-0.3138101853994088,0.6838422391857506,0.0176675181418642,0.0149015425633213,4.170406374230964,0.2268732394366197,-0.1821801801801801,0.6369529983792545,3144.0,0.0365031090268236,0.0009206691367859,19.18986684352422,6.656213288819197e-74,0.0158616484923044,0.019473387791424,114,7,1.417976915648849,-0.1454308747975262,0.2241065492006017,-51047.6190476191,3.2775353645919656e+16,7.20583769295791e+17,1.5379640286002765e+17,3.277535364586861e+16,1481709629066134.0,66576528819898.95,ORIENTALTL,ORIENTAL TRIMEX LTD,EQ,2016-08-29,2026-08-27,2468,420789.51,44232.5,0.0008103727714748,0.0604558478042108,109,0,1.0,LOW,FULL,False,False,gap_fade_100,"{""gap_threshold"":0.01}",INTRADAY_SHORT_ALLOWED_RESEARCH,2016-08-29,2026-08-27,99.51690821256038,99.52384254443751,99.52153110047847,72.15634606938954,99.51690821256038,95.4151353350438,5,ROBUST POSITIVE,LOW LIQUIDITY,210,
420,118,INE627H01017,1626,1626,1.9120996036697392e+17,7786177102530118.0,1912099603669.7395,77861771025.30118,0.4686940542399154,5.722351640428641,6.875894790725528,-0.3068495007075068,0.6223862238622386,0.0161542968558124,0.0124017558150058,4.000696295242303,0.2367096774193549,-0.1754148204736438,0.6588330632090762,3252.0,0.0351329330960966,0.0008712727636866,18.5410327616096,9.101472714271324e-70,0.0144453607508989,0.017863232960726,111,10,1.2071718551051551,-0.261128124483299,0.2242548157683801,-66586.73660547007,7786177102596706.0,1.9120996036697392e+17,3.86153446486572e+16,7786177102530118.0,315059412393894.2,12667886705730.377,CTE,CAMBRIDGE TECH ENTER LTD,BE,2016-08-29,2026-08-27,2468,750686.7,13708.0,0.0012155591572123,0.0532629387937291,147,0,1.0,LOW,FULL,False,False,gap_fade_100,"{""gap_threshold"":0.01}",INTRADAY_SHORT_ALLOWED_RESEARCH,2016-08-29,2026-08-27,99.42213901023969,99.4452534498301,99.32274692000092,72.8104847097982,99.42213901023969,95.4151353350438,5,ROBUST POSITIVE,LOW LIQUIDITY,251,
421,246,INE061A01014,1675,1675,1912284182836132.8,69992152124145.83,19122841828.36133,699921521.2414583,0.3969365767827347,5.457166915509342,5.994033213117211,-0.2814817532109599,0.7032835820895522,0.0126653781402409,0.0114680134680134,3.4809667491297374,0.2131785714285714,-0.1841376281112736,0.6786871961102107,3350.0,0.0294930854945285,0.0007206307734439,17.575405612659026,1.3671665062368563e-63,0.0112519458263173,0.0140788104541645,115,5,0.675684489886929,-0.1952209569608615,0.156539005612796,-11379.82892157245,69992152135525.66,1912284182836132.8,366147259618068.7,69992152124145.83,2545079983653.455,91938406769.41246,INDIANCARD,INDIAN CARD CLOTHING CO.,EQ,2016-08-29,2026-08-27,2465,472751.97,2514.0,0.0223123732251521,0.0470312360193636,15,0,0.9987844408427876,LOW,FULL,False,True,gap_fade_050,"{""gap_threshold"":0.005}",INTRADAY_SHORT_ALLOWED_RESEARCH,2016-08-29,2026-08-27,98.8951297875783,99.28576381665627,98.6986570510598,75.42703927143286,98.8951297875783,95.41374846866837,5,ROBUST POSITIVE,LOW LIQUIDITY,479,
422,45,INE947I01017,1844,1844,2.3424566019708905e+20,6.248970192641545e+18,2342456601970890.0,62489701926415.45,0.5339295953385794,6.375082307416357,8.353039903693858,-0.3287252802409403,0.7212581344902386,0.0180781292994215,0.017510142870226,3.793752799986024,0.2183007518796992,-0.1923553299492386,0.747163695299838,3688.0,0.0378367706616482,0.0008811170482784,20.517284661264267,2.012029192787196e-84,0.0163500367305733,0.0198062218682698,113,8,1.3956730552159504,-0.1052346236829071,0.2638935515418693,685931.8971369233,6.248970192640859e+18,2.3424566019708905e+20,3.829368618239126e+19,6.248970192641545e+18,1.655167195556755e+17,4352707903906932.0,LOTUSEYE,LOTUS EYE HOSP & INST L,EQ,2016-08-29,2026-08-27,2444,611168.525,12527.0,0.0024549918166939,0.0641450696389178,11,0,0.9902755267423016,LOW,FULL,False,True,gap_fade_050,"{""gap_threshold"":0.005}",INTRADAY_SHORT_ALLOWED_RESEARCH,2016-08-29,2026-08-27,99.80583870744054,99.73187250075122,99.76423271617779,70.66546471580797,99.80583870744054,95.41166816910525,5,ROBUST POSITIVE,LOW LIQUIDITY,85,
423,100,INE040M01013,1846,1846,1.8931562073911475e+18,4.985121052334471e+16,18931562073911.477,498512105233.4472,0.4724904164690101,6.086275637527297,8.268711060229277,-0.3160039083416021,0.6522210184182016,0.0152565922364488,0.0127346170243001,3.4939062222987487,0.2012085561497327,-0.1935254237288135,0.7479740680713128,3692.0,0.0335539709528589,0.0007809587153033,19.53572184737353,2.1109287249979542e-77,0.0137249364890648,0.0167882479838328,114,7,1.357467405941886,-0.2259427488388048,0.2126521564424268,-81281.6691505216,4.985121052342599e+16,1.8931562073911475e+18,3.074825740735917e+17,4.985121052334471e+16,1303296925446013.0,33828057305366.76,TREEHOUSE,TREE HOUSE EDU LTD,EQ,2016-08-29,2026-08-27,2468,341407.19999999995,33837.5,0.0,0.0605383905517356,50,0,1.0,LOW,FULL,False,False,gap_fade_050,"{""gap_threshold"":0.005}",INTRADAY_SHORT_ALLOWED_RESEARCH,2016-08-29,2026-08-27,99.55620275986409,99.61398885884012,99.47067933337956,71.94369322515776,99.55620275986409,95.40877886415645,5,ROBUST POSITIVE,LOW LIQUIDITY,193,
424,327,INE566K01011,1349,1349,37721479525997.21,2631187785768.438,377214795.2599721,26311877.85768438,0.3945098540919421,4.632158937971903,5.44329309789816,-0.2547724380735655,0.6412157153446998,0.0132670379933959,0.0118490926456542,3.0664736541423654,0.1177654941373533,-0.1753924611973394,0.5465964343598055,2698.0,0.0324104475263005,0.0008824275386119,15.034705301995636,2.3903009922700552e-47,0.0115359574913555,0.0149981184954363,109,12,1.0254072739294156,-0.1573637572341266,0.1596666077359489,-77774.40448388612,2631187863542.8423,37721479525997.21,9969099280716.195,2631187785768.438,182568208063.6493,12600760831.082802,ISFT,INTRASOFT TECH. LTD,EQ,2016-08-29,2026-08-27,2468,2832522.225,17744.0,0.0012155591572123,0.0542819137136971,56,0,1.0,OK,FULL,False,False,gap_fade_100,"{""gap_threshold"":0.01}",INTRADAY_SHORT_ALLOWED_RESEARCH,2016-08-29,2026-08-27,98.3958578924254,98.65242817187897,98.37274345283498,78.16147747497862,98.3958578924254,95.40739199778102,5,ROBUST POSITIVE,COMPARABLE,695,30
425,299,INE740V01019,1140,1140,59888447343347.0,6352503146806.004,598884473.43347,63525031.46806004,0.4154410410776531,4.637425503694732,4.108097615693272,-0.2634092380115134,0.6684210526315789,0.0165510712120714,0.0148749933672693,3.8361485345569815,0.253591054313099,-0.1880465116279071,0.4619124797406807,2280.0,0.0365497804873031,0.0010825110726997,15.289516781378952,3.8423767302571915e-48,0.0144271315217147,0.0186750109024282,81,7,1.0629497842297586,-0.2003563480559936,0.2002888068114523,-53935.2640545143,6352503200741.268,59888447343347.0,19515694647562.06,6352503146806.004,670845548604.9423,70529036002.33662,AGROPHOS,AGRO PHOS INDIA LIMITED,EQ,2019-03-08,2026-08-27,1843,1497794.14,51735.0,0.0016277807921866,0.0530395410459327,105,0,0.7467585089141004,OK,PARTIAL,True,True,gap_fade_100,"{""gap_threshold"":0.01}",INTRADAY_SHORT_ALLOWED_RESEARCH,2016-08-29,2026-08-27,98.55765896955828,98.66629683563322,98.64087095208377,77.29699743429721,98.55765896955828,95.40692970898921,5,ROBUST POSITIVE,LIMITED SAMPLE,625,
426,306,INE458F01011,1215,1215,58536170050125.45,5345273735432.038,585361700.5012546,53452737.35432039,0.3610930181219211,5.229046138505781,4.507484975453506,-0.2681494834213993,0.757201646090535,0.0152198335112153,0.0146708764839604,4.1516970592918,0.1621534391534391,-0.1876600811199791,0.4923014586709887,2430.0,0.0305572721812961,0.000876650416768,17.36134862893959,1.7653129260825992e-60,0.0134999155290486,0.016939751493382,115,6,1.1034295075882286,-0.136551182573115,0.1583734454240428,14126.110259039311,5345273721305.928,58536170050125.45,17699187386823.895,5345273735432.038,485804892422.5996,43943153645.6256,UNITEDTEA,UNITED NILGIRI TEA LTD,EQ,2016-08-29,2026-08-27,2460,528951.125,1501.5,0.0463414634146341,0.0465611270513714,5,0,0.9967585089141004,LOW,FULL,False,True,gap_fade_100,"{""gap_threshold"":0.01}",INTRADAY_SHORT_ALLOWED_RESEARCH,2016-08-29,2026-08-27,98.52992164204979,99.12627418348242,98.57615052123062,76.83470864248896,98.52992164204979,95.40415597623834,5,ROBUST POSITIVE,LOW LIQUIDITY,637,
427,826,INE00IK01029,450,450,851096830.1720246,351794152.6939094,8510.968301720246,3517.9415269390943,0.231611443282379,3.7173873600991167,3.3826071549736407,-0.0972029419990087,0.7577777777777778,0.0187382889490809,0.0176337375149873,5.850800812464373,0.2115761589403972,-0.0740923683469445,0.1823338735818476,900.0,0.0296963313004799,0.0013998984825954,13.38546271893922,1.2778468893408203e-34,0.015987122401998,0.0214894554961639,37,0,0.5557908548526493,0.0,0.1349483305145744,-82194.58668617408,351876347.2805956,851096830.1720246,547313151.8155061,351794152.6939094,145124199.69588232,59728462.33111029,OSWALSEEDS,SHREEOSWAL S AND CHE LTD,EQ,2023-08-18,2026-08-27,745,1035974.69,51745.0,0.0,0.0547347924723358,12,1,0.3018638573743922,OK,PARTIAL,True,True,gap_fade_100,"{""gap_threshold"":0.01}",INTRADAY_SHORT_ALLOWED_RESEARCH,2016-08-29,2026-08-27,95.27540854771976,97.35801955481588,96.72006102212052,91.42454291195709,95.2777199916788,95.40369368744655,5,ROBUST POSITIVE,LIMITED SAMPLE,2045,
428,215,INE748Z01013,1090,1090,978903231434733.2,115405507833573.16,9789032314.347332,1154055078.3357315,0.4227187136574214,5.266470206208823,5.483697206329086,-0.2871024950959658,0.6862385321100918,0.0200027276880538,0.0170476881548776,5.228317495819526,0.2646666666666666,-0.1735976331360949,0.4416531604538087,2180.0,0.0371854560832385,0.0011263149884999,17.759443754445265,3.6271896777329943e-62,0.017792734634497,0.0222127207416107,81,5,2.013564319992358,-0.0789648495034485,0.283786486372662,171222.62516788242,115405507662350.52,978903231434733.2,336287795723837.2,115405507833573.16,13548339041021.48,1583839196449.859,SUMIT,SUMIT WOODS LIMITED,EQ,2019-07-30,2026-08-27,1733,871701.39,25896.0,0.0155799192152336,0.0573915587444781,103,0,0.7021880064829822,LOW,PARTIAL,True,True,gap_fade_100,"{""gap_threshold"":0.01}",INTRADAY_SHORT_ALLOWED_RESEARCH,2016-08-29,2026-08-27,98.96909599426762,99.15401151099091,99.0916025240968,74.76249913320852,98.96909599426762,95.39959087441926,5,ROBUST POSITIVE,LIMITED SAMPLE,447,
429,13,INE440L01017,1919,1919,2.3517543594658067e+23,5.472878276887338e+21,2.351754359465807e+18,5.472878276887338e+16,0.5485217066805989,7.494882942379466,13.496470887436834,-0.3399592279591195,0.6362688900468995,0.0209811028517242,0.01675,5.046729752036732,0.3056923076923077,-0.1724545454545454,0.7775526742301458,3838.0,0.0379174181428293,0.0008655681560309,24.23968893210263,1.889429644945361e-113,0.0192835492005352,0.0226786565029132,113,7,1.6606826605820784,-0.1219929287204276,0.3331024012672717,11360.73017999038,5.472878276887338e+21,2.3517543594658067e+23,3.590909493157021e+22,5.472878276887338e+21,1.2642373708249588e+20,2.898796940844213e+18,TIJARIA,TIJARIA POLYPIPES LTD,EQ,2016-08-29,2026-08-27,2465,122278.95,16439.0,0.0016227180527383,0.0636301725427734,170,0,0.9987844408427876,LOW,FULL,False,True,gap_fade_050,"{""gap_threshold"":0.005}",INTRADAY_SHORT_ALLOWED_RESEARCH,2016-08-29,2026-08-27,99.94683678894205,99.97226267249151,99.93527956914686,69.58833183089476,99.94683678894205,95.39583477798581,5,ROBUST POSITIVE,LOW LIQUIDITY,24,
430,236,INE980Y01015,1337,1337,1154314133623922.0,82990091930460.33,11543141336.23922,829900919.3046033,0.4693768859872534,4.7147679749125695,5.457980619571448,-0.2795089747192443,0.6948391922213911,0.0162104559960563,0.0148539325842697,3.33188242365462,0.231644859813084,-0.1846475849731663,0.5417341977309562,2674.0,0.0386505688484355,0.0010570369929281,15.33575088148137,5.109210848878287e-49,0.0141368229569635,0.0182840890351491,79,10,1.6204209159591665,-0.1765747362159289,0.2691763608870136,633760.5965102549,82990091296699.73,1154314133623922.0,309711212678194.06,82990091930460.33,5935668216964.629,422323345612.4628,SOUTHWEST,SOUTH WEST PINNACLE LTD,EQ,2019-04-18,2026-08-27,1808,3841136.0,37638.0,0.0094026548672566,0.060622491321847,21,0,0.7325769854132901,OK,PARTIAL,True,True,gap_fade_050,"{""gap_threshold"":0.005}",INTRADAY_SHORT_ALLOWED_RESEARCH,2016-08-29,2026-08-27,98.92980144696392,98.7379515983635,98.9228671150868,75.62813489586945,98.92980144696392,95.39479462820425,5,ROBUST POSITIVE,LIMITED SAMPLE,464,
431,368,INE09E501017,986,986,10049200944974.46,1446111164684.821,100492009.4497446,14461111.646848213,0.382489421093699,4.604462623914014,4.118649128967758,-0.2550907343210835,0.7200811359026369,0.0174930718345734,0.017189852700491,3.8447245587139953,0.1967951807228916,-0.1865238095238095,0.399513776337115,1972.0,0.0356382236010519,0.0011349522518745,15.41304650101464,3.5114085931010505e-48,0.0152658695761678,0.0197202740929789,62,7,0.6991664392913763,-0.1915992184146648,0.2012210235968492,34619.28934010153,1446111130065.5315,10049200944974.46,3813939465714.3,1446111164684.821,207305544827.60938,29604092357.6549,RVHL,RAVINDER HEIGHTS LIMITED,EQ,2020-12-18,2026-08-27,1405,782567.9,23301.0,0.0,0.0615741555448088,19,1,0.5692868719611021,LOW,PARTIAL,True,True,gap_fade_050,"{""gap_threshold"":0.005}",INTRADAY_SHORT_ALLOWED_RESEARCH,2016-08-29,2026-08-27,98.32420312969512,98.61082218061622,98.5137415343365,78.126805815593,98.32420312969512,95.3898250236923,5,ROBUST POSITIVE,LIMITED SAMPLE,726,
432,203,INE489H01020,851,851,974606736755691.2,185239721727773.6,9746067367.556911,1852397217.277736,0.5581696554201413,4.173694843617399,9.323994804347064,-0.2794959947275056,0.4324324324324324,0.0268103182890379,-0.002,7.948374667752216,0.3979999999999999,-0.1314117647058823,0.3448136142625608,1702.0,0.055827840556631,0.001913753726823,14.009283385456794,2.84791358212317e-40,0.0230540813156938,0.0305665552623819,61,6,2.836346409836584,-0.1132634684827185,0.4120520662210127,-92479.67479674792,185239721820253.25,974606736755691.2,425067656926491.0,185239721727773.6,35093419383870.32,6626718814298.917,NITINFIRE,NITINFIRE,BZ,2016-08-29,2022-02-10,1348,180656.175,134809.5,0.0,0.0797778766132156,181,0,0.546191247974068,LOW,PARTIAL,False,True,gap_fade_100,"{""gap_threshold"":0.01}",INTRADAY_SHORT_ALLOWED_RESEARCH,2016-08-29,2026-08-27,99.01994776136652,98.09768162170907,99.26033793310681,75.63275778378753,99.01994776136652,95.37549407114624,5,ROBUST POSITIVE,LIMITED SAMPLE,425,
433,38,INE569C01020,2467,2467,17472424119669.035,129861115821.32228,174724241.19669038,1298611.1582132226,0.3012653089911926,4.933169825894802,8.071091602913828,-0.2005881697881113,0.5946493717065261,0.005899981591837,0.0046815144766148,2.5132942398974447,0.1613732257166713,-0.1331475409836064,0.9995948136142626,4934.0,0.0189814064722449,0.0003821587560444,15.43856185032719,2.116348672799896e-51,0.0051505963826688,0.0066493668010052,110,11,0.4120258699423698,-0.0577112355301108,0.0951043707362605,24594.222833562584,129861091227.09944,17472424119669.035,1508152394356.223,129861115821.32228,955697296.6648334,6866188.733915354,ORIENTCER,ORIENT CERATECH LIMITED,EQ,2016-08-29,2026-08-27,2468,1718758.2999999998,52504.5,0.0,0.0550833102072079,1,0,1.0,OK,FULL,False,False,close_to_open,{},LONG_ONLY,2016-08-29,2026-08-27,97.74634213993481,98.934424334882,95.59901070198553,83.21660541340175,97.74634213993481,95.37503178235443,5,ROBUST POSITIVE,COMPARABLE,976,31
434,370,INE09E501017,846,846,4348013422419.373,826811012040.9673,43480134.22419373,8268110.120409673,0.3680436764964993,4.614323355958855,3.749331204881999,-0.2515385170068026,0.735224586288416,0.0196599150537442,0.019283459162663,4.438488685287813,0.1967951807228916,-0.1865238095238095,0.3427876823338736,1692.0,0.0362628674105424,0.0012467430632499,15.769019000992383,2.6738787900969884e-49,0.0172128384848389,0.0221069916226495,63,6,0.6991664392913763,-0.145896414036033,0.193706139514092,34619.28934010153,826810977421.678,4348013422419.373,1896817776387.9995,826811012040.9673,156712033227.70117,29605524948.84204,RVHL,RAVINDER HEIGHTS LIMITED,EQ,2020-12-18,2026-08-27,1405,782567.9,23301.0,0.0,0.0615741555448088,19,1,0.5692868719611021,LOW,PARTIAL,True,True,gap_fade_100,"{""gap_threshold"":0.01}",INTRADAY_SHORT_ALLOWED_RESEARCH,2016-08-29,2026-08-27,98.18089360423457,98.62700228832952,98.51605297829555,78.41573631047315,98.18089360423457,95.37237362180154,5,ROBUST POSITIVE,LIMITED SAMPLE,788,
435,137,INE748T01016,1865,1865,2.288410559409835e+17,5775492719594102.0,2288410559409.835,57754927195.94102,0.497469448152304,5.357337134591742,6.892205086433102,-0.3039595508140111,0.6471849865951743,0.0139952663948356,0.013003261578604,2.9833927321951275,0.248,-0.1813248945147678,0.7556726094003241,3730.0,0.0353815725194353,0.0008192901111933,17.082186399699637,6.787892137190644e-61,0.0123884439258817,0.0156020888637894,105,14,1.510634698340125,-0.1398523833818727,0.2386741375854591,-65650.86399225055,5775492719659753.0,2.288410559409835e+17,3.638782106490934e+16,5775492719594102.0,144704292091279.6,3599137909782.458,SIMBHALS,SIMBHAOLI SUGARS LTD.,BZ,2016-08-29,2026-08-27,2449,545710.05,31593.0,0.0004083299305839,0.0590954373860303,57,0,0.9923014586709886,LOW,FULL,False,True,gap_fade_050,"{""gap_threshold"":0.005}",INTRADAY_SHORT_ALLOWED_RESEARCH,2016-08-29,2026-08-27,99.37591013105887,99.21642049788503,99.18868317037654,73.13870975198206,99.37591013105887,95.37098675542612,5,ROBUST POSITIVE,LOW LIQUIDITY,271,
436,399,INE529D01014,1287,1287,4339581106613.025,341237934833.576,43395811.06613025,3412379.34833576,0.3908874954208782,4.134964882963413,4.056348223627049,-0.2309995248698565,0.6806526806526807,0.0122995626988782,0.0121414141414142,2.8326353154908936,0.237622641509434,-0.1793399014778323,0.5214748784440842,2574.0,0.0330256060993864,0.0009205799742084,13.36066723529796,3.192376633565064e-38,0.0104935593477055,0.0141055660500508,105,15,0.5071694971919041,-0.1299252064632239,0.1324719273856138,-75232.71436234078,341238010066.29034,4339581106613.025,1217658927743.3926,341237934833.576,26697865840.72659,2078166985.1658847,PATINTLOG,PATEL INT. LOG. LTD,BE,2016-08-29,2026-08-27,2468,1836618.35,75384.5,0.0,0.0544908213173855,9,1,1.0,OK,FULL,False,False,gap_fade_100,"{""gap_threshold"":0.01}",INTRADAY_SHORT_ALLOWED_RESEARCH,2016-08-29,2026-08-27,98.03527263481497,98.05607563044634,97.91507754894482,80.39664378337147,98.03527263481497,95.36959988905069,5,ROBUST POSITIVE,COMPARABLE,851,32
437,335,INE048C01017,1143,1143,36701102324286.84,3867738407585.388,367011023.2428684,38677384.07585389,0.3548440482786203,5.218514068085017,7.198634714297595,-0.2683450460679937,0.5494313210848644,0.0158665596235962,0.0085540897097624,4.796019068847096,0.1441538461538462,-0.1943076923076923,0.463128038897893,2286.0,0.0307264265011765,0.0009088431522304,17.45797345191668,1.1147688224963299e-60,0.0140833698735242,0.0176497493736681,71,11,0.8016755991484898,-0.1521072803513254,0.210328200358955,-47643.30955929295,3867738455228.6978,36701102324286.84,11920893191512.37,3867738407585.388,405794016106.7786,42385408029.64944,VICEROY,VICEROY,BZ,2016-08-29,2023-10-19,1621,128765.45,40061.0,0.000616903146206,0.051166004976788,200,0,0.656807131280389,LOW,PARTIAL,False,True,gap_fade_050,"{""gap_threshold"":0.005}",INTRADAY_SHORT_ALLOWED_RESEARCH,2016-08-29,2026-08-27,98.46982409911472,99.11240551972817,98.55997041351733,76.82083997873471,98.46982409911472,95.36902202806093,5,ROBUST POSITIVE,LIMITED SAMPLE,663,
438,167,INE921B01025,1433,1433,2.3638070130188124e+16,1411085521824202.2,236380701301.88123,14110855218.242022,0.4372506881893206,5.697968970393191,6.640427887595208,-0.3038898340822468,0.633635729239358,0.0170274261640298,0.0111147540983606,4.760028491326708,0.1850422535211267,-0.1774032258064515,0.5806320907617504,2866.0,0.034429050504089,0.0009094984233876,18.721776449713825,3.917658183203973e-70,0.0152433340697499,0.0188115182583097,93,19,1.4144071180702151,-0.2540815350344633,0.256670493653358,162943.1080634325,1411085521661259.2,2.3638070130188124e+16,5779416218470548.0,1411085521824202.2,83768265652967.34,4945167571131.576,DBSTOCKBRO,DB (INT) STOCK BROKERS,BE,2016-08-29,2026-08-27,2096,95127.85,4402.5,0.1288167938931297,0.0511468170125246,378,0,0.8492706645056726,LOW,PARTIAL,False,True,gap_fade_050,"{""gap_threshold"":0.005}",INTRADAY_SHORT_ALLOWED_RESEARCH,2016-08-29,2026-08-27,99.2487807133116,99.42907334211682,99.22566627372119,73.14333263990015,99.2487807133116,95.36439914014284,5,ROBUST POSITIVE,LIMITED SAMPLE,326,
439,53,INE695B01025,1732,1732,4.75041148503e+19,1.5809779442629494e+18,475041148503000.0,15809779442629.494,0.5230612434672071,6.224677238654911,8.58879239345834,-0.3291830923417279,0.5952655889145496,0.0184105221604757,0.0146666666666666,4.293342230927958,0.2629572649572649,-0.1774385964912281,0.7017828200972447,3464.0,0.0380285309871342,0.0009137672854016,20.147933127615627,2.8400326775199693e-81,0.016618318045503,0.0202027262754484,118,3,1.0338089766231184,-0.1422763522530002,0.2207865534089683,112107.27969348757,1.5809779442628372e+18,4.75041148503e+19,8.67345141915802e+18,1.5809779442629494e+18,5.22645499374599e+16,1716184268493028.2,COUNCODOS,COUNTRY CONDO S LIMITED,BE,2016-08-29,2026-08-27,2463,172814.3,41475.0,0.003248071457572,0.0602366216211618,210,0,0.9979740680713128,LOW,FULL,False,True,gap_fade_100,"{""gap_threshold"":0.01}",INTRADAY_SHORT_ALLOWED_RESEARCH,2016-08-29,2026-08-27,99.7480526084645,99.67870928969327,99.72031528095602,70.63079305642235,99.7480526084645,95.36104754640225,5,ROBUST POSITIVE,LOW LIQUIDITY,110,
440,288,INE019J01013,1281,1281,133351677174250.3,10683909276160.498,1333516771.742503,106839092.76160498,0.4106586486454635,4.814895995172535,5.280699969161363,-0.2701593971808139,0.702576112412178,0.0151169218895739,0.0144717509471257,3.368522890906622,0.238948813982522,-0.1778490566037736,0.5190437601296597,2562.0,0.03434821786834,0.0009596870711723,15.751928252099624,3.1209129930246764e-51,0.0132341895157484,0.0169996542633994,100,20,1.1612670721531662,-0.2452140270464602,0.2320633717153941,379588.2317744196,10683908896572.266,133351677174250.3,37768929747187.31,10683909276160.498,851716090510.0183,67559024129.39488,HEALTHX,HEALTH X PLATFORM LIMITED,EQ,2016-08-29,2026-08-27,2467,3023026.65,14889.0,0.0036481556546412,0.05180224714962,12,0,0.9995948136142626,OK,FULL,False,True,gap_fade_100,"{""gap_threshold"":0.01}",INTRADAY_SHORT_ALLOWED_RESEARCH,2016-08-29,2026-08-27,98.61313362457528,98.8327208006842,98.62931373228857,76.61512146638005,98.61313362457528,95.36058525761044,5,ROBUST POSITIVE,COMPARABLE,601,33
441,54,INE658G01014,1926,1926,1.0985555293315088e+20,2.4835749981902403e+18,1098555529331508.8,24835749981902.4,0.5196924520129759,6.351928981867707,9.60810728256291,-0.330019158796654,0.6053997923156802,0.0167857354733772,0.0114412487353663,3.882723274553208,0.2408571428571426,-0.1824123711340206,0.7803889789303079,3852.0,0.0362159698459371,0.0008252242440077,20.34081717213805,1.789078746465658e-83,0.0151673080830837,0.0184041628636708,112,9,1.4815304772120823,-0.1207409883648649,0.2793565159207347,2172698.4126984314,2.483574998188068e+18,1.0985555293315088e+20,1.6533123739228131e+19,2.4835749981902403e+18,5.572935024010178e+16,1241164223752497.8,SALSTEEL,S.A.L. STEEL LTD.,EQ,2016-08-29,2026-08-27,2468,704395.1,67495.0,0.0,0.058716115054196,175,0,1.0,LOW,FULL,False,False,gap_fade_050,"{""gap_threshold"":0.005}",INTRADAY_SHORT_ALLOWED_RESEARCH,2016-08-29,2026-08-27,99.75960982825971,99.72031528095602,99.70644661720176,70.55451540577398,99.75960982825971,95.36035411321453,5,ROBUST POSITIVE,LOW LIQUIDITY,105,
442,242,INE070C01037,1209,1209,479335359507322.1,44455925453985.39,4793353595.073221,444559254.53985393,0.4502807826650919,4.754881976846322,4.915737465292711,-0.2792587830239751,0.684863523573201,0.0173436886110119,0.016181818181818,3.4853084270139427,0.2658821879382891,-0.1779999999999999,0.489870340356564,2418.0,0.0385945748276065,0.0011099747782601,15.625299737168714,2.8822546638052265e-50,0.0151659961041258,0.019521381117898,100,8,1.0091249633298238,-0.1147409950977478,0.2081235223578784,-87973.3275802996,44455925541958.72,479335359507322.1,146062535429475.62,44455925453985.39,4103756892249.442,377039816932.9207,COMPINFO,COMPUAGE INFOCOM LTD,BZ,2017-02-17,2026-08-27,2169,1589857.8,107578.0,0.0009220839096357,0.0633929705555253,49,0,0.8788492706645057,OK,PARTIAL,True,True,gap_fade_100,"{""gap_threshold"":0.01}",INTRADAY_SHORT_ALLOWED_RESEARCH,2016-08-29,2026-08-27,98.82578646880707,98.77724614566719,98.9066870073735,75.6651179992141,98.82578646880707,95.35815824145344,5,ROBUST POSITIVE,LIMITED SAMPLE,509,
443,60,INE859Q01017,1601,1601,2.3231936634090054e+19,1.0032676075901152e+18,232319366340900.53,10032676075901.152,0.5582079234747888,5.780948421445012,7.319504830382921,-0.3259665666870723,0.6958151155527795,0.0197400557099099,0.0180668896321068,3.7342695545165383,0.3023478260869565,-0.1816721311475408,0.6487034035656402,3202.0,0.0420659184522668,0.0010513194752885,18.776457750382423,3.044939998727651e-71,0.0176779474829816,0.0218021639368382,109,12,1.648013785556086,-0.2613635194383813,0.3327237295731442,706185.567010308,1.0032676075894092e+18,2.3231936634090054e+19,4.831549979992437e+18,1.0032676075901152e+18,4.305859737623612e+16,1836555463010507.5,MANAKALUCO,MANAK ALUMINIUM CO. LTD.,EQ,2016-08-29,2026-08-27,2468,587259.5800000001,32342.0,0.0008103727714748,0.0706458197661696,35,0,1.0,LOW,FULL,False,False,gap_fade_100,"{""gap_threshold"":0.01}",INTRADAY_SHORT_ALLOWED_RESEARCH,2016-08-29,2026-08-27,99.72262672491506,99.46836788942052,99.72724961283313,70.94514943485196,99.72262672491506,95.3560779418903,5,ROBUST POSITIVE,LOW LIQUIDITY,121,
444,146,INE283A01014,1767,1767,1.298870860991714e+17,3983223209816937.0,1298870860991.714,39832232098.169365,0.5233546778946687,5.043649646563188,6.586659329767388,-0.3010644811655097,0.6378041878890776,0.0146301603608449,0.0117457044673539,2.9082554087687447,0.1794024390243901,-0.1743320158102765,0.715964343598055,3534.0,0.0381774012296881,0.0009082137810098,16.108718747449306,1.410854901700092e-54,0.0128488732321043,0.0164114474895855,111,10,1.476211590365207,-0.1400869457148621,0.2630266233957364,1389182.321547286,3983223208427753.5,1.298870860991714e+17,2.2765326804336628e+16,3983223209816937.0,121313392370545.98,3669242213736.072,PRECOT,PRECOT LIMITED,EQ,2016-08-29,2026-08-27,2454,718937.6,3944.5,0.0232273838630806,0.0570476322223022,71,0,0.994327390599676,LOW,FULL,False,True,gap_fade_050,"{""gap_threshold"":0.005}",INTRADAY_SHORT_ALLOWED_RESEARCH,2016-08-29,2026-08-27,99.33661558375518,99.00607909761227,99.19330605829461,73.40683725123084,99.33661558375518,95.35237963155583,5,ROBUST POSITIVE,LOW LIQUIDITY,288,
445,38,INE353H01010,1622,1622,2.9459431840537264e+20,1.2265974878161455e+19,2945943184053726.5,122659748781614.58,0.5008651545769494,6.902755350378917,7.258288967043952,-0.3367478476950132,0.7644882860665845,0.0208755085724013,0.0210263157894736,4.8296743034487495,0.2614730538922156,-0.1772988047808763,0.6572123176661264,3244.0,0.0369537062345551,0.0009175559950154,22.75120939300278,1.149337836633315e-99,0.019075788074271,0.0226752290705316,117,4,1.7621028975794042,-0.1256900947545151,0.2256020169233989,-10998.307211705222,1.2265974878161467e+19,2.9459431840537264e+20,6.015917457364354e+19,1.2265974878161455e+19,5.075341144166198e+17,2.086907308682748e+16,SGL,STL GLOBAL LIMITED,EQ,2016-08-29,2026-08-27,2465,276153.55,20666.0,0.0016227180527383,0.0684664525265059,25,0,0.9987844408427876,LOW,FULL,False,True,gap_fade_100,"{""gap_threshold"":0.01}",INTRADAY_SHORT_ALLOWED_RESEARCH,2016-08-29,2026-08-27,99.81739592723574,99.88673924600698,99.8150844832767,69.92580264891478,99.81739592723574,95.34706331045004,5,ROBUST POSITIVE,LOW LIQUIDITY,80,
446,48,INE144D01012,1811,1811,1.429334437142646e+20,4.069601534703288e+18,1429334437142646.0,40696015347032.88,0.5333054792555696,6.297569157460763,9.184081771083427,-0.3328063039978093,0.6355604638321369,0.0181624802655651,0.0133846153846155,4.1268620304379775,0.2373939393939393,-0.1811666666666667,0.7337925445705025,3622.0,0.0380846420390595,0.0008949332681961,20.294787232767103,1.1355911108090816e-82,0.0164072695782428,0.0199176909528873,108,12,1.5707569495428322,-0.2456166854643375,0.3058941145157989,493127.0279846132,4.0696015347027953e+18,1.429334437142646e+20,2.4139210216529936e+19,4.069601534703288e+18,1.1505948907087027e+17,3230230082761765.0,CUBEXTUB,CUBEX TUBINGS LTD,EQ,2016-08-31,2026-08-27,2414,328892.225,11202.0,0.0186412593206296,0.0589868878309947,197,0,0.9781199351701784,LOW,FULL,True,True,gap_fade_050,"{""gap_threshold"":0.005}",INTRADAY_SHORT_ALLOWED_RESEARCH,2016-08-29,2026-08-27,99.78965859972725,99.6972008413656,99.75498694034162,70.29563368236137,99.78965859972725,95.34012897857292,5,ROBUST POSITIVE,LOW LIQUIDITY,92,
447,175,INE337M01013,1403,1403,7572125593980762.0,478901677100431.4,75721255939.80762,4789016771.004313,0.4430686426878952,5.376946568514888,6.6622673004225845,-0.2980411457334834,0.6600142551674982,0.0166300547563037,0.0143265306122448,3.734976105114955,0.2016363636363636,-0.1674761904761905,0.5684764991896273,2806.0,0.0353742432186194,0.000944405096318,17.609026911373864,7.387700112663531e-63,0.014777455431532,0.0184826540810754,101,6,1.5261408792514497,-0.174842250638451,0.2390053507734606,7859143.968871588,478901669241287.4,7572125593980762.0,1905580726358189.5,478901677100431.4,30123684488424.73,1884489022785.0488,INDOTHAI,INDO THAI SEC LTD,BE,2016-08-29,2025-07-17,2193,682126.85,6674.0,0.0027359781121751,0.059651396946531,67,0,0.8885737439222042,LOW,PARTIAL,False,True,gap_fade_100,"{""gap_threshold"":0.01}",INTRADAY_SHORT_ALLOWED_RESEARCH,2016-08-29,2026-08-27,99.15401151099091,99.22566627372119,99.10547118785105,73.69114485819291,99.15401151099091,95.3392044009893,5,ROBUST POSITIVE,LIMITED SAMPLE,367,
448,162,INE107F01022,1568,1568,2.206315157905912e+16,1005377000216761.4,220631515790.5912,10053770002.167614,0.3949761027230547,6.174283114505809,10.731631471466354,-0.3063840610324652,0.6084183673469388,0.0152319644051086,0.0098683296710466,4.2937165416352245,0.1454407582938388,-0.1206309523809523,0.6353322528363047,3136.0,0.0298323944633167,0.0007533817294301,20.2181229117816,5.916697102563647e-81,0.0137542219425697,0.0167097068676476,112,9,1.0754756799061918,-0.1539705104847307,0.190758938533152,503991.5433080569,1005376999712770.0,2.206315157905912e+16,4713340200309035.0,1005377000216761.4,45534522952678.12,2049710703846.818,WANBURY,WANBURY LIMITED,EQ,2016-08-29,2026-08-27,2465,907835.1,16315.0,0.0044624746450304,0.0500962114444725,139,0,0.9987844408427876,LOW,FULL,False,True,gap_fade_100,"{""gap_threshold"":0.01}",INTRADAY_SHORT_ALLOWED_RESEARCH,2016-08-29,2026-08-27,99.22566627372119,99.66715206989807,99.12396273952339,72.85209070106096,99.22566627372119,95.33758639021798,5,ROBUST POSITIVE,LOW LIQUIDITY,336,
449,438,INE303A01010,1654,1654,7600649984360.569,287115469326.7585,76006499.8436057,2871154.693267585,0.3232548179930913,4.871576768245008,5.38248853798961,-0.2366448536300164,0.7019347037484885,0.0093244594938824,0.0093477397674724,2.928183013439426,0.1812412523020257,-0.1786467065868262,0.6701782820097245,3308.0,0.0242931400696093,0.0005973321656393,15.610174757459903,2.3847685362454988e-51,0.0081528520952619,0.0104960668925029,110,11,1.094957282804001,-0.0823298945556927,0.1361445424838749,7779.171894605242,287115461547.5866,7600649984360.569,1478448457371.0083,287115469326.7585,10775397515.765024,401673465.74919736,DICIND,DIC INDIA LIMITED,EQ,2016-08-29,2026-08-27,2468,1020305.85,2256.5,0.0081037277147487,0.0418425682517248,3,0,1.0,OK,FULL,False,False,gap_fade_050,"{""gap_threshold"":0.005}",INTRADAY_SHORT_ALLOWED_RESEARCH,2016-08-29,2026-08-27,97.97517509187989,98.87894967986502,97.44123153734138,79.85114300903776,97.97517509187989,95.33053648614289,5,ROBUST POSITIVE,COMPARABLE,877,34
450,66,INE452L01012,1601,1601,1.2079334896780573e+19,5.2141177866495936e+17,120793348967805.72,5214117786649.594,0.463034763870126,6.723643656756297,7.533730568753031,-0.3318193267021276,0.7226733291692692,0.019044587455975,0.0175381882770869,4.727038580555767,0.2616842105263157,-0.1774756871035943,0.6487034035656402,3202.0,0.034414112563739,0.0008600840798017,22.142704304404404,5.533534813448236e-95,0.0173575774666258,0.0207315974453242,113,8,1.011085737854895,-0.2056270509251442,0.2226378277683694,-66961.8718435543,5.214117786650263e+17,1.2079334896780573e+19,2.511581201907272e+18,5.2141177866495936e+17,2.236819866675777e+16,953636630290009.2,INCREDIBLE,INCREDIBLE INDUSTRIES LTD,EQ,2016-08-29,2026-08-27,2437,528537.2,14843.0,0.0020517029134181,0.0604813003312436,83,0,0.9874392220421394,LOW,FULL,False,True,gap_fade_100,"{""gap_threshold"":0.01}",INTRADAY_SHORT_ALLOWED_RESEARCH,2016-08-29,2026-08-27,99.68564362157039,99.84975614266232,99.6972008413656,70.4042715484363,99.68564362157039,95.3285717587777,5,ROBUST POSITIVE,LOW LIQUIDITY,137,
451,246,INE453B01029,1430,1430,664299226276879.1,39608491535428.85,6642992262.768791,396084915.3542885,0.4445442883409625,4.786466961183335,4.292803843575436,-0.2795757526815891,0.720979020979021,0.0145726547972896,0.0143680994033481,3.342311479542978,0.238,-0.1865794392523365,0.5794165316045381,2860.0,0.0355592274523955,0.0009403386746724,15.497240717410246,3.455044344038129e-50,0.0127280625125514,0.0164172470820277,106,15,1.081568957698862,-0.2262516152579383,0.1804662124102514,27075.4716981126,39608491508353.38,664299226276879.1,162322322391098.44,39608491535428.85,2348498414527.6333,138471301185.61664,COMPUSOFT,COMPUCOM SOFTWARE LTD,EQ,2016-08-29,2026-08-27,2468,807751.5,53743.0,0.0,0.0547888973883582,49,0,1.0,LOW,FULL,False,False,gap_fade_100,"{""gap_threshold"":0.01}",INTRADAY_SHORT_ALLOWED_RESEARCH,2016-08-29,2026-08-27,98.81191780505281,98.80960636109377,98.77955758962625,75.61195478815617,98.81191780505281,95.32498902064121,5,ROBUST POSITIVE,LOW LIQUIDITY,515,
452,173,INE924D01017,1639,1639,2.4133108294272456e+16,953643463518234.2,241331082942.72452,9536434635.182344,0.4531643478564397,5.427240378828987,5.833208669174986,-0.3015085391915814,0.7077486272117145,0.0146960443316884,0.0148107588856869,3.307079523823922,0.1756666666666666,-0.183,0.6641004862236629,3278.0,0.0339816700163738,0.0008393734760384,17.50834968129926,4.7436281716577883e-63,0.0130496860236144,0.0163424026397623,103,6,1.167591844470969,-0.1689074486865031,0.2124729988939543,-69466.23794212221,953643463587700.4,2.4133108294272456e+16,4801156264780614.0,953643463518234.2,37444133654761.5,1460815860015.4111,THEINVEST,THE INVEST TRUST OF IND L,EQ,2017-08-02,2026-08-27,2239,950621.21,7566.0,0.0013398838767306,0.0557911899341336,1,0,0.9072123176661264,LOW,PARTIAL,True,True,gap_fade_050,"{""gap_threshold"":0.005}",INTRADAY_SHORT_ALLOWED_RESEARCH,2016-08-29,2026-08-27,99.22104338580311,99.26033793310681,99.07542241638352,73.36754270392714,99.22104338580311,95.32175299909854,5,ROBUST POSITIVE,LIMITED SAMPLE,338,
453,384,INE137I01015,1188,1188,4635631513254.182,444525983090.5214,46356315.13254181,4445259.830905214,0.3796084117898178,4.316156414395388,3.9498331141422938,-0.2432052192580556,0.6961279461279462,0.0135070707964382,0.013815887869154,3.3206592253346363,0.3523638275499474,-0.1654775213576096,0.4813614262560778,2376.0,0.0330722388261424,0.0009595229686769,14.07686031222597,9.803138117221719e-42,0.0116245207634039,0.0153896208294725,109,12,1.4184825581393254,-0.136902158380183,0.1692343520622123,444825.1398135484,444525538265.3816,4635631513254.182,1436330899953.0325,444525983090.5214,42429602075.52023,4030958602.334024,GRPLTD,GRP LIMITED,EQ,2016-08-29,2026-08-27,2455,1237751.45,822.0,0.1458248472505091,0.0486690903407662,21,1,0.9947325769854132,OK,FULL,False,True,gap_fade_100,"{""gap_threshold"":0.01}",INTRADAY_SHORT_ALLOWED_RESEARCH,2016-08-29,2026-08-27,98.09999306566812,98.29415435822759,98.13466472505374,79.2039387005062,98.09999306566812,95.31135150128284,5,ROBUST POSITIVE,COMPARABLE,823,35
454,104,INE975G01012,1602,1602,4.764767613052174e+17,2.040722387375429e+16,4764767613052.174,204072238737.54288,0.3961056880358328,6.9411762069374925,13.163217208161493,-0.3244995232724378,0.5493133583021224,0.0168083952177735,0.0095610799251537,5.997855187193284,0.2132466367713004,-0.1621731601731602,0.6491085899513777,3204.0,0.0293292152368266,0.0007327725411127,22.938080065404325,6.518778391574014e-101,0.0153711008400771,0.0182456895954699,112,9,1.1311972302605833,-0.1803199123713406,0.2251478966089015,-96884.2105263158,2.040722387385117e+16,4.764767613052174e+17,9.86846163319905e+16,2.040722387375429e+16,868615895912867.4,36741982180785.97,IL&FSTRANS,IL&FS TRANS NET LTD,BZ,2016-08-29,2026-08-27,2468,247460.7,74960.5,0.0,0.0494277112940036,270,0,1.0,LOW,FULL,False,False,gap_fade_100,"{""gap_threshold"":0.01}",INTRADAY_SHORT_ALLOWED_RESEARCH,2016-08-29,2026-08-27,99.48454799713382,99.90523079767931,99.48223655317476,71.09770473614867,99.48454799713382,95.31019577930333,5,ROBUST POSITIVE,LOW LIQUIDITY,224,
455,140,INE627H01017,1895,1895,1.9350349220565808e+17,4597653385238332.0,1935034922056.5808,45976533852.38332,0.4922173746885038,5.361690596929368,6.975605650880974,-0.306849500707507,0.6036939313984169,0.013639363029604,0.0097521367521369,3.179225201524156,0.2367096774193549,-0.1754148204736438,0.7678282009724473,3790.0,0.0347716672265185,0.0007987684589636,17.075490245696034,6.452481746225719e-61,0.0120728045164889,0.0152059215427191,111,10,1.1144706371907382,-0.2135594755671821,0.2210741055268325,-66586.73660547007,4597653385304919.0,1.9350349220565808e+17,2.985476484265284e+16,4597653385238332.0,108434675077083.84,2538469121614.8403,CTE,CAMBRIDGE TECH ENTER LTD,BE,2016-08-29,2026-08-27,2468,750686.7,13708.0,0.0012155591572123,0.0532629387937291,147,0,1.0,LOW,FULL,False,False,gap_fade_050,"{""gap_threshold"":0.005}",INTRADAY_SHORT_ALLOWED_RESEARCH,2016-08-29,2026-08-27,99.3551071354275,99.21873194184407,99.16094584286805,72.80817326583917,99.3551071354275,95.30695975776067,5,ROBUST POSITIVE,LOW LIQUIDITY,280,
456,184,INE924D01017,1288,1288,4462829111679301.0,354993487207095.4,44628291116.79301,3549934872.070954,0.4217522585511689,5.55737886039811,5.0312069356496085,-0.3015085391915812,0.7461180124223602,0.0178219890818841,0.0177185281190127,4.09470853100998,0.1515433070866141,-0.183,0.5218800648298217,2576.0,0.034656054173589,0.0009656531962386,18.45588991089542,1.1611651117511268e-67,0.0159275620024255,0.0197164161613428,102,7,1.2316626439848002,-0.1441613368315434,0.205751639230576,-69466.23794212221,354993487276561.6,4462829111679301.0,1259463980513525.2,354993487207095.4,28097184201796.29,2212732451018.813,THEINVEST,THE INVEST TRUST OF IND L,EQ,2017-08-02,2026-08-27,2239,950621.21,7566.0,0.0013398838767306,0.0557911899341336,1,0,0.9072123176661264,LOW,PARTIAL,True,True,gap_fade_100,"{""gap_threshold"":0.01}",INTRADAY_SHORT_ALLOWED_RESEARCH,2016-08-29,2026-08-27,99.11933985160529,99.33661558375518,99.14245429119572,73.36985414788619,99.11933985160529,95.30499503039549,5,ROBUST POSITIVE,LIMITED SAMPLE,382,
457,71,INE452L01012,1839,1839,2.2914077525092983e+19,6.148393513192927e+17,229140775250929.8,6148393513192.927,0.4872348771915375,6.448914295097775,7.597303790906285,-0.3318193267021277,0.7014681892332789,0.0167335412633891,0.0157396280400573,3.8823324240734673,0.2616842105263157,-0.1774756871035943,0.7451377633711507,3678.0,0.0345404333272308,0.0008054469050963,20.775474034986757,2.764740106674342e-86,0.0151538540898435,0.0183132284369346,110,11,1.002820769463879,-0.1911616714446202,0.2368108742357361,-66961.8718435543,6.148393513193596e+17,2.2914077525092983e+19,3.7568073257807386e+18,6.148393513192927e+17,1.6380214081539364e+16,433275218146849.06,INCREDIBLE,INCREDIBLE INDUSTRIES LTD,EQ,2016-08-29,2026-08-27,2437,528537.2,14843.0,0.0020517029134181,0.0604813003312436,83,0,0.9874392220421394,LOW,FULL,False,True,gap_fade_050,"{""gap_threshold"":0.005}",INTRADAY_SHORT_ALLOWED_RESEARCH,2016-08-29,2026-08-27,99.69026650948848,99.76885560409588,99.63710329843053,70.40196010447727,99.69026650948848,95.3021057254467,5,ROBUST POSITIVE,LOW LIQUIDITY,135,
458,240,INE748Z01013,1247,1247,918733733068312.6,79069035773943.25,9187337330.683126,790690357.7394325,0.4499209364912187,4.889472961125144,4.929061478778452,-0.2871024950959658,0.6655974338412189,0.0172773214251633,0.0145289256198346,3.959797943924975,0.2646666666666666,-0.1911891891891892,0.5052674230145867,2494.0,0.0379823870387064,0.0010755956277417,16.06302682862178,6.513581844491301e-53,0.0151671429392611,0.0193874999110655,81,5,2.020333642817309,-0.1309662010596213,0.2866680673460767,171222.62516788242,79069035602720.62,918733733068312.6,269687185690313.9,79069035773943.25,6772063194892.267,577198185041.5131,SUMIT,SUMIT WOODS LIMITED,EQ,2019-07-30,2026-08-27,1733,871701.39,25896.0,0.0155799192152336,0.0573915587444781,103,0,0.7021880064829822,LOW,PARTIAL,True,True,gap_fade_050,"{""gap_threshold"":0.005}",INTRADAY_SHORT_ALLOWED_RESEARCH,2016-08-29,2026-08-27,98.91362133925064,98.89050689966021,98.96216166239049,74.76249913320852,98.91362133925064,95.2960381850542,5,ROBUST POSITIVE,LIMITED SAMPLE,471,
459,269,INE08KP01019,1265,1265,395099888074629.0,32746203908415.902,3950998880.74629,327462039.0841591,0.4583497044440036,4.603817562658026,6.585826820225713,-0.2788131276924487,0.6687747035573123,0.0163368811672092,0.0133437932625751,3.4846787528206478,0.3190412147505421,-0.1436579223504721,0.5125607779578606,2530.0,0.0386898840246893,0.0010878077914691,15.018168922237257,4.933706773559359e-47,0.0142027735564763,0.0184709887779422,76,10,3.51772078668367,-0.1556329970290467,0.4369408872492654,265862.068965518,32746203642553.84,395099888074629.0,113815246565517.64,32746203908415.902,2700714732663.7905,221641735985.2192,DCMNVL,DCM NOUVELLE LIMITED,EQ,2019-07-16,2026-08-27,1757,3224221.15,22140.0,0.0017074558907228,0.059734600753138,18,1,0.7119124797406807,OK,PARTIAL,True,True,gap_fade_050,"{""gap_threshold"":0.005}",INTRADAY_SHORT_ALLOWED_RESEARCH,2016-08-29,2026-08-27,98.77955758962625,98.60851073665718,98.8396551325613,75.70210110255877,98.77955758962625,95.29574925455933,5,ROBUST POSITIVE,LIMITED SAMPLE,529,
460,101,INE482J01021,1756,1756,1.5343103174257162e+18,4.833730436074675e+16,15343103174257.164,483373043607.4675,0.5222850794280736,5.544746079589041,7.067704710839863,-0.3200586668311197,0.6121867881548975,0.016151370687746,0.0133846153846153,3.583731411555933,0.2640550458715596,-0.1908888888888888,0.7115072933549432,3512.0,0.0380305242089947,0.0009075489443213,17.79669381889231,2.8737665359206185e-65,0.0143713798571532,0.0179313615183388,106,13,1.141420584663738,-0.1848700524222807,0.2193334689358395,-72307.69230769217,4.833730436081906e+16,1.5343103174257162e+18,2.7256365185865792e+17,4.833730436074675e+16,1512463160786088.2,47001159782850.75,SHAH,SHAH METACORP LIMITED,EQ,2016-10-14,2026-08-27,2438,1422625.125,333080.0,0.0,0.0610317596529891,141,0,0.9878444084278768,OK,FULL,True,True,gap_fade_050,"{""gap_threshold"":0.005}",INTRADAY_SHORT_ALLOWED_RESEARCH,2016-08-29,2026-08-27,99.54926842798696,99.33199269583709,99.5007281048471,71.54381342024362,99.54926842798696,95.29528696576752,5,ROBUST POSITIVE,COMPARABLE,196,36
461,380,INE341R01014,1223,1223,6236380989029.181,558044840796.3618,62363809.89029181,5580448.407963618,0.3362900803303505,4.89734362238188,4.577109037415889,-0.2544939423517992,0.7481602616516762,0.013188420686429,0.0134085487813913,3.686523585142693,0.2279019607843138,-0.1821369863013699,0.4955429497568882,2446.0,0.0286038485207728,0.0008179207780596,16.12432528944323,3.531489756871108e-53,0.0115837360407365,0.0147931053321215,110,10,0.6465715569716268,-0.1205572986756686,0.1308139612702392,-5595.817835591341,558044846392.1797,6236380989029.181,1866636290046.044,558044840796.3618,49697001685.28896,4404536465.774709,DTIL,DHUNSERI TEA & IND. LTD.,EQ,2016-08-29,2026-08-27,2468,1124057.55,4846.5,0.0020259319286871,0.0453752950204592,4,1,1.0,OK,FULL,False,False,gap_fade_100,"{""gap_threshold"":0.01}",INTRADAY_SHORT_ALLOWED_RESEARCH,2016-08-29,2026-08-27,98.12541894921758,98.89744123153734,98.15315627672607,78.18690335852807,98.12541894921758,95.29459353257981,5,ROBUST POSITIVE,COMPARABLE,812,37
462,621,INE03RS01027,658,658,20901068406.079624,5732071200.513017,209010.68406079625,57320.71200513017,0.3033182538385976,3.8438703343751808,3.7618552186375145,-0.1781164506543583,0.6352583586626139,0.0173534567309663,0.0135201491278182,4.294614924311496,0.1694932126696833,-0.1454426229508196,0.266612641815235,1316.0,0.0339071170964375,0.0013218370459231,13.12828747271668,3.9462508249891695e-35,0.0147579222321,0.0199489912298326,48,2,1.0552517160653152,-0.0505774380292065,0.1917729506665718,40037.24093209431,5732031163.272084,20901068406.079624,10949117807.13953,5732071200.513017,1567949130.6354053,427746240.2225016,DRCSYSTEMS,DRC SYSTEMS INDIA LIMITED,EQ,2022-03-21,2026-08-27,1010,1360577.495,55057.0,0.0128712871287128,0.0544855153394906,87,1,0.4092382495948136,OK,PARTIAL,True,True,gap_fade_100,"{""gap_threshold"":0.01}",INTRADAY_SHORT_ALLOWED_RESEARCH,2016-08-29,2026-08-27,96.66227492314448,97.5776067309248,97.48283752860412,85.2160044379724,96.66227492314448,95.29251323301666,5,ROBUST POSITIVE,LIMITED SAMPLE,1445,
463,743,INE955I01044,779,779,9661120180.715738,2076847662.101589,96611.20180715738,20768.47662101589,0.2500240111663212,4.190118713316211,5.108858049442599,-0.1613741467368737,0.6020539152759948,0.0131708924277209,0.0088661417322833,4.210314717544735,0.1029769970723546,-0.069607621736062,0.3156401944894652,1558.0,0.0258404171490452,0.0009258290240744,14.226052635245878,5.436695075704125e-41,0.0113534735321526,0.0149883113232892,48,7,0.505962226189026,-0.0546762474737377,0.144458176608605,4943253.789278254,2071904408.3123107,9661120180.715738,4481091951.807071,2076847662.101589,445041686.4599291,95014095.41664793,SEJALLTD,SEJAL GLASS LIMITED,EQ,2021-12-13,2026-08-27,1106,1163848.225,3216.0,0.0705244122965642,0.0448310522127009,121,1,0.4481361426256078,OK,PARTIAL,True,True,gap_fade_050,"{""gap_threshold"":0.005}",INTRADAY_SHORT_ALLOWED_RESEARCH,2016-08-29,2026-08-27,96.20923190717241,98.11617317338141,96.91884520259806,86.58091209578623,96.20923190717241,95.2882948477914,5,ROBUST POSITIVE,LIMITED SAMPLE,1641,
464,193,INE141D01018,1330,1330,3072479368707652.5,224627617312286.38,30724793687.076527,2246276173.122864,0.3685548043866755,6.170809318543096,11.247737944110078,-0.304244881641878,0.5172932330827068,0.0167470060501733,0.0038235991196885,6.656908866132375,0.1409629629629629,-0.1768148148148147,0.5388978930307942,2660.0,0.0295152787008803,0.0008093214817023,20.692649866339632,1.1134908173734608e-82,0.0151593191572851,0.0183346929430616,96,21,0.9902889521431232,-0.2835738455734503,0.2164638833920769,247591.8171531665,224627617064694.53,3072479368707652.5,831295790711718.5,224627617312286.38,16337919813802.818,1182172663178.3325,TNTELE,TAMILNADU TELECOMMUNICATI,EQ,2016-08-29,2026-08-27,2160,55230.34,7492.5,0.0912037037037037,0.0410671136283785,660,0,0.8752025931928687,LOW,PARTIAL,False,True,gap_fade_100,"{""gap_threshold"":0.01}",INTRADAY_SHORT_ALLOWED_RESEARCH,2016-08-29,2026-08-27,99.06155375262927,99.66252918197999,99.04537364491598,73.10634953655548,99.06155375262927,95.28523218454569,5,ROBUST POSITIVE,LIMITED SAMPLE,407,
465,43,INE722J01012,1601,1601,1.0387934359125456e+20,4.501512801272546e+18,1038793435912545.8,45015128012725.46,0.5048425371063796,6.646451418036048,8.16264843539158,-0.3394882488627807,0.6739537788881949,0.0205257510853749,0.0178019801980197,4.853525099459989,0.2387407407407407,-0.1799141104294477,0.6487034035656402,3202.0,0.0375674681626556,0.0009388933457259,21.861642942527077,6.4425564011642936e-93,0.0186841608381304,0.0223673413326194,105,12,1.2887532070325678,-0.1801506878840778,0.2656932368799952,357391.81644766155,4.501512801272189e+18,1.0387934359125456e+20,2.164105240966199e+19,4.501512801272546e+18,1.9386804880357824e+17,8297778930847606.0,RKDL,RAVI KUMAR DIST. LTD.,EQ,2016-08-29,2026-08-27,2370,198104.535,14535.5,0.0012658227848101,0.0601406577891307,153,0,0.960291734197731,LOW,FULL,False,True,gap_fade_100,"{""gap_threshold"":0.01}",INTRADAY_SHORT_ALLOWED_RESEARCH,2016-08-29,2026-08-27,99.79890437556341,99.83588747890806,99.78272426785013,69.63687215403462,99.79890437556341,95.27876014146037,5,ROBUST POSITIVE,LOW LIQUIDITY,88,
466,223,INE429I01024,1136,1136,1277512436958676.2,137267498346285.77,12775124369.586763,1372674983.4628575,0.6070795117631511,3.821685663468021,6.792531938157022,-0.2759611538234248,0.5044014084507042,0.0200016960114573,0.0014106174002547,4.51922829769037,0.6646666666666667,-0.1792784019975031,0.4602917341977309,2272.0,0.054430643287589,0.001614932227435,12.385470839990044,3.891070170112496e-33,0.0168331080862258,0.0231702839366887,77,10,2.811015815641458,-0.2289680421629034,0.4414972816066863,9475284.090909136,137267488871001.66,1277512436958676.2,418991053410683.8,137267498346285.77,14684526803258.06,1563991056366.8572,CCCL,CONS. CONST. CONSORT LTD,EQ,2016-08-29,2026-08-27,1722,428743.825,149455.5,0.0023228803716608,0.0719166303766628,252,3,0.6977309562398704,LOW,PARTIAL,False,True,gap_fade_050,"{""gap_threshold"":0.005}",INTRADAY_SHORT_ALLOWED_RESEARCH,2016-08-29,2026-08-27,98.99452187781708,97.53368929570303,99.08929108013777,76.01645748098838,98.99452187781708,95.2745995423341,5,ROBUST POSITIVE,LIMITED SAMPLE,436,
467,165,INE398B01018,1365,1365,1.2364114655396546e+16,844393722641791.5,123641146553.96544,8443937226.417915,0.4699584969495102,5.219930377326619,5.463246331185873,-0.3043926967712829,0.6637362637362637,0.0176009528620148,0.0133127715030407,4.139030398732821,0.258,-0.1882244897959184,0.5530794165316045,2730.0,0.0380342729241579,0.0010294583791892,17.09729428388924,1.5743580086685092e-59,0.015581459516578,0.0196204462074516,108,9,0.8570806996283857,-0.1363518060895635,0.2134366430358605,179689.17434575554,844393722462102.4,1.2364114655396546e+16,3233262101334925.0,844393722641791.5,57362387216439.32,3876149959364.293,UMIYA-MRO,UMIYA BUILDCON LIMITED,EQ,2016-08-29,2026-08-27,2309,560957.45,9619.0,0.0242529233434387,0.0542379801345398,148,0,0.9355753646677472,LOW,PARTIAL,False,True,gap_fade_100,"{""gap_threshold"":0.01}",INTRADAY_SHORT_ALLOWED_RESEARCH,2016-08-29,2026-08-27,99.21179760996695,99.11702840764626,99.20717472204886,73.08554654092411,99.21179760996695,95.27298153156276,5,ROBUST POSITIVE,LIMITED SAMPLE,342,
468,461,INE481Z01011,695,695,410008483937.3386,104985326160.66728,4100084.839373386,1049853.2616066728,0.3817209992508878,3.904377319401579,3.1667533365997227,-0.226486377862083,0.6992805755395683,0.0210018543996695,0.0195686274509804,4.135546760531299,0.2297460317460317,-0.1720507614213198,0.2816045380875203,1390.0,0.0416905050088875,0.0015814109936337,13.280453015829565,5.0086982968308793e-36,0.0178969308566671,0.0241067779426719,52,4,0.7607270065274261,-0.0598236135789373,0.2057794971030629,-71138.06655302271,104985397298.73384,410008483937.3386,207541998351.272,104985326160.66728,26810159860.580635,6828070793.300685,UNIINFO,UNIINFO TELECOM SERVI LTD,EQ,2022-01-12,2026-08-27,1140,195585.975,8623.0,0.0078947368421052,0.0648817587729024,38,0,0.4619124797406807,LOW,PARTIAL,True,True,gap_fade_100,"{""gap_threshold"":0.01}",INTRADAY_SHORT_ALLOWED_RESEARCH,2016-08-29,2026-08-27,97.69549037283592,97.68855604095879,98.26641703071908,80.77340914869518,97.69549037283592,95.26997665441601,5,ROBUST POSITIVE,LIMITED SAMPLE,998,
469,67,INE210C01013,2467,2467,5879471317904.423,43603139479.8028,58794713.17904423,436031.3947980281,0.3031173770401369,4.535244577501855,7.266877940418,-0.1794035699409154,0.5678962302391569,0.0054574153996588,0.0028956454522028,2.3746525812873496,0.1696049382716049,-0.1377191087103307,0.9995948136142626,4934.0,0.0190981550588842,0.0003845092928556,14.19319506982096,5.201394999896767e-44,0.0047034209607084,0.0062114098386091,102,19,0.4790142044838674,-0.0769877785138495,0.1102672929246655,-67297.12460063898,43603206776.92741,5879471317904.423,506941503115.9522,43603139479.8028,320125175.3266185,2228796.178777523,AROGRANITE,ARO GRANITE IND. LTD.,EQ,2016-08-29,2026-08-27,2468,1047086.8,21841.5,0.0,0.055902384128242,1,0,1.0,OK,FULL,False,False,close_to_open,{},LONG_ONLY,2016-08-29,2026-08-27,97.4088713219148,98.52529875413171,94.84316852737905,85.07962924438897,97.4088713219148,95.26962993782216,5,ROBUST POSITIVE,COMPARABLE,1122,38
470,133,INE240C01028,1397,1397,8.826389555944789e+16,5679139216691824.0,882638955594.4789,56791392166.91824,0.4060591766035323,6.455016740461593,12.175456061825694,-0.3210846335586993,0.5075161059413028,0.0183753200038677,0.0039880239520959,7.157864410758475,0.1529295774647887,-0.1844644549763034,0.5660453808752026,2794.0,0.0317749292252939,0.0008501320488917,21.61466566026028,1.3146135603523649e-89,0.0167076459149953,0.0200429940927401,90,29,1.1124618659473753,-0.2136777820335836,0.2788618072923821,1060307.7181135474,5679139215631516.0,8.826389555944789e+16,2.2404000675725644e+16,5679139216691824.0,363442012017835.7,23132983986344.28,UMESLTD,USHA MARTIN EDU & SOL LTD,EQ,2016-08-29,2026-08-27,2069,57841.42,13595.0,0.0734654422426292,0.0439683002564487,682,0,0.8383306320907618,LOW,PARTIAL,False,True,gap_fade_100,"{""gap_threshold"":0.01}",INTRADAY_SHORT_ALLOWED_RESEARCH,2016-08-29,2026-08-27,99.3712872431408,99.77347849201395,99.41058179044448,71.43286411020965,99.3712872431408,95.2688209324365,5,ROBUST POSITIVE,LIMITED SAMPLE,273,
471,359,INE915K01010,1014,1014,14221872886736.244,1936592640938.6416,142218728.86736244,19365926.40938642,0.3693874922027701,4.833473485079089,5.172495127987154,-0.2683743140779752,0.6863905325443787,0.0172444038791359,0.0135410497316062,4.406267149750522,0.2037971014492752,-0.1566690439046134,0.4108589951377633,2028.0,0.0338122208610472,0.0010618293356391,16.24027826350808,6.902410672232392e-53,0.0151607670792496,0.0193280406790222,67,3,1.0054777701058164,-0.0334614021172262,0.2139248393762312,380056.5434032413,1936592260882.0984,14221872886736.244,5250620232075.432,1936592640938.6416,262670756785.79053,35487024549.29279,AHLWEST,ASIAN HOTELS (WEST) LTD,BE,2016-08-29,2026-08-27,1423,233576.0,859.0,0.0787069571328179,0.0517643218799134,72,1,0.576580226904376,LOW,PARTIAL,False,True,gap_fade_050,"{""gap_threshold"":0.005}",INTRADAY_SHORT_ALLOWED_RESEARCH,2016-08-29,2026-08-27,98.3565633451217,98.8442780204794,98.53916741788595,76.81621709081664,98.3565633451217,95.25957515660032,5,ROBUST POSITIVE,LIMITED SAMPLE,712,
472,69,INE520H01022,1753,1753,2.236270500192283e+19,7.125785424915028e+17,223627050019228.28,7125785424915.028,0.5154046455297758,6.151484836387892,8.162956334837036,-0.333885726488015,0.6845407872219053,0.0177129535996798,0.0155763182238668,3.701674619018142,0.1721935483870967,-0.1928177905308463,0.710291734197731,3506.0,0.0373280713315721,0.0008915477192029,19.867645015697605,2.2222510649005554e-79,0.015964344171527,0.0194615630278326,107,5,1.8775751016809357,-0.2039740735982339,0.2724073367707966,-69652.71278225581,7.125785424915725e+17,2.236270500192283e+19,3.9952764873111455e+18,7.125785424915028e+17,2.2552199825909548e+16,708893770763139.6,BEARDSELL,BEARDSELL LIMITED,EQ,2017-05-05,2026-08-27,2297,434197.5,18508.0,0.0095777100565955,0.0656345007084783,63,0,0.930713128038898,LOW,PARTIAL,True,True,gap_fade_050,"{""gap_threshold"":0.005}",INTRADAY_SHORT_ALLOWED_RESEARCH,2016-08-29,2026-08-27,99.6972008413656,99.64403763030766,99.67639784573423,70.19161870420452,99.6972008413656,95.25657027945357,5,ROBUST POSITIVE,LIMITED SAMPLE,132,
473,136,INE528A01020,1399,1399,7.946084938484904e+16,5090332030154048.0,794608493848.4904,50903320301.54048,0.4339218743759047,6.037987729756481,7.387575418732371,-0.3191366821414337,0.7283774124374554,0.0183413234634309,0.0151693469925027,5.389629814334579,0.4050508474576271,-0.1820738672191695,0.5668557536466775,2798.0,0.0342446723081357,0.0009155544071232,20.033024057041462,1.1021292539782898e-78,0.0165453148689383,0.0201373320579236,113,8,2.1728464927578077,-0.0652986331821742,0.2525861177131161,204661.58556504647,5090332029949386.0,7.946084938484904e+16,2.0125328841861124e+16,5090332030154048.0,324330479716273.0,20552699270153.523,GKWLIMITED,GKW LIMITED,EQ,2016-08-29,2026-08-27,2460,273386.825,347.0,0.2065040650406504,0.0486482767816776,34,0,0.9967585089141004,LOW,FULL,False,True,gap_fade_100,"{""gap_threshold"":0.01}",INTRADAY_SHORT_ALLOWED_RESEARCH,2016-08-29,2026-08-27,99.36204146730464,99.59318586320875,99.39209023877216,71.63627117860527,99.36204146730464,95.25541455747407,5,ROBUST POSITIVE,LOW LIQUIDITY,277,
474,82,INE652F01027,1564,1564,2.350599566632914e+18,1.0892511895779914e+17,23505995666329.137,1089251189577.9912,0.4463592627720824,6.597619955855872,6.926806894075668,-0.3327707736596643,0.7186700767263428,0.0184407980856981,0.0179337748344369,4.534704335644099,0.1720707162284678,-0.185673469387755,0.6337115072933549,3128.0,0.0335150132150387,0.0008474635356451,21.75999002913924,6.412196344393956e-92,0.0167785128449809,0.0201030833264153,113,8,0.9887695844948056,-0.2468230335510202,0.2412057619643962,2063.4920634920272,1.0892511895779709e+17,2.350599566632914e+18,5.0638547693480026e+17,1.0892511895779914e+17,5017057790336509.0,229684370810196.1,CCHHL,COUNTRY CLUB HOSP HOL LTD,EQ,2016-08-29,2026-08-27,2468,484983.05,51397.5,0.0,0.0588456114521487,49,0,1.0,LOW,FULL,False,False,gap_fade_100,"{""gap_threshold"":0.01}",INTRADAY_SHORT_ALLOWED_RESEARCH,2016-08-29,2026-08-27,99.607054526963,99.81277303931766,99.60936597092204,70.30950234611562,99.607054526963,95.25402769109866,5,ROBUST POSITIVE,LOW LIQUIDITY,171,
475,407,INE696V01013,933,933,3524367446775.759,562861631613.8544,35243674.46775759,5628616.316138544,0.3594164537855938,4.606226315489441,4.189094880280232,-0.2569360965337566,0.7052518756698821,0.017378256291503,0.0163735964613813,4.144780950537798,0.1526860782529572,-0.1777508342602893,0.3780388978930308,1866.0,0.0341886857808336,0.0011192873227403,15.52617986323232,1.5963631084984455e-48,0.0151816408260138,0.0195748717569922,60,0,0.9062635634833968,0.0,0.2156715283191765,-63782.66850068791,562861695396.5228,3524367446775.759,1409085854784.661,562861631613.8544,89567498326.92381,14201019945.38932,JAIPURKURT,NANDANI CREATION LIMITED,EQ,2021-09-02,2026-08-27,1231,1006145.45,17545.0,0.0,0.0575748643266452,31,0,0.4987844408427876,OK,PARTIAL,True,True,gap_fade_050,"{""gap_threshold"":0.005}",INTRADAY_SHORT_ALLOWED_RESEARCH,2016-08-29,2026-08-27,98.12773039317662,98.61544506853431,98.38892356054826,77.96269329450108,98.12773039317662,95.25275639692116,5,ROBUST POSITIVE,LIMITED SAMPLE,811,
476,107,INE482J01021,1576,1576,3.706409313863082e+17,1.669844147161843e+16,3706409313863.0825,166984414716.1843,0.5055382081930285,5.494060136532717,6.865362931428037,-0.3200586668311196,0.6072335025380711,0.0172598014328787,0.0141290322580646,3.867718913001026,0.2640550458715596,-0.1908888888888888,0.6385737439222042,3152.0,0.0384810950862553,0.0009693247816826,17.806004508537498,9.185383571489017e-65,0.0153584986670888,0.0191611041986685,107,12,1.141420584663738,-0.1848700524222807,0.2175965418892745,-72307.69230769217,1.6698441471690738e+16,3.706409313863082e+17,7.873106896949112e+16,1.669844147161843e+16,747724032905541.6,33276608326288.08,SHAH,SHAH METACORP LIMITED,EQ,2016-10-14,2026-08-27,2438,1422625.125,333080.0,0.0,0.0610317596529891,141,0,0.9878444084278768,OK,FULL,True,True,gap_fade_100,"{""gap_threshold"":0.01}",INTRADAY_SHORT_ALLOWED_RESEARCH,2016-08-29,2026-08-27,99.4729907773386,99.31581258812379,99.46605644546148,71.54612486420267,99.4729907773386,95.25113838614982,5,ROBUST POSITIVE,COMPARABLE,229,39
477,92,INE998H01012,1834,1834,3.3168340684039844e+18,8.953625723199774e+16,33168340684039.844,895362572319.9774,0.5063936839256923,5.829486685434159,7.089231340183122,-0.3268283656963697,0.6668484187568157,0.0157639075129928,0.0125279302096524,3.6544450211037542,0.2268732394366197,-0.1943076923076923,0.7431118314424635,3668.0,0.0361343802757446,0.000843763909102,18.68284166096709,1.932941313368437e-71,0.0141090679300759,0.0174187470959097,113,8,1.550264148236126,-0.2161009161751406,0.2450213394621163,-51047.6190476191,8.953625723204878e+16,3.3168340684039844e+18,5.45441336850767e+17,8.953625723199774e+16,2399796107093108.0,63861288801469.66,ORIENTALTL,ORIENTAL TRIMEX LTD,EQ,2016-08-29,2026-08-27,2468,420789.51,44232.5,0.0008103727714748,0.0604558478042108,109,0,1.0,LOW,FULL,False,False,gap_fade_050,"{""gap_threshold"":0.005}",INTRADAY_SHORT_ALLOWED_RESEARCH,2016-08-29,2026-08-27,99.59087441924972,99.49610521692902,99.51459676860135,70.86193745232647,99.59087441924972,95.2473245036174,5,ROBUST POSITIVE,LOW LIQUIDITY,178,
478,882,INE740X01023,374,374,407420104.93111503,195781185.26991564,4074.20104931115,1957.8118526991564,0.2189898876659263,3.6455019441012686,3.157537768566305,-0.0932928590030488,0.7165775401069518,0.0209052038780923,0.0183253553654123,7.439568853570413,0.1776966161026836,-0.084490272373541,0.1515397082658022,748.0,0.0297802591117291,0.0015399005391537,13.57568449815674,2.1476783971883293e-34,0.0178772292345502,0.0239331785216343,29,0,0.7843545586209733,0.0,0.1609155063791398,-66429.90654205604,195847615.1764577,407420104.93111503,282484831.41324216,195781185.26991564,93918098.35346615,44961204.44767994,LAL,LORENZINI APPARELS LTD,EQ,2024-03-28,2026-08-27,596,504683.68,43072.0,0.0,0.0582658870085476,41,1,0.2414910858995137,LOW,PARTIAL,True,True,gap_fade_100,"{""gap_threshold"":0.01}",INTRADAY_SHORT_ALLOWED_RESEARCH,2016-08-29,2026-08-27,94.92638050990453,97.23320158102767,96.57675149665997,91.76894806185423,94.93100339782262,95.24512863185632,5,ROBUST POSITIVE,LIMITED SAMPLE,2196,
479,22,INE197J01017,1784,1784,3.6519732107955216e+21,1.10433772474289e+20,3.651973210795522e+16,1104337724742890.0,0.5473337192039709,6.777628664899858,8.1437555660156,-0.3458444160404834,0.6468609865470852,0.0203647807913648,0.0174989476542875,4.597935057200434,0.2837142857142858,-0.1905245901639345,0.7228525121555915,3568.0,0.0391130185685944,0.0009260275535939,21.99154950878906,4.906060109980412e-95,0.0185485672407275,0.0221809943420022,111,10,1.4794946104308575,-0.2392083565015405,0.2574668086852959,70553.38541666596,1.1043377247428891e+20,3.6519732107955216e+21,6.356057107778378e+20,1.10433772474289e+20,3.316545724510729e+18,9.891633444220146e+16,LPDC,LANDMARK PR.DEV.CO.LTD,EQ,2016-08-29,2026-08-27,2463,155334.0,27856.0,0.004060089321965,0.0619415554887446,188,0,0.9979740680713128,LOW,FULL,False,True,gap_fade_050,"{""gap_threshold"":0.005}",INTRADAY_SHORT_ALLOWED_RESEARCH,2016-08-29,2026-08-27,99.90060790976123,99.85900191849849,99.86824769433466,68.9457504102813,99.90060790976123,95.24258604350139,5,ROBUST POSITIVE,LOW LIQUIDITY,44,
480,82,INE652F01027,1861,1861,9.229203547874888e+18,2.36551852428277e+17,92292035478748.88,2365518524282.77,0.4788427383806477,6.350194438749294,7.039795728855919,-0.3330907856182086,0.6974744760881246,0.0160021438634568,0.0152413793103449,3.676600007196355,0.1720707162284678,-0.1936932907348241,0.7540518638573744,3722.0,0.0338201670703568,0.0007839756287633,20.411532293037908,9.995416324882869e-84,0.0144645793324149,0.0175397083944986,112,9,0.9887695844948056,-0.2235590561606578,0.2403462567064068,2063.4920634920272,2.365518524282749e+17,9.229203547874888e+18,1.4788950682109084e+18,2.36551852428277e+17,6019296044790082.0,152058191304213.62,CCHHL,COUNTRY CLUB HOSP HOL LTD,EQ,2016-08-29,2026-08-27,2468,484983.05,51397.5,0.0,0.0588456114521487,49,0,1.0,LOW,FULL,False,False,gap_fade_050,"{""gap_threshold"":0.005}",INTRADAY_SHORT_ALLOWED_RESEARCH,2016-08-29,2026-08-27,99.6417261863486,99.71800383699697,99.58394008737258,70.26558491089384,99.6417261863486,95.23900330536486,5,ROBUST POSITIVE,LOW LIQUIDITY,156,
481,748,INE799L01016,558,558,5868716646.714862,1961183393.2015967,58687.16646714862,19611.83393201597,0.3110871452956446,3.398971749499208,3.4371863916527983,-0.145039592221703,0.6200716845878136,0.018558378853323,0.0113298336294619,4.7699342064881005,0.2202222222222223,-0.0991272229822161,0.2260940032414911,1116.0,0.037866515656559,0.0016030174324792,11.577153483989632,6.345904087856697e-28,0.0154096805369132,0.0217070771697328,34,4,1.227117579509747,-0.0337385293961406,0.2373431768707883,-98721.02318145485,1961282114.224779,5868716646.714862,3393514242.333236,1961183393.2015967,653921600.9767511,217521628.7076361,TARAJEWELS,TARAJEWELS,BZ,2016-08-29,2019-09-03,743,730337.25,42302.0,0.0013458950201884,0.0643012572286554,33,0,0.3010534846029173,LOW,PARTIAL,False,True,gap_fade_050,"{""gap_threshold"":0.005}",INTRADAY_SHORT_ALLOWED_RESEARCH,2016-08-29,2026-08-27,96.18149457966392,96.70388091440722,97.21933291727342,87.81406744793473,96.18149457966392,95.23842544437511,5,ROBUST POSITIVE,LIMITED SAMPLE,1653,
482,584,INE186H01014,849,849,112452896401.30934,21106831996.788284,1124528.9640130934,211068.31996788285,0.3375870388593358,3.880773760761155,4.204577402894892,-0.2030996765083206,0.6760895170789164,0.0151126635464216,0.0127236302196476,3.505832422862426,0.2148582375478929,-0.1505148514851484,0.3440032414910859,1698.0,0.0341417687645191,0.0011717424705953,12.897598171672891,6.985346977700658e-35,0.012812807963426,0.0174125191294172,52,3,2.0475497799220954,-0.16653539992361,0.2525425538195037,-47676.11683329547,21106879672.90512,112452896401.30934,48738968376.33593,21106831996.788284,3948499954.979444,736140007.8181894,BASML,BASML,EQ,2016-08-29,2021-02-12,1100,206212.15,1077.0,0.0618181818181818,0.054165953160112,9,1,0.4457050243111831,LOW,PARTIAL,False,True,gap_fade_050,"{""gap_threshold"":0.005}",INTRADAY_SHORT_ALLOWED_RESEARCH,2016-08-29,2026-08-27,97.18928414580589,97.64232716177797,97.63770427385988,82.97852668562051,97.18928414580589,95.2379631555833,5,ROBUST POSITIVE,LIMITED SAMPLE,1217,
483,555,INE885F01015,968,968,230930408043.97385,34201451193.22837,2309304.0804397385,342014.5119322837,0.3584935620773267,3.810594448592983,7.059464010280875,-0.2067271310890804,0.387396694214876,0.0138211235294921,-0.002,4.251097098484365,0.1856436047995915,-0.0913592004703116,0.3922204213938411,1936.0,0.0344218294852315,0.0011063595022661,12.492434422249742,2.622000578903098e-33,0.0116499812566735,0.0159922658023107,67,23,0.9910402138938996,-0.1008816161020502,0.1961115865223811,2099812.093220779,34199351381.13515,230930408043.97385,88913528668.45996,34201451193.22837,5046150803.952042,741626640.9710168,MASKINVEST,MASK INVESTMENTS LIMITED,EQ,2016-10-14,2026-08-27,1533,14976.0,211.0,0.3522504892367906,0.0336006256830151,578,1,0.6211507293354943,LOW,PARTIAL,True,True,gap_fade_050,"{""gap_threshold"":0.005}",INTRADAY_SHORT_ALLOWED_RESEARCH,2016-08-29,2026-08-27,97.33721655918453,97.52675496382591,97.64001571781891,82.67341608302706,97.33721655918453,95.23611400041607,5,ROBUST POSITIVE,LIMITED SAMPLE,1153,
484,202,INE828A01016,1318,1318,2498602600556247.5,186990352829403.44,24986026005.562477,1869903528.2940345,0.4018126115361256,5.644661543909589,6.252077122148005,-0.3026892787378987,0.7230652503793626,0.016853522087974,0.0161657626891656,4.347756658397185,0.2247884322678842,-0.178984126984127,0.534035656401945,2636.0,0.0326753889305501,0.0009000425895178,18.725249542916952,1.4900059473169069e-69,0.0150878483435525,0.0186191958323956,113,7,1.111146997916304,-0.1228669933349555,0.1913752808071931,69819.03714090746,186990352759584.4,2498602600556247.5,683967235559149.4,186990352829403.44,13922589045304.129,1031313666171.2052,BIL,BHARTIYA INTERNATIONAL,EQ,2016-08-29,2026-08-27,2466,1380833.15,4329.5,0.0097323600973236,0.0502898083662092,24,0,0.9991896272285252,OK,FULL,False,True,gap_fade_100,"{""gap_threshold"":0.01}",INTRADAY_SHORT_ALLOWED_RESEARCH,2016-08-29,2026-08-27,99.02225920532557,99.40364745856736,99.03843931303885,73.24503617409796,99.02225920532557,95.23518942283245,5,ROBUST POSITIVE,COMPARABLE,424,40
485,318,INE454M01024,1736,1736,189666354545656.5,6114812714736.137,1896663545.456565,61148127.14736137,0.4196349786621395,4.58609161554821,6.136059436053175,-0.2678925433569362,0.5800691244239631,0.0108569865967456,0.0082040816326529,2.660448589977245,0.176909952606635,-0.1936376306620211,0.7034035656401945,3472.0,0.0309616032622451,0.0007431022579466,14.610353394358244,1.1088212054984429e-45,0.0093995161910442,0.012314457002447,104,14,0.5974191255962993,-0.2045800591987895,0.1588176870346653,-57211.45662084459,6114812771947.594,189666354545656.5,34084424252154.605,6114812714736.137,195801536122.67795,6226887084.54801,NAGAFERT,NAGARJUN FERT AND CHE LTD,BZ,2016-08-29,2026-08-24,2399,3179784.4,350970.0,0.0,0.0483460151678319,144,0,0.9720421393841168,OK,FULL,False,True,gap_fade_050,"{""gap_threshold"":0.005}",INTRADAY_SHORT_ALLOWED_RESEARCH,2016-08-29,2026-08-27,98.54610174976308,98.5692161893535,98.2224995954973,76.86129024801794,98.54610174976308,95.23328248156623,5,ROBUST POSITIVE,COMPARABLE,630,41
486,820,INE803A01027,76,76,939032790.6705544,819305434.5802686,9390.327906705545,8193.054345802686,0.6546376326665017,1.6578486467872795,,-0.0217813147347546,0.4473684210526316,0.1398546365914786,-0.002,127.53514739229026,0.998,-0.002,0.0307941653160453,152.0,0.1916469035094912,0.0219834075063253,6.36182705302797,1.4207612776064432e-08,0.0960614431458189,0.1836478300371384,9,7,22.266547465878663,-0.0079760319839999,2.047486866739587,53773.43750000006,819251661.1427686,939032790.6705544,877156250.7205662,819305434.5802686,714663029.2696952,623227548.3581442,ATNINTER,ATNINTER,BE,2016-08-31,2022-05-02,307,781.4,5005.0,0.0781758957654723,0.2181686572566051,145,52,0.1243922204213938,LOW,PARTIAL,True,True,gap_fade_050,"{""gap_threshold"":0.005}",INTRADAY_SHORT_ALLOWED_RESEARCH,2016-08-29,2026-08-27,95.72960728567136,90.89406652335714,97.59494256061761,96.33751704689921,95.72960728567136,95.22675265238195,5,ROBUST POSITIVE,LIMITED SAMPLE,1848,
487,761,INE803A01027,76,76,939032790.6705544,819305434.5802686,9390.327906705545,8193.054345802686,0.6546376326665017,1.6578486467872795,,-0.0217813147347546,0.4473684210526316,0.1398546365914786,-0.002,127.53514739229026,0.998,-0.002,0.0307941653160453,152.0,0.1916469035094912,0.0219834075063253,6.36182705302797,1.4207612776064432e-08,0.0960614431458189,0.1836478300371384,9,7,22.266547465878663,-0.0079760319839999,2.047486866739587,53773.43750000006,819251661.1427686,939032790.6705544,877156250.7205662,819305434.5802686,714663029.2696952,623227548.3581442,ATNINTER,ATNINTER,BE,2016-08-31,2022-05-02,307,781.4,5005.0,0.0781758957654723,0.2181686572566051,145,52,0.1243922204213938,LOW,PARTIAL,True,True,gap_fade_100,"{""gap_threshold"":0.01}",INTRADAY_SHORT_ALLOWED_RESEARCH,2016-08-29,2026-08-27,95.72960728567136,90.89406652335714,97.59494256061761,96.33751704689921,95.72960728567136,95.22675265238195,5,ROBUST POSITIVE,LIMITED SAMPLE,1848,
488,435,INE878C01033,290,290,509005854162.5268,292906397756.5366,5090058.541625268,2929063.9775653663,0.6439311008601976,2.6360755383979435,6.561826676556346,-0.2024636871039811,0.4896551724137931,0.0573249743531683,-0.002,19.94950376072897,0.6646666666666667,-0.150936170212766,0.1175040518638573,580.0,0.1055265312561747,0.0061967312848876,9.25084076067178,5.1247714266758626e-18,0.0451285279591625,0.0695214207471742,27,5,5.016340803262716,-0.0217813147347544,0.7899808043351197,-95473.55657574938,292906493230.0932,509005854162.5268,386174318459.2783,292906397756.5366,168373393677.37524,96684037254.59804,GEMINI,GEMINI,BZ,2016-08-29,2019-04-12,568,11682.35,16468.5,0.0334507042253521,0.1109167471697508,120,3,0.2301458670988654,LOW,PARTIAL,False,True,gap_fade_050,"{""gap_threshold"":0.005}",INTRADAY_SHORT_ALLOWED_RESEARCH,2016-08-29,2026-08-27,97.98557658969558,94.64785151284008,98.70674710491643,83.05133717033031,97.98557658969558,95.22212976446386,5,ROBUST POSITIVE,LIMITED SAMPLE,872,
489,407,INE878C01033,290,290,509005854162.5268,292906397756.5366,5090058.541625268,2929063.9775653663,0.6439311008601976,2.6360755383979435,6.561826676556346,-0.2024636871039811,0.4896551724137931,0.0573249743531683,-0.002,19.94950376072897,0.6646666666666667,-0.150936170212766,0.1175040518638573,580.0,0.1055265312561747,0.0061967312848876,9.25084076067178,5.1247714266758626e-18,0.0451285279591625,0.0695214207471742,27,5,5.016340803262716,-0.0217813147347544,0.7899808043351197,-95473.55657574938,292906493230.0932,509005854162.5268,386174318459.2783,292906397756.5366,168373393677.37524,96684037254.59804,GEMINI,GEMINI,BZ,2016-08-29,2019-04-12,568,11682.35,16468.5,0.0334507042253521,0.1109167471697508,120,3,0.2301458670988654,LOW,PARTIAL,False,True,gap_fade_100,"{""gap_threshold"":0.01}",INTRADAY_SHORT_ALLOWED_RESEARCH,2016-08-29,2026-08-27,97.98557658969558,94.64785151284008,98.70674710491643,83.05133717033031,97.98557658969558,95.22212976446386,5,ROBUST POSITIVE,LIMITED SAMPLE,872,
490,368,INE073D01013,1167,1167,8745580743724.314,875872280220.2386,87455807.43724315,8758722.802202387,0.3552151313115165,4.786897841770659,3.9774669917948207,-0.2623452467858786,0.7352185089974294,0.0142698489212075,0.0152166427546628,3.6661394810355,0.1380471356055113,-0.1842635693052956,0.4728525121555916,2334.0,0.0308536639080335,0.0009031737701478,15.799671550328586,4.2190883915336697e-51,0.0124978214421549,0.01604187640026,110,11,0.9323026830082084,-0.178715289337873,0.1503413580735801,115453.0522857934,875872164767.1864,8745580743724.314,2769244397921.419,875872280220.2386,87320487175.14444,8665692100.187782,SUNDRMBRAK,SUNDARAMBRAKE LININGS LTD,BE,2016-08-29,2026-08-27,2468,1037313.825,2241.0,0.0024311183144246,0.0486016393462632,2,0,1.0,OK,FULL,False,False,gap_fade_100,"{""gap_threshold"":0.01}",INTRADAY_SHORT_ALLOWED_RESEARCH,2016-08-29,2026-08-27,98.19013938007073,98.81191780505281,98.3057115780228,77.4033238564131,98.19013938007073,95.21958717610892,5,ROBUST POSITIVE,COMPARABLE,784,42
491,309,INE635A01023,1215,1215,93660681635708.31,8558335048054.275,936606816.3570832,85583350.48054275,0.4112284963865226,4.749914500206834,7.51074168537403,-0.2782118721686081,0.5127572016460905,0.0157448066117289,0.0015842293906809,4.514451184065911,0.20425,-0.1788953068592058,0.4923014586709887,2430.0,0.0351813942742035,0.0010093107712618,15.599562652090787,3.843990906017555e-50,0.0137646196274033,0.0177249935960546,74,30,0.8300282348655208,-0.1224093613541421,0.2260134654529788,297602.9939478039,8558334750451.281,93660681635708.31,28328880033004.027,8558335048054.275,778338151081.19,70450781570.3043,SHYAMTEL,SHYAM TELECOM LIMITED,EQ,2016-08-29,2026-08-27,1808,26554.2,2251.0,0.0934734513274336,0.0452741818424534,484,0,0.7325769854132901,LOW,PARTIAL,False,True,gap_fade_050,"{""gap_threshold"":0.005}",INTRADAY_SHORT_ALLOWED_RESEARCH,2016-08-29,2026-08-27,98.5923306289439,98.76337748191295,98.63855950812473,75.77375586528905,98.5923306289439,95.21299956082565,5,ROBUST POSITIVE,LIMITED SAMPLE,610,
492,329,INE559D01011,1682,1682,119305526393008.56,4279839468935.766,1193055263.9300857,42798394.68935766,0.4657209934681606,4.097504791914886,4.649527997203383,-0.2600515525950253,0.6706302021403091,0.0111112753100052,0.0114472117076933,2.4291181796573573,0.2282379125095932,-0.186157849585359,0.6815235008103727,3364.0,0.0349828583558849,0.0008529867713356,13.026316097031955,5.036474592535924e-37,0.0094382473491632,0.0127843032708473,103,18,1.205289701655095,-0.1794887402054188,0.1874032393358223,435035.97122302407,4279839033899.795,119305526393008.56,22615275513289.094,4279839468935.766,152519568522.24182,5399284136.343673,CREST,CREST VENTURES LIMITED,EQ,2016-08-29,2026-08-27,2468,1591608.825,8960.0,0.0,0.0547602301681318,2,0,1.0,OK,FULL,False,False,gap_fade_050,"{""gap_threshold"":0.005}",INTRADAY_SHORT_ALLOWED_RESEARCH,2016-08-29,2026-08-27,98.48369276286897,97.99597808751128,98.18782793611169,77.64602547211243,98.48369276286897,95.20132676883249,5,ROBUST POSITIVE,COMPARABLE,657,43
493,665,INE078A01026,901,901,36946463637.8666,6235043961.069321,369464.636378666,62350.4396106932,0.3432223391678616,3.456661889469671,4.849733308224603,-0.1697930338564777,0.4506104328523862,0.0128959182654155,-0.002,3.640437710891333,0.1979999999999999,-0.1545974025974026,0.3650729335494327,1802.0,0.0342880315609968,0.0011422999504659,11.289432569926255,9.798092458764051e-28,0.0106540365793009,0.0151377999515302,57,5,1.5848265841865676,-0.0439586926284165,0.2008789310928261,-93701.86335403728,6235137662.932674,36946463637.8666,15184425275.764725,6235043961.069321,1048447924.1375716,175608741.3489321,EMCO,EMCO,BZ,2016-08-29,2021-10-26,1272,102689.75,29082.0,0.0023584905660377,0.0498109492534202,223,0,0.5153970826580226,LOW,PARTIAL,False,True,gap_fade_050,"{""gap_threshold"":0.005}",INTRADAY_SHORT_ALLOWED_RESEARCH,2016-08-29,2026-08-27,96.6969465825301,96.82638744423642,97.13612093474794,85.93024062131613,96.6969465825301,95.19566373113284,5,ROBUST POSITIVE,LIMITED SAMPLE,1430,
494,56,INE123B01028,1919,1919,9.820443145323648e+19,2.2497117914149432e+18,982044314532364.8,22497117914149.438,0.5665589405582727,5.856884126942834,6.690436381809512,-0.3386714434970435,0.7034914017717562,0.0169348505809146,0.0158571428571429,3.287641237523956,0.2658571428571428,-0.1944590163934425,0.7775526742301458,3838.0,0.0396804046865038,0.0009058131169607,18.69574447954133,8.740685199905285e-72,0.01515836844802,0.0187113327138093,114,7,1.23490275547796,-0.2167709918812224,0.2590042309312723,23763.01201287833,2.2497117914149197e+18,9.820443145323648e+19,1.4877605462021771e+19,2.2497117914149432e+18,5.115450288904406e+16,1154487402280322.8,NAGREEKEXP,NAGREEKA EXPORTS LTD.,EQ,2016-08-29,2026-08-27,2466,263349.1,8873.0,0.0052716950527169,0.0659458041360018,44,1,0.9991896272285252,LOW,FULL,False,True,gap_fade_050,"{""gap_threshold"":0.005}",INTRADAY_SHORT_ALLOWED_RESEARCH,2016-08-29,2026-08-27,99.7526754963826,99.50535099276519,99.69951228532464,69.71777269260106,99.7526754963826,95.18734253288031,5,ROBUST POSITIVE,LOW LIQUIDITY,108,
495,819,INE382T01030,600,600,1255187605.189396,384530430.8951863,12551.876051893962,3845.3043089518624,0.2308623402754293,3.768594585015132,3.847277100590254,-0.115392417314651,0.5916666666666667,0.0142012272719609,0.0078655047894998,5.61926157408284,0.2371713747645951,-0.1037488076311605,0.2431118314424635,1200.0,0.0267985010690991,0.0010940442248453,12.980487396629732,3.974605642779105e-34,0.0120525985370147,0.016349856006907,38,6,0.7584012197926824,-0.0651327246486175,0.1565581752366174,-70870.4061895551,384601301.3013758,1255187605.189396,694956507.6136211,384530430.8951863,117478700.11807977,35758676.421075515,GVPTECH,GVP INFOTECH LIMITED,EQ,2023-01-23,2026-08-27,885,633055.1,62276.0,0.0,0.0454891193519507,116,1,0.3585899513776337,LOW,PARTIAL,True,True,gap_fade_100,"{""gap_threshold"":0.01}",INTRADAY_SHORT_ALLOWED_RESEARCH,2016-08-29,2026-08-27,95.31239165106442,97.43660864942329,96.43113052724037,90.1463144026073,95.31239165106442,95.18607123870282,5,ROBUST POSITIVE,LIMITED SAMPLE,2029,
496,702,INE799L01016,463,463,4321486813.693743,1745698723.725399,43214.868136937424,17456.98723725399,0.3004187446745535,3.4690003470293327,3.4396335583307214,-0.1531341614634426,0.6306695464362851,0.0220442330597585,0.0151277997364955,6.492878447261962,0.2202222222222223,-0.0991272229822161,0.1876012965964343,926.0,0.0389457364768279,0.0018099618683396,12.179390873013752,8.695191331633863e-30,0.0184874552359839,0.0256010108835331,34,3,1.227117579509747,-0.0436633445988828,0.235985847062573,-98721.02318145485,1745797444.7485805,4321486813.693743,2747257453.066629,1745698723.725399,703898754.4999182,283282711.5580778,TARAJEWELS,TARAJEWELS,BZ,2016-08-29,2019-09-03,743,730337.25,42302.0,0.0013458950201884,0.0643012572286554,33,0,0.3010534846029173,LOW,PARTIAL,False,True,gap_fade_100,"{""gap_threshold"":0.01}",INTRADAY_SHORT_ALLOWED_RESEARCH,2016-08-29,2026-08-27,96.12370848068788,96.86568199154011,97.32103645147123,87.268566673601,96.12370848068788,95.18329750595197,5,ROBUST POSITIVE,LIMITED SAMPLE,1678,
497,612,INE900L01010,722,722,25991908982.03713,6274526351.186631,259919.08982037133,62745.26351186631,0.2796954664192106,4.177638367168385,4.202817681029589,-0.1946825398560134,0.7008310249307479,0.0158497963698584,0.012999318243796,4.5554626601598205,0.1587142857142855,-0.1057022678813723,0.2925445705024311,1444.0,0.0297359078232784,0.0011066558982409,14.322244516160614,3.9723139569815835e-41,0.0136771434737657,0.0180224492659511,78,4,0.6100512220878429,-0.0567640218010881,0.1392125991242992,3009597.7691066177,6271516753.417524,25991908982.03713,12775045967.18073,6274526351.186631,1510388377.8048573,362496477.6316593,MBAPL,MADHYA BHARAT AGRO P. LTD,EQ,2019-08-22,2026-07-02,1622,4692249.25,13520.0,0.0246609124537607,0.0433543497510987,59,2,0.6572123176661264,OK,PARTIAL,True,True,gap_fade_100,"{""gap_threshold"":0.01}",INTRADAY_SHORT_ALLOWED_RESEARCH,2016-08-29,2026-08-27,96.69925802648915,98.09999306566812,97.3973141021196,83.78984351524397,96.69925802648915,95.18260407276426,5,ROBUST POSITIVE,LIMITED SAMPLE,1429,
498,340,INE341R01014,1701,1701,102819749869321.48,3552290412013.963,1028197498.6932148,35522904.12013963,0.3771573643945369,4.910473306682235,5.218547574025446,-0.2716231178965276,0.708994708994709,0.010663167903675,0.0103948649845064,3.0167898762556398,0.2279019607843138,-0.1957499999999998,0.6892220421393841,3402.0,0.0279963477965976,0.000678811550054,15.708583483627631,5.0065462158390884e-52,0.009331773799904,0.0119945620074459,108,13,0.6095866290724326,-0.2512222627566615,0.1457135417915334,-5595.817835591341,3552290417609.781,102819749869321.48,19127325656272.797,3552290412013.963,121910285023.1062,4155767439.662533,DTIL,DHUNSERI TEA & IND. LTD.,EQ,2016-08-29,2026-08-27,2468,1124057.55,4846.5,0.0020259319286871,0.0453752950204592,4,1,1.0,OK,FULL,False,False,gap_fade_050,"{""gap_threshold"":0.005}",INTRADAY_SHORT_ALLOWED_RESEARCH,2016-08-29,2026-08-27,98.44439821556527,98.9113098952916,98.14159905693086,76.47412338487854,98.44439821556527,95.18167949518066,5,ROBUST POSITIVE,COMPARABLE,674,44
499,568,INE071D01033,1042,1042,104397234569.92766,13311205064.69926,1043972.3456992764,133112.0506469926,0.3480276871708896,3.642844477765985,3.0349175601503635,-0.1884186089922116,0.7024952015355086,0.0119160226905451,0.0129783957868919,2.8036058232252774,0.20034375,-0.1812361111111111,0.4222042139384117,2084.0,0.03251055330346,0.001007141522408,11.83152757127312,2.153000252718257e-30,0.0099397638406428,0.0138922815404474,101,20,0.9011169357601794,-0.1108334576811153,0.148631035577946,185203.82486160035,13311019860.8744,104397234569.92766,37297102679.13518,13311205064.69926,1690257063.308651,213674453.50923905,MENONBE,MENON BEARINGS LIMITED,BE,2016-08-29,2026-08-27,2468,3625983.85,39556.5,0.0,0.04780624200165,3,0,1.0,OK,FULL,False,False,gap_fade_100,"{""gap_threshold"":0.01}",INTRADAY_SHORT_ALLOWED_RESEARCH,2016-08-29,2026-08-27,97.00205718512355,97.2285786931096,97.20777569747821,84.27986963456071,97.00205718512355,95.18017705660728,5,ROBUST POSITIVE,COMPARABLE,1298,45
500,208,INE474C01015,1420,1420,4039737954303643.0,246522233854236.75,40397379543.03643,2465222338.5423675,0.4907197227313626,4.762391441223101,4.683418531580001,-0.2993386638092682,0.6908450704225352,0.0161181381005355,0.014919112709665,3.292365447049516,0.2195320910973084,-0.1919974868057301,0.5753646677471637,2840.0,0.0393817747221604,0.0010450837894391,15.422818977208246,9.843517639054894e-50,0.0140680628850049,0.018168213316066,85,11,1.30420203236381,-0.1604294178364755,0.2661642222264967,2262578.0606837887,246522231591658.7,4039737954303643.0,998628805425166.4,246522233854236.75,14960933477859.389,902924473953.9636,REMSONSIND,REMSONSIND,EQ,2016-08-29,2024-07-04,1916,545312.05,3912.0,0.0281837160751565,0.0625755486102442,31,0,0.7763371150729336,LOW,PARTIAL,False,True,gap_fade_050,"{""gap_threshold"":0.005}",INTRADAY_SHORT_ALLOWED_RESEARCH,2016-08-29,2026-08-27,99.07079952846544,98.78418047754433,99.01994776136652,73.5778841041999,99.07079952846544,95.17936805122162,5,ROBUST POSITIVE,LIMITED SAMPLE,403,
