pnl_rank,isin,number_of_signals,number_of_trades,gross_pnl,net_pnl,gross_return_pct,net_return_pct,annualized_volatility,sharpe,sortino,max_drawdown,win_rate,average_trade_return,median_trade_return,profit_factor,best_trade,worst_trade,exposure_pct,turnover,trade_std,standard_error,t_stat,p_value,confidence_95_low,confidence_95_high,positive_months,negative_months,best_month,worst_month,monthly_return_std,buy_hold_pnl,excess_pnl,pnl_0bps,pnl_5bps,pnl_10bps,pnl_20bps,pnl_30bps,symbol,company_name,series,first_traded_date,last_traded_date,sessions_available,median_daily_value,median_volume,pct_near_zero_volume,average_daily_range,circuit_like_sessions,corporate_action_observations,coverage_ratio,liquidity_flag,coverage_flag,new_listing_flag,suspension_flag,strategy,parameters,execution_class,evaluation_start,evaluation_end
2652,INE166R01015,88,88,-79989.85416438778,-83278.24233163522,-0.7998985416438777,-0.8327824233163522,0.3422337300578271,-5.033387803436335,-4.641619275600088,-0.8682732384121058,0.2613636363636363,-0.0195749441226998,-0.013696067047293,0.2138870487617137,0.094936170212766,-0.0865435684647303,0.3492063492063492,176.0,0.0329950501715996,0.0035172841663871,-5.565357587472545,2.851399543486727e-07,-0.0265659272605131,-0.0125839609848866,2,3,0.1858011177349685,-0.6830125026285574,0.248860735619402,-92672.40463287642,9394.162301241202,-79989.85416438778,-81706.95536476832,-83278.24233163522,-86031.36289794151,-88335.50538653493,NATIONSTD,NATIONAL STAND (INDIA) L,EQ,2026-04-20,2026-08-27,90,253944.85,250.0,0.4,0.0400452368351821,29,0,0.3571428571428571,LOW,PARTIAL,True,True,close_to_open,{},LONG_ONLY,2025-08-20,2026-08-27
2651,INE0RYC01010,251,251,-64914.317062878654,-78820.98562186875,-0.6491431706287865,-0.7882098562186874,0.4077124661053889,-3.5864282913380428,-4.047349091926215,-0.8357258652009931,0.4621513944223107,-0.0058256235982931,-0.0019273361430025,0.5034115451601229,0.0559853389341897,-0.1652957206727698,0.996031746031746,502.0,0.0257321597311288,0.0016241995201907,-3.5867659889525414,0.0004026502033861,-0.0090244819439029,-0.0026267652526833,7,6,0.1101346664255589,-0.4373847711126377,0.1940934862426006,39841.77420400738,-118662.75982587611,-64914.317062878654,-72737.04108281061,-78820.98562186875,-87228.57166306436,-92306.40495543394,STALLION,STALLION IND FLUOROCHEM L,BE,2025-08-20,2026-08-27,252,194409665.745,1082740.0,0.0,0.0612168842996366,13,0,1.0,OK,FULL,False,False,close_to_open,{},LONG_ONLY,2025-08-20,2026-08-27
2650,INE938A01021,251,251,-64532.39886797545,-78592.49256811949,-0.6453239886797545,-0.7859249256811948,0.5420650644508801,-2.5651562352328425,-4.423132472613077,-0.9204069654008936,0.3466135458167331,-0.0055397672509086,-0.0039801980198019,0.6744713005375043,0.0919849624060149,-0.0536898608349901,0.996031746031746,502.0,0.0342133282100895,0.0021595261277556,-2.565269843095598,0.0108939129306869,-0.0097929504900728,-0.0012865840117444,8,5,0.2942251182240896,-0.5456583407968909,0.2955741565113132,-29960.31746031756,-48632.17510780193,-64532.39886797545,-72441.5901932898,-78592.49256811949,-87092.03010980946,-92224.90784731648,LCCINFOTEC,LCC INFOTECH LTD,EQ,2025-08-20,2026-08-27,252,237334.535,49269.0,0.0039682539682539,0.0677197187117652,19,0,1.0,LOW,FULL,False,False,close_to_open,{},LONG_ONLY,2025-08-20,2026-08-27
2649,INE117B01020,247,247,-63773.731913314696,-77957.26266246354,-0.637737319133147,-0.7795726266246354,0.5149891858562334,-2.6700783563254427,-4.062609935850909,-0.8175078292493135,0.3076923076923077,-0.0055670505218477,-0.0027823851570357,0.6343888231684688,0.1003729655857872,-0.127,0.98015873015873,494.0,0.0327598765558652,0.0020844610289464,-2.6707385959916463,0.0080732688017842,-0.0096727178925926,-0.0014613831511028,3,10,0.1748574178819912,-0.3840018947952022,0.1670401867351633,-77474.33008179504,-482.9325806685083,-63773.731913314696,-71738.26206312122,-77957.26266246354,-86601.00743155926,-91863.42378826057,CURAA,CURA TECHNOLOGIES LIMITED,EQ,2025-08-20,2026-08-27,250,33872.315,349.5,0.24,0.0328788865565662,83,0,0.992063492063492,LOW,FULL,False,True,close_to_open,{},LONG_ONLY,2025-08-20,2026-08-27
2648,INE701A01023,245,245,-62566.68976037222,-77124.83057540379,-0.6256668976037222,-0.7712483057540378,0.2116097704456713,-6.844468754405449,-8.972431207719309,-0.7708838334554617,0.2204081632653061,-0.0059116590283359,-0.0048747539624986,0.282441309121553,0.0581047254971247,-0.065587374903772,0.9722222222222222,490.0,0.0134839253289345,0.0008614563896865,-6.862400812288412,5.55128471602346e-11,-0.007608498961961,-0.0042148190947108,0,13,-0.0217525487334878,-0.1886327727986876,0.0503645116444884,-1997.0593903920671,-75127.77118501172,-62566.68976037222,-70733.88777594361,-77124.83057540379,-86035.0469093156,-91483.09154801747,VHL,VARDHMAN HOLDINGS LIMITED,EQ,2025-08-20,2026-08-27,247,1866618.4,535.0,0.0040485829959514,0.0312284161080838,0,0,0.98015873015873,OK,FULL,False,True,close_to_open,{},LONG_ONLY,2025-08-20,2026-08-27
2647,INE198H01019,251,251,-61858.49024555773,-76970.70178711458,-0.6185849024555774,-0.7697070178711457,0.313004179526865,-4.5218338574814565,-6.905388828891363,-0.7889109989617439,0.3067729083665338,-0.0056388561614254,-0.0041839671120247,0.4699859991757457,0.0931349974528783,-0.0520258531540848,0.996031746031746,502.0,0.0197535991276822,0.001246836121043,-4.522531924009481,9.444521437779263e-06,-0.0080944978986782,-0.0031832144241725,2,11,0.0711749072450973,-0.302668738613042,0.1168272975308538,29041.095890411103,-106011.79767752568,-61858.49024555773,-70358.89642446791,-76970.70178711458,-86109.3675151946,-91630.10425720642,AAREYDRUGS,AAREY DRUGS & PHARM LTD,EQ,2025-08-20,2026-08-27,252,5697580.085,73684.5,0.0,0.0459205652304889,11,0,1.0,OK,FULL,False,False,close_to_open,{},LONG_ONLY,2025-08-20,2026-08-27
2646,INE337M01021,251,251,-55871.56860969254,-73350.81027153278,-0.5587156860969253,-0.7335081027153278,0.4250351450846275,-2.8803940241082624,-2.942455077054758,-0.7894893240845757,0.4302788844621514,-0.0048775645097121,-0.0018243456876865,0.5521093338314306,0.048,-0.202,0.996031746031746,502.0,0.0268264268143189,0.001693269046031,-2.880560842439557,0.0043141082558876,-0.0082124551754988,-0.0015426738439254,8,5,0.1341327276768014,-0.726116147946975,0.2267041007454206,-71442.83867935612,-1907.971592176662,-55871.56860969254,-65702.98604774268,-73350.81027153278,-83922.88369895803,-90310.7727933396,INDOTHAI,INDO THAI SEC LTD,EQ,2025-08-20,2026-08-27,252,151851365.45,572376.0,0.0,0.0477135420264643,20,0,1.0,OK,FULL,False,False,close_to_open,{},LONG_ONLY,2025-08-20,2026-08-27
2645,INE451L01014,251,251,-53531.61386878945,-71931.45060849353,-0.5353161386878945,-0.7193145060849352,0.2836915246987238,-4.3249332646970045,-5.905380961112847,-0.7670859371557164,0.3346613545816733,-0.0048882347094905,-0.0021644466370662,0.4753461096234735,0.0432961672473868,-0.0724726745335883,0.996031746031746,502.0,0.017903933935531,0.001130086289354,-4.325541116231768,2.2004737711485755e-05,-0.0071139378407996,-0.0026625315781813,3,10,0.0625515755363601,-0.2512494754945782,0.0980642556277443,258397.9692568045,-330329.419865298,-53531.61386878945,-63880.33092982247,-71931.45060849353,-83062.80092257692,-89790.1189621203,MAHASTEEL,MAHAMAYA STEEL INDS LTD,BE,2025-08-20,2026-08-27,252,5683947.0,7467.0,0.0039682539682539,0.0448085789108505,22,0,1.0,OK,FULL,False,False,close_to_open,{},LONG_ONLY,2025-08-20,2026-08-27
2644,INE416A01051,117,117,-63869.08798063203,-71475.2897486685,-0.6386908798063202,-0.714752897486685,0.3135143115276227,-3.832122023684574,-3.672021460233114,-0.714752897486685,0.358974358974359,-0.0102685905807291,-0.0036012810248198,0.3920559599346838,0.048,-0.0519457111834961,0.4642857142857143,234.0,0.0280535360555325,0.0025935503258025,-3.9592794782385874,0.0001300666113232,-0.0154054437946087,-0.0051317373668494,1,5,0.1962419392651018,-0.5708134567235859,0.1849827506528415,-79551.8453427065,8076.555594038,-63869.08798063203,-67894.75200269728,-71475.2897486685,-77491.03273454186,-82246.6194323435,AQYLON,AQYLON NEXUS LIMITED,EQ,2026-03-05,2026-08-27,119,77020920.09,1900326.0,0.0,0.0501925801321788,19,1,0.4722222222222222,OK,PARTIAL,True,True,close_to_open,{},LONG_ONLY,2025-08-20,2026-08-27
2643,INE343B01030,251,251,-52690.27940556606,-71423.77195311453,-0.5269027940556607,-0.7142377195311453,0.3664909737564532,-3.2257826563947587,-4.317998239692033,-0.7151455281699939,0.3426294820717131,-0.0047100407444971,-0.0021058089091101,0.5482832156318704,0.0479907080468313,-0.0519999999999999,0.996031746031746,502.0,0.0231309782627368,0.0014600144017616,-3.226023482243797,0.0014227019007157,-0.0075855367631373,-0.0018345447258569,3,10,0.2964929768078002,-0.4078518621027869,0.1745715334721652,-58204.87591560078,-13218.896037513749,-52690.27940556606,-63226.6968064726,-71423.77195311453,-82756.77318205003,-89605.83714936604,RAJESHEXPO,RAJESH EXPORTS LTD,BZ,2025-08-20,2026-08-27,252,31702876.085,207123.0,0.0,0.0369393689097819,18,0,1.0,OK,FULL,False,False,close_to_open,{},LONG_ONLY,2025-08-20,2026-08-27
2652,INE055C01020,194,194,-99793.64976440844,-99861.85749588562,-0.9979364976440844,-0.998618574958856,0.5865457413413918,-10.784868737619185,-14.723962778703289,-0.9986066212357736,0.1237113402061855,-0.0326073135514249,-0.0364342818428183,0.1214891206315397,0.1850967741935483,-0.1241719457013574,0.7698412698412699,388.0,0.0391090089102037,0.0028078632022534,-11.612856896039624,5.507018852957296e-24,-0.038145351086523,-0.0270692760163269,0,13,-0.1901289406789738,-0.5388746333465911,0.1088824722467177,-33333.33333333336,-66528.52416255226,-99793.64976440844,-99831.14602992372,-99861.85749588562,-99907.59661259776,-99938.24314578014,KEEPLEARN,DSJ KEEP LEARNING LTD,EQ,2025-08-20,2026-08-27,252,90886.855,39279.0,0.0,0.0833324013698841,0,0,1.0,LOW,FULL,False,False,gap_continuation_050,"{""gap_threshold"":0.005}",INTRADAY_SHORT_ALLOWED_RESEARCH,2025-08-20,2026-08-27
2651,INE802W01023,195,195,-99703.4796423822,-99801.73258305732,-0.997034796423822,-0.998017325830573,0.5340674568331586,-11.234050108097358,-12.859091470600736,-0.997927748123874,0.1384615384615384,-0.0307679003649632,-0.0280636259103104,0.089728067322273,0.0730163078930201,-0.1398650071804691,0.7738095238095238,390.0,0.0353437873026857,0.0025310211792339,-12.15631880815624,1.2036814085827983e-25,-0.0357597512610372,-0.0257760494688891,0,13,-0.1727886697528541,-0.5516224900396175,0.1304784140843074,-57266.37845028268,-42535.35413277463,-99703.4796423822,-99757.50762146185,-99801.73258305732,-99867.5395761508,-99911.57860022616,BOHRAIND,BOHRA INDUSTRIES LIMITED,EQ,2025-08-20,2026-08-27,251,235772.64,14069.0,0.0119521912350597,0.0678313660481077,15,0,0.996031746031746,LOW,FULL,False,True,gap_continuation_050,"{""gap_threshold"":0.005}",INTRADAY_SHORT_ALLOWED_RESEARCH,2025-08-20,2026-08-27
2650,INE669A01022,161,161,-99701.60967490604,-99786.43920600614,-0.9970160967490606,-0.9978643920600612,0.56688209575081,-10.412626718976384,-10.750319041473697,-0.9978643920600612,0.1055900621118012,-0.0366629295448708,-0.0305171102661595,0.061686513614898,0.051763440860215,-0.2401635581061693,0.6388888888888888,322.0,0.0388853697825382,0.0030645964576073,-11.963379208985522,5.745930324856677e-24,-0.042715205869751,-0.0306106532199906,0,12,0.0,-0.5541417662184361,0.1576852777540496,-21756.37979383234,-78030.0594121738,-99701.60967490604,-99747.54096097956,-99786.43920600614,-99847.25910048147,-99890.83462276956,INFOMEDIA,INFOMEDIA PRESS LIMITED,EQ,2025-08-25,2026-08-27,233,68006.42,12114.0,0.0128755364806866,0.0782199463810635,3,0,0.9246031746031746,LOW,PARTIAL,True,True,gap_continuation_050,"{""gap_threshold"":0.005}",INTRADAY_SHORT_ALLOWED_RESEARCH,2025-08-20,2026-08-27
2649,INE245I01016,213,213,-99644.53232343784,-99770.65569510672,-0.9964453232343784,-0.9977065569510674,0.5842979242381003,-9.9829298137796,-13.138779177216172,-0.9976788773298444,0.1596244131455399,-0.0273850007887608,-0.0272252252252254,0.1326301516738142,0.1832941176470588,-0.1467327289778055,0.8452380952380952,426.0,0.0385667827364077,0.0026425524105357,-10.36308709699663,1.2706972052848806e-20,-0.0325940450569535,-0.0221759565205681,0,13,-0.0850261866583391,-0.6198399233246021,0.1399464492971452,-14154.902708889698,-85615.75298621703,-99644.53232343784,-99714.4428409768,-99770.65569510672,-99852.16309020406,-99904.7898531934,NAGREEKCAP,NAGREEKA CAP & INFR.LTD,EQ,2025-08-20,2026-08-27,252,149891.97,5620.0,0.0039682539682539,0.0680334408245004,0,0,1.0,LOW,FULL,False,False,gap_continuation_050,"{""gap_threshold"":0.005}",INTRADAY_SHORT_ALLOWED_RESEARCH,2025-08-20,2026-08-27
2648,INE874F01027,174,174,-99580.50701743264,-99707.25015276732,-0.9958050701743264,-0.9970725015276732,0.5210879585812209,-10.79764703606287,-13.261693463465482,-0.9970513658399212,0.1494252873563218,-0.0323363439741527,-0.0333882669055082,0.0983805371490981,0.1067719298245615,-0.1423508771929824,0.6904761904761905,348.0,0.035182432343818,0.0026671733128195,-12.123825556716008,7.004318536334179e-25,-0.0376007342094946,-0.0270719537388107,0,13,-0.1481874120252739,-0.5025420877193074,0.1206452013225086,-19302.94906166221,-80404.30109110511,-99580.50701743264,-99649.52978515554,-99707.25015276732,-99795.85226168648,-99857.74516431242,RADAAN,RADAAN MEDIAWORKS (I) LTD,EQ,2025-08-20,2026-08-27,252,88370.965,27905.0,0.0,0.0717050075920911,0,0,1.0,LOW,FULL,False,False,gap_continuation_050,"{""gap_threshold"":0.005}",INTRADAY_SHORT_ALLOWED_RESEARCH,2025-08-20,2026-08-27
2647,INE938A01021,191,191,-99544.00809569035,-99692.38677147945,-0.9954400809569036,-0.9969238677147944,0.5486538892888234,-10.136333602459567,-10.77806223322981,-0.996705106773612,0.1623036649214659,-0.0291169573514053,-0.0242222222222222,0.0975086679301873,0.0553770491803278,-0.1346781326781327,0.7579365079365079,382.0,0.0370369231446628,0.0026798977045645,-10.86495103966548,1.0706845298515058e-21,-0.0344031310985315,-0.0238307836042792,0,13,-0.2410060945050508,-0.5123826704666739,0.0888035609591844,-29960.31746031756,-69732.06931116187,-99544.00809569035,-99625.43674035998,-99692.38677147945,-99792.65226003528,-99860.35076563718,LCCINFOTEC,LCC INFOTECH LTD,EQ,2025-08-20,2026-08-27,252,237334.535,49269.0,0.0039682539682539,0.0677197187117652,19,0,1.0,LOW,FULL,False,False,gap_continuation_050,"{""gap_threshold"":0.005}",INTRADAY_SHORT_ALLOWED_RESEARCH,2025-08-20,2026-08-27
2646,INE024D01016,185,185,-99539.19808102476,-99685.35347938146,-0.9953919808102476,-0.9968535347938148,0.4838758438780654,-11.522020336352014,-13.488922771382237,-0.9968535347938148,0.1567567567567567,-0.0301363638563922,-0.0286159695817489,0.0768814210448197,0.0916746987951807,-0.123377672209026,0.7341269841269841,370.0,0.0320101473685096,0.0023534328400705,-12.80527888592234,2.9549118267409327e-27,-0.0347795469203498,-0.0254931807924346,0,13,-0.1876308915154423,-0.5380036149625689,0.1167188343052311,-57627.564439768525,-42057.78903961294,-99539.19808102476,-99619.18735098168,-99685.35347938146,-99785.32137402418,-99853.6440186282,PRUDMOULI,PRUDENTIAL SUGAR CORPORAT,BE,2025-08-20,2026-08-27,252,351401.065,18081.5,0.0039682539682539,0.0649394998559491,1,0,1.0,LOW,FULL,False,False,gap_continuation_050,"{""gap_threshold"":0.005}",INTRADAY_SHORT_ALLOWED_RESEARCH,2025-08-20,2026-08-27
2645,INE185E01021,151,151,-99551.13882762218,-99671.94693712278,-0.995511388276222,-0.9967194693712278,0.5157082335975498,-10.698807532041128,-11.164794941189076,-0.9966540771241452,0.0264900662251655,-0.0365394909533052,-0.0383636363636363,0.0411170733563895,0.1032631578947367,-0.1353333333333333,0.5992063492063492,302.0,0.0350330780242292,0.0028509514571347,-12.81659526747194,7.262829631058396e-26,-0.0421727011355575,-0.0309062807710528,0,13,-0.145729546868608,-0.4861753180486431,0.1259850973260203,-67857.14285714288,-31814.80407997989,-99551.13882762218,-99616.23668494468,-99671.94693712278,-99760.3968888806,-99825.11364709795,FILATFASH,FILATEX FASHIONS LIMITED,EQ,2025-08-20,2026-08-27,252,14146219.52,40314658.5,0.0,0.0654445688970291,16,0,1.0,OK,FULL,False,False,gap_continuation_050,"{""gap_threshold"":0.005}",INTRADAY_SHORT_ALLOWED_RESEARCH,2025-08-20,2026-08-27
2644,INE642Z01026,186,186,-99515.00352895062,-99669.45301834164,-0.9951500352895062,-0.9966945301834162,0.4647899135174517,-11.913275633795184,-14.342137781804528,-0.9966109666019368,0.1129032258064516,-0.0297697330728022,-0.0274680866504589,0.0701893588091321,0.1277405189620757,-0.1317619047619048,0.7380952380952381,372.0,0.0304914698179331,0.0022357430407802,-13.315364301620546,8.322235522860775e-29,-0.0341805633254002,-0.0253589028202043,0,13,-0.1919137254140887,-0.5943186529232596,0.1054224448674453,-55696.20253164563,-43973.25048669601,-99515.00352895062,-99599.56795038564,-99669.45301834164,-99774.89582036788,-99846.8248762588,AKI,AKI INDIA LIMITED,EQ,2025-08-20,2026-08-27,252,405925.015,64945.0,0.0,0.0664893464316346,0,0,1.0,LOW,FULL,False,False,gap_continuation_050,"{""gap_threshold"":0.005}",INTRADAY_SHORT_ALLOWED_RESEARCH,2025-08-20,2026-08-27
2643,INE440L01017,161,161,-99493.0142857741,-99636.7544034273,-0.9949301428577412,-0.9963675440342732,0.5806980900755208,-9.260600517487443,-9.93990173910064,-0.9962031335388764,0.1677018633540372,-0.033401323189176,-0.0312307692307692,0.1016747802865789,0.0966964618249535,-0.2265862884160754,0.6388888888888888,322.0,0.041155921353054,0.0032435409896699,-10.29779592598099,2.1292228636753821e-19,-0.039806997349579,-0.0269956490287729,0,13,-0.1111692628072853,-0.6194599116395827,0.1463278395154324,-24968.31432192652,-74668.44008150078,-99493.0142857741,-99570.8238357124,-99636.7544034273,-99739.92180777354,-99813.91764087229,TIJARIA,TIJARIA POLYPIPES LTD,EQ,2025-08-20,2026-08-27,252,181799.35,36431.5,0.0,0.0743208386276572,5,0,1.0,LOW,FULL,False,False,gap_continuation_050,"{""gap_threshold"":0.005}",INTRADAY_SHORT_ALLOWED_RESEARCH,2025-08-20,2026-08-27
2652,INE055C01020,174,174,-99790.45590499676,-99853.97682522144,-0.9979045590499674,-0.9985397682522144,0.5377532746300402,-11.709193894234106,-14.77593497848761,-0.9985271326003118,0.1091954022988505,-0.0361876859764509,-0.0371660646984924,0.081220799885953,0.0936521739130433,-0.1241719457013574,0.6904761904761905,348.0,0.0354575789368002,0.0026880321222032,-13.462519914676191,1.0052600714748637e-28,-0.0414932467318759,-0.0308821252210259,0,13,-0.1901289406789738,-0.5193017955631944,0.0878563430715781,-33333.33333333336,-66520.64349188808,-99790.45590499676,-99825.05990542327,-99853.97682522144,-99898.3186125788,-99929.24891695142,KEEPLEARN,DSJ KEEP LEARNING LTD,EQ,2025-08-20,2026-08-27,252,90886.855,39279.0,0.0,0.0833324013698841,0,0,1.0,LOW,FULL,False,False,gap_continuation_100,"{""gap_threshold"":0.01}",INTRADAY_SHORT_ALLOWED_RESEARCH,2025-08-20,2026-08-27
2651,INE802W01023,185,185,-99644.2151337552,-99757.20189561333,-0.996442151337552,-0.9975720189561332,0.5260131117923209,-11.038150532463892,-12.400036719877155,-0.9974623221753046,0.1351351351351351,-0.0313849292433156,-0.0284339152119701,0.0816845659284929,0.0730163078930201,-0.1398650071804691,0.7341269841269841,370.0,0.0351350214019389,0.0025831781482284,-12.149734723034726,2.550337653077455e-25,-0.0364813861401607,-0.0262884723464705,0,13,-0.1727886697528541,-0.5484736964148533,0.1251973899200716,-57266.37845028268,-42490.82344533063,-99644.2151337552,-99706.05960079572,-99757.20189561333,-99834.43855305198,-99887.1951414152,BOHRAIND,BOHRA INDUSTRIES LIMITED,EQ,2025-08-20,2026-08-27,251,235772.64,14069.0,0.0119521912350597,0.0678313660481077,15,0,0.996031746031746,LOW,FULL,False,True,gap_continuation_100,"{""gap_threshold"":0.01}",INTRADAY_SHORT_ALLOWED_RESEARCH,2025-08-20,2026-08-27
2650,INE642Z01026,169,169,-99572.1092699276,-99698.34597452816,-0.995721092699276,-0.9969834597452816,0.4319372363099557,-13.058330729065752,-14.58543359783264,-0.9969072004171534,0.0769230769230769,-0.0333750253605563,-0.0285210608424337,0.0274545128371361,0.051864168618267,-0.1317619047619048,0.6706349206349206,338.0,0.0271489682021076,0.0020883821693928,-15.981282472957862,1.4980530907788698e-35,-0.0374978785128081,-0.0292521722083046,0,13,-0.1742080868958958,-0.5911714887138717,0.0994881898154217,-55696.20253164563,-44002.14344288255,-99572.1092699276,-99640.69745739788,-99698.34597452816,-99787.49438576293,-99850.40557234526,AKI,AKI INDIA LIMITED,EQ,2025-08-20,2026-08-27,252,405925.015,64945.0,0.0,0.0664893464316346,0,0,1.0,LOW,FULL,False,False,gap_continuation_100,"{""gap_threshold"":0.01}",INTRADAY_SHORT_ALLOWED_RESEARCH,2025-08-20,2026-08-27
2649,INE669A01022,143,143,-99587.06431076177,-99693.40735320051,-0.9958706431076176,-0.9969340735320052,0.5612110157693831,-9.893835283867787,-9.735275157072811,-0.9969340735320052,0.0839160839160839,-0.0388288765700308,-0.0305714285714285,0.0467751783827267,0.051763440860215,-0.2401635581061693,0.5674603174603174,286.0,0.0394016045795584,0.0032949277011114,-11.784439627289215,8.774182622152792e-23,-0.0453423258727712,-0.0323154272672903,0,12,0.0,-0.5273523779747891,0.1500823619560223,-21756.37979383234,-77937.02755936817,-99587.06431076177,-99644.15915069672,-99693.40735320051,-99772.50561336246,-99831.30269852866,INFOMEDIA,INFOMEDIA PRESS LIMITED,EQ,2025-08-25,2026-08-27,233,68006.42,12114.0,0.0128755364806866,0.0782199463810635,3,0,0.9246031746031746,LOW,PARTIAL,True,True,gap_continuation_100,"{""gap_threshold"":0.01}",INTRADAY_SHORT_ALLOWED_RESEARCH,2025-08-20,2026-08-27
2648,INE874F01027,159,159,-99567.29610466537,-99688.8001461602,-0.9956729610466536,-0.9968880014616022,0.5058639992072714,-11.019526802106538,-12.98240722031786,-0.9968655337370196,0.1132075471698113,-0.0350590056445618,-0.0346797385620915,0.0719765960535066,0.1067719298245615,-0.1423508771929824,0.6309523809523809,318.0,0.0340103387040965,0.0026971953040094,-12.998319251277469,9.817516947536388e-27,-0.040386214708047,-0.0297317965810765,0,13,-0.1560847925466619,-0.4888383777397295,0.1178255795752219,-19302.94906166221,-80385.851084498,-99567.29610466537,-99633.0116855536,-99688.8001461602,-99776.33902408367,-99839.3643053185,RADAAN,RADAAN MEDIAWORKS (I) LTD,EQ,2025-08-20,2026-08-27,252,88370.965,27905.0,0.0,0.0717050075920911,0,0,1.0,LOW,FULL,False,False,gap_continuation_100,"{""gap_threshold"":0.01}",INTRADAY_SHORT_ALLOWED_RESEARCH,2025-08-20,2026-08-27
2647,INE0US801024,156,156,-99557.19413378566,-99679.63264781392,-0.9955719413378566,-0.9967963264781392,0.572607430212063,-9.613067592194202,-9.977754101271266,-0.9971027579124896,0.1346153846153846,-0.0352853457078281,-0.0347594781096893,0.0764973678076368,0.1145217391304347,-0.2103623693379791,0.6190476190476191,312.0,0.0403681672716563,0.0032320400488526,-10.917360297052731,6.099772346136977e-21,-0.0416698760273597,-0.0289008153882964,0,13,-0.0058672499999999,-0.5968716291823273,0.1662567403245164,-37714.28571428577,-61965.34693352816,-99557.19413378566,-99623.32453487924,-99679.63264781392,-99768.37238662338,-99832.6451193673,MFML,MAHALAXMI FABRIC MILLS LT,EQ,2025-08-20,2026-08-27,252,106593.71,4513.5,0.0277777777777777,0.0719568514225393,2,0,1.0,LOW,FULL,False,False,gap_continuation_100,"{""gap_threshold"":0.01}",INTRADAY_SHORT_ALLOWED_RESEARCH,2025-08-20,2026-08-27
2646,INE440L01017,147,147,-99561.49407933396,-99676.97814075918,-0.9956149407933396,-0.9967697814075918,0.5643354705811787,-9.74853316916043,-10.157777110451134,-0.9966235767890008,0.1360544217687075,-0.0374247826768325,-0.0335533980582524,0.0653056354119371,0.0966964618249535,-0.2265862884160754,0.5833333333333334,294.0,0.0398131858546102,0.0032837362243508,-11.397012463822689,6.355877320626123e-22,-0.0439145804946241,-0.0309349848590409,0,13,-0.1111692628072853,-0.629780511852236,0.1485943037038946,-24968.31432192652,-74708.66381883266,-99561.49407933396,-99623.60984762004,-99676.97814075918,-99762.20032176693,-99825.05064311923,TIJARIA,TIJARIA POLYPIPES LTD,EQ,2025-08-20,2026-08-27,252,181799.35,36431.5,0.0,0.0743208386276572,5,0,1.0,LOW,FULL,False,False,gap_continuation_100,"{""gap_threshold"":0.01}",INTRADAY_SHORT_ALLOWED_RESEARCH,2025-08-20,2026-08-27
2645,INE185E01021,151,151,-99551.13882762218,-99671.94693712278,-0.995511388276222,-0.9967194693712278,0.5157082335975498,-10.698807532041128,-11.164794941189076,-0.9966540771241452,0.0264900662251655,-0.0365394909533052,-0.0383636363636363,0.0411170733563895,0.1032631578947367,-0.1353333333333333,0.5992063492063492,302.0,0.0350330780242292,0.0028509514571347,-12.81659526747194,7.262829631058396e-26,-0.0421727011355575,-0.0309062807710528,0,13,-0.145729546868608,-0.4861753180486431,0.1259850973260203,-67857.14285714288,-31814.80407997989,-99551.13882762218,-99616.23668494468,-99671.94693712278,-99760.3968888806,-99825.11364709795,FILATFASH,FILATEX FASHIONS LIMITED,EQ,2025-08-20,2026-08-27,252,14146219.52,40314658.5,0.0,0.0654445688970291,16,0,1.0,OK,FULL,False,False,gap_continuation_100,"{""gap_threshold"":0.01}",INTRADAY_SHORT_ALLOWED_RESEARCH,2025-08-20,2026-08-27
2644,INE938A01021,181,181,-99501.62339812989,-99656.929449765,-0.9950162339812988,-0.99656929449765,0.5399227540385719,-10.111207535710278,-10.415320677526363,-0.9963253178753758,0.154696132596685,-0.0301617183388743,-0.0242222222222222,0.0812436430106646,0.0367096774193549,-0.1346781326781327,0.7182539682539683,362.0,0.0368153943214415,0.0027364667090908,-11.022139695203872,6.425124623702741e-22,-0.0355613987955509,-0.0247620378821977,0,13,-0.2410060945050508,-0.5223152436968249,0.093572116718362,-29960.31746031756,-69696.61198944745,-99501.62339812989,-99586.46485277312,-99656.929449765,-99764.0209455487,-99837.809167966,LCCINFOTEC,LCC INFOTECH LTD,EQ,2025-08-20,2026-08-27,252,237334.535,49269.0,0.0039682539682539,0.0677197187117652,19,0,1.0,LOW,FULL,False,False,gap_continuation_100,"{""gap_threshold"":0.01}",INTRADAY_SHORT_ALLOWED_RESEARCH,2025-08-20,2026-08-27
2643,INE245I01016,192,192,-99484.3043535952,-99652.71720685255,-0.994843043535952,-0.9965271720685256,0.5636023533999384,-9.652141082900949,-12.568930472185194,-0.9964595481214932,0.1458333333333333,-0.0283331741128708,-0.0282803163813359,0.1225816959189675,0.1832941176470588,-0.1467327289778055,0.7619047619047619,384.0,0.038266707066508,0.0027616617032311,-10.259465914931324,5.969737868860927e-20,-0.033780446851082,-0.0228859013746596,0,13,-0.0850261866583391,-0.6049874515010412,0.141296834146917,-14154.902708889698,-85497.81449796287,-99484.3043535952,-99576.76397321372,-99652.71720685255,-99766.32178456614,-99842.89251446618,NAGREEKCAP,NAGREEKA CAP & INFR.LTD,EQ,2025-08-20,2026-08-27,252,149891.97,5620.0,0.0039682539682539,0.0680334408245004,0,0,1.0,LOW,FULL,False,False,gap_continuation_100,"{""gap_threshold"":0.01}",INTRADAY_SHORT_ALLOWED_RESEARCH,2025-08-20,2026-08-27
2652,INE727B01026,114,114,-61624.734851353256,-69523.09668059723,-0.6162473485135326,-0.6952309668059724,0.5071426033280827,-2.0673392082870885,-1.4550172290285217,-0.7381148177098343,0.5,-0.009196805158359,-0.0004911410755805,0.5532046482588939,0.0774130157379839,-0.183742967457253,0.4523809523809524,228.0,0.0471199491274874,0.0044131875795255,-2.083937061960933,0.0394202052547642,-0.0179401257131509,-0.000453484603567,4,9,0.0523739298034615,-0.4468714793475937,0.1360200884135361,-43358.09146239517,-26165.00521820206,-61624.734851353256,-65799.18394600516,-69523.09668059723,-75807.15023229663,-80804.51307643754,GENESYS,GENESYS INTL CORPN LTD,EQ,2025-08-20,2026-08-27,252,104878890.55,316497.5,0.0,0.0587554019598292,0,1,1.0,OK,FULL,False,False,gap_fade_050,"{""gap_threshold"":0.005}",INTRADAY_SHORT_ALLOWED_RESEARCH,2025-08-20,2026-08-27
2651,INE131A01031,114,114,-60386.78504511363,-68533.6642518019,-0.6038678504511363,-0.6853366425180191,0.3765866433144572,-2.864788002778372,-2.0649408641872604,-0.6915720309843687,0.4736842105263157,-0.0094635166471389,-0.0016460699588973,0.4238816966625752,0.068633491569815,-0.1903354551241247,0.4523809523809524,228.0,0.0346491574771938,0.0032451909276399,-2.916166369915618,0.0042747631724807,-0.0158928251753997,-0.003034208118878,1,12,0.0280291001316599,-0.2017669773825221,0.0690536968762382,32628.01028758494,-101161.67453938683,-60386.78504511363,-64692.382645246085,-68533.6642518019,-75016.71140765556,-80173.33979899857,GMDCLTD,GUJARAT MINERAL DEV CORP,EQ,2025-08-20,2026-08-27,252,1628035759.45,2666064.0,0.0,0.0435119646674269,0,0,1.0,OK,FULL,False,False,gap_fade_050,"{""gap_threshold"":0.005}",INTRADAY_SHORT_ALLOWED_RESEARCH,2025-08-20,2026-08-27
2650,INE139A01034,138,138,-57151.578285316245,-67553.07389174541,-0.5715157828531625,-0.6755307389174541,0.2921580286617759,-3.696849170072918,-3.8682620427930328,-0.6755307389174541,0.3478260869565217,-0.007826551926003,-0.0061271335035258,0.41112952348288,0.0631109190435033,-0.0755498839907192,0.5476190476190477,276.0,0.0243444775346127,0.0020723395489248,-3.7766744981841818,0.0002360868935821,-0.0119244608325161,-0.00372864301949,1,12,0.0467669140325104,-0.2624422097620527,0.0889297890655676,103491.715017511,-171044.78890925643,-57151.578285316245,-62710.6658184734,-67553.07389174541,-75443.39502107857,-81425.45712096474,NATIONALUM,NATIONAL ALUMINIUM CO LTD,EQ,2025-08-20,2026-08-27,252,3043391285.39,9025367.5,0.0,0.0312251668375546,0,0,1.0,OK,FULL,False,False,gap_fade_050,"{""gap_threshold"":0.005}",INTRADAY_SHORT_ALLOWED_RESEARCH,2025-08-20,2026-08-27
2649,INE010J01012,103,103,-58597.66890483647,-66377.94736648625,-0.5859766890483646,-0.6637794736648623,0.4079425023028167,-2.454756911973494,-1.8042370957843663,-0.6687502222164233,0.4271844660194174,-0.0097223269632582,-0.0039491525423729,0.4558736750471846,0.1482135738016137,-0.1488088394374902,0.4087301587301587,206.0,0.0396059184445611,0.0039024871032013,-2.4913155908402,0.0143397536284826,-0.0174628916287996,-0.0019817622977168,1,12,0.0270308439788224,-0.2510116221514218,0.0893382406102924,-12906.79843244172,-53471.148934044526,-58597.66890483647,-62688.09827350346,-66377.94736648625,-72707.69139815452,-77855.17787838003,TEJASNET,TEJAS NETWORKS LIMITED,EQ,2025-08-20,2026-08-27,252,591811394.575,1434576.0,0.0,0.0428986346114633,0,0,1.0,OK,FULL,False,False,gap_fade_050,"{""gap_threshold"":0.005}",INTRADAY_SHORT_ALLOWED_RESEARCH,2025-08-20,2026-08-27
2648,INE531E01026,142,142,-54840.0490529413,-66074.83219297638,-0.548400490529413,-0.6607483219297638,0.4067255021306186,-2.4439032022430087,-2.2871819004082283,-0.6766856196361626,0.4154929577464789,-0.0069999842048655,-0.0062496504046635,0.5490935204904811,0.1036783781304466,-0.1492452830188677,0.5634920634920635,284.0,0.0338679093114288,0.0028421318138633,-2.46293439689214,0.0149849496555491,-0.0126186840825037,-0.0013812843272274,4,8,0.1094708493489842,-0.3001203626345097,0.1191000343793578,121373.73070255124,-187448.5628955276,-54840.0490529413,-60855.65289223852,-66074.83219297638,-74529.38249995996,-80888.05655407414,HINDCOPPER,HINDUSTAN COPPER LTD,EQ,2025-08-20,2026-08-27,252,3779837270.25,8393376.5,0.0,0.0393519809293912,0,0,1.0,OK,FULL,False,False,gap_fade_050,"{""gap_threshold"":0.005}",INTRADAY_SHORT_ALLOWED_RESEARCH,2025-08-20,2026-08-27
2647,INE880L01014,125,125,-53715.327172914665,-64023.67145229338,-0.5371532717291467,-0.6402367145229338,0.3826322843220743,-2.470458994568278,-2.182489082638067,-0.6953741713470347,0.44,-0.0075622189473254,-0.0026377551020407,0.5168935043191923,0.111408521303258,-0.1492443103921032,0.496031746031746,250.0,0.0338669025727369,0.0030291478536,-2.4964839330433564,0.0138552455408438,-0.013557751064136,-0.0015666868305147,3,10,0.1260236936306127,-0.3684086773499869,0.1285083712696764,-4538.653366583414,-59485.01808570997,-53715.327172914665,-59191.12508794813,-64023.67145229338,-72050.42432428333,-78297.4165420499,KIOCL,KIOCL LIMITED,EQ,2025-08-20,2026-08-27,252,69919556.875,187756.0,0.0,0.0489629181572877,0,0,1.0,OK,FULL,False,False,gap_fade_050,"{""gap_threshold"":0.005}",INTRADAY_SHORT_ALLOWED_RESEARCH,2025-08-20,2026-08-27
2646,INE622H01018,142,142,-51588.75481635437,-63626.365436433545,-0.5158875481635437,-0.6362636543643354,0.3750382329638055,-2.4987979211061,-2.368705789062784,-0.5930074440230912,0.4647887323943662,-0.0065996109638398,-0.0019131316694593,0.5710078201331142,0.0538567520517284,-0.1191497584541063,0.5634920634920635,284.0,0.0312159961268286,0.0026195882030296,-2.519331456832505,0.0128733704332822,-0.0117783573696293,-0.0014208645580504,3,10,0.1298409897048111,-0.2759136504854552,0.100047572614206,-32092.155032666866,-31534.21040376668,-51588.75481635437,-58033.982721298016,-63626.365436433545,-72686.55953453525,-79501.86426166922,INDOFARM,INDO FARM EQUIPMENT LTD,EQ,2025-08-20,2026-08-27,252,34403345.53,200512.0,0.0,0.0491521692993616,0,0,1.0,OK,FULL,False,False,gap_fade_050,"{""gap_threshold"":0.005}",INTRADAY_SHORT_ALLOWED_RESEARCH,2025-08-20,2026-08-27
2645,INE686A01026,129,129,-52697.319017293215,-63523.24727616981,-0.5269731901729322,-0.635232472761698,0.3571261950940478,-2.6368841198238546,-2.542608487014837,-0.6548656848196809,0.4108527131782946,-0.0073000030435396,-0.0058362404843255,0.518160609047461,0.1067833185797186,-0.1322215657311669,0.5119047619047619,258.0,0.0310842657674785,0.0027368169967443,-2.667333275196566,0.0086335636841095,-0.0127152630562795,-0.0018847430307996,4,9,0.0783559108869667,-0.3638246306511729,0.1118526617127803,57591.787895963,-121115.0351721328,-52697.319017293215,-58458.76388330618,-63523.24727616981,-71886.26811318327,-78343.3229448509,CEMPRO,CEMINDIA PROJECTS LIMITED,EQ,2025-08-20,2026-08-27,252,276116695.95,345646.0,0.0,0.0425913662380348,0,0,1.0,OK,FULL,False,False,gap_fade_050,"{""gap_threshold"":0.005}",INTRADAY_SHORT_ALLOWED_RESEARCH,2025-08-20,2026-08-27
2644,INE049B01025,81,81,-56483.36218037581,-63064.93519481277,-0.5648336218037582,-0.6306493519481278,0.3646845751038632,-2.531741649794196,-1.5076491663626277,-0.6813981642393093,0.4320987654320987,-0.0113986065163944,-0.0038766756032171,0.3910429270413491,0.0922785023138409,-0.1843949883543492,0.3214285714285714,162.0,0.0395799301470125,0.0043977700163347,-2.591906005556539,0.0113425354890223,-0.0201504477609917,-0.0026467652717971,7,6,0.0634050222938635,-0.2903174394400325,0.1267784459783077,31395.660326814686,-94460.59552162746,-56483.36218037581,-59907.31380312797,-63064.93519481277,-68661.53934953334,-73419.01153912817,WOCKPHARMA,WOCKHARDT LIMITED,EQ,2025-08-20,2026-08-27,252,792772649.35,513332.5,0.0,0.0394527376365687,0,0,1.0,OK,FULL,False,False,gap_fade_050,"{""gap_threshold"":0.005}",INTRADAY_SHORT_ALLOWED_RESEARCH,2025-08-20,2026-08-27
2643,INE0JVO01026,117,117,-53152.48753212032,-62998.159680789686,-0.5315248753212032,-0.6299815968078968,0.4045796001290979,-2.24367738478269,-1.8858442021773665,-0.679380918192179,0.452991452991453,-0.0077585136679835,-0.0049200955667638,0.5636429768773267,0.0788471348606382,-0.1473614918524617,0.4642857142857143,234.0,0.0370533402965654,0.0034255825222175,-2.264874256469883,0.0253771908293412,-0.0145433114849365,-0.0009737158510306,3,10,0.0708093623551866,-0.2188814031861843,0.0929840656425579,-11250.4424331294,-51747.71724766029,-53152.48753212032,-58362.86911201045,-62998.159680789686,-70788.57327905344,-76949.83565255089,GARUDA,GARUDA CONSTRUCT N ENG L,EQ,2025-08-20,2026-08-27,252,117748349.675,649517.5,0.0,0.0469237563926962,0,0,1.0,OK,FULL,False,False,gap_fade_050,"{""gap_threshold"":0.005}",INTRADAY_SHORT_ALLOWED_RESEARCH,2025-08-20,2026-08-27
2652,INE727B01026,58,58,-61972.37419085916,-66214.31580675166,-0.6197237419085917,-0.6621431580675168,0.4343199220177102,-2.2590807025028505,-1.2161541123135848,-0.6704666970710917,0.4482758620689655,-0.0169166164576336,-0.0088335357877032,0.4046437051371508,0.0774130157379839,-0.183742967457253,0.2301587301587301,116.0,0.0554261710381497,0.0072778128060923,-2.3244093944643165,0.0236899462883136,-0.0314901852210192,-0.002343047694248,4,9,0.0252585669781932,-0.3623851419815871,0.1196702117234663,-43358.09146239517,-22856.22434435649,-61972.37419085916,-64154.95690579825,-66214.31580675166,-69990.35392252536,-73350.85726469335,GENESYS,GENESYS INTL CORPN LTD,EQ,2025-08-20,2026-08-27,252,104878890.55,316497.5,0.0,0.0587554019598292,0,1,1.0,OK,FULL,False,False,gap_fade_100,"{""gap_threshold"":0.01}",INTRADAY_SHORT_ALLOWED_RESEARCH,2025-08-20,2026-08-27
2651,INE760L01018,54,54,-54333.6902520796,-59082.95070167296,-0.5433369025207959,-0.5908295070167296,0.3457941209417058,-2.396455009348001,-1.2495480401286874,-0.619161555424569,0.5,-0.0153459269135896,-5.8742820707722784e-05,0.3710463628600374,0.0420686234653224,-0.1380514179177707,0.2142857142857142,108.0,0.0453720998180166,0.006174360728487,-2.4854276561437665,0.016129197661163,-0.0277301262184003,-0.0029617276087788,3,9,0.0392827476874511,-0.2167111078355263,0.0736229711379257,59004.72702716716,-118087.67772884012,-54333.6902520796,-56772.28651588485,-59082.95070167296,-63346.514021165385,-67173.20737803196,TBZ,TRIB BHIMJI ZAVERI LTD,EQ,2025-08-20,2026-08-27,252,40873557.605,251138.5,0.0,0.0430753674027625,0,0,1.0,OK,FULL,False,False,gap_fade_100,"{""gap_threshold"":0.01}",INTRADAY_SHORT_ALLOWED_RESEARCH,2025-08-20,2026-08-27
2650,INE506A01018,62,62,-48872.61678457003,-54907.53521269527,-0.4887261678457003,-0.5490753521269527,0.3480778756725981,-2.100340239150828,-1.134352147054369,-0.5658754588480761,0.4516129032258064,-0.0117916446553757,-0.0049125217926366,0.4247622931655053,0.097793221253259,-0.1556067193675889,0.246031746031746,124.0,0.0432639095306435,0.0054945220049164,-2.146072878555154,0.0358542595444046,-0.0227786204446804,-0.000804668866071,6,6,0.0580392035158823,-0.3036237055358728,0.118027069196731,75965.93597224425,-130873.47118493952,-48872.61678457003,-51983.266340423965,-54907.53521269527,-60240.27164868458,-64951.34043809726,DREDGECORP,DREDGING CORP OF INDIA,EQ,2025-08-20,2026-08-27,252,162115834.5,173829.0,0.0,0.0506892234744402,0,0,1.0,OK,FULL,False,False,gap_fade_100,"{""gap_threshold"":0.01}",INTRADAY_SHORT_ALLOWED_RESEARCH,2025-08-20,2026-08-27
2649,INE531E01026,86,86,-46032.14896476172,-54629.39044677902,-0.4603214896476172,-0.5462939044677901,0.3293644618876326,-2.2261102353648714,-1.6645819066507062,-0.5595254546306505,0.3837209302325581,-0.0085255999973663,-0.0086192638919482,0.5015265478903426,0.1036783781304466,-0.1492452830188677,0.3412698412698413,172.0,0.0349676753938746,0.0037706614101991,-2.2610356831047422,0.0263109151472254,-0.016022685069228,-0.0010285149255045,3,9,0.1439872624699516,-0.3416917264170148,0.1175091085985278,121373.73070255124,-176003.12114933025,-46032.14896476172,-50514.96273891274,-54629.39044677902,-61870.46246379887,-67967.17237708873,HINDCOPPER,HINDUSTAN COPPER LTD,EQ,2025-08-20,2026-08-27,252,3779837270.25,8393376.5,0.0,0.0393519809293912,0,0,1.0,OK,FULL,False,False,gap_fade_100,"{""gap_threshold"":0.01}",INTRADAY_SHORT_ALLOWED_RESEARCH,2025-08-20,2026-08-27
2648,INE010J01012,51,51,-48117.937469131466,-53221.478550765154,-0.4811793746913146,-0.5322147855076516,0.3493274875736041,-1.990673860400624,-1.1058776383529012,-0.546753185760622,0.4313725490196078,-0.0136352372202391,-0.0073763440860215,0.4147342796170353,0.1482135738016137,-0.1488088394374902,0.2023809523809523,102.0,0.0477456806851121,0.0066857325761723,-2.0394529791446607,0.0467070067402887,-0.0270639263071789,-0.0002065481332993,2,9,0.0413828741618877,-0.2332217687810431,0.08508491759341,-12906.79843244172,-40314.68011832344,-48117.937469131466,-50734.45369600849,-53221.478550765154,-57831.90016843581,-61995.98516966555,TEJASNET,TEJAS NETWORKS LIMITED,EQ,2025-08-20,2026-08-27,252,591811394.575,1434576.0,0.0,0.0428986346114633,0,0,1.0,OK,FULL,False,False,gap_fade_100,"{""gap_threshold"":0.01}",INTRADAY_SHORT_ALLOWED_RESEARCH,2025-08-20,2026-08-27
2647,INE880L01014,57,57,-44305.79850395626,-50375.410453943485,-0.4430579850395626,-0.5037541045394349,0.3058985108371825,-2.1274821684384704,-1.2096826439858068,-0.533937407437701,0.3684210526315789,-0.0114174320554032,-0.0063689320388349,0.421904896943508,0.0697084639498432,-0.1492443103921032,0.2261904761904762,114.0,0.0395178227932391,0.0052342634970407,-2.181287216789565,0.0333770107810203,-0.0219029218258544,-0.0009319422849521,5,7,0.1096788475470285,-0.3067573708465846,0.1204780733648136,-4538.653366583414,-45836.75708736007,-44305.79850395626,-47426.58871623545,-50375.410453943485,-55793.91613110555,-60630.0454691412,KIOCL,KIOCL LIMITED,EQ,2025-08-20,2026-08-27,252,69919556.875,187756.0,0.0,0.0489629181572877,0,0,1.0,OK,FULL,False,False,gap_fade_100,"{""gap_threshold"":0.01}",INTRADAY_SHORT_ALLOWED_RESEARCH,2025-08-20,2026-08-27
2646,INE385W01011,59,59,-42421.07249092609,-48896.38218408467,-0.4242107249092609,-0.4889638218408467,0.2716895551632398,-2.3286882596885667,-1.6107812661427603,-0.5719117936942694,0.4406779661016949,-0.0107233945320109,-0.0063601359003396,0.4459132184781627,0.0555657894736841,-0.0861565105837075,0.2341269841269841,118.0,0.0343225688630395,0.0044684178623434,-2.399819099816032,0.0196348666574026,-0.0196679046935307,-0.0017788843704911,6,7,0.0666449224473295,-0.3147589626608589,0.1041492793872918,-34228.98496938229,-14667.39721470238,-42421.07249092609,-45753.62515594128,-48896.38218408467,-54654.45614990272,-59773.51841174794,DCAL,DISHMAN CARBO AMCIS LTD,EQ,2025-08-20,2026-08-27,252,46934993.105,235896.5,0.0,0.0458938795841127,0,0,1.0,OK,FULL,False,False,gap_fade_100,"{""gap_threshold"":0.01}",INTRADAY_SHORT_ALLOWED_RESEARCH,2025-08-20,2026-08-27
2645,INE722H01024,59,59,-41970.913346623776,-48496.16140342118,-0.4197091334662377,-0.4849616140342118,0.2714705386075542,-2.300006395704723,-1.31165964018264,-0.5163458334108759,0.4406779661016949,-0.0105827792380132,-0.0034629864429923,0.419079186309553,0.0470940465918896,-0.1143826962691691,0.2341269841269841,118.0,0.0343268104596786,0.0044689700711907,-2.368057755910088,0.0212360522700592,-0.0195283947656374,-0.0016371637103889,6,7,0.0723509719758446,-0.294639440177271,0.1176338399106293,23817.89580827234,-72314.05721169352,-41970.913346623776,-45329.15627604855,-48496.16140342118,-54298.71919537122,-59457.39716068001,RGL,RENAISSANCE GLOBAL LTD,EQ,2025-08-20,2026-08-27,252,62700777.875,527522.5,0.0,0.0474337757760246,0,0,1.0,OK,FULL,False,False,gap_fade_100,"{""gap_threshold"":0.01}",INTRADAY_SHORT_ALLOWED_RESEARCH,2025-08-20,2026-08-27
2644,INE346W01013,63,63,-41399.75270604248,-48405.262752865216,-0.4139975270604248,-0.4840526275286522,0.3343117230550088,-1.8025135732697584,-1.0867315121705003,-0.558652508978653,0.4126984126984127,-0.0095651018811087,-0.0067954866008461,0.502290563474927,0.1001795989537925,-0.1755449735449736,0.25,126.0,0.0415424114730803,0.0052338518866517,-1.8275453887992696,0.0724308629683369,-0.020027422726897,0.0008972189646794,4,9,0.1140365444763462,-0.2492402997132573,0.1045731827275341,61629.57342775253,-110034.83618061774,-41399.75270604248,-45012.190181198464,-48405.262752865216,-54585.015157107584,-60034.95584770871,APEX,APEX FROZEN FOODS LIMITED,EQ,2025-08-20,2026-08-27,252,110584825.24,319700.0,0.0,0.049256152227991,0,0,1.0,OK,FULL,False,False,gap_fade_100,"{""gap_threshold"":0.01}",INTRADAY_SHORT_ALLOWED_RESEARCH,2025-08-20,2026-08-27
2643,INE206F01022,56,56,-41858.61383131969,-48086.90314873512,-0.4185861383131969,-0.4808690314873511,0.3045905494552349,-1.9857020494473632,-1.000664275357282,-0.5172533407351008,0.3571428571428571,-0.0108004656838492,-0.0073696498054474,0.4225386369814652,0.0418633048551781,-0.188219512195122,0.2222222222222222,112.0,0.0398466351567297,0.0053247305990094,-2.028359084656504,0.0473772719817283,-0.0214714642632142,-0.0001294671044843,3,9,0.1748045291746518,-0.3529892945265689,0.116607303914073,-11687.475702426991,-36399.42744630813,-41858.61383131969,-45059.37074654902,-48086.90314873512,-53658.66595113765,-58641.978215095245,AIIL,AUTHUM INVEST & INFRA LTD,EQ,2025-08-20,2026-08-27,252,196754228.925,215401.0,0.0,0.0404449568336645,0,1,1.0,OK,FULL,False,False,gap_fade_100,"{""gap_threshold"":0.01}",INTRADAY_SHORT_ALLOWED_RESEARCH,2025-08-20,2026-08-27
2652,INE938A01021,173,173,-82790.3984596889,-87875.47020702416,-0.827903984596889,-0.8787547020702415,0.5799573017641421,-3.3273595709044925,-3.758344258578576,-0.8773146175113646,0.3583815028901734,-0.0111544883164211,-0.002,0.5035649382667359,0.1012863849765259,-0.1346781326781327,0.6865079365079365,346.0,0.0436867680040493,0.0033214434659254,-3.358325508428661,0.0009655718949334,-0.0177105267074752,-0.0045984499253671,1,12,0.010427069081615,-0.3963427484498547,0.1047330168275488,-29960.31746031756,-57915.152746706604,-82790.3984596889,-85553.70666676007,-87875.47020702416,-91464.09024794996,-93994.84416071646,LCCINFOTEC,LCC INFOTECH LTD,EQ,2025-08-20,2026-08-27,252,237334.535,49269.0,0.0039682539682539,0.0677197187117652,19,0,1.0,LOW,FULL,False,False,momentum_1d,"{""move_threshold"":0.02,""signal_feature"":""previous_cc_signal""}",INTRADAY_SHORT_ALLOWED_RESEARCH,2025-08-20,2026-08-27
2651,INE368U01029,145,145,-82510.07875830498,-86965.46798568801,-0.8251007875830498,-0.8696546798568802,0.4590649514246242,-4.182610411697962,-3.739334615109875,-0.8709848720737957,0.3310344827586207,-0.0132419989343051,-0.0033845621322257,0.352876640658313,0.0749230769230769,-0.1236666666666665,0.5753968253968254,290.0,0.0371846434601912,0.0030880165593418,-4.288189094791519,3.283272908682006e-05,-0.0193456954683349,-0.0071383024002754,2,11,0.0012936411314037,-0.3924533189539987,0.1333769733566906,1683.867463335249,-88649.33544902326,-82510.07875830498,-84900.10027323196,-86965.46798568801,-90291.7000737768,-92773.46654091105,UNITEDPOLY,UNITED POLYFAB GUJ. LTD.,EQ,2025-08-20,2026-08-27,252,2526799.48,80560.0,0.0,0.0553504552501085,21,0,1.0,OK,FULL,False,False,momentum_1d,"{""move_threshold"":0.02,""signal_feature"":""previous_cc_signal""}",INTRADAY_SHORT_ALLOWED_RESEARCH,2025-08-20,2026-08-27
2650,INE542C01019,102,102,-82261.43729400939,-85592.01517130008,-0.8226143729400939,-0.8559201517130007,0.4973341145269375,-3.617433145593644,-2.7853350071917538,-0.867909943429646,0.3627450980392157,-0.0176379697090608,-0.01019932384087,0.3476548605342757,0.0736097560975609,-0.191287152637938,0.4047619047619047,204.0,0.0474572884908828,0.0046989717595582,-3.753580700540086,0.0002913799054306,-0.026959465670179,-0.0083164737479426,3,10,0.0724414756193179,-0.4310759792552066,0.1436214501279106,-20276.996687457344,-65315.01848384274,-82261.43729400939,-84012.37652577048,-85592.01517130008,-88302.23033640443,-90506.7015315656,NKIND,NK INDUSTRIES LTD,EQ,2025-08-20,2026-08-27,247,38400.03,609.0,0.1214574898785425,0.0644841661897237,7,0,0.98015873015873,LOW,FULL,False,True,momentum_1d,"{""move_threshold"":0.02,""signal_feature"":""previous_cc_signal""}",INTRADAY_SHORT_ALLOWED_RESEARCH,2025-08-20,2026-08-27
2649,INE0RYC01010,186,186,-75558.28395615415,-83210.68343516716,-0.7555828395615415,-0.8321068343516717,0.5748494614833511,-2.800601700601073,-3.364757772823709,-0.8321068343516717,0.3924731182795699,-0.0086555074162359,-0.002,0.5844586090896324,0.0862173913043478,-0.1462372881355933,0.7380952380952381,372.0,0.0419453324244159,0.0030755809943261,-2.814267428561881,0.0054178684836937,-0.0147232287270689,-0.0025877861054029,2,11,0.1916587060048433,-0.2908517939473219,0.1403185662098129,39841.77420400738,-123052.45763917454,-75558.28395615415,-79740.73917906424,-83210.68343516716,-88475.98659646144,-92096.07957005374,STALLION,STALLION IND FLUOROCHEM L,BE,2025-08-20,2026-08-27,252,194409665.745,1082740.0,0.0,0.0612168842996366,13,0,1.0,OK,FULL,False,False,momentum_1d,"{""move_threshold"":0.02,""signal_feature"":""previous_cc_signal""}",INTRADAY_SHORT_ALLOWED_RESEARCH,2025-08-20,2026-08-27
2648,INE794W01014,122,122,-77483.71634152537,-82419.76234188853,-0.7748371634152537,-0.8241976234188854,0.4675210352011563,-3.4693646844344705,-3.700111914446816,-0.8308789061736708,0.3114754098360656,-0.0132950899078453,-0.0132171154154784,0.4312053530942384,0.1128297749567224,-0.1193009744438315,0.4841269841269841,244.0,0.0413195502557457,0.0037408963085452,-3.553985144542924,0.0005420933867342,-0.020701180858687,-0.0058889989570037,1,12,0.0128012436888831,-0.3574624031025696,0.096246014388263,5916.464403743827,-88336.22674563236,-77483.71634152537,-80102.98063784631,-82419.76234188853,-86280.63664765548,-89299.02211136269,MODTHREAD,MODERN THREADS INDIA LTD,EQ,2025-08-20,2026-08-27,250,75419.825,1565.5,0.036,0.063532606264427,0,0,0.992063492063492,LOW,FULL,False,True,momentum_1d,"{""move_threshold"":0.02,""signal_feature"":""previous_cc_signal""}",INTRADAY_SHORT_ALLOWED_RESEARCH,2025-08-20,2026-08-27
2647,INE235C01036,129,129,-75265.85324524707,-80953.02085325081,-0.7526585324524707,-0.809530208532508,0.4465897869622247,-3.471240071800352,-3.277119088463734,-0.8138352097992083,0.3333333333333333,-0.0120172121252717,-0.0040648967551621,0.4258450911581674,0.0922857142857143,-0.1577603686635944,0.5119047619047619,258.0,0.038482759309061,0.0033882180311573,-3.546764704857814,0.0005456783481516,-0.018721380376345,-0.0053130438741985,1,10,0.0058031843494668,-0.3686884304117483,0.1201632661758305,-65869.67945349443,-15083.341399756377,-75265.85324524707,-78293.47547699077,-80953.02085325081,-85340.31552119696,-88723.0529222852,SUMEETINDS,SUMEET IND LIMITED,EQ,2025-10-03,2026-08-27,222,4281419.005,147613.0,0.0,0.0520674194299541,16,1,0.8809523809523809,OK,PARTIAL,True,True,momentum_1d,"{""move_threshold"":0.02,""signal_feature"":""previous_cc_signal""}",INTRADAY_SHORT_ALLOWED_RESEARCH,2025-08-20,2026-08-27
2646,INE326T01011,144,144,-73445.5767207615,-80154.24220470367,-0.7344557672076151,-0.8015424220470366,0.4986542701703307,-2.9813594850834773,-3.065689327424969,-0.7835580384976906,0.2777777777777778,-0.0103240808204839,-0.002,0.4685726220355521,0.1744286497751452,-0.1288844221105527,0.5714285714285714,288.0,0.04106037104228,0.0034216975868566,-3.0172394136000094,0.003020498932167,-0.0170877237440565,-0.0035604378969113,2,11,0.0246337500783717,-0.3346743752577862,0.0902113944387934,-26934.599713766554,-53219.64249093711,-73445.5767207615,-77041.98664856436,-80154.24220470367,-85176.80616829506,-88934.82899598865,NIRAJISPAT,NIRAJ ISPAT IND LTD,EQ,2025-08-20,2026-08-27,234,44363.21,185.0,0.3418803418803419,0.0568834800623956,27,0,0.9285714285714286,LOW,PARTIAL,False,True,momentum_1d,"{""move_threshold"":0.02,""signal_feature"":""previous_cc_signal""}",INTRADAY_SHORT_ALLOWED_RESEARCH,2025-08-20,2026-08-27
2645,INE287Z01012,164,164,-72181.01701765427,-80022.87514921761,-0.7218101701765427,-0.8002287514921762,0.4687414635544665,-3.1844646874413503,-3.045975635207623,-0.8092916799622855,0.3475609756097561,-0.0091017721843218,-0.002,0.474756357395004,0.0635737704918033,-0.1094380165289254,0.6507936507936508,328.0,0.0362423927034598,0.0028300554041717,-3.216110953483453,0.0015671958874591,-0.0146900692640801,-0.0035134751045634,2,11,0.1914617935870188,-0.2870228865087273,0.1345416596328775,-6030.150753769049,-73992.72439544856,-72181.01701765427,-76423.81870041549,-80022.87514921761,-85663.82284917982,-89718.86198285637,GAYAHWS,GAYATRI HIGHWAYS LIMITED,EQ,2025-08-20,2026-08-27,252,628837.6799999999,274512.5,0.0,0.0521566777656196,32,0,1.0,LOW,FULL,False,False,momentum_1d,"{""move_threshold"":0.02,""signal_feature"":""previous_cc_signal""}",INTRADAY_SHORT_ALLOWED_RESEARCH,2025-08-20,2026-08-27
2644,INE651C01018,132,132,-72130.83160022896,-78663.92312177666,-0.7213083160022897,-0.7866392312177667,0.5327454792962941,-2.6215383457689128,-2.748247219558743,-0.818024522227524,0.3484848484848485,-0.0105803992614414,-0.002,0.5397877019412082,0.1010444964871195,-0.1011379310344826,0.5238095238095238,264.0,0.0458719551668525,0.0039926412147752,-2.649974964514054,0.0090412068384476,-0.0184787959857531,-0.0026820025371297,2,9,0.1601193369514992,-0.3652305235302475,0.133279741364092,-18375.921752652925,-60288.00136912374,-72130.83160022896,-75613.54365758563,-78663.92312177666,-83674.39127205464,-87515.03020344987,LAKPRE,LAKSHMI PRE SCRE LTD,BZ,2025-08-25,2026-08-27,215,6200.03,1225.0,0.1302325581395348,0.053343883788115,30,0,0.8531746031746031,LOW,PARTIAL,True,True,momentum_1d,"{""move_threshold"":0.02,""signal_feature"":""previous_cc_signal""}",INTRADAY_SHORT_ALLOWED_RESEARCH,2025-08-20,2026-08-27
2643,INE230B01021,117,117,-72820.74589588039,-78558.50005457454,-0.7282074589588039,-0.7855850005457455,0.5191095878868077,-2.6956954663379284,-2.8865557687202936,-0.7855850005457455,0.358974358974359,-0.0119603535264873,-0.0121651842439645,0.5107093343225868,0.1399518377693283,-0.1391900826446281,0.4642857142857143,234.0,0.0472921265181522,0.0043721586432545,-2.7355717169458003,0.0072061701675609,-0.0206199646220399,-0.0033007424309347,2,11,0.0235988862909557,-0.2758829189363022,0.0957745896844891,-19092.12283044049,-59466.37722413405,-72820.74589588039,-75858.04164057777,-78558.50005457454,-83093.13119584884,-86675.19890062916,CREATIVEYE,CREATIVE EYE LIMITED,EQ,2025-08-20,2026-08-27,252,84449.67,12409.5,0.0,0.0799337595184192,0,0,1.0,LOW,FULL,False,False,momentum_1d,"{""move_threshold"":0.02,""signal_feature"":""previous_cc_signal""}",INTRADAY_SHORT_ALLOWED_RESEARCH,2025-08-20,2026-08-27
2652,INE938A01021,122,122,-90835.35648872922,-92857.5539384284,-0.908353564887292,-0.928575539384284,0.4795022515457811,-5.228696242201069,-5.086892358756588,-0.9235234867399345,0.2377049180327868,-0.0205505870556096,-0.0186859174706709,0.2575666452027823,0.1009411764705883,-0.1315180722891566,0.4841269841269841,244.0,0.0409020454063224,0.0037030971955263,-5.549567286658407,1.718194329118304e-07,-0.0278818446922427,-0.0132193294189765,1,12,0.0334442889127026,-0.4274251968556619,0.1308752472111824,-29960.31746031756,-62897.23647811083,-90835.35648872922,-91908.87378250378,-92857.5539384284,-94436.39509178698,-95668.45731532462,LCCINFOTEC,LCC INFOTECH LTD,EQ,2025-08-20,2026-08-27,252,237334.535,49269.0,0.0039682539682539,0.0677197187117652,19,0,1.0,LOW,FULL,False,False,momentum_5d,"{""move_threshold"":0.05,""signal_feature"":""previous_5d_signal""}",INTRADAY_SHORT_ALLOWED_RESEARCH,2025-08-20,2026-08-27
2651,INE230B01021,56,56,-72253.36160217992,-75264.64492471973,-0.7225336160217992,-0.7526464492471974,0.4303389420818697,-3.016323475338756,-2.20891438869367,-0.7526464492471974,0.2321428571428571,-0.0231793116670355,-0.0196440124292885,0.3225813908782062,0.1361872213967311,-0.1391900826446281,0.2222222222222222,112.0,0.0541135451951472,0.0072312266465695,-3.205446710487432,0.0022468814820464,-0.0376710137048747,-0.0086876096291962,1,10,0.0313290967078916,-0.2733685807269981,0.1008105414587965,-19092.12283044049,-56172.52209427924,-72253.36160217992,-73801.45977334981,-75264.64492471973,-77954.34235381903,-80356.2373747416,CREATIVEYE,CREATIVE EYE LIMITED,EQ,2025-08-20,2026-08-27,252,84449.67,12409.5,0.0,0.0799337595184192,0,0,1.0,LOW,FULL,False,False,momentum_5d,"{""move_threshold"":0.05,""signal_feature"":""previous_5d_signal""}",INTRADAY_SHORT_ALLOWED_RESEARCH,2025-08-20,2026-08-27
2650,INE749B01020,106,106,-67675.32558800266,-73919.21546001236,-0.6767532558800265,-0.7391921546001237,0.3778420097167009,-3.35198774939532,-2.653273735654692,-0.7202438387387359,0.2452830188679245,-0.0119483187526159,-0.0054824739801411,0.3597301840099245,0.0755566231983526,-0.1277922964407607,0.4206349206349206,212.0,0.0356478328752143,0.003462423609537,-3.450854112623614,0.0008061246764624,-0.018813665169754,-0.0050829723354777,2,11,0.0773259062283961,-0.2985908408273227,0.0957012541035057,24177.63157894752,-98096.84703895988,-67675.32558800266,-70963.04774740167,-73919.21546001236,-78966.19916456255,-83043.94935717841,ORTINGLOBE,ORTIN GLOBAL LIMITED,EQ,2025-08-20,2026-08-27,252,90345.985,7213.0,0.0039682539682539,0.0566574161075563,15,0,1.0,LOW,FULL,False,False,momentum_5d,"{""move_threshold"":0.05,""signal_feature"":""previous_5d_signal""}",INTRADAY_SHORT_ALLOWED_RESEARCH,2025-08-20,2026-08-27
2649,INE368U01029,134,134,-65680.11909663273,-73816.69243381773,-0.6568011909663272,-0.7381669243381773,0.4213920435909649,-2.9553360122044032,-2.666231044794609,-0.7436687089706421,0.3208955223880597,-0.0092936946394088,-0.002,0.4692200495894302,0.0856249039200616,-0.1236666666666665,0.5317460317460317,268.0,0.0359036993740509,0.0031016072250807,-2.9964124935796104,0.0032598780909479,-0.0154285535872264,-0.0031588356915912,2,11,0.0031515151515153,-0.1868876933687666,0.0662836345946686,1683.867463335249,-75500.55989715298,-65680.11909663273,-70021.15849082966,-73816.69243381773,-80035.19335551033,-84785.18740660191,UNITEDPOLY,UNITED POLYFAB GUJ. LTD.,EQ,2025-08-20,2026-08-27,252,2526799.48,80560.0,0.0,0.0553504552501085,21,0,1.0,OK,FULL,False,False,momentum_5d,"{""move_threshold"":0.05,""signal_feature"":""previous_5d_signal""}",INTRADAY_SHORT_ALLOWED_RESEARCH,2025-08-20,2026-08-27
2648,INE565L01011,83,83,-67720.75079560913,-72729.61470231212,-0.6772075079560913,-0.7272961470231212,0.4251063501008318,-2.8325051027539967,-2.33227948335026,-0.7275897542110448,0.3373493975903614,-0.0145074205526955,-0.0133378684807254,0.401767168482376,0.1533398058252426,-0.1512753623188405,0.3293650793650793,166.0,0.0453015937451357,0.0049724959137884,-2.917532925963283,0.0045509772674543,-0.0243992989492806,-0.0046155421561105,4,9,0.0716876338702214,-0.3341197987676596,0.138984070739164,-19131.3340227506,-53598.28067956152,-67720.75079560913,-70329.42344289388,-72729.61470231212,-76969.1626130509,-80556.33287634637,ZEELEARN,ZEE LEARN LIMITED,BE,2025-08-20,2026-08-27,252,3145303.14,429464.5,0.0,0.0554107371428743,4,0,1.0,OK,FULL,False,False,momentum_5d,"{""move_threshold"":0.05,""signal_feature"":""previous_5d_signal""}",INTRADAY_SHORT_ALLOWED_RESEARCH,2025-08-20,2026-08-27
2647,INE022C01012,95,95,-65771.06917005846,-71766.64139076353,-0.6577106917005846,-0.7176664139076352,0.4615447982883151,-2.4963568235710203,-2.055201029943285,-0.7750490121606983,0.3263157894736842,-0.0121282158588499,-0.0035873015873015,0.4916010423371713,0.1066956521739131,-0.1389747899159664,0.376984126984127,190.0,0.0465252518228577,0.0047733901195562,-2.5407971179982787,0.0126981275119069,-0.0216058938384032,-0.0026505378792966,2,11,0.137332936339678,-0.3507534460151553,0.1283280927612656,15307.258461326652,-87073.89985209018,-65771.06917005846,-68911.54228266087,-71766.64139076353,-76721.15109457761,-80813.77608056043,EUROTEXIND,EUROTEX IND & EXPORTS LTD,BE,2025-08-20,2026-08-27,224,24409.395,1739.5,0.1026785714285714,0.063161536858287,23,0,0.8888888888888888,LOW,PARTIAL,False,True,momentum_5d,"{""move_threshold"":0.05,""signal_feature"":""previous_5d_signal""}",INTRADAY_SHORT_ALLOWED_RESEARCH,2025-08-20,2026-08-27
2646,INE558R01013,79,79,-66202.67332109288,-71215.1610069242,-0.6620267332109289,-0.712151610069242,0.4208576373726847,-2.7297703511279305,-1.8227993850169495,-0.7305981246066859,0.3670886075949367,-0.0145423379815912,-0.009265625,0.3903612282754959,0.1079041533546325,-0.1714964028776978,0.3134920634920635,158.0,0.0459861849476241,0.0051738500294318,-2.810738212137192,0.0062471948678235,-0.0248426821471568,-0.0042419938160255,3,10,0.05575358507382,-0.2877398266261793,0.1049065873109161,-25809.697503301795,-45405.463503622406,-66202.67332109288,-68808.17189502015,-71215.1610069242,-75492.27746395054,-79140.72466641376,HECPROJECT,HEC INFRA PROJECTS LTD,EQ,2025-08-20,2026-08-27,252,1444643.86,11380.0,0.0,0.0663223177738018,0,0,1.0,OK,FULL,False,False,momentum_5d,"{""move_threshold"":0.05,""signal_feature"":""previous_5d_signal""}",INTRADAY_SHORT_ALLOWED_RESEARCH,2025-08-20,2026-08-27
2645,INE740D01017,78,78,-66135.96197420225,-71097.39970196139,-0.6613596197420224,-0.7109739970196138,0.299213863813827,-3.985104639053982,-3.193415741558629,-0.6868369298793215,0.3076923076923077,-0.0152871609840224,-0.0110593434343433,0.2737508040078786,0.059740041928721,-0.0957994722955144,0.3095238095238095,156.0,0.0315379372369713,0.0035709682037716,-4.280956903474029,5.306741812400363e-05,-0.0223978671155748,-0.0081764548524699,1,12,0.0554946977549277,-0.1987706216114296,0.0683246421526082,49656.08078442855,-120753.48048638992,-66135.96197420225,-68713.62003328209,-71097.39970196139,-75339.89494361705,-78966.46896201429,NRAIL,N R AGARWAL INDS LTD,EQ,2025-08-20,2026-08-27,252,2759958.625,6034.0,0.0,0.050449429173368,2,0,1.0,OK,FULL,False,False,momentum_5d,"{""move_threshold"":0.05,""signal_feature"":""previous_5d_signal""}",INTRADAY_SHORT_ALLOWED_RESEARCH,2025-08-20,2026-08-27
2644,INE804H01012,84,84,-65212.048035830885,-70665.47470811542,-0.6521204803583088,-0.7066547470811542,0.4424357748522726,-2.531903066647091,-1.814531799304156,-0.7563759490972346,0.4404761904761904,-0.0133357677993196,-0.0035854082799065,0.4579695963346795,0.0837858484658735,-0.20645810914681,0.3333333333333333,168.0,0.0472131082625251,0.0051513724382658,-2.588779584302187,0.011370371040589,-0.0235816403917333,-0.0030898952069059,1,11,0.1586907593311211,-0.3997631130488764,0.1285510604553771,-26848.48484848476,-43816.98985963066,-65212.048035830885,-68053.53566502423,-70665.47470811542,-75272.61068090741,-79163.44825168212,TFL,TRANSWARRANTY FIN. LTD.,EQ,2025-08-20,2026-08-27,252,157667.55,12539.5,0.0,0.0765518999422457,0,0,1.0,LOW,FULL,False,False,momentum_5d,"{""move_threshold"":0.05,""signal_feature"":""previous_5d_signal""}",INTRADAY_SHORT_ALLOWED_RESEARCH,2025-08-20,2026-08-27
2643,INE285H01022,113,113,-62223.78355504876,-69939.62015376016,-0.6222378355504876,-0.6993962015376016,0.519300402235969,-2.0401234921472087,-1.703304857422114,-0.7583354176657027,0.3982300884955752,-0.0093755482308238,-0.002,0.5629196470568205,0.1203529411764705,-0.2063624161073824,0.4484126984126984,226.0,0.0484697963390497,0.0045596548902447,-2.056196895708636,0.0420878254563042,-0.0184099199157265,-0.0003411765459211,5,8,0.1240018819404666,-0.4478932056582202,0.155611868948323,15177.478580171315,-85117.09873393147,-62223.78355504876,-66299.8678906339,-69939.62015376016,-76090.5865521966,-80991.79928543611,ATLANTAA,ATLANTAA LIMITED,EQ,2025-08-20,2026-08-27,252,2516730.76,63089.5,0.0,0.0559686496146513,6,0,1.0,OK,FULL,False,False,momentum_5d,"{""move_threshold"":0.05,""signal_feature"":""previous_5d_signal""}",INTRADAY_SHORT_ALLOWED_RESEARCH,2025-08-20,2026-08-27
2652,INE055C01020,252,252,-99771.34495054848,-99863.68339531757,-0.9977134495054848,-0.9986368339531756,0.6164955054407648,-10.2539937770072,-14.826749151268617,-0.9986275453483492,0.1984126984126984,-0.0250854804616766,-0.0267474232064496,0.1836977115268186,0.1850967741935483,-0.1241719457013574,1.0,504.0,0.0388355664710793,0.002446410735876,-10.253993777007198,7.808367579455755e-21,-0.0299035891054378,-0.0202673718179154,0,13,-0.0723662031834141,-0.5619764270990528,0.1348750167128364,-33333.33333333336,-66530.3500619842,-99771.34495054848,-99823.42773093667,-99863.68339531757,-99918.81907144148,-99951.705836727,KEEPLEARN,DSJ KEEP LEARNING LTD,EQ,2025-08-20,2026-08-27,252,90886.855,39279.0,0.0,0.0833324013698841,0,0,1.0,LOW,FULL,False,False,open_to_close,{},LONG_ONLY,2025-08-20,2026-08-27
2651,INE185E01021,252,252,-99747.1097825794,-99849.2035670215,-0.997471097825794,-0.9984920356702148,0.6169021707692913,-10.08874742571592,-13.621054338226804,-0.9984619767598728,0.0714285714285714,-0.024697500743124,-0.0239806763285024,0.1570768715733964,0.1831851851851851,-0.1353333333333333,1.0,504.0,0.0388611839788439,0.0024480244871797,-10.08874742571592,2.596096311938551e-20,-0.0295187876058944,-0.0198762138803535,1,12,0.1153209591132873,-0.6011374061463205,0.1982433863193677,-67857.14285714288,-31992.060709878613,-99747.1097825794,-99804.69236498929,-99849.2035670215,-99910.17695361593,-99946.55337892132,FILATFASH,FILATEX FASHIONS LIMITED,EQ,2025-08-20,2026-08-27,252,14146219.52,40314658.5,0.0,0.0654445688970291,16,0,1.0,OK,FULL,False,False,open_to_close,{},LONG_ONLY,2025-08-20,2026-08-27
2650,INE568Z01015,252,252,-99221.23997332757,-99534.50401502088,-0.9922123997332756,-0.9953450401502087,0.511445818472397,-10.13154100364676,-14.517589402585392,-0.9952518011512532,0.2341269841269841,-0.020562437623003,-0.0195532742044369,0.1856382924439386,0.148995670995671,-0.0966656649135988,1.0,504.0,0.0322180582086154,0.0020295468986999,-10.131541003646758,1.903382528251233e-20,-0.024559549519278,-0.0165653257267279,1,12,0.0037877233920051,-0.5220161126017908,0.1598744336555489,-78333.33333333333,-21201.170681687552,-99221.23997332757,-99397.8330692703,-99534.50401502088,-99722.047592211,-99834.20734999087,URAVIDEF,URAVI DEFENCE &TECH LTD,BE,2025-08-20,2026-08-27,252,1462833.08,8423.5,0.0,0.0567582653615095,1,0,1.0,OK,FULL,False,False,open_to_close,{},LONG_ONLY,2025-08-20,2026-08-27
2649,INE060J01017,252,252,-99178.16395006583,-99508.7043052825,-0.9917816395006586,-0.995087043052825,0.5082783048390462,-10.089779292786808,-13.479870862674131,-0.9955483964872456,0.2103174603174603,-0.0203508568061023,-0.0215838892928195,0.1959955559366276,0.0749662921348315,-0.1201818181818181,1.0,504.0,0.0320185236050855,0.0020169774001549,-10.089779292786806,2.5767557185127067e-20,-0.0243232135749167,-0.0163785000372879,1,12,0.0994006464213717,-0.4558599491712972,0.1393700419685291,-85706.4622124863,-13802.242092796208,-99178.16395006583,-99364.4918007229,-99508.7043052825,-99706.61148319706,-99824.98157670742,FLEXITUFF,FLEXITUFF VENTURES INT L,BE,2025-08-20,2026-08-27,252,197336.825,19380.0,0.0,0.0614380111341222,11,0,1.0,LOW,FULL,False,False,open_to_close,{},LONG_ONLY,2025-08-20,2026-08-27
2648,INE278R01034,226,226,-99164.4233273452,-99473.84696131172,-0.991644233273452,-0.9947384696131172,0.6066957756978258,-8.247746406996992,-9.396659089534229,-0.994840452733011,0.1061946902654867,-0.0221410305493451,-0.002,0.1732235619481983,0.0813333333333334,-0.1558461538461538,0.8968253968253969,452.0,0.0397317853629683,0.0026429190486876,-8.377491001981147,5.844250295827983e-15,-0.0273490700701927,-0.0169329910284974,1,12,0.0748583006826668,-0.7008411404404364,0.2644924582391271,-53741.4965986395,-45732.35036267222,-99164.4233273452,-99336.86695497956,-99473.84696131172,-99669.00212139769,-99791.97094919407,DHARAN,DHARAN INFRA-EPC LIMITED,BZ,2025-08-20,2026-08-27,226,5369915.65,18982618.0,0.0,0.0610118445856398,38,0,0.8968253968253969,OK,PARTIAL,False,True,open_to_close,{},LONG_ONLY,2025-08-20,2026-08-27
2647,INE210A01017,252,252,-99003.5730140188,-99404.12008478238,-0.9900357301401882,-0.9940412008478238,0.5382301014273636,-9.146531958066625,-11.963191456301203,-0.9940788133285272,0.2817460317460317,-0.0195354715218207,-0.0182207349836883,0.2064771933774513,0.0859547862945955,-0.1477044673539519,1.0,504.0,0.033905309440616,0.0021358337358228,-9.146531958066625,2.0851533560909518e-17,-0.0237419111164866,-0.0153290319271547,0,13,-0.1280227926230593,-0.5047505419862204,0.1314617873831154,-30427.25173210162,-68976.86835268076,-99003.5730140188,-99229.34654809406,-99404.12008478238,-99644.02871425988,-99787.57175388682,WILLAMAGOR,WILLIAMSON MAGOR,EQ,2025-08-20,2026-08-27,252,82845.125,2824.5,0.0198412698412698,0.0629149460776457,0,0,1.0,LOW,FULL,False,False,open_to_close,{},LONG_ONLY,2025-08-20,2026-08-27
2646,INE014B01011,248,248,-98837.82679548628,-99299.32847297084,-0.9883782679548628,-0.9929932847297084,0.6911178138985825,-6.757596991371502,-9.121275550833277,-0.9932740904115124,0.2177419354838709,-0.0188318373382431,-0.0155691652928314,0.2908183309824004,0.1682857142857143,-0.1924340124003541,0.984126984126984,496.0,0.0438229962447827,0.0027827630443081,-6.767316166844256,9.46770745042813e-11,-0.0243128084904889,-0.0133508661859973,1,12,0.027873822927575,-0.5494039895740341,0.1815632474950083,-47367.77271615493,-51931.55575681591,-98837.82679548628,-99097.49664836803,-99299.32847297084,-99578.00444019164,-99746.10786870663,TECILCHEM,TECIL CHEMICALS,EQ,2025-08-20,2026-08-27,248,36146.095,2644.5,0.0443548387096774,0.0803009048617112,23,0,0.984126984126984,LOW,FULL,False,True,open_to_close,{},LONG_ONLY,2025-08-20,2026-08-27
2645,INE642Z01026,252,252,-98759.14231563776,-99257.63938696124,-0.9875914231563776,-0.9925763938696124,0.5669725476977434,-8.274342623103657,-11.22170917961078,-0.992388722176882,0.2777777777777778,-0.0186163695140678,-0.0192670807453416,0.2413950798797879,0.1082941176470588,-0.1856065573770491,1.0,504.0,0.0357159133668794,0.0022498910622926,-8.274342623103653,7.656671321104593e-15,-0.0230474404768395,-0.0141852985512962,0,13,-0.1054253712071798,-0.4697991452220494,0.1131023227150801,-55696.20253164563,-43561.43685531561,-98759.14231563776,-99040.10135590912,-99257.63938696124,-99556.3387533913,-99735.13179929704,AKI,AKI INDIA LIMITED,EQ,2025-08-20,2026-08-27,252,405925.015,64945.0,0.0,0.0664893464316346,0,0,1.0,LOW,FULL,False,False,open_to_close,{},LONG_ONLY,2025-08-20,2026-08-27
2644,INE890C01046,230,230,-98801.08985963212,-99250.40524381193,-0.9880108985963214,-0.9925040524381192,0.4660210718694212,-10.160517034800058,-11.423773939188148,-0.9924890304991174,0.0695652173913043,-0.0205870219100218,-0.002,0.1166656259428065,0.0506315789473683,-0.0972380952380952,0.9126984126984128,460.0,0.0301237393487687,0.0019863005512242,-10.364504957385847,6.890967452148319e-21,-0.02450078339401,-0.0166732604260337,1,12,0.0443403886475788,-0.6446304649339232,0.1942468165491269,-31972.789115646345,-67277.61612816557,-98801.08985963212,-99051.89007126327,-99250.40524381193,-99531.78132945088,-99707.8193301008,SANWARIA,SANWARIA CONSUMER LIMITED,BZ,2025-08-20,2026-08-27,230,158455.40999999997,599456.0,0.0,0.0489106470199008,32,0,0.9126984126984128,LOW,PARTIAL,False,True,open_to_close,{},LONG_ONLY,2025-08-20,2026-08-27
2643,INE0US801024,252,252,-98736.35688508912,-99244.09022829376,-0.9873635688508912,-0.9924409022829378,0.6673006845842816,-6.904250910949998,-8.841894892532535,-0.9926505745127016,0.2857142857142857,-0.0182825847595975,-0.0173595788849347,0.2991089677366856,0.1145217391304347,-0.2103623693379791,1.0,504.0,0.0420359919312657,0.0026480185896201,-6.904250910949999,4.1141645071076695e-11,-0.0234977520528037,-0.0130674174663913,0,13,-0.0470910850303425,-0.5816556166572918,0.1488587398020878,-37714.28571428577,-61529.80451400801,-98736.35688508912,-99022.52831384233,-99244.09022829376,-99548.29111038931,-99730.35734720354,MFML,MAHALAXMI FABRIC MILLS LT,EQ,2025-08-20,2026-08-27,252,106593.71,4513.5,0.0277777777777777,0.0719568514225393,2,0,1.0,LOW,FULL,False,False,open_to_close,{},LONG_ONLY,2025-08-20,2026-08-27
2652,INE0JSX01015,138,138,-74249.27251785503,-80524.16083782312,-0.7424927251785503,-0.8052416083782311,0.5235177557432821,-2.848291456666863,-3.006380825103415,-0.8048425295283876,0.3550724637681159,-0.010805298196355,-0.0105910430201286,0.500873901426823,0.1338851674641148,-0.1970844854070661,0.5476190476190477,276.0,0.0440383412215039,0.0037487925568587,-2.882340922435365,0.0045844258147116,-0.0182182776066988,-0.0033923187860113,1,12,0.2243498847412215,-0.28606303753467,0.1239575307973135,-77019.05243635134,-3505.108401471778,-74249.27251785503,-77603.8386298994,-80524.16083782312,-85278.35370532967,-88878.35326653982,GSLSU,GLOBAL SURFACES LIMITED,EQ,2025-08-20,2026-08-27,252,3298908.325,52463.0,0.0,0.0578084596052643,2,0,1.0,OK,FULL,False,False,reversal_1d,"{""move_threshold"":0.02,""signal_feature"":""previous_cc_signal""}",INTRADAY_SHORT_ALLOWED_RESEARCH,2025-08-20,2026-08-27
2651,INE0MHO01029,122,122,-74875.32107697646,-80377.86534188168,-0.7487532107697645,-0.8037786534188168,0.3900428163635958,-3.95390841989666,-3.225839832275987,-0.808456292084502,0.360655737704918,-0.0126409309486903,-0.0095833333333332,0.3363205850973131,0.0629885583524028,-0.2199166666666665,0.4841269841269841,244.0,0.0341935270938579,0.0030957364852675,-4.083335583906485,8.00624817932659e-05,-0.0187697578604006,-0.00651210403698,1,12,0.0202198487560283,-0.3867288598873102,0.1056291227279165,-29290.165678674573,-51087.69966320711,-74875.32107697646,-77795.00834521634,-80377.86534188168,-84682.99994398549,-88049.61171788076,REGAAL,REGAAL RESOURCES LIMITED,EQ,2025-08-20,2026-08-27,252,29453981.795,380248.0,0.0,0.0492356789372135,0,0,1.0,OK,FULL,False,False,reversal_1d,"{""move_threshold"":0.02,""signal_feature"":""previous_cc_signal""}",INTRADAY_SHORT_ALLOWED_RESEARCH,2025-08-20,2026-08-27
2650,INE650L01011,134,134,-73151.939058455,-79529.69183274292,-0.7315193905845501,-0.7952969183274291,0.5397984339976393,-2.652497304928281,-2.587821417336349,-0.8119670096180517,0.3880597014925373,-0.0106851782939048,-0.0053121109619213,0.5263361456166584,0.1403807080554131,-0.1659773222852159,0.5317460317460317,268.0,0.0461333605657378,0.0039853153558701,-2.6811374608451546,0.0082665156691564,-0.018567977693238,-0.0028023788945715,2,11,0.0092038358995947,-0.3503887117347704,0.104140902298235,-56639.72665746766,-22889.96517527525,-73151.939058455,-76555.09263150736,-79529.69183274292,-84401.01275697563,-88119.68341690136,BROOKS,BROOKS LAB LIMITED,BE,2025-08-20,2026-08-27,252,3046489.345,36411.5,0.0,0.0535242752193118,4,0,1.0,OK,FULL,False,False,reversal_1d,"{""move_threshold"":0.02,""signal_feature"":""previous_cc_signal""}",INTRADAY_SHORT_ALLOWED_RESEARCH,2025-08-20,2026-08-27
2649,INE568Z01015,106,106,-73936.1819108742,-78980.43762491617,-0.7393618191087421,-0.7898043762491618,0.4160551196171464,-3.5240418784283385,-3.264352319430269,-0.8000020807890247,0.3679245283018867,-0.0138320345779748,-0.0063509899527186,0.392533922709677,0.0926656649135988,-0.152995670995671,0.4206349206349206,212.0,0.0391170593394883,0.0037993846713435,-3.6405986164816606,0.0004240603803968,-0.0213655125351176,-0.0062985566208321,2,11,0.0094476335509547,-0.4113830747573876,0.1208866617488513,-78333.33333333333,-647.1042915828439,-73936.1819108742,-76592.52408159066,-78980.43762491617,-83055.87849632138,-86347.14682734795,URAVIDEF,URAVI DEFENCE &TECH LTD,BE,2025-08-20,2026-08-27,252,1462833.08,8423.5,0.0,0.0567582653615095,1,0,1.0,OK,FULL,False,False,reversal_1d,"{""move_threshold"":0.02,""signal_feature"":""previous_cc_signal""}",INTRADAY_SHORT_ALLOWED_RESEARCH,2025-08-20,2026-08-27
2648,INE771F01041,119,119,-72753.11852092954,-78588.82807925559,-0.7275311852092954,-0.7858882807925559,0.4048242994080005,-3.5855859938548336,-3.1657068106358213,-0.7986300623396679,0.3445378151260504,-0.0121977507389027,-0.0104138360860082,0.3866406348772986,0.0894941242305538,-0.1703400982696006,0.4722222222222222,238.0,0.0361128003093352,0.0033104549767047,-3.6846145997262334,0.0003472305049557,-0.0187533528616319,-0.0056421486161734,2,10,0.0730865205153781,-0.4304134318348931,0.1397983330831118,-68870.25595763464,-9718.57212162095,-72753.11852092954,-75845.10463690737,-78588.82807925559,-83182.89160419826,-86797.73064201348,FISCHER,FISCHER MEDICAL VENTURE L,EQ,2025-09-12,2026-08-27,236,46872464.475,1128865.5,0.0,0.0495637980986376,6,1,0.9365079365079364,OK,PARTIAL,True,True,reversal_1d,"{""move_threshold"":0.02,""signal_feature"":""previous_cc_signal""}",INTRADAY_SHORT_ALLOWED_RESEARCH,2025-08-20,2026-08-27
2647,INE670X01014,114,114,-67440.90138065083,-74148.06697856185,-0.6744090138065083,-0.7414806697856186,0.4287948116160666,-2.928330489304681,-2.8200062032989104,-0.7552109911983489,0.4122807017543859,-0.0110144993027279,-0.0060051907271824,0.4737558225203654,0.1278076923076924,-0.1354519572953736,0.4523809523809524,228.0,0.0394162698839721,0.0036916719118803,-2.983607310086724,0.0034913325396985,-0.0183283671878,-0.0037006314176558,2,11,0.031114434547762,-0.3270431341821944,0.1053879505215308,-22727.27272727273,-51420.79425128912,-67440.90138065083,-70985.96861682247,-74148.06697856185,-79483.17155463263,-83724.9189960324,LASA,LASA SUPERGENERICS LTD,EQ,2025-08-20,2026-08-27,252,300191.30000000005,33520.0,0.0,0.0632223864729596,0,0,1.0,LOW,FULL,False,False,reversal_1d,"{""move_threshold"":0.02,""signal_feature"":""previous_cc_signal""}",INTRADAY_SHORT_ALLOWED_RESEARCH,2025-08-20,2026-08-27
2646,INE060J01017,143,143,-63737.8824900259,-72825.94412391925,-0.637378824900259,-0.7282594412391925,0.429675513979947,-2.8077426271261285,-3.147604025460728,-0.7780530001913736,0.3636363636363636,-0.008436491303733,-0.0030416666666666,0.5416880613810154,0.0928678071539657,-0.1201818181818181,0.5674603174603174,286.0,0.0355525857714928,0.0029730565786502,-2.8376490929624736,0.0052106947762963,-0.0143136622330634,-0.0025593203744026,5,8,0.072281594204709,-0.3853962229040808,0.1372064925322873,-85706.4622124863,12880.518088567042,-63737.8824900259,-68606.80970038951,-72825.94412391925,-79648.23248920287,-84766.65994775703,FLEXITUFF,FLEXITUFF VENTURES INT L,BE,2025-08-20,2026-08-27,252,197336.825,19380.0,0.0,0.0614380111341222,11,0,1.0,LOW,FULL,False,False,reversal_1d,"{""move_threshold"":0.02,""signal_feature"":""previous_cc_signal""}",INTRADAY_SHORT_ALLOWED_RESEARCH,2025-08-20,2026-08-27
2645,INE337M01021,141,141,-63375.25980889268,-72443.70260149156,-0.6337525980889268,-0.7244370260149156,0.4258276728772928,-2.799534881162825,-2.822385431891444,-0.7481150504989549,0.3049645390070922,-0.0084547476849955,-0.002,0.5023837289819791,0.1030818260120585,-0.2074443927408097,0.5595238095238095,282.0,0.0354733357360624,0.0029873937836762,-2.830141687779518,0.0053377010242964,-0.0143609856770522,-0.0025485096929388,2,10,0.0114521563879366,-0.2354964857863407,0.0873887644813566,-71442.83867935612,-1000.8639221354388,-63375.25980889268,-68229.14426458647,-72443.70260149156,-79278.69848111703,-84427.36740674589,INDOTHAI,INDO THAI SEC LTD,EQ,2025-08-20,2026-08-27,252,151851365.45,572376.0,0.0,0.0477135420264643,20,0,1.0,OK,FULL,False,False,reversal_1d,"{""move_threshold"":0.02,""signal_feature"":""previous_cc_signal""}",INTRADAY_SHORT_ALLOWED_RESEARCH,2025-08-20,2026-08-27
2644,INE617A01013,135,135,-63564.59131552039,-72255.53306843052,-0.6356459131552039,-0.7225553306843052,0.4469409902044343,-2.633854043472719,-2.6537584724426715,-0.773654665017295,0.3555555555555555,-0.0087198321055085,-0.0063402408408151,0.5428553216617631,0.0854357090374724,-0.1324747883695252,0.5357142857142857,270.0,0.0380688467493503,0.003276444654879,-2.6613701814018498,0.0087338873625617,-0.0152000687388192,-0.0022395954721978,3,10,0.0598340555276728,-0.3151136646572477,0.1156484136349323,-48141.98124396349,-24113.55182446704,-63564.59131552039,-68203.45579484424,-72255.53306843052,-78885.0825315149,-83939.4031564774,SEMAC,SEMAC CONSTRUCTION LTD,EQ,2025-08-20,2026-08-27,251,234646.09,725.0,0.0597609561752988,0.055571009426025,5,0,0.996031746031746,LOW,FULL,False,True,reversal_1d,"{""move_threshold"":0.02,""signal_feature"":""previous_cc_signal""}",INTRADAY_SHORT_ALLOWED_RESEARCH,2025-08-20,2026-08-27
2643,INE669R01026,46,46,-69042.48429769985,-71835.76696068895,-0.6904248429769986,-0.7183576696068896,0.3319069814595635,-3.635954632239103,-2.5955958576276283,-0.7265679395147016,0.3043478260869565,-0.0262347549284869,-0.031426924545966,0.2228579443181627,0.0772048929663609,-0.1093487031700288,0.1825396825396825,92.0,0.0431648629355235,0.0063643118283716,-4.122166800742604,0.0001591608404433,-0.0390531369499046,-0.0134163729070691,0,5,0.0,-0.3811293797931748,0.140661896447965,-74166.66666666666,2330.899705977703,-69042.48429769985,-70471.41822144331,-71835.76696068895,-74382.01335874334,-76702.6272817249,ELITECON,ELITECON INTERNATIONAL L,EQ,2026-04-20,2026-08-27,91,42035669.64,1678644.0,0.0,0.0692913261751809,0,0,0.3611111111111111,OK,PARTIAL,True,True,reversal_1d,"{""move_threshold"":0.02,""signal_feature"":""previous_cc_signal""}",INTRADAY_SHORT_ALLOWED_RESEARCH,2025-08-20,2026-08-27
2652,INE185E01021,134,134,-88571.82457947393,-91301.94158725052,-0.8857182457947395,-0.9130194158725052,0.5885125982292517,-3.835083380044606,-4.382604961814319,-0.9149833917614674,0.1865671641791045,-0.0168432454060885,-0.0107719298245613,0.3957545019224261,0.1831851851851851,-0.1232121212121213,0.5317460317460317,268.0,0.0495977772750512,0.0042845953766933,-3.931116925931852,0.0001353690795945,-0.0253180090937442,-0.0083684817184329,1,11,0.0667427861444058,-0.5119450416923546,0.1538554851897499,-67857.14285714288,-23444.79873010765,-88571.82457947393,-90029.2030833134,-91301.94158725052,-93383.54822753787,-94969.80993587986,FILATFASH,FILATEX FASHIONS LIMITED,EQ,2025-08-20,2026-08-27,252,14146219.52,40314658.5,0.0,0.0654445688970291,16,0,1.0,OK,FULL,False,False,reversal_5d,"{""move_threshold"":0.05,""signal_feature"":""previous_5d_signal""}",INTRADAY_SHORT_ALLOWED_RESEARCH,2025-08-20,2026-08-27
2651,INE060J01017,139,139,-77416.30185481065,-82956.50356331376,-0.7741630185481065,-0.8295650356331375,0.4365432669183114,-3.820228648981367,-4.789451262927202,-0.8534221879907211,0.302158273381295,-0.011997806437419,-0.0144999999999998,0.4359546914400363,0.1008806584362139,-0.0795,0.5515873015873016,278.0,0.0362000926942067,0.0030704517876614,-3.907505236080196,0.0001455003118345,-0.018069021632742,-0.0059265912420961,4,9,0.1745720926801046,-0.4558599491712972,0.1809451224380135,-85706.4622124863,2749.958649172535,-77416.30185481065,-80379.60002391273,-82956.50356331376,-87144.94351048525,-90309.63950357906,FLEXITUFF,FLEXITUFF VENTURES INT L,BE,2025-08-20,2026-08-27,252,197336.825,19380.0,0.0,0.0614380111341222,11,0,1.0,LOW,FULL,False,False,reversal_5d,"{""move_threshold"":0.05,""signal_feature"":""previous_5d_signal""}",INTRADAY_SHORT_ALLOWED_RESEARCH,2025-08-20,2026-08-27
2650,INE650L01011,133,133,-76435.17597762537,-82000.88951128861,-0.7643517597762538,-0.8200088951128861,0.5041492364496738,-3.1344850183068043,-3.397147040734696,-0.8349053069568495,0.3157894736842105,-0.0118815656288896,-0.0158595564941923,0.4725290181742705,0.1403807080554131,-0.1406666666666667,0.5277777777777778,266.0,0.0430196831887606,0.0037302796178743,-3.185167560082305,0.0018053801430744,-0.0192604274209913,-0.0045027038367878,2,11,0.1625451136504794,-0.4483109047636632,0.1530865023057981,-56639.72665746766,-25361.162853820948,-76435.17597762537,-79403.79011371867,-82000.88951128861,-86259.58325194413,-89516.41512406027,BROOKS,BROOKS LAB LIMITED,BE,2025-08-20,2026-08-27,252,3046489.345,36411.5,0.0,0.0535242752193118,4,0,1.0,OK,FULL,False,False,reversal_5d,"{""move_threshold"":0.05,""signal_feature"":""previous_5d_signal""}",INTRADAY_SHORT_ALLOWED_RESEARCH,2025-08-20,2026-08-27
2649,INE568Z01015,103,103,-74767.35902187126,-79528.84668826591,-0.7476735902187126,-0.7952884668826591,0.3823963261279897,-3.941063934848488,-3.842220883583591,-0.8193129132963562,0.3106796116504854,-0.0146315375701124,-0.0110322580645161,0.3419474950203913,0.0788134394341291,-0.0964444444444444,0.4087301587301587,206.0,0.0360567264742471,0.0035527748269837,-4.118340813210073,7.767860028289758e-05,-0.0216784495939383,-0.0075846255462864,4,8,0.2089790675380289,-0.4608476091277799,0.1963619100064989,-78333.33333333333,-1195.5133549325838,-74767.35902187126,-77271.24805508099,-79528.84668826591,-83398.89860698252,-86543.07828531112,URAVIDEF,URAVI DEFENCE &TECH LTD,BE,2025-08-20,2026-08-27,252,1462833.08,8423.5,0.0,0.0567582653615095,1,0,1.0,OK,FULL,False,False,reversal_5d,"{""move_threshold"":0.05,""signal_feature"":""previous_5d_signal""}",INTRADAY_SHORT_ALLOWED_RESEARCH,2025-08-20,2026-08-27
2648,INE084Q01012,83,83,-73010.10726569247,-77207.22571346242,-0.7301010726569247,-0.7720722571346244,0.4598263364710119,-2.970674095609459,-2.5351486608724616,-0.7912940662542863,0.3614457831325301,-0.0164577612799208,-0.0176,0.4072512889844286,0.1115612891706097,-0.1525551301684531,0.3293650793650793,166.0,0.0488307841114523,0.0053598748827098,-3.0705495258874467,0.0028977509239441,-0.0271202598480258,-0.0057952627118158,3,8,0.1837589881175632,-0.4604350818909639,0.1822715900989731,-53797.52592323087,-23409.69979023156,-73010.10726569247,-75196.21803970562,-77207.22571346242,-80758.31649252848,-83761.78927285649,RACE,RACE ECO CHAIN LIMITED,EQ,2025-08-20,2026-08-27,252,852636.4750000001,6333.5,0.0,0.056129575252073,0,0,1.0,LOW,FULL,False,False,reversal_5d,"{""move_threshold"":0.05,""signal_feature"":""previous_5d_signal""}",INTRADAY_SHORT_ALLOWED_RESEARCH,2025-08-20,2026-08-27
2647,INE03V001013,115,115,-69795.2718017705,-76069.5600741946,-0.697952718017705,-0.760695600741946,0.4401465723766515,-3.0093404757172157,-2.3677882251787548,-0.7835999307841559,0.2869565217391304,-0.0115178338739239,-0.002,0.3964359205308333,0.0946374269005847,-0.1821843317972351,0.4563492063492063,230.0,0.0402477335154541,0.0037531205023935,-3.068868656516184,0.0026854015948036,-0.0189527366823969,-0.0040829310654509,6,6,0.0872900633201625,-0.5688400527083641,0.1815385549904477,83525.89641434263,-159595.45648853722,-69795.2718017705,-73113.24138086855,-76069.5600741946,-81049.49064115074,-85000.22625666611,UNIVPHOTO,UNIVERSUS IMAGINGS LTD,BE,2025-08-20,2026-08-27,252,399544.135,1285.0,0.119047619047619,0.0452679981911383,26,0,1.0,LOW,FULL,False,False,reversal_5d,"{""move_threshold"":0.05,""signal_feature"":""previous_5d_signal""}",INTRADAY_SHORT_ALLOWED_RESEARCH,2025-08-20,2026-08-27
2646,INE561H01026,183,183,-65269.06237880533,-75978.58844406942,-0.6526906237880534,-0.7597858844406942,0.4315469342406382,-3.0754159760001607,-3.3740096857640283,-0.7768516802957471,0.2240437158469945,-0.0072523843494948,-0.002,0.4692101834989551,0.1322857142857143,-0.1850161054172767,0.7261904761904762,366.0,0.0316972498753984,0.0023431281338656,-3.095171896352884,0.0022778715448888,-0.0118755731615743,-0.0026291955374152,1,12,0.0106874863695669,-0.3022522422238742,0.0999874218697607,-90856.77749360612,14878.189049536712,-65269.06237880533,-71113.30323552647,-75978.58844406942,-83398.13207114031,-88534.56628504007,PARSVNATH,PARSVNATH DEVELOPER LTD,BE,2025-08-20,2026-08-27,252,4153753.835,408785.5,0.0,0.045667846858138,71,0,1.0,OK,FULL,False,False,reversal_5d,"{""move_threshold"":0.05,""signal_feature"":""previous_5d_signal""}",INTRADAY_SHORT_ALLOWED_RESEARCH,2025-08-20,2026-08-27
2645,INE748Z01013,118,118,-68639.40765003685,-75302.74179189696,-0.6863940765003687,-0.7530274179189695,0.5351337351284362,-2.33525220251579,-2.380416454921835,-0.7946438110108104,0.4067796610169492,-0.0105904426576201,-0.0088909397224092,0.5598029106231887,0.1774793261868299,-0.1525486093391173,0.4682539682539682,236.0,0.0487619629447223,0.004488902540581,-2.359249852693274,0.0199688130652409,-0.0194804789146864,-0.0017004064005538,4,9,0.3289244075191353,-0.3958572254550365,0.1897231845150183,-47573.506969172966,-27729.234822723996,-68639.40765003685,-72168.10280429981,-75302.74179189696,-80559.72949884854,-84705.19023731793,SUMIT,SUMIT WOODS LIMITED,EQ,2025-08-20,2026-08-27,252,2632031.3,41138.5,0.0,0.0618463902959549,0,0,1.0,OK,FULL,False,False,reversal_5d,"{""move_threshold"":0.05,""signal_feature"":""previous_5d_signal""}",INTRADAY_SHORT_ALLOWED_RESEARCH,2025-08-20,2026-08-27
2644,INE382M01027,118,118,-66878.87485883902,-73910.60351165137,-0.6687887485883901,-0.7391060351165136,0.4230831150057634,-2.951047755610767,-2.9048437240674274,-0.7867114850498724,0.3728813559322034,-0.0105808345506319,-0.0082080076737245,0.4775400362423789,0.1111937172774868,-0.1750487804878049,0.4682539682539682,236.0,0.0382596096462083,0.0035220825530997,-3.00414155293434,0.0032582910754686,-0.0175561344851644,-0.0036055346160994,4,9,0.1572094023283525,-0.3322961975086651,0.1286029870174048,179445.0736126841,-253355.67712433543,-66878.87485883902,-70602.47299081497,-73910.60351165137,-79459.42338454355,-83835.9561966203,UFBL,UNITED FOODBRANDS LIMITED,BE,2025-08-20,2026-08-27,252,25546507.78,89483.5,0.0,0.0535740584958071,1,0,1.0,OK,FULL,False,False,reversal_5d,"{""move_threshold"":0.05,""signal_feature"":""previous_5d_signal""}",INTRADAY_SHORT_ALLOWED_RESEARCH,2025-08-20,2026-08-27
2643,INE646X01014,109,109,-67450.88258189146,-73895.49159778804,-0.6745088258189147,-0.7389549159778805,0.4093875688557289,-3.065318032809003,-3.180725144786041,-0.806952799484087,0.3302752293577982,-0.0115128724515715,-0.0113333333333334,0.4621884284840297,0.0974248151191454,-0.107121293800539,0.4325396825396825,218.0,0.0383375244264969,0.0036720688606006,-3.1352550533838057,0.002211966293494,-0.0187915499757496,-0.0042341949273935,4,9,0.1099767125888371,-0.3197127287573356,0.1218532936184473,-78581.36300417248,4685.871406384438,-67450.88258189146,-70849.12132133466,-73895.49159778804,-79073.47242773435,-83231.91849530094,ASTRON,ASTRON PAPER BORD MIL LTD,BZ,2025-08-20,2026-08-27,252,261413.95,49273.0,0.0,0.058844467778128,0,0,1.0,LOW,FULL,False,False,reversal_5d,"{""move_threshold"":0.05,""signal_feature"":""previous_5d_signal""}",INTRADAY_SHORT_ALLOWED_RESEARCH,2025-08-20,2026-08-27
2652,INE0US801024,75,75,-85316.30128706536,-87415.3316648716,-0.8531630128706535,-0.874153316648716,0.4692790105017956,-4.148163983403856,-2.9811189396009654,-0.874153316648716,0.28,-0.0259552838604126,-0.0285035677879714,0.2231837438184739,0.0987121057985758,-0.2103623693379791,0.2976190476190476,150.0,0.0498457838498082,0.0057556953447309,-4.509495778676589,2.392510779440445e-05,-0.0374237571797994,-0.0144868105410258,1,12,0.041644168035648,-0.3569596917490674,0.1191895340045591,-37714.28571428577,-49701.04595058583,-85316.30128706536,-86405.72993264653,-87415.3316648716,-89217.74481276194,-90764.96841762324,MFML,MAHALAXMI FABRIC MILLS LT,EQ,2025-08-20,2026-08-27,252,106593.71,4513.5,0.0277777777777777,0.0719568514225393,2,0,1.0,LOW,FULL,False,False,turn_of_month,"{""days"":3}",LONG_ONLY,2025-08-20,2026-08-27
2651,INE185E01021,75,75,-82820.77712341462,-85270.52153714988,-0.8282077712341461,-0.8527052153714988,0.3999682044189429,-4.570465401084921,-4.009487170500934,-0.8527052153714988,0.0533333333333333,-0.0243738778644111,-0.0216078431372549,0.1688174762175348,0.1831851851851851,-0.1232121212121213,0.2976190476190476,150.0,0.0415971911670121,0.0048032299035613,-5.074476623810821,2.796000037541965e-06,-0.0339445223646109,-0.0148032333642114,1,12,0.0587769773883772,-0.3556369808584934,0.1115897852403485,-67857.14285714288,-17413.378680006994,-82820.77712341462,-84092.10915814465,-85270.52153714988,-87374.93392890738,-89182.12857996223,FILATFASH,FILATEX FASHIONS LIMITED,EQ,2025-08-20,2026-08-27,252,14146219.52,40314658.5,0.0,0.0654445688970291,16,0,1.0,OK,FULL,False,False,turn_of_month,"{""days"":3}",LONG_ONLY,2025-08-20,2026-08-27
2650,INE060J01017,75,75,-76377.99407445517,-79732.62385278333,-0.7637799407445518,-0.7973262385278334,0.332316678391844,-4.615411962163855,-3.4183021247592067,-0.8037735640263397,0.2133333333333333,-0.0204503783023503,-0.0182748643761301,0.1937282931328001,0.0565937500000002,-0.1201818181818181,0.2976190476190476,150.0,0.0344777675610477,0.0039811496764856,-5.136802171277033,2.1915868875352133e-06,-0.0283829921935734,-0.0125177644111271,2,11,0.0383164310832999,-0.2355030823964645,0.0919379153271864,-85706.4622124863,5973.838359702961,-76377.99407445517,-78118.6479576593,-79732.62385278333,-82616.30945366857,-85094.39605537646,FLEXITUFF,FLEXITUFF VENTURES INT L,BE,2025-08-20,2026-08-27,252,197336.825,19380.0,0.0,0.0614380111341222,11,0,1.0,LOW,FULL,False,False,turn_of_month,"{""days"":3}",LONG_ONLY,2025-08-20,2026-08-27
2649,INE055C01020,75,75,-76040.6325083052,-79443.43499820997,-0.7604063250830521,-0.7944343499820997,0.3974339190254812,-3.7684285456480233,-3.2060406977058413,-0.804061446044448,0.24,-0.0199693510061918,-0.0205185185185184,0.25731611895564,0.1850967741935483,-0.1241719457013574,0.2976190476190476,150.0,0.0429204202752276,0.0049560232399269,-4.029309395749792,0.0001342514276111,-0.0298444428748737,-0.0100942591375099,1,12,0.0402490691346861,-0.2467526331795662,0.0873567853811498,-33333.33333333336,-46110.10166487661,-76040.6325083052,-77806.28723256158,-79443.43499820997,-82368.49626296601,-84882.10897513437,KEEPLEARN,DSJ KEEP LEARNING LTD,EQ,2025-08-20,2026-08-27,252,90886.855,39279.0,0.0,0.0833324013698841,0,0,1.0,LOW,FULL,False,False,turn_of_month,"{""days"":3}",LONG_ONLY,2025-08-20,2026-08-27
2648,INE048C01025,75,75,-75442.64367499537,-78927.2529323634,-0.7544264367499536,-0.7892725293236339,0.2454527389450611,-6.199617845160532,-5.782771788462632,-0.7924184633022091,0.1333333333333333,-0.020289509073431,-0.0223910827056228,0.1147335523810173,0.0536451612903225,-0.0714498381877022,0.2976190476190476,150.0,0.0227566713246248,0.0026277140630263,-7.7213534603773395,4.351914803146009e-11,-0.0255253436369097,-0.0150536745099523,0,13,-0.0458102754975245,-0.2048283478372492,0.0490569976658641,6816.94731124393,-85744.20024360732,-75442.64367499537,-77250.68402737731,-78927.2529323634,-81923.06726856902,-84497.85421936007,VHLTD,VICEROY HOTELS LIMITED,BE,2025-08-20,2026-08-27,252,1598499.13,11834.5,0.0,0.0422143596947922,0,0,1.0,OK,FULL,False,False,turn_of_month,"{""days"":3}",LONG_ONLY,2025-08-20,2026-08-27
2647,INE014B01011,75,75,-75256.48038523529,-78768.64937202951,-0.7525648038523529,-0.7876864937202951,0.3499456045418118,-4.23395248794145,-3.235345133481953,-0.7897884958319802,0.24,-0.019755374173253,-0.0214805194805195,0.2367641499377688,0.0674652673663167,-0.1195950486295314,0.2976190476190476,150.0,0.0370202367459197,0.004274728730144,-4.6214334102522425,1.5783495886639844e-05,-0.0282729570981647,-0.0112377912483413,0,13,-0.0034536466768447,-0.3086962154951883,0.092592817359812,-47367.77271615493,-31400.876655874577,-75256.48038523529,-77078.84298069205,-78768.64937202951,-81788.00204223004,-84382.88434242572,TECILCHEM,TECIL CHEMICALS,EQ,2025-08-20,2026-08-27,248,36146.095,2644.5,0.0443548387096774,0.0803009048617112,23,0,0.984126984126984,LOW,FULL,False,True,turn_of_month,"{""days"":3}",LONG_ONLY,2025-08-20,2026-08-27
2646,INE952H01027,75,75,-74316.06236220279,-77960.97706730815,-0.7431606236220278,-0.7796097706730816,0.3850089233498104,-3.709300005831389,-2.2772084000320763,-0.7796097706730816,0.3066666666666666,-0.0190415146883545,-0.0102605617181966,0.2187504671230796,0.0545666502705362,-0.2073274139844616,0.2976190476190476,150.0,0.0416782221249461,0.0048125865526365,-3.956607217364802,0.0001727382475054,-0.0286308027188056,-0.0094522266579033,1,12,0.062907913245827,-0.2627558351504939,0.0945487253024832,-75331.12582781457,-2629.8512394935824,-74316.06236220279,-76207.28716825857,-77960.97706730815,-81094.55697973055,-83787.70072199078,RAJTV,RAJ TV NETWORK LTD,EQ,2025-08-20,2026-08-27,252,247225.26,8411.5,0.0,0.0478219020735178,2,0,1.0,LOW,FULL,False,False,turn_of_month,"{""days"":3}",LONG_ONLY,2025-08-20,2026-08-27
2645,INE393A01011,75,75,-74073.90441665462,-77751.03453607271,-0.7407390441665462,-0.777510345360727,0.3016679949933863,-4.813000462478644,-4.467428810456246,-0.7878414511879891,0.2133333333333333,-0.0193590426589089,-0.0224968944099379,0.221968399576504,0.0597063492063492,-0.095623188405797,0.2976190476190476,150.0,0.0309533153831256,0.0035741809937518,-5.416357675437102,7.244231175805434e-07,-0.0264807537486084,-0.0122373315692095,2,11,0.0712278198314475,-0.2262952946873295,0.0863342536311419,-30014.67710371835,-47736.35743235436,-74073.90441665462,-75981.80202733894,-77751.03453607271,-80912.60568879491,-83630.06214897212,DELTAMAGNT,DELTA MANUFACTURING LTD,EQ,2025-08-20,2026-08-27,252,244416.96,3739.0,0.0,0.0590879080368488,0,0,1.0,LOW,FULL,False,False,turn_of_month,"{""days"":3}",LONG_ONLY,2025-08-20,2026-08-27
2644,INE849L01019,62,62,-74235.28987972214,-77307.14930139353,-0.7423528987972214,-0.7730714930139353,0.323930533335157,-4.399390636509662,-3.4069805640211577,-0.7803673014367298,0.1451612903225806,-0.022985434761843,-0.0252558139534884,0.191562590855823,0.0957443609022554,-0.0972380952380952,0.246031746031746,124.0,0.0361729127855668,0.0045939645177338,-5.003398409611956,5.072583300191911e-06,-0.0321716345601334,-0.0137992349635526,0,13,-0.002,-0.1770755846788679,0.061266208427232,69587.44289867108,-146894.59220006462,-74235.28987972214,-75819.16524065622,-77307.14930139353,-80017.97170382043,-82409.57490175133,ORTEL,ORTEL COMMUNICATIONS LTD,BZ,2025-08-20,2026-08-24,213,11886.16,7053.0,0.0187793427230046,0.0657027376486345,14,0,0.8452380952380952,LOW,PARTIAL,False,True,turn_of_month,"{""days"":3}",LONG_ONLY,2025-08-20,2026-08-27
2643,INE268H01044,75,75,-72734.04839972584,-76598.71653299087,-0.7273404839972585,-0.7659871653299087,0.2934517405272677,-4.785261317738571,-3.91019448000224,-0.7745820926280506,0.16,-0.0187232435009092,-0.0208679245283018,0.2004116390970436,0.0508455284552844,-0.0920900900900901,0.2976190476190476,150.0,0.0301584128703119,0.0034823935578012,-5.376544376773614,8.493047002699641e-07,-0.0256620641321661,-0.0117844228696522,1,12,0.0059206150548765,-0.1957752946453741,0.0703405790466023,-63320.46332046326,-13278.253212527612,-72734.04839972584,-74739.20035297875,-76598.71653299087,-79921.88159233514,-82778.53456834302,NAVKARURB,NAVKAR URBANSTRUCTURE LTD,BE,2025-08-20,2026-08-27,252,1020673.17,789537.0,0.0,0.0506762580060222,21,0,1.0,OK,FULL,False,False,turn_of_month,"{""days"":3}",LONG_ONLY,2025-08-20,2026-08-27
2652,INE523B01011,28,28,-57991.03948922797,-60355.40263759836,-0.5799103948922797,-0.6035540263759835,0.3440929989578168,-2.5014681288035447,-1.2655603026652442,-0.6164913566624343,0.3928571428571428,-0.0307406310799075,-0.0251671554252199,0.2483342763177749,0.0981855287569573,-0.1594697173620458,0.1111111111111111,56.0,0.0591327725148729,0.0111750436005792,-2.750828737555362,0.0104830669716834,-0.0536699265625736,-0.0078113355972413,1,9,0.006462623413258,-0.2438208871533584,0.0841700283560859,-9859.15492957749,-50496.24770802087,-57991.03948922797,-59189.72664074109,-60355.40263759836,-62591.20364533682,-64705.1869242488,AKSHOPTFBR,AKSH OPTIFIBRE  LTD,BE,2025-08-20,2026-08-27,252,1273922.15,208464.5,0.0,0.0460303798180568,41,0,1.0,OK,FULL,False,False,volume_continuation,"{""move_threshold"":0.02,""volume_ratio"":2.0}",INTRADAY_SHORT_ALLOWED_RESEARCH,2025-08-20,2026-08-27
2651,INE251C01025,38,38,-50699.03623514064,-54380.21910986527,-0.5069903623514064,-0.5438021910986527,0.3169089357900112,-2.3079654309137028,-1.2092545920110482,-0.5720232031043244,0.2894736842105263,-0.0192477596987104,-0.0116492641336287,0.3298390651094423,0.0966547085201794,-0.1443076923076923,0.1507936507936507,76.0,0.0487900983783723,0.0079147990960492,-2.431869648885727,0.0199799910073619,-0.035284665973515,-0.0032108534239057,2,10,0.0659405187626349,-0.1752978739583813,0.0746820695459176,38215.24139923867,-92595.46050910394,-50699.03623514064,-52574.38987205909,-54380.21910986527,-57793.2568169213,-60957.1902527278,ABMINTLLTD,ABM INTERNATIONAL LTD,BE,2025-08-20,2026-08-27,238,21474.295,501.5,0.1848739495798319,0.0500531015354362,28,0,0.9444444444444444,LOW,PARTIAL,False,True,volume_continuation,"{""move_threshold"":0.02,""volume_ratio"":2.0}",INTRADAY_SHORT_ALLOWED_RESEARCH,2025-08-20,2026-08-27
2650,INE734I01027,21,21,-51039.14812960121,-53130.58012500296,-0.5103914812960122,-0.5313058012500296,0.3848166193015257,-1.7540123135335597,-0.6303928942357806,-0.534061807292636,0.3333333333333333,-0.0321415756527253,-0.0348744939271254,0.2923846459339984,0.1399152276295132,-0.2331111111111111,0.0833333333333333,42.0,0.0798778408565101,0.0174307739083139,-1.8439557429744813,0.0800568401008528,-0.0685015328830234,0.0042183815775727,2,5,0.0631920838183934,-0.4149447938529083,0.1247963022999173,-31463.13667046558,-21667.44345453738,-51039.14812960121,-52095.72889206635,-53130.58012500296,-55136.785415199374,-57061.0689160508,FINKURVE,FINKURVE FINANCIAL SERV L,EQ,2025-10-01,2026-08-27,223,2963808.17,31589.0,0.0,0.0677499962285856,0,0,0.8849206349206349,OK,PARTIAL,True,True,volume_continuation,"{""move_threshold"":0.02,""volume_ratio"":2.0}",INTRADAY_SHORT_ALLOWED_RESEARCH,2025-08-20,2026-08-27
2649,INE731C01018,24,24,-48985.45246181056,-51447.00449781109,-0.4898545246181056,-0.5144700449781109,0.2294585867065163,-3.023400739005012,-1.30228538348107,-0.5144700449781109,0.2083333333333333,-0.0289060525258136,-0.0274205077244126,0.112743580748935,0.0319874411302983,-0.1246946899575475,0.0952380952380952,48.0,0.0386166914259247,0.0078825991290021,-3.66707123535696,0.0012809221381641,-0.0452124512039064,-0.0125996538477208,1,7,0.0179058638948814,-0.18326821750591,0.0686029917585307,29441.215914170723,-80888.2204119818,-48985.45246181056,-50230.80969568202,-51447.00449781109,-53794.50810441767,-56033.02752822805,KHAITANLTD,KHAITAN (INDIA)LTD.,EQ,2025-08-20,2026-08-27,252,256385.515,2151.5,0.0039682539682539,0.0550408356389496,0,0,1.0,LOW,FULL,False,False,volume_continuation,"{""move_threshold"":0.02,""volume_ratio"":2.0}",INTRADAY_SHORT_ALLOWED_RESEARCH,2025-08-20,2026-08-27
2648,INE230B01021,17,17,-48617.826904088455,-50407.472827098376,-0.4861782690408845,-0.5040747282709838,0.2754406791028558,-2.398702789878054,-1.2175496281950415,-0.5318034311833495,0.2352941176470588,-0.0388647250241133,-0.060904109589041,0.2093729800568646,0.0671299165673421,-0.1152502831257078,0.0674603174603174,34.0,0.0568005343304844,0.0137761530962417,-2.82115948861776,0.0122925452366265,-0.0680688649757161,-0.0096605850725105,0,9,0.0,-0.1075555555555555,0.0427154644277474,-19092.12283044049,-31315.34999665788,-48617.826904088455,-49520.11234334185,-50407.472827098376,-52138.34214323783,-53812.24796987625,CREATIVEYE,CREATIVE EYE LIMITED,EQ,2025-08-20,2026-08-27,252,84449.67,12409.5,0.0,0.0799337595184192,0,0,1.0,LOW,FULL,False,False,volume_continuation,"{""move_threshold"":0.02,""volume_ratio"":2.0}",INTRADAY_SHORT_ALLOWED_RESEARCH,2025-08-20,2026-08-27
2647,INE203Y01012,27,27,-46973.2721426486,-49831.15830219945,-0.469732721426486,-0.4983115830219945,0.264961890034018,-2.4611876822242884,-1.154050684517946,-0.4983115830219945,0.2222222222222222,-0.0241526274077996,-0.0204782608695651,0.245254195373372,0.0693826366559484,-0.1321059001512859,0.1071428571428571,54.0,0.0463528793820806,0.0089206157963195,-2.7075067416046137,0.0118214674332705,-0.042489215787957,-0.0058160390276423,3,8,0.0696311217319392,-0.2731806684334141,0.0946778249231561,-128.8659793814586,-49702.29232281799,-46973.2721426486,-48421.27092965084,-49831.15830219945,-52540.43695506116,-55108.55269461344,SILLYMONKS,SILLY MONKS ENTERTAIN LTD,EQ,2025-08-20,2026-08-27,252,215576.605,12676.0,0.0,0.0640735619806136,0,0,1.0,LOW,FULL,False,False,volume_continuation,"{""move_threshold"":0.02,""volume_ratio"":2.0}",INTRADAY_SHORT_ALLOWED_RESEARCH,2025-08-20,2026-08-27
2646,INE440A01010,17,17,-47004.62540466472,-48850.65202778388,-0.4700462540466471,-0.4885065202778388,0.3348146703363421,-1.807647473174972,-0.5159651834372028,-0.512292179299016,0.2352941176470588,-0.0356015819303176,-0.0206851211072665,0.1772614061942784,0.0677142857142856,-0.2459834024896265,0.0674603174603174,34.0,0.0756482624444349,0.0183473986148735,-1.940415787416136,0.0701612079326987,-0.0744963294809084,0.003293165620273,3,8,0.0179214762114758,-0.3073899504401443,0.0998006821590366,-26404.05616224636,-22446.59586553752,-47004.62540466472,-47935.33487088962,-48850.65202778388,-50636.06110382675,-52362.72169762524,ASHIMASYN,ASHIMA LTD,EQ,2025-08-20,2026-08-27,252,1684365.22,91635.5,0.0,0.0579700888878649,0,0,1.0,OK,FULL,False,False,volume_continuation,"{""move_threshold"":0.02,""volume_ratio"":2.0}",INTRADAY_SHORT_ALLOWED_RESEARCH,2025-08-20,2026-08-27
2645,INE804H01012,21,21,-45514.94974266512,-47825.18248910305,-0.4551494974266512,-0.4782518248910304,0.2448124822402327,-2.5237549423981096,-0.9767532236217404,-0.4782518248910304,0.3333333333333333,-0.0294212720006922,-0.0303018867924529,0.1541407719981886,0.0312179930795847,-0.1396543209876543,0.0833333333333333,42.0,0.0463855068994294,0.0101221474531205,-2.906623533884789,0.0087240380859207,-0.0505357015957367,-0.0083068424056477,1,7,0.0211226014494634,-0.1563393623041167,0.0623425344093692,-26848.48484848476,-20976.697640618288,-45514.94974266512,-46681.9802290672,-47825.18248910305,-50041.94427196453,-52168.834696906975,TFL,TRANSWARRANTY FIN. LTD.,EQ,2025-08-20,2026-08-27,252,157667.55,12539.5,0.0,0.0765518999422457,0,0,1.0,LOW,FULL,False,False,volume_continuation,"{""move_threshold"":0.02,""volume_ratio"":2.0}",INTRADAY_SHORT_ALLOWED_RESEARCH,2025-08-20,2026-08-27
2644,INE747B01016,23,23,-45083.96254465211,-47622.71780402904,-0.4508396254465211,-0.4762271780402903,0.2655717931696666,-2.286058660203254,-0.8388698009307448,-0.4762271780402903,0.1739130434782608,-0.0263962042470097,-0.0223703703703704,0.1660091226074344,0.0736097560975609,-0.2060094339622642,0.0912698412698412,46.0,0.0503107047250826,0.0104905071165491,-2.5161990696683154,0.0196583908097099,-0.0481521844246763,-0.0046402240693431,2,7,0.0189685303509634,-0.2624438480561639,0.0723566250173405,-41578.14871016694,-6044.569093862097,-45083.96254465211,-46367.70508004092,-47622.71780402904,-50048.998418902,-52367.56984564542,NEXTMEDIA,NEXT MEDIAWORKS LIMITED,EQ,2025-08-20,2026-08-27,252,53454.73,9603.5,0.0,0.0740511723264568,0,0,1.0,LOW,FULL,False,False,volume_continuation,"{""move_threshold"":0.02,""volume_ratio"":2.0}",INTRADAY_SHORT_ALLOWED_RESEARCH,2025-08-20,2026-08-27
2643,INE938A01021,30,30,-43454.96807851289,-46817.42178482166,-0.4345496807851289,-0.4681742178482165,0.309888668784419,-1.8738939054975248,-0.8833736253078495,-0.4618574854885574,0.3333333333333333,-0.0193566162605954,-0.0048799308349268,0.3846962174107443,0.0911263858093125,-0.1346781326781327,0.119047619047619,60.0,0.0543766214141566,0.0099277673831506,-1.9497451454641577,0.060934628631628,-0.0396611803928134,0.0009479478716225,1,10,0.0400075097269256,-0.1330611923745432,0.0505191608679728,-29960.31746031756,-16857.1043245041,-43454.96807851289,-45161.09901768801,-46817.42178482166,-49986.225400291725,-52972.167484173086,LCCINFOTEC,LCC INFOTECH LTD,EQ,2025-08-20,2026-08-27,252,237334.535,49269.0,0.0039682539682539,0.0677197187117652,19,0,1.0,LOW,FULL,False,False,volume_continuation,"{""move_threshold"":0.02,""volume_ratio"":2.0}",INTRADAY_SHORT_ALLOWED_RESEARCH,2025-08-20,2026-08-27
2652,INE0JSX01015,27,27,-50296.317529195214,-52982.371451705694,-0.5029631752919521,-0.529823714517057,0.2915020526284761,-2.425974405471305,-0.9060920738396196,-0.529823714517057,0.3333333333333333,-0.0261917229192234,-0.0082962962962963,0.1787086575703429,0.0424821731748725,-0.1970844854070661,0.1071428571428571,54.0,0.051177893891288,0.0098491902715644,-2.659276772715164,0.013227304037342,-0.046437023469219,-0.0059464223692277,2,8,0.0424821731748725,-0.2119521126156018,0.0816481194698923,-77019.05243635134,24036.680984645645,-50296.317529195214,-51657.30374875926,-52982.371451705694,-55528.37826514166,-57941.37234878685,GSLSU,GLOBAL SURFACES LIMITED,EQ,2025-08-20,2026-08-27,252,3298908.325,52463.0,0.0,0.0578084596052643,2,0,1.0,OK,FULL,False,False,volume_reversal,"{""move_threshold"":0.02,""volume_ratio"":2.0}",INTRADAY_SHORT_ALLOWED_RESEARCH,2025-08-20,2026-08-27
2651,INE568Z01015,21,21,-49991.839105938976,-52119.53853795352,-0.4999183910593897,-0.5211953853795351,0.2128201071443689,-3.3455124793521787,-1.7804026444559138,-0.5211953853795351,0.1428571428571428,-0.0339043963956454,-0.0442919508867668,0.084465586048711,0.0504081259986305,-0.0826451612903226,0.0833333333333333,42.0,0.0339003211186704,0.0073976565528389,-4.583126582516764,0.00018028204528,-0.049335637560294,-0.0184731552309968,1,5,0.0135916936675295,-0.3643573571485267,0.1033514761450527,-78333.33333333333,26213.79479537981,-49991.839105938976,-51066.70083807215,-52119.53853795352,-54160.850423820775,-56119.11346802447,URAVIDEF,URAVI DEFENCE &TECH LTD,BE,2025-08-20,2026-08-27,252,1462833.08,8423.5,0.0,0.0567582653615095,1,0,1.0,OK,FULL,False,False,volume_reversal,"{""move_threshold"":0.02,""volume_ratio"":2.0}",INTRADAY_SHORT_ALLOWED_RESEARCH,2025-08-20,2026-08-27
2650,INE859Q01017,25,25,-48648.65797314844,-51226.93338656204,-0.4864865797314843,-0.5122693338656203,0.3317842846031324,-1.9829461855539967,-0.7763389292978631,-0.5646600857596588,0.4,-0.0263164152632217,-0.0107114337568058,0.2916712951005825,0.0906187118006581,-0.1816721311475408,0.0992063492063492,50.0,0.0625991823763607,0.0125198364752721,-2.101977554994358,0.0462322666611397,-0.0521560877563539,-0.0004767427700895,4,6,0.0588070058859619,-0.4861897506188528,0.1378753684614498,27736.033975825005,-78962.96736238705,-48648.65797314844,-49953.72962418039,-51226.93338656204,-53680.70599338417,-56015.74808643798,MANAKALUCO,MANAK ALUMINIUM CO. LTD.,EQ,2025-08-20,2026-08-27,252,2114030.615,57485.0,0.0,0.054732113386246,8,0,1.0,OK,FULL,False,False,volume_reversal,"{""move_threshold"":0.02,""volume_ratio"":2.0}",INTRADAY_SHORT_ALLOWED_RESEARCH,2025-08-20,2026-08-27
2649,INE911B01018,18,18,-48836.56687872976,-50718.71928335818,-0.4883656687872976,-0.5071871928335818,0.2983052982402407,-2.2094477781831743,-0.8200149555934412,-0.5343282918000891,0.1666666666666666,-0.0366161099120649,-0.0329486364413786,0.1786931597004028,0.1021666666666666,-0.1639999999999999,0.0714285714285714,36.0,0.062413907081402,0.0147110989792021,-2.489012545142348,0.0234693747252976,-0.0676538157054314,-0.0055784041186984,2,4,0.0317078651685391,-0.3175826134804804,0.1033592197324802,15702.479338842984,-66421.19862220116,-48836.56687872976,-49785.96898823056,-50718.71928335818,-52535.36056227473,-54288.640707070415,TCIFINANCE,TCIFINANCELTD-ROLL SETT,BE,2025-08-20,2026-08-27,252,260094.575,18410.5,0.0,0.0558160331376823,33,0,1.0,LOW,FULL,False,False,volume_reversal,"{""move_threshold"":0.02,""volume_ratio"":2.0}",INTRADAY_SHORT_ALLOWED_RESEARCH,2025-08-20,2026-08-27
2648,INE0LXG01040,33,33,-45495.98327804405,-49050.72710943742,-0.4549598327804405,-0.4905072710943742,0.3727545696622786,-1.60621914282196,-0.6717089784582944,-0.4645315209012668,0.4545454545454545,-0.018143197738361,-0.0068797490414778,0.4274839316439783,0.0937762134123748,-0.1928196721311474,0.1309523809523809,66.0,0.0634808804040746,0.0110506028587453,-1.641828773531819,0.1104186348635577,-0.0406525391666748,0.0043661436899528,5,5,0.1019312382631789,-0.3547943966744766,0.1166745184061196,-16060.67365603389,-32990.05345340353,-45495.98327804405,-47302.40835157821,-49050.72710943742,-52380.23988037554,-55498.372101893576,OLAELEC,OLA ELECTRIC MOBILITY LTD,EQ,2025-08-20,2026-08-27,252,1847152531.99,54540121.5,0.0,0.0524611273230177,0,0,1.0,OK,FULL,False,False,volume_reversal,"{""move_threshold"":0.02,""volume_ratio"":2.0}",INTRADAY_SHORT_ALLOWED_RESEARCH,2025-08-20,2026-08-27
2647,INE166R01015,13,13,-46113.76771699973,-47568.5990268756,-0.4611376771699973,-0.475685990268756,0.2869778988022284,-2.085483896232411,-0.5433063591361047,-0.475685990268756,0.0769230769230769,-0.0460375220405124,-0.0139827586206896,0.0098745726769664,0.0059687499999999,-0.1944607329842931,0.0515873015873015,26.0,0.0682507560720664,0.0189293538928477,-2.432070439440999,0.0316127018844847,-0.0872810411594883,-0.0047940029215365,0,3,0.0,-0.4141229975065771,0.1157864714215645,-92672.40463287642,45103.80560600082,-46113.76771699973,-46845.77543790794,-47568.5990268756,-48987.11545167283,-50370.14927634863,NATIONSTD,NATIONAL STAND (INDIA) L,EQ,2026-04-20,2026-08-27,90,253944.85,250.0,0.4,0.0400452368351821,29,0,0.3571428571428571,LOW,PARTIAL,True,True,volume_reversal,"{""move_threshold"":0.02,""volume_ratio"":2.0}",INTRADAY_SHORT_ALLOWED_RESEARCH,2025-08-20,2026-08-27
2646,INE451L01014,26,26,-44403.91473807266,-47287.45778629405,-0.4440391473807266,-0.4728745778629405,0.1720612819301458,-3.627965626850105,-1.8434795619277395,-0.4728745778629405,0.1923076923076923,-0.0240089390982436,-0.0220842703080074,0.0623543000315767,0.0267219578518015,-0.0737152513730461,0.1031746031746031,52.0,0.0253351457537227,0.0049686308683826,-4.83210359840208,5.757002867674936e-05,-0.0342420259260778,-0.0137758522704094,1,9,0.0031960784313724,-0.1377537716882158,0.0446283822892423,258397.9692568045,-305685.42704309855,-44403.91473807266,-45864.14334089167,-47287.45778629405,-50026.91025948632,-52629.1980843473,MAHASTEEL,MAHAMAYA STEEL INDS LTD,BE,2025-08-20,2026-08-27,252,5683947.0,7467.0,0.0039682539682539,0.0448085789108505,22,0,1.0,OK,FULL,False,False,volume_reversal,"{""move_threshold"":0.02,""volume_ratio"":2.0}",INTRADAY_SHORT_ALLOWED_RESEARCH,2025-08-20,2026-08-27
2645,INE08PH01015,11,11,-45156.28741797108,-46422.286107386,-0.4515628741797107,-0.46422286107386,0.3182616863753496,-1.779105340670915,-0.4242326139367762,-0.4877514708601257,0.2727272727272727,-0.0514746423601196,-0.0060389294403893,0.1094817570903022,0.0365344543356412,-0.2047442934085661,0.0436507936507936,22.0,0.0854486833832313,0.0257637474192776,-1.9979485717828391,0.0736393118120742,-0.1088798489572236,0.0059305642369843,1,3,0.0279377224199288,-0.3906365796704014,0.1133364677146286,-54766.64454766643,8344.358440280426,-45156.28741797108,-45792.64369713234,-46422.286107386,-47661.683844084335,-48874.98431323879,ABCOTS,A B COTSPIN INDIA LIMITED,EQ,2025-09-24,2026-08-27,228,7331579.295,20238.0,0.0,0.0447385575840531,0,0,0.9047619047619048,OK,PARTIAL,True,True,volume_reversal,"{""move_threshold"":0.02,""volume_ratio"":2.0}",INTRADAY_SHORT_ALLOWED_RESEARCH,2025-08-20,2026-08-27
2644,INE952H01027,20,20,-42509.39579286024,-44831.976869021,-0.4250939579286024,-0.4483197686902099,0.275960180085889,-2.003729790338192,-0.6958553448296085,-0.4574553015560033,0.3,-0.0276474816892594,-0.021925692469977,0.2400060219317717,0.0535275113579001,-0.1760540540540539,0.0793650793650793,40.0,0.057021447653722,0.0127503833129168,-2.1683647472190875,0.0430331203758182,-0.05433434066612,-0.0009606227123987,1,9,0.020025316455696,-0.1554286437098933,0.053571857169515,-75331.12582781457,30499.14895879357,-42509.39579286024,-43682.0574448352,-44831.976869021,-47065.25452623985,-49212.48777466808,RAJTV,RAJ TV NETWORK LTD,EQ,2025-08-20,2026-08-27,252,247225.26,8411.5,0.0,0.0478219020735178,2,0,1.0,LOW,FULL,False,False,volume_reversal,"{""move_threshold"":0.02,""volume_ratio"":2.0}",INTRADAY_SHORT_ALLOWED_RESEARCH,2025-08-20,2026-08-27
2643,INE0LRY01011,24,24,-42030.35184571019,-44814.56635837876,-0.4203035184571019,-0.4481456635837876,0.2660721476009901,-2.0901349739163395,-0.8255996811240204,-0.4563916178078107,0.2916666666666667,-0.0231719458869108,-0.0156693690732692,0.2703902690129292,0.0620176600441501,-0.1618423847867054,0.0952380952380952,48.0,0.0505853601039658,0.0103256933924714,-2.2441055536091787,0.0347456969698271,-0.0445322701061005,-0.0018116216677211,4,7,0.0616344660885379,-0.2749840708780914,0.0885089187535346,10924.47749711512,-55739.04385549388,-42030.35184571019,-43438.872599661896,-44814.56635837876,-47470.38711041881,-50003.48829744986,QUADFUTURE,QUADRANT FUTURE TEK LTD,EQ,2025-08-20,2026-08-27,252,98946098.7,282753.0,0.0,0.0510330573623401,0,0,1.0,OK,FULL,False,False,volume_reversal,"{""move_threshold"":0.02,""volume_ratio"":2.0}",INTRADAY_SHORT_ALLOWED_RESEARCH,2025-08-20,2026-08-27
