pnl_rank,isin,number_of_signals,number_of_trades,gross_pnl,net_pnl,gross_return_pct,net_return_pct,annualized_volatility,sharpe,sortino,max_drawdown,win_rate,average_trade_return,median_trade_return,profit_factor,best_trade,worst_trade,exposure_pct,turnover,trade_std,standard_error,t_stat,p_value,confidence_95_low,confidence_95_high,positive_months,negative_months,best_month,worst_month,monthly_return_std,buy_hold_pnl,excess_pnl,pnl_0bps,pnl_5bps,pnl_10bps,pnl_20bps,pnl_30bps,symbol,company_name,series,first_traded_date,last_traded_date,sessions_available,median_daily_value,median_volume,pct_near_zero_volume,average_daily_range,circuit_like_sessions,corporate_action_observations,coverage_ratio,liquidity_flag,coverage_flag,new_listing_flag,suspension_flag,strategy,parameters,execution_class,evaluation_start,evaluation_end
1,INE055C01020,251,251,28384644.928506333,17324086.684016835,283.84644928506333,173.24086684016834,0.478714019678111,11.12149937867924,22.975139163159863,-0.1007713721579728,0.7250996015936255,0.0212112257865145,0.0181005025125626,8.712242399890465,0.1346120218579234,-0.0725394190871369,0.996031746031746,502.0,0.030186724805069,0.0019053691744813,11.132344361710736,1.2099792923569568e-23,0.0174586042585008,0.0249638473145282,13,0,1.172696211290432,0.0205618965054681,0.2868136224629171,-33333.33333333336,17357420.017350167,28384644.928506333,22180899.03754035,17324086.684016835,10548049.48095826,6400836.929635727,KEEPLEARN,DSJ KEEP LEARNING LTD,EQ,2025-08-20,2026-08-27,252,90886.855,39279.0,0.0,0.0833324013698841,0,0,1.0,LOW,FULL,False,False,close_to_open,{},LONG_ONLY,2025-08-20,2026-08-27
2,INE185E01021,251,251,12387215.87197677,7526508.393104707,123.87215871976773,75.26508393104707,0.4031047481231159,11.042856906440424,23.32224457778232,-0.2269343962551004,0.549800796812749,0.0177347731148616,0.0165185185185186,7.48657245528597,0.0694285714285714,-0.052,0.996031746031746,502.0,0.0254193114506153,0.0016044527118228,11.053471993395837,2.1849302116196028e-23,0.0145748060766075,0.0208947401531157,13,0,0.90995963051366,0.0803656104239936,0.2313899173795258,-67857.14285714288,7594365.53596185,12387215.87197677,9659965.94222688,7526508.393104707,4553332.940602771,2736475.76347173,FILATFASH,FILATEX FASHIONS LIMITED,EQ,2025-08-20,2026-08-27,252,14146219.52,40314658.5,0.0,0.0654445688970291,16,0,1.0,OK,FULL,False,False,close_to_open,{},LONG_ONLY,2025-08-20,2026-08-27
3,INE210A01017,251,251,7013652.474132695,4239513.48906552,70.13652474132695,42.39513489065519,0.4961316157022556,7.8952208640551484,22.403162391162667,-0.1030473298051818,0.5737051792828686,0.0156058513291228,0.0081010101010101,4.4739169537353805,0.1474252873563217,-0.0450422064354367,0.996031746031746,502.0,0.0313003023499291,0.0019756575658544,7.8990669227507,8.914704365434593e-14,0.0117147969272237,0.019496905731022,12,1,0.7608750795741885,-0.0101013768506681,0.2601810759468808,-30427.25173210162,4269940.740797621,7013652.474132695,5456735.509496337,4239513.48906552,2544633.825432,1510143.1274131166,WILLAMAGOR,WILLIAMSON MAGOR,EQ,2025-08-20,2026-08-27,252,82845.125,2824.5,0.0198412698412698,0.0629149460776457,0,0,1.0,LOW,FULL,False,False,close_to_open,{},LONG_ONLY,2025-08-20,2026-08-27
4,INE278R01034,217,217,6358803.3312113695,4116554.155077914,63.588033312113694,41.16554155077914,0.5385801419601143,7.261794825718094,15.00118707353519,-0.4420751186164814,0.4792626728110599,0.0180233110051634,-0.002,3.9535414867140655,0.0889090909090908,-0.0658297872340425,0.8611111111111112,434.0,0.0359479558698951,0.0024403062541277,7.385675865345614,3.2580838506120773e-12,0.0132134491443022,0.0228331728660247,10,2,1.8684716342217549,-0.4125257357700256,0.6363066724729993,-53741.4965986395,4170295.651676553,6358803.3312113695,5119157.687066887,4116554.155077914,2650414.8869886734,1692553.7995466643,DHARAN,DHARAN INFRA-EPC LIMITED,BZ,2025-08-20,2026-08-27,226,5369915.65,18982618.0,0.0,0.0610118445856398,38,0,0.8968253968253969,OK,PARTIAL,False,True,close_to_open,{},LONG_ONLY,2025-08-20,2026-08-27
5,INE048C01025,251,251,6700742.064083269,4048896.1452068295,67.00742064083269,40.488961452068295,0.2749988173990849,13.782946250107152,19.76311053952855,-0.0745363659635461,0.8087649402390438,0.0151007725858749,0.0148708111855788,10.773522314939385,0.0913822978340701,-0.0625514236345881,0.996031746031746,502.0,0.0173317194192729,0.0010939684293506,13.80366396390272,1.3381173488005227e-32,0.0129462035218162,0.0172553416499337,13,0,0.7240018794497272,0.0465127319230005,0.1693421293240114,6816.94731124393,4042079.1978955856,6700742.064083269,5212479.53588775,4048896.1452068295,2428630.0638684207,1439617.4623655477,VHLTD,VICEROY HOTELS LIMITED,BE,2025-08-20,2026-08-27,252,1598499.13,11834.5,0.0,0.0422143596947922,0,0,1.0,OK,FULL,False,False,close_to_open,{},LONG_ONLY,2025-08-20,2026-08-27
6,INE644Y01017,249,249,6278995.542278704,3806286.328574844,62.789955422787045,38.06286328574844,0.4447462305196741,8.516963317052786,17.373165623269326,-0.1738229213029061,0.6586345381526104,0.0152123989186087,0.0145163081193615,4.567609836932844,0.1496415744603663,-0.0519999999999999,0.988095238095238,498.0,0.028136211436823,0.0017830599505398,8.531625038183678,1.4503748939977298e-15,0.0117005274510709,0.0187242703861464,13,0,0.9371968404035214,0.0186028911458122,0.3083339888299872,-7764.042377625417,3814050.3709524698,6278995.542278704,4892414.799723161,3806286.328574844,2289765.0885635684,1360575.6255865905,SHIVAMILLS,SHIVA MILLS LIMITED,EQ,2025-08-20,2026-08-27,251,155579.8,2458.0,0.0318725099601593,0.0545631290246595,3,0,0.996031746031746,LOW,FULL,False,True,close_to_open,{},LONG_ONLY,2025-08-20,2026-08-27
7,INE890C01046,222,222,5872723.72578409,3760224.1156846634,58.727237257840905,37.602241156846624,0.4088784546564001,9.201909120914287,15.960403162788303,-0.3810255966959106,0.5405405405405406,0.0169480287443606,0.0265714285714286,5.02243079617002,0.0506315789473683,-0.052,0.8809523809523809,444.0,0.026816532942402,0.0017998078464139,9.416576762974438,6.408830686256633e-18,0.0134010461453667,0.0204950113433545,11,1,1.3324072053412972,-0.2586453456179782,0.3982257917353545,-31972.789115646345,3792196.904800309,5872723.72578409,4702187.282686358,3760224.1156846634,2392751.0871478235,1508311.3746976117,SANWARIA,SANWARIA CONSUMER LIMITED,BZ,2025-08-20,2026-08-27,230,158455.40999999997,599456.0,0.0,0.0489106470199008,32,0,0.9126984126984128,LOW,PARTIAL,False,True,close_to_open,{},LONG_ONLY,2025-08-20,2026-08-27
8,INE393A01011,251,251,4784580.273512213,2877619.5288974256,47.84580273512213,28.776195288974257,0.4467969966459355,7.865762954534754,15.111756718037553,-0.1201021994236726,0.6215139442231076,0.0140015906948804,0.0116875072497391,3.798156775859124,0.1231082251082249,-0.0827991513437058,0.996031746031746,502.0,0.0281879489698886,0.00177920756246,7.86956563714304,1.0771102889796785e-13,0.0104974442590539,0.0175057371307068,13,0,0.8106929889958472,0.1062461156496881,0.2126932365604608,-30014.67710371835,2907634.206001144,4784580.273512213,3714180.6088859695,2877619.5288974256,1713368.668798227,1003255.9453677458,DELTAMAGNT,DELTA MANUFACTURING LTD,EQ,2025-08-20,2026-08-27,252,244416.96,3739.0,0.0,0.0590879080368488,0,0,1.0,LOW,FULL,False,False,close_to_open,{},LONG_ONLY,2025-08-20,2026-08-27
9,INE0US801024,251,251,4755612.725620461,2859568.4883479327,47.55612725620461,28.59568488347933,0.5896799966358567,6.063326068982311,15.315622610863148,-0.1147613709277474,0.5139442231075697,0.0142447095456557,0.0016997885835092,3.486729369462892,0.1971833030852994,-0.0850223880597015,0.996031746031746,502.0,0.0372097052234239,0.0023486557677944,6.065047820538065,4.8467039134440336e-09,0.009619035784287,0.0188703833070244,13,0,0.8095944099178212,0.0072044601837424,0.2570550031397232,-37714.28571428577,2897282.7740622186,4755612.725620461,3691310.000010049,2859568.4883479327,1702134.8196048397,996273.7161107182,MFML,MAHALAXMI FABRIC MILLS LT,EQ,2025-08-20,2026-08-27,252,106593.71,4513.5,0.0277777777777777,0.0719568514225393,2,0,1.0,LOW,FULL,False,False,close_to_open,{},LONG_ONLY,2025-08-20,2026-08-27
10,INE014B01011,244,244,4421890.39903651,2694550.785805844,44.2189039903651,26.94550785805844,0.612400145636826,5.771237532501461,9.581940783407443,-0.1663036891511248,0.5614754098360656,0.0144848635467566,0.0049066443117926,3.205908383602047,0.1603325453112687,-0.1309821289821289,0.9682539682539684,488.0,0.0391220788330061,0.0025045344551334,5.783455490926682,2.240387831001653e-08,0.0095514957045728,0.0194182313889403,11,2,0.9507367597175072,-0.0403238605202387,0.279673869894739,-47367.77271615493,2741918.558521999,4421890.39903651,3455229.35805105,2694550.785805844,1625402.1210953838,964273.753631664,TECILCHEM,TECIL CHEMICALS,EQ,2025-08-20,2026-08-27,248,36146.095,2644.5,0.0443548387096774,0.0803009048617112,23,0,0.984126984126984,LOW,FULL,False,True,close_to_open,{},LONG_ONLY,2025-08-20,2026-08-27
1,INE131A01031,114,114,118823.39509766689,74421.68211827366,1.1882339509766688,0.7442168211827367,0.3715846550846721,1.676174969151805,2.606151253826965,-0.1387580142296817,0.4473684210526316,0.0054635166471388,-0.0023539300411026,1.6066383245911098,0.1863354551241247,-0.072633491569815,0.4523809523809524,228.0,0.0346491574771938,0.0032451909276399,1.6835732531497645,0.0950248599606843,-0.0009657918811219,0.0118928251753997,9,4,0.1734038343088062,-0.0583947148781065,0.0680812647611174,32628.01028758494,41793.67183068872,118823.39509766689,95376.18715490225,74421.68211827366,38966.66894917114,10668.365637652852,GMDCLTD,GUJARAT MINERAL DEV CORP,EQ,2025-08-20,2026-08-27,252,1628035759.45,2666064.0,0.0,0.0435119646674269,0,0,1.0,OK,FULL,False,False,gap_continuation_050,"{""gap_threshold"":0.005}",INTRADAY_SHORT_ALLOWED_RESEARCH,2025-08-20,2026-08-27
2,INE049B01025,81,81,101084.72590544668,71202.03329809799,1.0108472590544668,0.7120203329809798,0.3589507944289866,1.6695523094782012,2.290955149058571,-0.1671033061320298,0.4938271604938271,0.0073986065163944,-0.0001233243967828,1.809807467013552,0.1803949883543492,-0.0962785023138409,0.3214285714285714,162.0,0.0395799301470125,0.0043977700163347,1.6823541224105978,0.096399667927718,-0.0013532347282028,0.0161504477609917,5,8,0.3345282542158434,-0.0855293655718848,0.145623780931872,31395.660326814686,39806.3729712833,101084.72590544668,85550.17640818903,71202.03329809799,45713.406179720536,23979.620518171447,WOCKPHARMA,WOCKHARDT LIMITED,EQ,2025-08-20,2026-08-27,252,792772649.35,513332.5,0.0,0.0394527376365687,0,0,1.0,OK,FULL,False,False,gap_continuation_050,"{""gap_threshold"":0.005}",INTRADAY_SHORT_ALLOWED_RESEARCH,2025-08-20,2026-08-27
3,INE010J01012,103,103,104342.67278969176,66478.41193970278,1.0434267278969176,0.6647841193970279,0.4032861626054925,1.461492438539657,1.573303944304356,-0.2123581004293804,0.4951456310679611,0.0057223269632582,-5.084745762706615e-05,1.5709709506706906,0.1448088394374902,-0.1522135738016137,0.4087301587301587,206.0,0.0396059184445611,0.0039024871032013,1.4663282188848428,0.1456351386457217,-0.0020182377022831,0.0134628916287996,7,6,0.2347934647060814,-0.0746344978980454,0.0955273478249289,-12906.79843244172,79385.2103721445,104342.67278969176,84450.85174761014,66478.41193970278,35574.833739517926,10362.575217634309,TEJASNET,TEJAS NETWORKS LIMITED,EQ,2025-08-20,2026-08-27,252,591811394.575,1434576.0,0.0,0.0428986346114633,0,0,1.0,OK,FULL,False,False,gap_continuation_050,"{""gap_threshold"":0.005}",INTRADAY_SHORT_ALLOWED_RESEARCH,2025-08-20,2026-08-27
4,INE139A01034,138,138,114153.00870810468,62691.49607490873,1.1415300870810468,0.6269149607490874,0.2871145656256531,1.839210646237044,2.045360648490788,-0.1663139141370231,0.5362318840579711,0.003826551926003,0.0021271335035258,1.5397952856385588,0.0715498839907192,-0.0671109190435033,0.5476190476190477,276.0,0.0243444775346127,0.0020723395489248,1.846488876780974,0.0669791462393458,-0.0002713569805099,0.0079244608325161,6,7,0.2538103184802036,-0.1098513851949483,0.0947819149615356,103491.715017511,-40800.21894260228,114153.00870810468,86669.87983765348,62691.49607490873,23528.50899005166,-6258.85240967045,NATIONALUM,NATIONAL ALUMINIUM CO LTD,EQ,2025-08-20,2026-08-27,252,3043391285.39,9025367.5,0.0,0.0312251668375546,0,0,1.0,OK,FULL,False,False,gap_continuation_050,"{""gap_threshold"":0.005}",INTRADAY_SHORT_ALLOWED_RESEARCH,2025-08-20,2026-08-27
5,INE727B01026,114,114,101158.41019754075,60297.79176952713,1.0115841019754075,0.6029779176952714,0.5035722491463795,1.1764663145302123,1.97545926232358,-0.2457291865431388,0.4561403508771929,0.005196805158359,-0.0035088589244194,1.385456122447835,0.179742967457253,-0.0814130157379839,0.4523809523809524,228.0,0.0471199491274874,0.0044131875795255,1.1775627173585237,0.2414451647950752,-0.0035465153964329,0.0139401257131509,6,7,0.5933859921401381,-0.1176212180529973,0.1823471737447199,-43358.09146239517,103655.8832319223,101158.41019754075,79579.79251031452,60297.79176952713,27679.068031069797,1651.5244412140746,GENESYS,GENESYS INTL CORPN LTD,EQ,2025-08-20,2026-08-27,252,104878890.55,316497.5,0.0,0.0587554019598292,0,1,1.0,OK,FULL,False,False,gap_continuation_050,"{""gap_threshold"":0.005}",INTRADAY_SHORT_ALLOWED_RESEARCH,2025-08-20,2026-08-27
6,INE927D01051,93,93,92787.29745941822,60233.807167191786,0.927872974594182,0.6023380716719178,0.2972998982238692,1.7280663851933862,2.4663962140598565,-0.1497212308106277,0.5806451612903226,0.0055242361337858,0.0034705462617933,1.788565619208358,0.1764562676340186,-0.0541240335855017,0.369047619047619,186.0,0.0306178730301768,0.0031749255327682,1.7399577019273071,0.0852104903808432,-0.000781440024184,0.0118299122917557,7,5,0.3541654658837807,-0.0778729809165458,0.1142316264618789,506.23052959497727,59727.57663759681,92787.29745941822,75766.5659677879,60233.807167191786,33128.087951890804,10566.714092591996,JBMA,JBM AUTO LIMITED,EQ,2025-08-20,2026-08-27,252,233867173.4,376782.5,0.0,0.0345396962995377,0,0,1.0,OK,FULL,False,False,gap_continuation_050,"{""gap_threshold"":0.005}",INTRADAY_SHORT_ALLOWED_RESEARCH,2025-08-20,2026-08-27
7,INE099Z01011,105,105,95513.77872700043,58650.0148637635,0.9551377872700044,0.5865001486376349,0.2512032898548254,1.9618438904941105,2.6214314437685,-0.0686383303480249,0.5333333333333333,0.0046935394235591,0.0024117647058823,1.6962141894835916,0.082984520123839,-0.0428616187989554,0.4166666666666667,210.0,0.0243182798361543,0.0023732211066085,1.9777084446490376,0.0506075079761433,-1.2647089344786089e-05,0.009399725936463,7,6,0.248296195455181,-0.047387127197446,0.0779996286620252,5365.239294710264,53284.77556905324,95513.77872700043,76129.18468659747,58650.0148637635,28683.200186784627,4333.037690350291,MIDHANI,MISHRA DHATU NIGAM LTD,EQ,2025-08-20,2026-08-27,252,199957937.125,561181.0,0.0,0.0376211360367139,0,0,1.0,OK,FULL,False,False,gap_continuation_050,"{""gap_threshold"":0.005}",INTRADAY_SHORT_ALLOWED_RESEARCH,2025-08-20,2026-08-27
8,INE545U01014,85,85,82187.27434869914,53857.73642421287,0.8218727434869915,0.5385773642421288,0.1939586670766505,2.317934522827607,3.62679004869397,-0.0665197147849526,0.5176470588235295,0.0052892175343364,0.0027706422018347,1.9859968299431008,0.0748821495078477,-0.0268283752860412,0.3373015873015873,170.0,0.02067170215038,0.0022421609056864,2.3589821412558933,0.0206461041732825,0.0008304346823733,0.0097480003862994,7,6,0.1601520097782873,-0.0223578972497556,0.0651927500306752,-2476.869145451361,56334.60556966423,82187.27434869914,67431.41148008805,53857.73642421287,29889.5910370552,9618.15445964942,BANDHANBNK,BANDHAN BANK LIMITED,EQ,2025-08-20,2026-08-27,252,1283608997.815,7559650.5,0.0,0.0293006732042231,0,0,1.0,OK,FULL,False,False,gap_continuation_050,"{""gap_threshold"":0.005}",INTRADAY_SHORT_ALLOWED_RESEARCH,2025-08-20,2026-08-27
9,INE039A01010,108,108,87730.43718171617,51404.37371886245,0.8773043718171618,0.5140437371886246,0.3243865484963773,1.4344093749175786,2.5368137022639488,-0.1385785369815272,0.5,0.0043083620950033,-8.991071493324836e-05,1.506023787780319,0.1677095435684645,-0.0442885572139304,0.4285714285714285,216.0,0.031125841543499,0.0029950854989821,1.4384771641635952,0.1532173106813722,-0.0016290455902754,0.0102457697802821,7,6,0.2870901659459828,-0.0973973710141101,0.0988246276806131,53721.26960963168,-2316.895890769229,87730.43718171617,68600.87448677619,51404.37371886245,22055.01999338073,-1647.4510372261866,IFCI,IFCI LTD,EQ,2025-08-20,2026-08-27,252,724661962.5550001,12228758.5,0.0,0.0400497177507638,0,0,1.0,OK,FULL,False,False,gap_continuation_050,"{""gap_threshold"":0.005}",INTRADAY_SHORT_ALLOWED_RESEARCH,2025-08-20,2026-08-27
10,INE385W01011,119,119,86516.25684043672,47142.78773423098,0.8651625684043671,0.4714278773423097,0.3561893558663654,1.260499967672991,1.6452491570548065,-0.1714176606326273,0.4957983193277311,0.0037729132063446,-0.0018236124176858,1.3467179116749672,0.1096374546028737,-0.0884157119476267,0.4722222222222222,238.0,0.0326087973307274,0.0029892435502975,1.262163200442178,0.2093790037154167,-0.0021466028425313,0.0096924292552206,8,5,0.2869175355639106,-0.1490113349814323,0.1041037281824774,-34228.98496938229,81371.77270361327,86516.25684043672,65673.67674848478,47142.78773423098,16026.036558901891,-8553.877019053441,DCAL,DISHMAN CARBO AMCIS LTD,EQ,2025-08-20,2026-08-27,252,46934993.105,235896.5,0.0,0.0458938795841127,0,0,1.0,OK,FULL,False,False,gap_continuation_050,"{""gap_threshold"":0.005}",INTRADAY_SHORT_ALLOWED_RESEARCH,2025-08-20,2026-08-27
1,INE727B01026,58,58,117510.7654539656,93935.01143244177,1.175107654539656,0.9393501143244176,0.4281171057397804,1.7499038101927915,2.358427169961994,-0.1716431861403413,0.5344827586206896,0.0129166164576336,0.0048335357877032,1.96974809848604,0.179742967457253,-0.0814130157379839,0.2301587301587301,116.0,0.0554261710381497,0.0072778128060923,1.7747937191818226,0.0812717755421853,-0.0016569523057519,0.0274901852210192,8,5,0.4194635515058986,-0.0528843558776538,0.1408614271014409,-43358.09146239517,137293.10289483692,117510.7654539656,105390.73070658196,93935.01143244177,72875.19151248218,54067.03469404689,GENESYS,GENESYS INTL CORPN LTD,EQ,2025-08-20,2026-08-27,252,104878890.55,316497.5,0.0,0.0587554019598292,0,1,1.0,OK,FULL,False,False,gap_continuation_100,"{""gap_threshold"":0.01}",INTRADAY_SHORT_ALLOWED_RESEARCH,2025-08-20,2026-08-27
2,INE760L01018,54,54,94346.38487113058,74645.54886217834,0.9434638487113058,0.7464554886217833,0.3391541499180111,1.8064943433006837,3.320891445324585,-0.1259097085663106,0.4814814814814814,0.0113459269135896,-0.0039412571792922,2.0210864695418462,0.1340514179177707,-0.0460686234653224,0.2142857142857142,108.0,0.0453720998180166,0.006174360728487,1.8375873086329768,0.0717316683796468,-0.0010382723912211,0.0237301262184003,8,4,0.2273303781461686,-0.0501002978142587,0.0749917379396107,59004.72702716716,15640.821835011186,94346.38487113058,84237.69829701877,74645.54886217834,56908.45648803492,40942.69948885433,TBZ,TRIB BHIMJI ZAVERI LTD,EQ,2025-08-20,2026-08-27,252,40873557.605,251138.5,0.0,0.0430753674027625,0,0,1.0,OK,FULL,False,False,gap_continuation_100,"{""gap_threshold"":0.01}",INTRADAY_SHORT_ALLOWED_RESEARCH,2025-08-20,2026-08-27
3,INE545U01014,37,37,72883.60216912109,60712.21033395961,0.7288360216912109,0.6071221033395962,0.1581412477930189,3.079344272468176,4.481712009888045,-0.0345608692531386,0.6216216216216216,0.0131613877197946,0.0092519654088051,5.435798483561076,0.0748821495078477,-0.0236662496872654,0.1468253968253968,74.0,0.0232386357836127,0.0038204081891839,3.445021334907648,0.001467118019751,0.005413240790014,0.0209095346495752,8,1,0.1826038848722309,-0.0084942470538147,0.0599840339449942,-2476.869145451361,63189.07947941097,72883.60216912109,66689.85231683496,60712.21033395961,49376.14078472144,38819.55143809313,BANDHANBNK,BANDHAN BANK LIMITED,EQ,2025-08-20,2026-08-27,252,1283608997.815,7559650.5,0.0,0.0293006732042231,0,0,1.0,OK,FULL,False,False,gap_continuation_100,"{""gap_threshold"":0.01}",INTRADAY_SHORT_ALLOWED_RESEARCH,2025-08-20,2026-08-27
4,INE010J01012,51,51,70651.15911680707,54234.50465506516,0.7065115911680708,0.5423450465506516,0.3438432339523576,1.4291312136166232,1.0394812913267282,-0.1770214593397823,0.5098039215686274,0.0096352372202391,0.0033763440860215,1.8340714819192372,0.1448088394374902,-0.1522135738016137,0.2023809523809523,102.0,0.0477456806851121,0.0066857325761723,1.4411640176244471,0.1557721099014604,-0.0037934518667006,0.0230639263071789,8,3,0.2366050881632895,-0.0723823331593697,0.0879531722494282,-12906.79843244172,67141.30308750688,70651.15911680707,62239.39076910162,54234.50465506516,39369.05542593717,25910.901485736555,TEJASNET,TEJAS NETWORKS LIMITED,EQ,2025-08-20,2026-08-27,252,591811394.575,1434576.0,0.0,0.0428986346114633,0,0,1.0,OK,FULL,False,False,gap_continuation_100,"{""gap_threshold"":0.01}",INTRADAY_SHORT_ALLOWED_RESEARCH,2025-08-20,2026-08-27
5,INE506A01018,62,62,73309.68693793204,53231.25957878359,0.7330968693793205,0.5323125957878359,0.3427562611759092,1.409403775662524,1.53594316158806,-0.1354965997014348,0.5161290322580645,0.0077916446553757,0.0009125217926366,1.737957407432658,0.1516067193675889,-0.101793221253259,0.246031746031746,124.0,0.0432639095306435,0.0054945220049164,1.4180750661119943,0.1612574120694322,-0.0031953311339289,0.0187786204446804,4,8,0.3369721724543544,-0.0796953861431889,0.134236035586092,75965.93597224425,-22734.676393460657,73309.68693793204,62966.5238289409,53231.25957878359,35445.72900195504,19695.064117739486,DREDGECORP,DREDGING CORP OF INDIA,EQ,2025-08-20,2026-08-27,252,162115834.5,173829.0,0.0,0.0506892234744402,0,0,1.0,OK,FULL,False,False,gap_continuation_100,"{""gap_threshold"":0.01}",INTRADAY_SHORT_ALLOWED_RESEARCH,2025-08-20,2026-08-27
6,INE256A01028,32,32,57467.07628879914,47825.95140113679,0.5746707628879915,0.4782595140113679,0.1611866435113437,2.504776403851913,2.1229933581534755,-0.0434345087928011,0.625,0.0126167656651032,0.0097652531962472,3.904184256124564,0.0907120669056151,-0.042095751047277,0.1269841269841269,64.0,0.0262930282844274,0.004647994649462,2.714453569038287,0.0107469583508755,0.0031371180787467,0.0220964132514597,9,1,0.1076501052779104,-0.0096662737485695,0.0367163885649093,-11873.887617594708,59699.83901873149,57467.07628879914,52572.758965017536,47825.95140113679,38757.76122736145,30229.49379611452,ZEEL,ZEE ENTERTAINMENT ENT LTD,EQ,2025-08-20,2026-08-27,252,854467094.13,9338429.0,0.0,0.0366227186036878,0,0,1.0,OK,FULL,False,False,gap_continuation_100,"{""gap_threshold"":0.01}",INTRADAY_SHORT_ALLOWED_RESEARCH,2025-08-20,2026-08-27
7,INE880L01014,57,57,63610.34905107529,46097.47155681741,0.636103490510753,0.460974715568174,0.3003958250174559,1.4074550707667772,1.2641975244401942,-0.2825782074489288,0.5263157894736842,0.0074174320554032,0.0023689320388349,1.7392297602954832,0.1452443103921032,-0.0737084639498432,0.2261904761904762,114.0,0.0395178227932391,0.0052342634970407,1.4170918333776628,0.161995752751047,-0.0030680577150478,0.0179029218258544,7,5,0.3394212646187264,-0.1229841992055574,0.131594038081859,-4538.653366583414,50636.12492340083,63610.34905107529,54610.49124856232,46097.47155681741,30429.742520376705,16415.87065374403,KIOCL,KIOCL LIMITED,EQ,2025-08-20,2026-08-27,252,69919556.875,187756.0,0.0,0.0489629181572877,0,0,1.0,OK,FULL,False,False,gap_continuation_100,"{""gap_threshold"":0.01}",INTRADAY_SHORT_ALLOWED_RESEARCH,2025-08-20,2026-08-27
8,INE385W01011,59,59,61457.245517936215,43597.21448583581,0.6145724551793621,0.435972144858358,0.2657991967579986,1.4924058545963546,1.556243793031205,-0.1782878407954048,0.5084745762711864,0.0067233945320109,0.0023601359003396,1.6386172284065028,0.0821565105837075,-0.0595657894736841,0.2341269841269841,118.0,0.0343225688630395,0.0044684178623434,1.504647671532865,0.1378412108483142,-0.0022211156295088,0.0156679046935307,7,6,0.3684824324721047,-0.0811616968338323,0.1198838741873883,-34228.98496938229,77826.1994552181,61457.245517936215,52270.0309784034,43597.21448583581,27682.98272134991,13505.82380189096,DCAL,DISHMAN CARBO AMCIS LTD,EQ,2025-08-20,2026-08-27,252,46934993.105,235896.5,0.0,0.0458938795841127,0,0,1.0,OK,FULL,False,False,gap_continuation_100,"{""gap_threshold"":0.01}",INTRADAY_SHORT_ALLOWED_RESEARCH,2025-08-20,2026-08-27
9,INE722H01024,59,59,60211.49193152363,42487.339306407055,0.6021149193152364,0.4248733930640704,0.2656713868150838,1.4618961405622082,1.935566277204805,-0.2291824010028691,0.4915254237288136,0.0065827792380132,-0.0005370135570076,1.6893905352545469,0.1103826962691691,-0.0510940465918896,0.2341269841269841,118.0,0.0343268104596786,0.0044689700711907,1.472996939596713,0.1461583279887034,-0.002362836289611,0.0155283947656374,6,7,0.3230095879626549,-0.0870009689656402,0.131556491103581,23817.89580827234,18669.443498134715,60211.49193152363,51094.1437614568,42487.339306407055,26694.393846461466,12625.471547623065,RGL,RENAISSANCE GLOBAL LTD,EQ,2025-08-20,2026-08-27,252,62700777.875,527522.5,0.0,0.0474337757760246,0,0,1.0,OK,FULL,False,False,gap_continuation_100,"{""gap_threshold"":0.01}",INTRADAY_SHORT_ALLOWED_RESEARCH,2025-08-20,2026-08-27
10,INE070D01027,53,53,57745.81150109647,41985.27975433078,0.5774581150109648,0.4198527975433077,0.2724805314535359,1.416389135468316,1.5828516813170708,-0.1980873711744345,0.490566037735849,0.0072818578184419,-0.0005585585585585,1.8461751565848712,0.1640416666666666,-0.0611176470588236,0.2103174603174603,106.0,0.0371410334221739,0.0051017132965069,1.4273357586416495,0.1594609546777988,-0.0029554788683344,0.0175191945052182,7,5,0.1824774830311626,-0.0896372595910809,0.0879422338648894,-18125.30672337662,60110.5864777074,57745.81150109647,49662.13679645365,41985.27975433078,27772.597831375155,14958.39256704146,JAICORPLTD,JAI CORP LIMITED,EQ,2025-08-20,2026-08-27,252,63567305.81,541709.5,0.0,0.0402429742108131,0,0,1.0,OK,FULL,False,False,gap_continuation_100,"{""gap_threshold"":0.01}",INTRADAY_SHORT_ALLOWED_RESEARCH,2025-08-20,2026-08-27
1,INE055C01020,194,194,29923300.785594814,20484890.94890911,299.23300785594813,204.8489094890911,0.5771128327105272,9.616522999342427,9.088798173482468,-0.2038683626852657,0.8092783505154639,0.0286073135514249,0.0324342818428183,6.567655292314223,0.1201719457013574,-0.1890967741935483,0.7698412698412699,388.0,0.0391090089102037,0.0028078632022534,10.18828607051301,8.831439250937781e-20,0.0230692760163268,0.034145351086523,13,0,0.9219844521163564,0.0884196010488838,0.2472163298798431,-33333.33333333336,20518224.282242443,29923300.785594814,24762421.69975684,20484890.94890911,14003233.076233244,9555338.87823668,KEEPLEARN,DSJ KEEP LEARNING LTD,EQ,2025-08-20,2026-08-27,252,90886.855,39279.0,0.0,0.0833324013698841,0,0,1.0,LOW,FULL,False,False,gap_fade_050,"{""gap_threshold"":0.005}",INTRADAY_SHORT_ALLOWED_RESEARCH,2025-08-20,2026-08-27
2,INE669A01022,161,161,21515562.494765285,15723199.880487988,215.15562494765285,157.23199880487988,0.55242100365506,9.519427432936356,19.3000292991068,-0.0642634106448771,0.8509316770186336,0.0326629295448708,0.0265171102661595,12.271770299525542,0.2361635581061693,-0.055763440860215,0.6388888888888888,322.0,0.0388853697825382,0.0030645964576073,10.658150264381538,2.224202372237373e-20,0.0266106532199906,0.038715205869751,12,0,0.9673946984553704,0.0,0.2917144665122788,-21756.37979383234,15744956.26028182,21515562.494765285,18395380.931508947,15723199.880487988,11476006.289133651,8363672.188916441,INFOMEDIA,INFOMEDIA PRESS LIMITED,EQ,2025-08-25,2026-08-27,233,68006.42,12114.0,0.0128755364806866,0.0782199463810635,3,0,0.9246031746031746,LOW,PARTIAL,True,True,gap_fade_050,"{""gap_threshold"":0.005}",INTRADAY_SHORT_ALLOWED_RESEARCH,2025-08-20,2026-08-27
3,INE802W01023,195,195,22396203.560342424,15285655.617513878,223.96203560342423,152.8565561751388,0.5244393647040768,9.952991561022785,16.97005166846545,-0.1396706126395763,0.7435897435897436,0.0267679003649632,0.0240636259103104,8.05883513977009,0.1358650071804691,-0.0770163078930201,0.7738095238095238,390.0,0.0353437873026857,0.0025310211792339,10.575929029983506,6.231029123313765e-21,0.0217760494688891,0.0317597512610372,13,0,0.9608965153568928,0.1471475368802943,0.2780522713181448,-57266.37845028268,15342921.99596416,22396203.560342424,18505992.817780096,15285655.617513878,10414783.166631246,7080602.90739559,BOHRAIND,BOHRA INDUSTRIES LIMITED,EQ,2025-08-20,2026-08-27,251,235772.64,14069.0,0.0119521912350597,0.0678313660481077,15,0,0.996031746031746,LOW,FULL,False,True,gap_fade_050,"{""gap_threshold"":0.005}",INTRADAY_SHORT_ALLOWED_RESEARCH,2025-08-20,2026-08-27
4,INE245I01016,213,213,17746764.80344252,11667517.873805288,177.4676480344252,116.67517873805288,0.5785179392656276,8.609940729459431,8.009987857504763,-0.22995853225029,0.7934272300469484,0.0233850007887608,0.0232252252252254,5.755139250312774,0.1427327289778055,-0.1872941176470588,0.8452380952380952,426.0,0.0385667827364077,0.0026425524105357,8.849399049012382,3.510597782652183e-16,0.0181759565205681,0.0285940450569535,13,0,1.2803124931334606,0.0651374405007434,0.3295952291127466,-14154.902708889698,11681672.776514178,17746764.80344252,14393272.636993766,11667517.873805288,7652741.594067669,5003515.388494758,NAGREEKCAP,NAGREEKA CAP & INFR.LTD,EQ,2025-08-20,2026-08-27,252,149891.97,5620.0,0.0039682539682539,0.0680334408245004,0,0,1.0,LOW,FULL,False,False,gap_fade_050,"{""gap_threshold"":0.005}",INTRADAY_SHORT_ALLOWED_RESEARCH,2025-08-20,2026-08-27
5,INE874F01027,174,174,16276770.356123893,11574235.747500114,162.76770356123893,115.74235747500114,0.5083403936968335,9.699256467986018,13.325158969780588,-0.1107719298245614,0.8390804597701149,0.0283363439741527,0.0293882669055082,7.829546007061213,0.1383508771929824,-0.1107719298245615,0.6904761904761905,348.0,0.035182432343818,0.0026671733128195,10.62411049104168,1.2957962309961833e-20,0.0230719537388107,0.0336007342094946,13,0,0.8242888207821297,0.1080119308331415,0.2412381399345214,-19302.94906166221,11593538.696561776,16276770.356123893,13728152.051849771,11574235.747500114,8216523.177405802,5820619.6914199935,RADAAN,RADAAN MEDIAWORKS (I) LTD,EQ,2025-08-20,2026-08-27,252,88370.965,27905.0,0.0,0.0717050075920911,0,0,1.0,LOW,FULL,False,False,gap_fade_050,"{""gap_threshold"":0.005}",INTRADAY_SHORT_ALLOWED_RESEARCH,2025-08-20,2026-08-27
6,INE185E01021,151,151,15358925.394623691,11438034.933411838,153.58925394623694,114.38034933411838,0.4991650651149953,9.843363402879865,14.889313253786735,-0.1072631578947366,0.7086092715231788,0.0325394909533052,0.0343636363636363,15.773342052213316,0.1313333333333333,-0.1072631578947367,0.5992063492063492,302.0,0.0350330780242292,0.0028509514571347,11.413554893006888,4.120917718399184e-22,0.0269062807710528,0.0381727011355575,13,0,0.7701050168892221,0.1352808381474499,0.2482244631387676,-67857.14285714288,11505892.076268982,15358925.394623691,13256306.545897916,11438034.933411838,8506716.465650659,6316456.852956331,FILATFASH,FILATEX FASHIONS LIMITED,EQ,2025-08-20,2026-08-27,252,14146219.52,40314658.5,0.0,0.0654445688970291,16,0,1.0,OK,FULL,False,False,gap_fade_050,"{""gap_threshold"":0.005}",INTRADAY_SHORT_ALLOWED_RESEARCH,2025-08-20,2026-08-27
7,INE024D01016,185,185,15409938.68877736,10714709.612056984,154.09938688777362,107.14709612056984,0.4722502378076984,10.238697466578044,16.978628477303815,-0.0981341494397575,0.772972972972973,0.0261363638563922,0.0246159695817489,9.001665766280965,0.119377672209026,-0.0956746987951807,0.7341269841269841,370.0,0.0320101473685096,0.0023534328400705,11.10563403866168,2.9289140046118166e-22,0.0214931807924346,0.0307795469203498,13,0,0.886251382010675,0.1629300021266073,0.245235886534758,-57627.564439768525,10772337.176496752,15409938.68877736,12852412.298753813,10714709.612056984,7435525.399843353,5146925.61262803,PRUDMOULI,PRUDENTIAL SUGAR CORPORAT,BE,2025-08-20,2026-08-27,252,351401.065,18081.5,0.0039682539682539,0.0649394998559491,1,0,1.0,LOW,FULL,False,False,gap_fade_050,"{""gap_threshold"":0.005}",INTRADAY_SHORT_ALLOWED_RESEARCH,2025-08-20,2026-08-27
8,INE642Z01026,186,186,14927330.744982049,10356728.76953924,149.2733074498205,103.5672876953924,0.4529506434901961,10.58210297397441,11.227496348182209,-0.1750299483403835,0.8548387096774194,0.0257697330728022,0.0234680866504589,10.312866387873049,0.1277619047619048,-0.1317405189620757,0.7380952380952381,372.0,0.0304914698179331,0.0022357430407802,11.52624993246478,1.6266193091153833e-23,0.0213589028202043,0.0301805633254002,13,0,1.1680264206256576,0.1260351093258396,0.2602695029839672,-55696.20253164563,10412424.972070884,14927330.744982049,12436527.523878066,10356728.76953924,7171130.269428427,4952413.470048654,AKI,AKI INDIA LIMITED,EQ,2025-08-20,2026-08-27,252,405925.015,64945.0,0.0,0.0664893464316346,0,0,1.0,LOW,FULL,False,False,gap_fade_050,"{""gap_threshold"":0.005}",INTRADAY_SHORT_ALLOWED_RESEARCH,2025-08-20,2026-08-27
9,INE938A01021,191,191,14564379.504674722,10001339.352085058,145.6437950467472,100.01339352085056,0.5393990173791955,8.89385909048833,20.958372953525448,-0.0593770491803278,0.675392670157068,0.0251169573514053,0.0202222222222222,7.096746752207634,0.1306781326781327,-0.0593770491803278,0.7579365079365079,382.0,0.0370369231446628,0.0026798977045645,9.37235675400039,2.1291571598414838e-17,0.0198307836042792,0.0304031310985315,13,0,0.8251666676976321,0.2597908525842944,0.1851033656765626,-29960.31746031756,10031299.669545377,14564379.504674722,12071969.843033474,10001339.352085058,6853080.868687176,4682526.704939329,LCCINFOTEC,LCC INFOTECH LTD,EQ,2025-08-20,2026-08-27,252,237334.535,49269.0,0.0039682539682539,0.0677197187117652,19,0,1.0,LOW,FULL,False,False,gap_fade_050,"{""gap_threshold"":0.005}",INTRADAY_SHORT_ALLOWED_RESEARCH,2025-08-20,2026-08-27
10,INE440L01017,161,161,12698886.223682191,9259299.80807911,126.98886223682192,92.5929980807911,0.5679321965092943,8.334820710204038,12.84685182337961,-0.1256072273361229,0.7701863354037267,0.0294013231891759,0.0272307692307692,7.423860728174068,0.2225862884160754,-0.1006964618249535,0.6388888888888888,322.0,0.041155921353054,0.0032435409896699,9.064575808603353,4.25897952394396e-16,0.0229956490287729,0.035806997349579,13,0,1.2842072775961952,0.0846959598969983,0.3274409935544439,-24968.31432192652,9284268.122401036,12698886.223682191,10845632.206254164,9259299.80807911,6739893.921924063,4895617.305812626,TIJARIA,TIJARIA POLYPIPES LTD,EQ,2025-08-20,2026-08-27,252,181799.35,36431.5,0.0,0.0743208386276572,5,0,1.0,LOW,FULL,False,False,gap_fade_050,"{""gap_threshold"":0.005}",INTRADAY_SHORT_ALLOWED_RESEARCH,2025-08-20,2026-08-27
1,INE055C01020,174,174,31191315.472676717,22234093.186872244,311.9131547267671,222.34093186872244,0.5238223843832872,10.691901543108536,12.73762379285537,-0.0976521739130434,0.8333333333333334,0.0321876859764509,0.0331660646984924,9.581680593094708,0.1201719457013574,-0.0976521739130433,0.6904761904761905,348.0,0.0354575789368002,0.0026880321222032,11.974442459440516,1.8760429223242817e-24,0.0268821252210259,0.0374932467318759,13,0,0.8582818721535335,0.1899632065989267,0.1919925506734089,-33333.33333333336,22267426.520205576,31191315.472676717,26338182.525336083,22234093.186872244,15830451.343925685,11255388.051496975,KEEPLEARN,DSJ KEEP LEARNING LTD,EQ,2025-08-20,2026-08-27,252,90886.855,39279.0,0.0,0.0833324013698841,0,0,1.0,LOW,FULL,False,False,gap_fade_100,"{""gap_threshold"":0.01}",INTRADAY_SHORT_ALLOWED_RESEARCH,2025-08-20,2026-08-27
2,INE802W01023,185,185,18967901.81768248,13200480.201261563,189.67901817682483,132.00480201261564,0.5148601661178133,9.839976450720629,16.782518738975384,-0.1396706126395764,0.745945945945946,0.0273849292433156,0.0244339152119701,8.719998472353453,0.1358650071804691,-0.0770163078930201,0.7341269841269841,370.0,0.0351350214019389,0.0025831781482284,10.60125460649951,8.472702207747803e-21,0.0222884723464704,0.0324813861401607,13,0,0.9608965153568928,0.1471475368802943,0.2658963679144441,-57266.37845028268,13257746.579711849,18967901.81768248,15826605.844007617,13200480.201261563,9170991.73019484,6357706.872485633,BOHRAIND,BOHRA INDUSTRIES LIMITED,EQ,2025-08-20,2026-08-27,251,235772.64,14069.0,0.0119521912350597,0.0678313660481077,15,0,0.996031746031746,LOW,FULL,False,True,gap_fade_100,"{""gap_threshold"":0.01}",INTRADAY_SHORT_ALLOWED_RESEARCH,2025-08-20,2026-08-27
3,INE642Z01026,169,169,17370975.16381534,12482172.302155755,173.7097516381534,124.82172302155756,0.4153826726922947,11.951339360781477,22.426277741522146,-0.0599950432059277,0.8994082840236687,0.0293750253605563,0.0245210608424337,23.441985974349127,0.1277619047619048,-0.055864168618267,0.6706349206349206,338.0,0.0271489682021076,0.0020883821693928,14.065924231241585,3.3766005196978154e-30,0.0252521722083046,0.0334978785128081,13,0,1.1600385856280933,0.1473137815345888,0.2447549767256117,-55696.20253164563,12537868.5046874,17370975.16381534,14727605.542310072,12482172.302155755,8955584.259873904,6413262.855814044,AKI,AKI INDIA LIMITED,EQ,2025-08-20,2026-08-27,252,405925.015,64945.0,0.0,0.0664893464316346,0,0,1.0,LOW,FULL,False,False,gap_fade_100,"{""gap_threshold"":0.01}",INTRADAY_SHORT_ALLOWED_RESEARCH,2025-08-20,2026-08-27
4,INE669A01022,143,143,15850728.08402414,11997701.361799031,158.50728084024138,119.97701361799032,0.5446662608641967,9.14418554513002,17.275533862899835,-0.0578329999572606,0.8741258741258742,0.0348288765700307,0.0265714285714285,16.14076433648194,0.2361635581061693,-0.055763440860215,0.5674603174603174,286.0,0.0394016045795584,0.0032949277011114,10.570452443700724,1.2615519001816572e-19,0.0283154272672903,0.0413423258727712,12,0,0.8520326287612476,0.0,0.2695072013935827,-21756.37979383234,12019457.741592864,15850728.08402414,13792190.989028024,11997701.361799031,9070484.421848306,6847808.806294907,INFOMEDIA,INFOMEDIA PRESS LIMITED,EQ,2025-08-25,2026-08-27,233,68006.42,12114.0,0.0128755364806866,0.0782199463810635,3,0,0.9246031746031746,LOW,PARTIAL,True,True,gap_fade_100,"{""gap_threshold"":0.01}",INTRADAY_SHORT_ALLOWED_RESEARCH,2025-08-20,2026-08-27
5,INE874F01027,159,159,16061324.507144418,11771765.274476357,160.61324507144417,117.71765274476356,0.4902221086879376,10.07376413663336,13.104371239699413,-0.1107719298245615,0.8742138364779874,0.0310590056445618,0.0306797385620914,10.714652303076914,0.1383508771929824,-0.1107719298245615,0.6309523809523809,318.0,0.0340103387040965,0.0026971953040094,11.515297241690757,1.1546060903869428e-22,0.0257317965810765,0.036386214708047,13,0,0.7803655129623244,0.1324953674062354,0.2299717479198512,-19302.94906166221,11791068.223538017,16061324.507144418,13752515.581939427,11771765.274476357,8615513.376869693,6294534.732526411,RADAAN,RADAAN MEDIAWORKS (I) LTD,EQ,2025-08-20,2026-08-27,252,88370.965,27905.0,0.0,0.0717050075920911,0,0,1.0,LOW,FULL,False,False,gap_fade_100,"{""gap_threshold"":0.01}",INTRADAY_SHORT_ALLOWED_RESEARCH,2025-08-20,2026-08-27
6,INE185E01021,151,151,15358925.394623691,11438034.933411838,153.58925394623694,114.38034933411838,0.4991650651149953,9.843363402879865,14.889313253786735,-0.1072631578947366,0.7086092715231788,0.0325394909533052,0.0343636363636363,15.773342052213316,0.1313333333333333,-0.1072631578947367,0.5992063492063492,302.0,0.0350330780242292,0.0028509514571347,11.413554893006888,4.120917718399184e-22,0.0269062807710528,0.0381727011355575,13,0,0.7701050168892221,0.1352808381474499,0.2482244631387676,-67857.14285714288,11505892.076268982,15358925.394623691,13256306.545897916,11438034.933411838,8506716.465650659,6316456.852956331,FILATFASH,FILATEX FASHIONS LIMITED,EQ,2025-08-20,2026-08-27,252,14146219.52,40314658.5,0.0,0.0654445688970291,16,0,1.0,OK,FULL,False,False,gap_fade_100,"{""gap_threshold"":0.01}",INTRADAY_SHORT_ALLOWED_RESEARCH,2025-08-20,2026-08-27
7,INE440L01017,147,147,14904693.722717514,11187963.766494034,149.04693722717514,111.87963766494032,0.5486777049363195,8.95506234222629,14.10298568667315,-0.1075097726457742,0.8095238095238095,0.0334247826768325,0.0295533980582524,11.190886172401118,0.2225862884160754,-0.1006964618249535,0.5833333333333334,294.0,0.0398131858546102,0.0032837362243508,10.178887825693218,1.0082607723333538e-18,0.0269349848590409,0.0399145804946241,13,0,1.359418404159726,0.0846959598969983,0.3423770929812426,-24968.31432192652,11212932.08081596,14904693.722717514,12915214.52740443,11187963.766494034,8387190.133553227,6277804.069096513,TIJARIA,TIJARIA POLYPIPES LTD,EQ,2025-08-20,2026-08-27,252,181799.35,36431.5,0.0,0.0743208386276572,5,0,1.0,LOW,FULL,False,False,gap_fade_100,"{""gap_threshold"":0.01}",INTRADAY_SHORT_ALLOWED_RESEARCH,2025-08-20,2026-08-27
8,INE0US801024,156,156,14615730.236613411,10772375.41760072,146.15730236613413,107.7237541760072,0.5585619193476793,8.737641721299097,13.23329967602396,-0.1203946600652173,0.8076923076923077,0.0312853457078281,0.0307594781096893,9.834788853758122,0.2063623693379791,-0.1185217391304347,0.6190476190476191,312.0,0.0403681672716563,0.0032320400488526,9.679751870319285,1.2581747601354833e-17,0.0249008153882964,0.0376698760273597,12,1,1.1689224761297172,-0.00212475,0.3273591491324331,-37714.28571428577,10810089.703315008,14615730.236613411,12549840.78749061,10772375.41760072,7928069.4257002035,5824352.029058644,MFML,MAHALAXMI FABRIC MILLS LT,EQ,2025-08-20,2026-08-27,252,106593.71,4513.5,0.0277777777777777,0.0719568514225393,2,0,1.0,LOW,FULL,False,False,gap_fade_100,"{""gap_threshold"":0.01}",INTRADAY_SHORT_ALLOWED_RESEARCH,2025-08-20,2026-08-27
9,INE277C01012,127,127,13257274.85091237,10356862.31399701,132.5727485091237,103.5686231399701,0.5352169214134136,9.021853891335152,22.717795855886056,-0.0609277619283682,0.8346456692913385,0.0380208572060001,0.0367180038718004,17.256486166338743,0.1725851329847693,-0.0458805970149253,0.503968253968254,254.0,0.0392644941366009,0.0034841604461043,10.912487468397508,6.321030561671044e-20,0.031125806110622,0.0449159083013783,13,0,1.2725208264319954,0.0649594061554958,0.3412334969424619,-31705.298013245003,10388567.612010255,13257274.85091237,11719123.701735277,10356862.31399701,8082373.564015021,6299570.166418192,REGENCERAM,REGENCY CERAMICS LTD.,EQ,2025-08-20,2026-08-27,252,126622.695,2958.5,0.0119047619047619,0.0708999149788378,1,0,1.0,LOW,FULL,False,False,gap_fade_100,"{""gap_threshold"":0.01}",INTRADAY_SHORT_ALLOWED_RESEARCH,2025-08-20,2026-08-27
10,INE024D01016,166,166,14144956.228780637,10216268.665221795,141.44956228780634,102.16268665221796,0.4483294198861018,10.652180512378214,28.281453608836948,-0.059978092412305,0.7951807228915663,0.0287691922267262,0.0263182410731542,13.676541970302296,0.119377672209026,-0.0424774260508563,0.6587301587301587,332.0,0.0304823538561036,0.0023658894970181,12.15998983172534,1.0662622085058352e-24,0.0240978720480716,0.0334405124053809,13,0,0.9646338563823628,0.1687094648907274,0.2625281578482485,-57627.564439768525,10273896.229661563,14144956.228780637,12023442.634564271,10216268.665221795,7366395.550740131,5300389.7152369,PRUDMOULI,PRUDENTIAL SUGAR CORPORAT,BE,2025-08-20,2026-08-27,252,351401.065,18081.5,0.0039682539682539,0.0649394998559491,1,0,1.0,LOW,FULL,False,False,gap_fade_100,"{""gap_threshold"":0.01}",INTRADAY_SHORT_ALLOWED_RESEARCH,2025-08-20,2026-08-27
1,INE0MHO01029,122,122,240308.06199144188,167179.55344655697,2.4030806199144186,1.6717955344655695,0.3830854071866433,2.751849994710484,4.631509803305267,-0.1218295995965287,0.5901639344262295,0.0086409309486903,0.0055833333333332,2.0867873315108763,0.2159166666666665,-0.0669885583524028,0.4841269841269841,244.0,0.0341935270938579,0.0030957364852675,2.791235943308567,0.0061035562820734,0.00251210403698,0.0147697578604006,10,3,0.4455435022790506,-0.058493263085366,0.1275583146806049,-29290.165678674573,196469.71912523155,240308.06199144188,201553.1016791957,167179.55344655697,109664.65176210992,64451.33233082213,REGAAL,REGAAL RESOURCES LIMITED,EQ,2025-08-20,2026-08-27,252,29453981.795,380248.0,0.0,0.0492356789372135,0,0,1.0,OK,FULL,False,False,momentum_1d,"{""move_threshold"":0.02,""signal_feature"":""previous_cc_signal""}",INTRADAY_SHORT_ALLOWED_RESEARCH,2025-08-20,2026-08-27
2,INE669R01026,46,46,189030.7282732241,164136.0424813152,1.8903072827322407,1.641360424813152,0.3206910803816425,3.18935819946474,3.2022561074376266,-0.0812048929663608,0.6739130434782609,0.0222347549284869,0.027426924545966,3.531248430082001,0.1053487031700288,-0.0812048929663609,0.1825396825396825,92.0,0.0431648629355235,0.0063643118283716,3.493662084463883,0.0010814481868623,0.0094163729070691,0.0350531369499046,4,1,0.4773296428416134,-0.0128973243737186,0.1686304430274375,-74166.66666666666,238302.70914798183,189030.7282732241,176309.2554507298,164136.0424813152,141342.8511895542,120477.37599473416,ELITECON,ELITECON INTERNATIONAL L,EQ,2026-04-20,2026-08-27,91,42035669.64,1678644.0,0.0,0.0692913261751809,0,0,0.3611111111111111,OK,PARTIAL,True,True,momentum_1d,"{""move_threshold"":0.02,""signal_feature"":""previous_cc_signal""}",INTRADAY_SHORT_ALLOWED_RESEARCH,2025-08-20,2026-08-27
3,INE568Z01015,106,106,221735.22497617823,160783.41683450658,2.217352249761783,1.607834168345066,0.4089811798114883,2.548272919907256,2.9593172987109893,-0.1144019685428712,0.5377358490566038,0.0098320345779748,0.0023509899527186,1.9269976708348435,0.148995670995671,-0.0966656649135988,0.4206349206349206,212.0,0.0391170593394883,0.0037993846713435,2.587796558777528,0.0110259712078385,0.0022985566208321,0.0173655125351176,7,6,0.5027644502044477,-0.0534327726092436,0.1538994870983362,-78333.33333333333,239116.75016783996,221735.22497617823,189675.60232436028,160783.41683450658,111290.49152161676,71118.84280801672,URAVIDEF,URAVI DEFENCE &TECH LTD,BE,2025-08-20,2026-08-27,252,1462833.08,8423.5,0.0,0.0567582653615095,1,0,1.0,OK,FULL,False,False,momentum_1d,"{""move_threshold"":0.02,""signal_feature"":""previous_cc_signal""}",INTRADAY_SHORT_ALLOWED_RESEARCH,2025-08-20,2026-08-27
4,INE771F01041,119,119,210552.83217851684,145238.26220263247,2.1055283217851684,1.4523826220263247,0.3984200002861346,2.4485024276613125,3.101177110525688,-0.1465876193544962,0.5378151260504201,0.0081977507389027,0.0064138360860082,1.8788323952472887,0.1663400982696006,-0.0934941242305538,0.4722222222222222,238.0,0.0361128003093352,0.0033104549767047,2.4763214713956905,0.0146924733942573,0.0016421486161734,0.0147533528616319,8,4,0.5365301226506545,-0.089621323782804,0.1726688928824143,-68870.25595763464,214108.5181602671,210552.83217851684,175986.17523067154,145238.26220263247,93569.45801341868,52714.576162864425,FISCHER,FISCHER MEDICAL VENTURE L,EQ,2025-09-12,2026-08-27,236,46872464.475,1128865.5,0.0,0.0495637980986376,6,1,0.9365079365079364,OK,PARTIAL,True,True,momentum_1d,"{""move_threshold"":0.02,""signal_feature"":""previous_cc_signal""}",INTRADAY_SHORT_ALLOWED_RESEARCH,2025-08-20,2026-08-27
5,INE0JSX01015,138,138,194081.61348553235,123513.25161316828,1.940816134855324,1.2351325161316828,0.5192838363465895,1.8085121957660717,1.850887391926763,-0.2699025742199086,0.5869565217391305,0.006805298196355,0.0065910430201286,1.5497651970736597,0.1930844854070661,-0.1378851674641148,0.5476190476190477,276.0,0.0440383412215039,0.0037487925568587,1.815330694653716,0.0716602282876154,-0.0006076812139886,0.0142182776066988,12,1,0.2575253635951726,-0.2346601925118081,0.1143979355125498,-77019.05243635134,200532.3040495196,194081.61348553235,156398.36359301896,123513.25161316828,69785.58275171605,28901.9591108351,GSLSU,GLOBAL SURFACES LIMITED,EQ,2025-08-20,2026-08-27,252,3298908.325,52463.0,0.0,0.0578084596052643,2,0,1.0,OK,FULL,False,False,momentum_1d,"{""move_threshold"":0.02,""signal_feature"":""previous_cc_signal""}",INTRADAY_SHORT_ALLOWED_RESEARCH,2025-08-20,2026-08-27
6,INE947T01022,56,56,145751.2612492685,120039.83551377652,1.457512612492685,1.2003983551377653,0.4657383260603451,1.916234603009944,1.5764102793405623,-0.186493561590854,0.5714285714285714,0.0159368552918707,0.0089615888482046,2.250850301743173,0.2139999999999999,-0.1073124999999999,0.2222222222222222,112.0,0.061049762044201,0.0081581176111955,1.95349663383134,0.0558548704474875,-0.000412377748305,0.0322860883320465,3,3,0.6157024122686419,-0.0770741266596577,0.1926265927697003,-52560.975609756126,172600.81112353265,145751.2612492685,132546.82368765437,120039.83551377652,96975.245875351,76289.4790977173,GICL,GLOBE INTL CARRIERS LTD,EQ,2026-02-18,2026-08-27,129,9544986.91,347626.0,0.0,0.0592787288990539,2,0,0.5119047619047619,OK,PARTIAL,True,True,momentum_1d,"{""move_threshold"":0.02,""signal_feature"":""previous_cc_signal""}",INTRADAY_SHORT_ALLOWED_RESEARCH,2025-08-20,2026-08-27
7,INE650L01011,134,134,177375.1041107105,112483.21323239506,1.7737510411071051,1.1248321323239503,0.5357287525461064,1.6721407748338992,1.9922518632891688,-0.170494063664726,0.5373134328358209,0.0066851782939048,0.0013121109619213,1.4933437364408115,0.1619773222852158,-0.1443807080554131,0.5317460317460317,268.0,0.0461333605657378,0.0039853153558701,1.6774527727292554,0.0958025783393547,-0.0011976211054284,0.014567977693238,9,4,0.299266781375872,-0.0720928803306096,0.106328228279894,-56639.72665746766,169122.93988986273,177375.1041107105,142786.6966158372,112483.21323239506,62686.17032573381,24492.89982727563,BROOKS,BROOKS LAB LIMITED,BE,2025-08-20,2026-08-27,252,3046489.345,36411.5,0.0,0.0535242752193118,4,0,1.0,OK,FULL,False,False,momentum_1d,"{""move_threshold"":0.02,""signal_feature"":""previous_cc_signal""}",INTRADAY_SHORT_ALLOWED_RESEARCH,2025-08-20,2026-08-27
8,INE670X01014,114,114,155149.7296966301,103429.39467038643,1.5514972969663008,1.0342939467038643,0.4234913875304986,1.888238920687368,2.13875981847875,-0.2234254190995666,0.543859649122807,0.0070144993027279,0.0020051907271824,1.601131619953993,0.1314519572953736,-0.1318076923076924,0.4523809523809524,228.0,0.0394162698839721,0.0036916719118803,1.9000874048840308,0.059970209998547,-0.0002993685823441,0.0143283671878,9,4,0.3933894985655284,-0.074775321301487,0.1229498837965235,-22727.27272727273,126156.66739765918,155149.7296966301,127839.42926429592,103429.39467038643,62119.820781097485,29140.22890133434,LASA,LASA SUPERGENERICS LTD,EQ,2025-08-20,2026-08-27,252,300191.30000000005,33520.0,0.0,0.0632223864729596,0,0,1.0,LOW,FULL,False,False,momentum_1d,"{""move_threshold"":0.02,""signal_feature"":""previous_cc_signal""}",INTRADAY_SHORT_ALLOWED_RESEARCH,2025-08-20,2026-08-27
9,INE084Q01012,86,86,132801.92366654027,96276.7918452417,1.328019236665403,0.9627679184524172,0.4312765512495692,1.7765971332248804,1.645758006337613,-0.2442935566502776,0.5581395348837209,0.0089093567974081,0.0047767379679143,1.7255888967153343,0.1485551301684531,-0.1124419830089258,0.3412698412698413,172.0,0.0461155353403941,0.0049727660635158,1.7916299869350747,0.076751151469044,-0.0009778343780723,0.0187965479728885,8,5,0.4763126255482675,-0.1087417691637177,0.1622164134676781,-53797.52592323087,150074.31776847257,132801.92366654027,113769.71620816932,96276.7918452417,65425.958159370464,39376.67435976159,RACE,RACE ECO CHAIN LIMITED,EQ,2025-08-20,2026-08-27,252,852636.4750000001,6333.5,0.0,0.056129575252073,0,0,1.0,LOW,FULL,False,False,momentum_1d,"{""move_threshold"":0.02,""signal_feature"":""previous_cc_signal""}",INTRADAY_SHORT_ALLOWED_RESEARCH,2025-08-20,2026-08-27
10,INE03V001013,90,90,131987.19229573978,94036.7092299752,1.3198719229573976,0.940367092299752,0.3806606037623685,1.9280415599234868,2.4431147344154844,-0.1713455876446824,0.5111111111111111,0.0081547718253268,0.0040215556997916,1.725531258350382,0.1462372881355933,-0.0752793522267206,0.3571428571428571,180.0,0.039729417368321,0.0041878482998449,1.9472462327799236,0.0546579836973199,-0.0001663935432286,0.0164759371938822,7,6,0.4967691961425378,-0.165193112418702,0.1634634808305277,83525.89641434263,10510.812815632584,131987.19229573978,112174.52123811805,94036.7092299752,62236.76390997882,35599.945290044416,UNIVPHOTO,UNIVERSUS IMAGINGS LTD,BE,2025-08-20,2026-08-27,252,399544.135,1285.0,0.119047619047619,0.0452679981911383,26,0,1.0,LOW,FULL,False,False,momentum_1d,"{""move_threshold"":0.02,""signal_feature"":""previous_cc_signal""}",INTRADAY_SHORT_ALLOWED_RESEARCH,2025-08-20,2026-08-27
1,INE185E01021,134,134,511458.7213781966,369114.92514479,5.114587213781967,3.6911492514479,0.5821224576335834,2.9564138298528766,2.862356435655036,-0.2949172141986577,0.5,0.0128432454060885,0.0067719298245613,2.0353509131387297,0.1192121212121213,-0.1871851851851851,0.5317460317460317,268.0,0.0495977772750512,0.0042845953766933,2.9975398554438075,0.0032486153471938,0.0043684817184329,0.0213180090937442,9,3,0.8326592514451576,-0.127066471187203,0.240084139959923,-67857.14285714288,436972.0680019329,511458.7213781966,435613.7552035337,369114.92514479,259718.44396134728,175687.19700853492,FILATFASH,FILATEX FASHIONS LIMITED,EQ,2025-08-20,2026-08-27,252,14146219.52,40314658.5,0.0,0.0654445688970291,16,0,1.0,OK,FULL,False,False,momentum_5d,"{""move_threshold"":0.05,""signal_feature"":""previous_5d_signal""}",INTRADAY_SHORT_ALLOWED_RESEARCH,2025-08-20,2026-08-27
2,INE568Z01015,103,103,241333.81543506472,178375.1620817475,2.413338154350648,1.7837516208174748,0.3742302317356476,2.9261355092634838,2.8437749779745896,-0.2224002042445153,0.5922330097087378,0.0106315375701124,0.0070322580645161,2.172576884747425,0.0924444444444444,-0.0828134394341291,0.4087301587301587,206.0,0.0360567264742471,0.0035527748269837,2.9924602846667083,0.0034711073381171,0.0035846255462864,0.0176784495939383,8,4,0.6514879198101375,-0.2222346356792337,0.2387114182437515,-78333.33333333333,256708.4954150808,241333.81543506472,208266.8595066557,178375.1620817475,126937.25113903852,84928.79328674151,URAVIDEF,URAVI DEFENCE &TECH LTD,BE,2025-08-20,2026-08-27,252,1462833.08,8423.5,0.0,0.0567582653615095,1,0,1.0,OK,FULL,False,False,momentum_5d,"{""move_threshold"":0.05,""signal_feature"":""previous_5d_signal""}",INTRADAY_SHORT_ALLOWED_RESEARCH,2025-08-20,2026-08-27
3,INE060J01017,139,139,264312.840043567,176478.10392373375,2.64312840043567,1.7647810392373375,0.43077245373502,2.5807014472775145,2.7359131914449937,-0.240137449770045,0.5755395683453237,0.007997806437419,0.0104999999999998,1.7465135281659414,0.0755,-0.1048806584362139,0.5515873015873016,278.0,0.0362000926942067,0.0030704517876614,2.6047653539319504,0.0102011457234564,0.0019265912420961,0.014069021632742,7,6,0.6570679132301811,-0.1735536004231062,0.2352915777153541,-85706.4622124863,262184.56613622006,264312.840043567,217393.0225538758,176478.10392373375,109704.81987418092,58970.49794430978,FLEXITUFF,FLEXITUFF VENTURES INT L,BE,2025-08-20,2026-08-27,252,197336.825,19380.0,0.0,0.0614380111341222,11,0,1.0,LOW,FULL,False,False,momentum_5d,"{""move_threshold"":0.05,""signal_feature"":""previous_5d_signal""}",INTRADAY_SHORT_ALLOWED_RESEARCH,2025-08-20,2026-08-27
4,INE084Q01012,83,83,199175.8902238573,153878.59743217853,1.991758902238573,1.538785974321785,0.4527433555647385,2.2838417693478035,2.0744552710459305,-0.3810654654899527,0.6144578313253012,0.0124577612799208,0.0136,1.9724509158742196,0.1485551301684531,-0.1155612891706097,0.3293650793650793,166.0,0.0488307841114523,0.0053598748827098,2.324263448780802,0.0225860264650935,0.0017952627118158,0.0231202598480258,8,3,0.6883882623730366,-0.242541623200285,0.2450043387083904,-53797.52592323087,207676.1233554094,199175.8902238573,175609.39119178778,153878.59743217853,115369.37238905262,82641.54952795868,RACE,RACE ECO CHAIN LIMITED,EQ,2025-08-20,2026-08-27,252,852636.4750000001,6333.5,0.0,0.056129575252073,0,0,1.0,LOW,FULL,False,False,momentum_5d,"{""move_threshold"":0.05,""signal_feature"":""previous_5d_signal""}",INTRADAY_SHORT_ALLOWED_RESEARCH,2025-08-20,2026-08-27
5,INE650L01011,133,133,227697.5162733496,151627.28948715376,2.276975162733496,1.5162728948715376,0.4991810635747751,2.0999358852587844,2.1113333675818797,-0.2953596148457256,0.6240601503759399,0.0078815656288895,0.0118595564941923,1.6547397758681934,0.1366666666666667,-0.1443807080554131,0.5277777777777778,266.0,0.0430196831887606,0.0037302796178743,2.112861886042956,0.0364954243805008,0.0005027038367878,0.0152604274209913,10,3,0.6317873011219357,-0.1848827882226014,0.2010165589437252,-56639.72665746766,208267.01614462145,227697.5162733496,187173.24551768837,151627.28948715376,93113.9372115508,48128.92493132246,BROOKS,BROOKS LAB LIMITED,BE,2025-08-20,2026-08-27,252,3046489.345,36411.5,0.0,0.0535242752193118,4,0,1.0,OK,FULL,False,False,momentum_5d,"{""move_threshold"":0.05,""signal_feature"":""previous_5d_signal""}",INTRADAY_SHORT_ALLOWED_RESEARCH,2025-08-20,2026-08-27
6,INE669R01026,51,51,141899.35077006748,118777.46710548871,1.4189935077006748,1.187774671054887,0.3578613943390856,2.370203748040092,1.3404590214966798,-0.2511922911495484,0.7254901960784313,0.0166314591792422,0.0249650028686172,2.4775728973013518,0.1053487031700288,-0.1708453159041394,0.2023809523809523,102.0,0.0482295905175548,0.0067534935062558,2.4626453203569927,0.0172801662133714,0.0030666682587387,0.0301962500997456,4,1,0.7445037325869046,-0.1392735429749284,0.2211727034643817,-74166.66666666666,192944.1337721554,141899.35077006748,130053.8031058152,118777.46710548871,97826.35088336292,78845.9087201338,ELITECON,ELITECON INTERNATIONAL L,EQ,2026-04-20,2026-08-27,91,42035669.64,1678644.0,0.0,0.0692913261751809,0,0,0.3611111111111111,OK,PARTIAL,True,True,momentum_5d,"{""move_threshold"":0.05,""signal_feature"":""previous_5d_signal""}",INTRADAY_SHORT_ALLOWED_RESEARCH,2025-08-20,2026-08-27
7,INE03V001013,115,115,172080.21137027122,116521.8364502647,1.720802113702712,1.165218364502647,0.4346833463835993,1.9889211369471356,2.483075604040547,-0.2038346689489437,0.4347826086956521,0.0075178338739239,-0.002,1.8121053524403008,0.1781843317972351,-0.0986374269005847,0.4563492063492063,230.0,0.0402477335154541,0.0037531205023935,2.0030888614232825,0.0475403323923519,8.293106545090734e-05,0.0149527366823969,6,6,0.9949782282700844,-0.1079227610873801,0.293928123842358,83525.89641434263,32995.940035922074,172080.21137027122,142730.29988799043,116521.8364502647,72229.97837947586,36935.89382326344,UNIVPHOTO,UNIVERSUS IMAGINGS LTD,BE,2025-08-20,2026-08-27,252,399544.135,1285.0,0.119047619047619,0.0452679981911383,26,0,1.0,LOW,FULL,False,False,momentum_5d,"{""move_threshold"":0.05,""signal_feature"":""previous_5d_signal""}",INTRADAY_SHORT_ALLOWED_RESEARCH,2025-08-20,2026-08-27
8,INE646X01014,109,109,159456.99484209096,108954.5890466815,1.5945699484209097,1.0895458904668152,0.4035743014855822,2.029125973103018,2.017575138234704,-0.3721322939502534,0.6330275229357798,0.0075128724515715,0.0073333333333334,1.6655325944456938,0.103121293800539,-0.1014248151191454,0.4325396825396825,218.0,0.0383375244264969,0.0036720688606006,2.045950862245712,0.0431906755215033,0.0002341949273935,0.0147915499757496,8,5,0.3464190106624363,-0.1753227088490886,0.1378348689754256,-78581.36300417248,187535.952050854,159456.99484209096,132853.0987681181,108954.5890466815,68209.71849867332,35351.21095120878,ASTRON,ASTRON PAPER BORD MIL LTD,BZ,2025-08-20,2026-08-27,252,261413.95,49273.0,0.0,0.058844467778128,0,0,1.0,LOW,FULL,False,False,momentum_5d,"{""move_threshold"":0.05,""signal_feature"":""previous_5d_signal""}",INTRADAY_SHORT_ALLOWED_RESEARCH,2025-08-20,2026-08-27
9,INE297H01019,109,109,147718.8877549513,99484.53931556188,1.477188877549513,0.9948453931556188,0.4106152205945864,1.878938905560667,2.5853777982177784,-0.1764083030697237,0.5688073394495413,0.0070781735155095,0.0038312438043035,1.7576604833330556,0.1917068024736268,-0.0779333806930302,0.4325396825396825,218.0,0.0390674766475765,0.0037419856030312,1.8915555179517067,0.0612290307382601,-0.00033909112155,0.0144954381525692,10,3,0.2604963431251621,-0.0412811586351542,0.0892765820704156,-7049.629390912116,106534.168706474,147718.8877549513,122309.26866146713,99484.53931556188,60572.76420446151,29195.17546181871,GALLANTT,GALLANTT ISPAT LIMITED,EQ,2025-08-20,2026-08-27,252,89841489.35,144723.0,0.0,0.0460094000049307,0,0,1.0,OK,FULL,False,False,momentum_5d,"{""move_threshold"":0.05,""signal_feature"":""previous_5d_signal""}",INTRADAY_SHORT_ALLOWED_RESEARCH,2025-08-20,2026-08-27
10,INE382M01027,118,118,152001.9479827983,99313.35472392454,1.5200194798279831,0.9931335472392452,0.4179412100788771,1.85800887361171,2.035371090525727,-0.2889352323239506,0.576271186440678,0.0065808345506319,0.0042080076737245,1.584151451382403,0.1710487804878049,-0.1151937172774868,0.4682539682539682,236.0,0.0382596096462083,0.0035220825530997,1.868449830865056,0.0642006846416722,-0.0003944653839005,0.0135561344851644,8,5,0.3586021010149465,-0.2012257654916256,0.1399958634929805,179445.0736126841,-80131.71888875955,152001.9479827983,124127.68013213234,99313.35472392454,57567.162841926416,24506.215675122992,UFBL,UNITED FOODBRANDS LIMITED,BE,2025-08-20,2026-08-27,252,25546507.78,89483.5,0.0,0.0535740584958071,1,0,1.0,OK,FULL,False,False,momentum_5d,"{""move_threshold"":0.05,""signal_feature"":""previous_5d_signal""}",INTRADAY_SHORT_ALLOWED_RESEARCH,2025-08-20,2026-08-27
1,INE451L01014,252,252,700980.463868927,385543.07559225085,7.009804638689269,3.8554307559225087,0.4761342487309276,3.5618850875299475,6.540060513073271,-0.23080933872126,0.5277777777777778,0.0067299026992736,0.0010716163322979,1.8935450066812511,0.1313375046927793,-0.0843628286709089,1.0,504.0,0.0299936384005382,0.0018894216219481,3.5618850875299466,0.0004404509251517,0.0030087619623901,0.0104510434361571,9,4,0.5011781362617049,-0.1599394548801214,0.196924016394719,258397.9692568045,127145.10633544635,700980.463868927,523704.4878403562,385543.07559225085,194036.0275241821,77884.67665321648,MAHASTEEL,MAHAMAYA STEEL INDS LTD,BE,2025-08-20,2026-08-27,252,5683947.0,7467.0,0.0039682539682539,0.0448085789108505,22,0,1.0,OK,FULL,False,False,open_to_close,{},LONG_ONLY,2025-08-20,2026-08-27
2,INE0RYC01010,252,252,299115.69566260383,141549.06634921284,2.991156956626038,1.4154906634921285,0.6834987489717708,1.624150896310728,3.7962617888140593,-0.3233992130439987,0.4166666666666667,0.0044051789911498,-0.002,1.3068173792192035,0.1563618701516527,-0.0869780061504923,1.0,504.0,0.0430563740762635,0.0027122966229038,1.6241508963107278,0.1055987029291944,-0.0009365813320927,0.0097469393143924,8,5,0.5003982771607143,-0.1854341355983694,0.2064955876386726,39841.77420400738,101707.29214520546,299115.69566260383,210532.1032585851,141549.06634921284,46041.29978933238,-11791.98784950428,STALLION,STALLION IND FLUOROCHEM L,BE,2025-08-20,2026-08-27,252,194409665.745,1082740.0,0.0,0.0612168842996366,13,0,1.0,OK,FULL,False,False,open_to_close,{},LONG_ONLY,2025-08-20,2026-08-27
3,INE291W01037,252,252,251693.65972799523,112833.36664479764,2.5169365972799524,1.1283336664479764,0.5319105145783605,1.6766807379169095,3.1998141672187383,-0.3573126874744731,0.5317460317460317,0.0035390639447976,0.0032311681943281,1.356811286261219,0.2595196078431372,-0.0741158426217013,1.0,504.0,0.0335072128884461,0.0021107560102315,1.67668073791691,0.0948498924233793,-0.000617986066727,0.0076961139563223,8,5,0.3479108587665263,-0.1178533910243185,0.1517463717979855,73514.69668542876,39318.66995936888,251693.65972799523,173625.47193695087,112833.36664479764,28670.457784540675,-22289.41395099387,GLOBAL,GLOBAL EDUCATION LIMITED,EQ,2025-08-20,2026-08-27,252,6033292.79,64412.5,0.0,0.0492167107965279,0,0,1.0,OK,FULL,False,False,open_to_close,{},LONG_ONLY,2025-08-20,2026-08-27
4,INE198H01019,252,252,241440.11494294897,106622.88569021127,2.41440114942949,1.066228856902113,0.4788070155923013,1.7561671209255112,2.718180842714219,-0.3232308641751517,0.5,0.0033367664208399,2.4318739355268584e-05,1.3385104390549536,0.0898258212375857,-0.0920125515510131,1.0,504.0,0.0301620068869108,0.0019000278396519,1.7561671209255114,0.0802794574607476,-0.0004052628399726,0.0070787956816525,8,5,0.4850736039276964,-0.2601638168191196,0.1857516062125944,29041.095890411103,77581.78979980019,241440.11494294897,165644.53159797203,106622.88569021127,24912.60194263772,-24560.935824119588,AAREYDRUGS,AAREY DRUGS & PHARM LTD,EQ,2025-08-20,2026-08-27,252,5697580.085,73684.5,0.0,0.0459205652304889,11,0,1.0,OK,FULL,False,False,open_to_close,{},LONG_ONLY,2025-08-20,2026-08-27
5,INE0P8B01020,122,122,154781.4936088837,99911.91209615453,1.547814936088837,0.9991191209615452,0.4033377366146177,1.9159703091462152,2.4500728143899124,-0.1856560149434272,0.3934426229508196,0.0063342879337036,-0.002,1.708889306445717,0.1267341772151899,-0.0876684592886121,0.4841269841269841,244.0,0.0363079749704962,0.0032871696012469,1.926973263351172,0.0563275029637819,-0.0001735313239608,0.0128421071913681,4,3,0.5241378755927628,-0.0480617764076837,0.1680669516518596,48691.75180662851,51220.160289526015,154781.4936088837,125698.9206691472,99911.91209615453,56783.15504616872,22899.246085466148,GAUDIUMIVF,GAUDIUM IVF N WOMEN H L,BE,2026-02-27,2026-08-27,122,24706889.05,223573.0,0.0,0.0455015591425109,34,0,0.4841269841269841,OK,PARTIAL,True,True,open_to_close,{},LONG_ONLY,2025-08-20,2026-08-27
6,INE658G01014,252,252,225064.1692074525,96690.1831904754,2.250641692074525,0.966901831904754,0.4998035549593564,1.6026666946762842,2.6439909278908877,-0.2073653963747443,0.4325396825396825,0.0031786448865641,-0.002,1.3210169330167494,0.0970491283676702,-0.0880273972602739,1.0,504.0,0.0314846645430585,0.0019833474403149,1.602666694676284,0.1102659120365022,-0.0007274790139021,0.0070847687870305,8,5,0.4083458751047095,-0.1557904251290401,0.1415232084437152,359204.61834509345,-262514.43515461806,225064.1692074525,152889.22098953734,96690.1831904754,18894.014667612937,-28204.161342084142,SALSTEEL,S.A.L. STEEL LTD.,EQ,2025-08-20,2026-08-27,252,4810154.734999999,120881.5,0.0,0.0465047757380627,31,0,1.0,OK,FULL,False,False,open_to_close,{},LONG_ONLY,2025-08-20,2026-08-27
7,INE03V001013,252,252,210048.17648131168,87581.2150202244,2.1004817648131167,0.875812150202244,0.5385099155388505,1.430836623519055,2.612600801959209,-0.6505065723977392,0.4285714285714285,0.0030576178939727,-0.002,1.3088004654036245,0.1781843317972351,-0.0803711102573953,1.0,504.0,0.0339229360728141,0.0021369441092811,1.430836623519055,0.1537208349286953,-0.0011510085370566,0.0072662443250022,7,6,1.092572718972881,-0.3026982577748002,0.3788419167535718,83525.89641434263,4055.3186058817664,210048.17648131168,141192.45630232862,87581.2150202244,13373.87121568239,-31546.07978019677,UNIVPHOTO,UNIVERSUS IMAGINGS LTD,BE,2025-08-20,2026-08-27,252,399544.135,1285.0,0.119047619047619,0.0452679981911383,26,0,1.0,LOW,FULL,False,False,open_to_close,{},LONG_ONLY,2025-08-20,2026-08-27
8,INE138C01024,252,252,196691.01060677908,79498.33526042334,1.966910106067791,0.7949833526042334,0.4476035779467195,1.529353127282499,2.802245462568008,-0.2965814574710516,0.5198412698412699,0.0027164441734748,0.0012595057455965,1.2909014158481522,0.0900121334681496,-0.0746998491704374,1.0,504.0,0.028196375075946,0.0017762046743917,1.5293531272824987,0.1274361791012477,-0.0007817202881487,0.0062146086350983,5,8,0.4970575295389916,-0.1599122062074245,0.1906273544621986,83699.67607589078,-4201.34081546744,196691.01060677908,130800.55556238691,79498.33526042334,8487.585458915171,-34496.9544693002,KANORICHEM,KANORIACHEMICALS-,BE,2025-08-20,2026-08-27,252,1355344.275,16683.5,0.0,0.0468210413990816,2,0,1.0,OK,FULL,False,False,open_to_close,{},LONG_ONLY,2025-08-20,2026-08-27
9,INE701A01023,247,247,177079.28189574572,69313.89588268026,1.770792818957457,0.6931389588268027,0.3089688300671493,1.8583826267672845,3.256291634456674,-0.1551051306964381,0.5182186234817814,0.0023246247206858,0.0007696793002915,1.3912155852971315,0.0898882303132939,-0.0577125923224217,0.98015873015873,494.0,0.0196572705504445,0.001250762173294,1.858566536725097,0.0642829625133707,-0.0001389442173483,0.00478819365872,9,4,0.2479394123602674,-0.0436079777644924,0.0779665281941468,-1997.0593903920671,71310.95527307232,177079.28189574572,116621.55491307194,69313.89588268026,3360.255183880072,-36964.4930339326,VHL,VARDHMAN HOLDINGS LIMITED,EQ,2025-08-20,2026-08-27,247,1866618.4,535.0,0.0040485829959514,0.0312284161080838,0,0,0.98015873015873,OK,FULL,False,True,open_to_close,{},LONG_ONLY,2025-08-20,2026-08-27
10,INE382M01027,252,252,145352.55054808847,48364.0335429468,1.4535255054808849,0.483640335429468,0.585750536925199,0.9554607728771792,2.178982031813898,-0.5541903940004625,0.4444444444444444,0.0022208796060467,-0.0045022893772893,1.1871042593697974,0.1979999999999999,-0.0764075829383885,1.0,504.0,0.0368988155006341,0.0023244068925603,0.9554607728771796,0.3402640358332965,-0.0023569473207356,0.0067987065328291,6,7,0.770365508951087,-0.2650963505821896,0.2928171127155649,179445.0736126841,-131081.0400697373,145352.55054808847,90815.73363571356,48364.0335429468,-10374.994480330815,-45913.29686171304,UFBL,UNITED FOODBRANDS LIMITED,BE,2025-08-20,2026-08-27,252,25546507.78,89483.5,0.0,0.0535740584958071,1,0,1.0,OK,FULL,False,False,open_to_close,{},LONG_ONLY,2025-08-20,2026-08-27
1,INE542C01019,102,102,337251.5978973547,257463.17158641855,3.3725159789735466,2.574631715864186,0.4896073680910751,2.8412009315706324,4.5099452736266645,-0.169231366615462,0.5490196078431373,0.0136379697090608,0.00619932384087,2.235495669212905,0.187287152637938,-0.0776097560975609,0.4047619047619047,204.0,0.0474572884908828,0.0046989717595582,2.9023306388934054,0.0045479633368712,0.0043164737479426,0.022959465670179,9,4,0.5663671136474919,-0.1024571825636516,0.1821766761521042,-20276.996687457344,277740.168273876,337251.5978973547,295369.353574382,257463.17158641855,192117.56802066255,138621.64225888817,NKIND,NK INDUSTRIES LTD,EQ,2025-08-20,2026-08-27,247,38400.03,609.0,0.1214574898785425,0.0644841661897237,7,0,0.98015873015873,LOW,FULL,False,True,reversal_1d,"{""move_threshold"":0.02,""signal_feature"":""previous_cc_signal""}",INTRADAY_SHORT_ALLOWED_RESEARCH,2025-08-20,2026-08-27
2,INE368U01029,145,145,359701.7856508366,244861.13432142945,3.5970178565083657,2.448611343214294,0.45296957818275,2.9584544084627127,5.074686639266362,-0.1922401846690064,0.496551724137931,0.0092419989343051,-0.0006154378677742,2.042335928142811,0.1196666666666665,-0.0789230769230769,0.5753968253968254,290.0,0.0371846434601912,0.0030880165593418,2.992859253408617,0.0032532565259252,0.0031383024002754,0.0153456954683349,9,4,0.4927722536232282,-0.0615048661573253,0.1709922526204521,1683.867463335249,243177.26685809417,359701.7856508366,298190.77379836526,244861.13432142945,158561.6128709825,93746.82195016395,UNITEDPOLY,UNITED POLYFAB GUJ. LTD.,EQ,2025-08-20,2026-08-27,252,2526799.48,80560.0,0.0,0.0553504552501085,21,0,1.0,OK,FULL,False,False,reversal_1d,"{""move_threshold"":0.02,""signal_feature"":""previous_cc_signal""}",INTRADAY_SHORT_ALLOWED_RESEARCH,2025-08-20,2026-08-27
3,INE938A01021,173,173,311976.11076182907,192108.36407763773,3.1197611076182907,1.9210836407763767,0.5765091171612857,2.146933052568868,3.0404329796129925,-0.229149426561683,0.4797687861271676,0.0071544883164211,-0.002,1.5473174854007836,0.1306781326781327,-0.1052863849765259,0.6865079365079365,346.0,0.0436867680040493,0.0033214434659254,2.1540298336608004,0.0326296632013242,0.0005984499253671,0.0137105267074752,9,4,0.4953919309338499,-0.1012485964248828,0.1515924697767532,-29960.31746031756,222068.6815379553,311976.11076182907,246932.65593333225,192108.36407763773,106975.05837772926,46552.3894008268,LCCINFOTEC,LCC INFOTECH LTD,EQ,2025-08-20,2026-08-27,252,237334.535,49269.0,0.0039682539682539,0.0677197187117652,19,0,1.0,LOW,FULL,False,False,reversal_1d,"{""move_threshold"":0.02,""signal_feature"":""previous_cc_signal""}",INTRADAY_SHORT_ALLOWED_RESEARCH,2025-08-20,2026-08-27
4,INE794W01014,122,122,255417.3020589685,179044.3438344024,2.554173020589685,1.790443438344024,0.4613743305682752,2.457876161771692,2.530518995270088,-0.1611531565334182,0.5901639344262295,0.0092950899078453,0.0092171154154784,1.8069071235065528,0.1153009744438315,-0.1168297749567224,0.4841269841269841,244.0,0.0413195502557457,0.0037408963085452,2.484722681730775,0.0143320591622828,0.0018889989570037,0.016701180858687,9,4,0.4187021838620819,-0.039528413692105,0.1241917246751218,5916.464403743827,173127.87943065856,255417.3020589685,214943.0162001074,179044.3438344024,118977.13307151166,71756.96414070894,MODTHREAD,MODERN THREADS INDIA LTD,EQ,2025-08-20,2026-08-27,250,75419.825,1565.5,0.036,0.063532606264427,0,0,0.992063492063492,LOW,FULL,False,True,reversal_1d,"{""move_threshold"":0.02,""signal_feature"":""previous_cc_signal""}",INTRADAY_SHORT_ALLOWED_RESEARCH,2025-08-20,2026-08-27
5,INE142K01011,86,86,209055.92811067007,160725.41877545853,2.0905592811067013,1.6072541877545854,0.3735628247000293,2.754221733434012,2.580939707047651,-0.1140996441281139,0.6395348837209303,0.0119636610533932,0.0151406095594736,2.184466688939023,0.1204806201550388,-0.1140996441281139,0.3412698412698413,172.0,0.0392408903515512,0.0042314540295798,2.827316796959566,0.0058517751169222,0.0035503968044145,0.0203769253023719,11,2,0.2832467423274523,-0.0450392897851864,0.1033960742131424,-34620.886981401934,195346.30575686047,209055.92811067007,183875.8898160217,160725.41877545853,119878.67852795814,85368.41144617967,AURUS,AURUS GEM CORP LIMITED,EQ,2025-08-20,2026-08-27,252,137751.735,26086.0,0.0,0.0649818848767413,0,0,1.0,LOW,FULL,False,False,reversal_1d,"{""move_threshold"":0.02,""signal_feature"":""previous_cc_signal""}",INTRADAY_SHORT_ALLOWED_RESEARCH,2025-08-20,2026-08-27
6,INE235C01036,129,129,229940.6502534462,155405.86489171156,2.299406502534462,1.5540586489171155,0.4408815284499833,2.3458010767565765,3.037967414724525,-0.1603627792044659,0.5038759689922481,0.0080172121252717,6.489675516219325e-05,1.7600559681732957,0.1537603686635944,-0.0962857142857143,0.5119047619047619,258.0,0.038482759309061,0.0033882180311573,2.3662031343753887,0.0194718557283248,0.0013130438741984,0.014721380376345,7,4,0.4048799943970971,-0.0580485711644584,0.1367206440368944,-65869.67945349443,221275.544345206,229940.6502534462,190309.31887636692,155405.86489171156,97607.9518602321,52811.34350616587,SUMEETINDS,SUMEET IND LIMITED,EQ,2025-10-03,2026-08-27,222,4281419.005,147613.0,0.0,0.0520674194299541,16,1,0.8809523809523809,OK,PARTIAL,True,True,reversal_1d,"{""move_threshold"":0.02,""signal_feature"":""previous_cc_signal""}",INTRADAY_SHORT_ALLOWED_RESEARCH,2025-08-20,2026-08-27
7,INE342A01018,121,121,196963.97847992895,133558.3286825168,1.96963978479929,1.3355832868251678,0.3372530873797886,2.686189238529726,3.1189016829120804,-0.1317966826937813,0.6115702479338843,0.0074869885452935,0.0082389078498293,1.8585194167945416,0.0932380952380952,-0.0699347826086956,0.4801587301587302,242.0,0.03024378632055,0.00274943512005,2.7231006437268945,0.0074322225878706,0.0020432983543865,0.0129306787362004,10,3,0.279456115894457,-0.0657781628115227,0.0887458993998887,-25132.27513227504,158690.60381479183,196963.97847992895,163375.55885092914,133558.3286825168,83602.79894299229,44262.93378041656,PREMIER,PREMIER LIMITED,BE,2025-08-20,2026-08-27,252,19611.57,6489.0,0.0,0.0592424352568903,0,0,1.0,LOW,FULL,False,False,reversal_1d,"{""move_threshold"":0.02,""signal_feature"":""previous_cc_signal""}",INTRADAY_SHORT_ALLOWED_RESEARCH,2025-08-20,2026-08-27
8,INE389K01018,97,97,174606.87904505717,126568.0460897094,1.7460687904505718,1.265680460897094,0.354912108114807,2.480635883688574,2.9269288440808823,-0.228484611887939,0.5154639175257731,0.0090763681540737,0.0028529411764706,2.0657276681827126,0.1187150915560184,-0.0762968485259232,0.3849206349206349,194.0,0.0354359328590628,0.0035979738536381,2.5226331605761616,0.0132921611419655,0.001934446501303,0.0162182898068443,7,6,0.4890285092466369,-0.1720472583263288,0.1862850354101349,191564.6720895956,-64996.62599988619,174606.87904505717,149445.54673959903,126568.0460897094,86861.49650121981,54054.44704679152,WELINV,WELSPUN INV & COMM LTD,BE,2025-08-20,2026-08-27,245,664921.7,483.0,0.1591836734693877,0.0509006619269206,7,0,0.9722222222222222,LOW,FULL,False,True,reversal_1d,"{""move_threshold"":0.02,""signal_feature"":""previous_cc_signal""}",INTRADAY_SHORT_ALLOWED_RESEARCH,2025-08-20,2026-08-27
9,INE230B01021,117,117,180244.110291845,122120.74349025532,1.8024411029184495,1.2212074349025532,0.5142571928180173,1.8110808669400624,1.719832865695348,-0.3246225487840459,0.6153846153846154,0.0079603535264873,0.0081651842439645,1.570300114117281,0.1351900826446281,-0.1439518377693283,0.4642857142857143,234.0,0.0472921265181522,0.0043721586432545,1.8206918312007443,0.0712314524783061,-0.0006992575690652,0.0166199646220399,9,4,0.281932741290019,-0.1307461593858387,0.1206424347535932,-19092.12283044049,141212.86632069582,180244.110291845,149509.98633039166,122120.74349025532,75970.68790379132,39344.33801961827,CREATIVEYE,CREATIVE EYE LIMITED,EQ,2025-08-20,2026-08-27,252,84449.67,12409.5,0.0,0.0799337595184192,0,0,1.0,LOW,FULL,False,False,reversal_1d,"{""move_threshold"":0.02,""signal_feature"":""previous_cc_signal""}",INTRADAY_SHORT_ALLOWED_RESEARCH,2025-08-20,2026-08-27
10,INE326T01011,144,144,192606.81479324872,119739.26877256624,1.926068147932487,1.1973926877256624,0.4944997372755962,1.841593775493064,1.965810381676468,-0.2071310062522592,0.4583333333333333,0.0063240808204839,-0.002,1.587514468443408,0.1248844221105527,-0.1784286497751452,0.5714285714285714,288.0,0.04106037104228,0.0034216975868566,1.848229032505931,0.06663482967017,-0.0004395621030886,0.0130877237440565,10,3,0.3651469815153791,-0.0806937022834606,0.1078254497505282,-26934.599713766554,146673.86848633282,192606.81479324872,153587.02546929766,119739.26877256624,64923.53226603402,23710.99500362248,NIRAJISPAT,NIRAJ ISPAT IND LTD,EQ,2025-08-20,2026-08-27,234,44363.21,185.0,0.3418803418803419,0.0568834800623956,27,0,0.9285714285714286,LOW,PARTIAL,False,True,reversal_1d,"{""move_threshold"":0.02,""signal_feature"":""previous_cc_signal""}",INTRADAY_SHORT_ALLOWED_RESEARCH,2025-08-20,2026-08-27
1,INE938A01021,122,122,753864.5503259064,571554.0774551018,7.538645503259064,5.715540774551018,0.4696223210562117,4.299564842325056,5.2041125767993,-0.2188433876956262,0.5983606557377049,0.0165505870556096,0.0146859174706709,2.968399503699704,0.1275180722891566,-0.1049411764705883,0.4841269841269841,244.0,0.0409020454063224,0.0037030971955263,4.469390399907416,1.7784474180525934e-05,0.0092193294189765,0.0238818446922427,11,2,0.5957830919934279,-0.0718326944941906,0.1927270782419939,-29960.31746031756,601514.3949154193,753864.5503259064,657287.3409007675,571554.0774551018,427918.53329680767,314806.8517230698,LCCINFOTEC,LCC INFOTECH LTD,EQ,2025-08-20,2026-08-27,252,237334.535,49269.0,0.0039682539682539,0.0677197187117652,19,0,1.0,LOW,FULL,False,False,reversal_5d,"{""move_threshold"":0.05,""signal_feature"":""previous_5d_signal""}",INTRADAY_SHORT_ALLOWED_RESEARCH,2025-08-20,2026-08-27
2,INE230B01021,56,56,198904.8777379957,167743.05442228372,1.9890487773799568,1.6774305442228372,0.4216424906686306,2.547279928194142,1.659325022622589,-0.1401872213967311,0.7142857142857143,0.0191793116670355,0.0156440124292885,2.5924932329708588,0.1351900826446281,-0.1401872213967311,0.2222222222222222,112.0,0.0541135451951472,0.0072312266465695,2.65229021360214,0.010426771599186,0.0046876096291962,0.0336710137048747,9,2,0.2978622581943042,-0.0561496933942033,0.1168735128748821,-19092.12283044049,186835.1772527242,198904.8777379957,182902.8959400326,167743.05442228372,139777.79151370013,114686.55832891348,CREATIVEYE,CREATIVE EYE LIMITED,EQ,2025-08-20,2026-08-27,252,84449.67,12409.5,0.0,0.0799337595184192,0,0,1.0,LOW,FULL,False,False,reversal_5d,"{""move_threshold"":0.05,""signal_feature"":""previous_5d_signal""}",INTRADAY_SHORT_ALLOWED_RESEARCH,2025-08-20,2026-08-27
3,INE740D01017,78,78,169742.76889791683,131184.16249464938,1.6974276889791682,1.311841624946494,0.2894499263088993,3.0416264670739346,3.0871491390815065,-0.1085572646497571,0.6025641025641025,0.0112871609840224,0.0070593434343433,2.590632643248469,0.0917994722955144,-0.063740041928721,0.3095238095238095,156.0,0.0315379372369713,0.0035709682037716,3.1608125135645264,0.0022499863283137,0.0041764548524699,0.0183978671155748,12,1,0.1792976421803411,-0.0843018523010338,0.0717152149928232,49656.08078442855,81528.08171022084,169742.76889791683,149729.8874617612,131184.16249464938,98076.73673736332,69658.43756256215,NRAIL,N R AGARWAL INDS LTD,EQ,2025-08-20,2026-08-27,252,2759958.625,6034.0,0.0,0.050449429173368,2,0,1.0,OK,FULL,False,False,reversal_5d,"{""move_threshold"":0.05,""signal_feature"":""previous_5d_signal""}",INTRADAY_SHORT_ALLOWED_RESEARCH,2025-08-20,2026-08-27
4,INE542C01019,44,44,146274.0677138066,125899.3025981296,1.4627406771380662,1.258993025981296,0.2689741816524887,3.1646863428100462,2.8203535442214003,-0.1260584137359979,0.6590909090909091,0.0193458845282758,0.0175998784989591,3.908457629496492,0.0917665782493369,-0.0660277777777778,0.1746031746031746,88.0,0.0368743081996109,0.0055590111228197,3.480094588920842,0.0011620824633627,0.0081350701614645,0.0305566988950872,9,4,0.3250200353293764,-0.0993907903617389,0.1096040151048514,-20276.996687457344,146176.29928558695,146274.0677138066,135871.78816548025,125899.3025981296,107174.95387507934,89970.19737087705,NKIND,NK INDUSTRIES LTD,EQ,2025-08-20,2026-08-27,247,38400.03,609.0,0.1214574898785425,0.0644841661897237,7,0,0.98015873015873,LOW,FULL,False,True,reversal_5d,"{""move_threshold"":0.05,""signal_feature"":""previous_5d_signal""}",INTRADAY_SHORT_ALLOWED_RESEARCH,2025-08-20,2026-08-27
5,INE997I01012,24,24,131680.61127770753,121166.57828602468,1.3168061127770754,1.2116657828602468,0.2896560738127392,2.880140731528253,2.838975350906748,-0.0510605427974948,0.7083333333333334,0.034760427346776,0.027594387755102,8.017022253178872,0.1462897384305835,-0.0510605427974948,0.0952380952380952,48.0,0.0499262961926584,0.0101911625349226,3.4108402478775552,0.0023947612624562,0.0136784014098908,0.0558424532836611,5,0,0.3633672510240202,0.0,0.1111598626072765,-11598.00819158717,132764.58647761185,131680.61127770753,126365.10731677104,121166.57828602468,111110.6369727496,101493.661590108,SHRIKRISH,SHRI KRISHNA DEVCON LTD.,EQ,2026-04-20,2026-08-27,86,50599.935,1223.5,0.0930232558139534,0.0877846748536369,2,0,0.3412698412698413,LOW,PARTIAL,True,True,reversal_5d,"{""move_threshold"":0.05,""signal_feature"":""previous_5d_signal""}",INTRADAY_SHORT_ALLOWED_RESEARCH,2025-08-20,2026-08-27
6,INE197J01017,64,64,148981.86974854145,119408.99572049997,1.4898186974854144,1.1940899572049997,0.3842944829161388,2.232366512678192,2.038492892943908,-0.1372976926981337,0.609375,0.0134044708542026,0.0149961920662329,2.177195666740954,0.1970881458966564,-0.0946694329183954,0.2539682539682539,128.0,0.0468901468032354,0.0058612683504044,2.286957370460223,0.0255689402837289,0.0016916606789958,0.0251172810294094,9,2,0.3521575275118529,-0.0513815781661998,0.1185387967901411,-16040.100250626536,135449.0959711265,148981.86974854145,133735.49302714664,119408.99572049997,93300.1579203998,70255.2951439528,LPDC,LANDMARK PR.DEV.CO.LTD,EQ,2025-08-20,2026-08-27,252,207724.56,29088.0,0.0,0.06141560239158,0,0,1.0,LOW,FULL,False,False,reversal_5d,"{""move_threshold"":0.05,""signal_feature"":""previous_5d_signal""}",INTRADAY_SHORT_ALLOWED_RESEARCH,2025-08-20,2026-08-27
7,INE565L01011,83,83,158191.98564037803,119041.09506386884,1.5819198564037804,1.1904109506386886,0.4184777713716004,2.0840196673177904,1.6825951612051848,-0.1972023778003729,0.5542168674698795,0.0105074205526955,0.0093378684807254,1.9345916811471044,0.1472753623188405,-0.1573398058252426,0.3293650793650793,166.0,0.0453015937451357,0.0049724959137884,2.1131079310812853,0.0376320052109972,0.0006155421561105,0.0203992989492806,7,6,0.3855891464862206,-0.1304731548160106,0.1615607268221726,-19131.3340227506,138172.42908661946,158191.98564037803,137821.9323471757,119041.09506386884,85766.0615160552,57494.178208949306,ZEELEARN,ZEE LEARN LIMITED,BE,2025-08-20,2026-08-27,252,3145303.14,429464.5,0.0,0.0554107371428743,4,0,1.0,OK,FULL,False,False,reversal_5d,"{""move_threshold"":0.05,""signal_feature"":""previous_5d_signal""}",INTRADAY_SHORT_ALLOWED_RESEARCH,2025-08-20,2026-08-27
8,INE749B01020,106,106,167763.7190423641,116963.92561784964,1.6776371904236411,1.1696392561784963,0.3712916466928276,2.269164402921009,2.6637228421220147,-0.1250445277119054,0.5188679245283019,0.0079483187526159,0.0014824739801411,1.9771493664416724,0.1237922964407607,-0.0795566231983526,0.4206349206349206,212.0,0.0356478328752143,0.003462423609537,2.295593967971682,0.0236863917549521,0.0010829723354777,0.014813665169754,10,3,0.3080912498781418,-0.1167388145925374,0.1082483849522623,24177.63157894752,92786.29403890212,167763.7190423641,141041.77869910476,116963.92561784964,75728.1858834385,42269.79029778633,ORTINGLOBE,ORTIN GLOBAL LIMITED,EQ,2025-08-20,2026-08-27,252,90345.985,7213.0,0.0039682539682539,0.0566574161075563,15,0,1.0,LOW,FULL,False,False,reversal_5d,"{""move_threshold"":0.05,""signal_feature"":""previous_5d_signal""}",INTRADAY_SHORT_ALLOWED_RESEARCH,2025-08-20,2026-08-27
9,INE558R01013,79,79,147487.5925893051,111633.3658433032,1.474875925893051,1.116333658433032,0.4143159283956477,2.010168191627879,2.238838223594113,-0.1879853114856828,0.5569620253164557,0.0105423379815912,0.005265625,1.96944623461626,0.1674964028776978,-0.1119041533546325,0.3134920634920635,158.0,0.0459861849476241,0.0051738500294318,2.037619552484188,0.0449789576194001,0.0002419938160255,0.0208426821471568,9,4,0.2828416201532979,-0.0835532086164455,0.1137628902417058,-25809.697503301795,137443.063346605,147487.5925893051,128868.3026577624,111633.3658433032,80917.12121538186,54610.67628696072,HECPROJECT,HEC INFRA PROJECTS LTD,EQ,2025-08-20,2026-08-27,252,1444643.86,11380.0,0.0,0.0663223177738018,0,0,1.0,OK,FULL,False,False,reversal_5d,"{""move_threshold"":0.05,""signal_feature"":""previous_5d_signal""}",INTRADAY_SHORT_ALLOWED_RESEARCH,2025-08-20,2026-08-27
10,INE215I01027,84,84,139156.71688820425,102477.75232665788,1.3915671688820423,1.0247775232665788,0.255875953083137,2.886481987029665,3.533311426737168,-0.0587012930068803,0.6190476190476191,0.0087926348748633,0.0085983319974232,2.2578641391912555,0.0771941875825628,-0.0551326281529698,0.3333333333333333,168.0,0.02708382967406,0.0029550880854921,2.975422261701868,0.0038315149070644,0.0029150835259446,0.0146701862237821,10,3,0.1560255564542125,-0.0233570557923914,0.0717101032010286,8751.98061329119,93725.77171336667,139156.71688820425,120063.42781265764,102477.75232665788,71367.45321842577,44989.01659720126,MAANALU,MAAN ALUMINIUM LIMITED,EQ,2025-08-20,2026-08-27,252,9056855.22,65582.0,0.0,0.049074845481228,0,0,1.0,OK,FULL,False,False,reversal_5d,"{""move_threshold"":0.05,""signal_feature"":""previous_5d_signal""}",INTRADAY_SHORT_ALLOWED_RESEARCH,2025-08-20,2026-08-27
1,INE451L01014,75,75,116867.47203416456,86903.89620358014,1.1686747203416457,0.8690389620358014,0.3075189677092767,2.185053169145091,2.340902000126908,-0.1146889706874949,0.5466666666666666,0.0089592705995384,0.0011051964512041,2.0991045811810016,0.1313375046927793,-0.0843628286709089,0.2976190476190476,150.0,0.0348673576380918,0.0040261356636566,2.225277871387315,0.02910964941549,0.0009370201722034,0.0169815210268734,9,4,0.1776462087775077,-0.0828120533720244,0.0873517412758823,258397.9692568045,-171494.07305322436,116867.47203416456,101336.450193089,86903.89620358014,61032.62297826874,38701.27114814118,MAHASTEEL,MAHAMAYA STEEL INDS LTD,BE,2025-08-20,2026-08-27,252,5683947.0,7467.0,0.0039682539682539,0.0448085789108505,22,0,1.0,OK,FULL,False,False,turn_of_month,"{""days"":3}",LONG_ONLY,2025-08-20,2026-08-27
2,INE010J01012,75,75,104659.21066984488,76359.53853645915,1.0465921066984487,0.7635953853645916,0.3408322558805692,1.826511062521286,3.369712574221803,-0.1016283729822082,0.48,0.0083004518110659,-0.0025882352941176,2.0124381846887336,0.1482135738016137,-0.0484140229601284,0.2976190476190476,150.0,0.0389171375579892,0.0044937639690389,1.8471045360313127,0.0687295041760036,-0.000653568354321,0.0172544719764529,8,5,0.265776950657461,-0.0324599903184161,0.0896128831823148,-12906.79843244172,89266.33696890087,104659.21066984488,89990.18951339711,76359.53853645915,51928.0429202879,30842.17351539592,TEJASNET,TEJAS NETWORKS LIMITED,EQ,2025-08-20,2026-08-27,252,591811394.575,1434576.0,0.0,0.0428986346114633,0,0,1.0,OK,FULL,False,False,turn_of_month,"{""days"":3}",LONG_ONLY,2025-08-20,2026-08-27
3,INE458B01036,75,75,99130.57268465048,71585.08649702088,0.9913057268465048,0.7158508649702089,0.33839838716845,1.7612873952407968,1.6628297957746905,-0.098178906353018,0.5466666666666666,0.0079468908518614,0.0024253226797787,1.8518175365816711,0.1348871112337082,-0.0939879171461449,0.2976190476190476,150.0,0.0386830915262135,0.0044667386611492,1.7791259920760003,0.0793255880495433,-0.0009532802120847,0.0168470619158075,7,6,0.2730360236377704,-0.076785433162859,0.1069252186472025,307340.425531915,-235755.3390348941,99130.57268465048,84852.2779849552,71585.08649702088,47806.09551490433,27284.595908493386,BHAGYANGR,BHAGYANAGAR INDIA LIMITED,EQ,2025-08-20,2026-08-27,252,26120744.79,110766.5,0.0,0.0559408983560994,5,0,1.0,OK,FULL,False,False,turn_of_month,"{""days"":3}",LONG_ONLY,2025-08-20,2026-08-27
4,INE0RYC01010,75,75,94582.85237224874,67654.28019388128,0.9458285237224876,0.6765428019388127,0.378699458245159,1.5490530135563425,1.9375575901772448,-0.0966700834879038,0.4266666666666667,0.0078216738270242,-0.002,1.6163108449178296,0.1271793313069908,-0.0869780061504923,0.2976190476190476,150.0,0.0434370279030706,0.005015675950527,1.559445606967964,0.1231577141857511,-0.0021722786621338,0.0178156263161823,8,5,0.3784886944949068,-0.0748531370161249,0.1175082850677566,39841.77420400738,27812.5059898739,94582.85237224874,80624.09873992263,67654.28019388128,44409.50076336993,24350.46480004885,STALLION,STALLION IND FLUOROCHEM L,BE,2025-08-20,2026-08-27,252,194409665.745,1082740.0,0.0,0.0612168842996366,13,0,1.0,OK,FULL,False,False,turn_of_month,"{""days"":3}",LONG_ONLY,2025-08-20,2026-08-27
5,INE548A01028,75,75,92137.64450412996,65554.7192533699,0.9213764450412998,0.6555471925336991,0.2621324155112799,2.052938734301659,2.6575737964796144,-0.1714283860145878,0.5333333333333333,0.0071752238575888,0.0060355861673124,1.8536552234944492,0.0954398758727697,-0.0539395134779751,0.2976190476190476,150.0,0.0298031006958365,0.0034413656418853,2.084993169647011,0.0405197547778703,0.000318153133311,0.0140322945818666,7,6,0.2448740970616461,-0.0603165392657186,0.0912839902150527,230518.9567087924,-164964.23745542252,92137.64450412996,78358.19860913797,65554.7192533699,42607.34751705718,22804.126104586627,HFCL,HFCL LIMITED,EQ,2025-08-20,2026-08-27,252,1714871040.87,19085516.0,0.0,0.0431813864594361,2,0,1.0,OK,FULL,False,False,turn_of_month,"{""days"":3}",LONG_ONLY,2025-08-20,2026-08-27
6,INE24OJ01011,45,45,80826.80329029067,65434.40046292773,0.8082680329029066,0.6543440046292774,0.2539070406072422,2.105686077873076,2.562171381952834,-0.0817926173493918,0.5777777777777777,0.0118810782329027,0.005474958887726,2.570085115429717,0.1387736702542505,-0.0453412135539794,0.1785714285714285,90.0,0.0366168979394361,0.0054585248611834,2.1766097132562896,0.0349192993466207,0.0008801442233785,0.0228820122424269,6,2,0.1980153463608016,-0.0344979114887703,0.0679059398107512,52864.43911143919,12569.961351488542,80826.80329029067,72963.26422012824,65434.40046292773,51325.5325974407,38395.40391641189,BUILDPRO,SHANKARA BUILDPRO LIMITED,EQ,2026-01-09,2026-08-27,155,48367764.4,48507.0,0.0,0.0598913235172153,0,0,0.6150793650793651,OK,PARTIAL,True,True,turn_of_month,"{""days"":3}",LONG_ONLY,2025-08-20,2026-08-27
7,INE912T01018,75,75,86635.07513714721,60802.10893258019,0.8663507513714721,0.6080210893258018,0.2862969795460907,1.8001712555996665,1.9444976450306828,-0.1237776879341719,0.56,0.0068717812419183,0.0046862601028654,1.7659807031572223,0.1025067759218405,-0.061973722853389,0.2976190476190476,150.0,0.0327053066288717,0.0037764835172216,1.8196243173262625,0.072860820389814,-0.0006530264249796,0.0143965889088164,9,4,0.141762986370207,-0.1034723255295262,0.0738787146567546,189356.7639257299,-128554.65499314971,86635.07513714721,73244.15247438845,60802.10893258019,38503.67746023668,19261.82309958,RPEL,RAGHAV PRODUCTIVITY ENH L,EQ,2025-08-20,2026-08-27,252,42275277.05,47704.5,0.0,0.0443739811296725,0,0,1.0,OK,FULL,False,False,turn_of_month,"{""days"":3}",LONG_ONLY,2025-08-20,2026-08-27
8,INE00EM01016,75,75,82105.66717605505,56889.1380523048,0.8210566717605505,0.568891380523048,0.3223347377532379,1.552903683619595,1.762411645235026,-0.1393539413703387,0.5733333333333334,0.0066740640215407,0.005379560011139,1.6632909347224476,0.1824999999999998,-0.082983606557377,0.2976190476190476,150.0,0.0369698405839486,0.004268909482608,1.5634119319539457,0.1222224398329999,-0.0018319237995461,0.0151800518426276,8,5,0.2313075298082032,-0.0748727649008511,0.0889289237277033,32108.52381969648,24780.61423260832,82105.66717605505,69034.07792433887,56889.1380523048,35124.2317641571,16344.009774321574,MEGASTAR,MEGASTAR FOODS LIMITED,EQ,2025-08-20,2026-08-27,252,1564948.355,5933.5,0.0079365079365079,0.0455847988571126,1,0,1.0,OK,FULL,False,False,turn_of_month,"{""days"":3}",LONG_ONLY,2025-08-20,2026-08-27
9,INE349W01017,75,75,80638.85570734178,55628.231114628405,0.8063885570734177,0.556282311146284,0.256951348070767,1.8469782207541685,2.834347305643335,-0.1804128948796524,0.4666666666666667,0.0063277805824017,-0.002,1.8261636924970877,0.107375,-0.0406609071274297,0.2976190476190476,150.0,0.0293286832154604,0.0033865846298846,1.868484409502924,0.0656527754261511,-0.0004201365927546,0.0130756977575581,9,4,0.1754477328800856,-0.0835267788252303,0.0862516439925368,81839.75590462188,-26211.52478999348,80638.85570734178,67674.05449292541,55628.231114628405,34040.68011221211,15413.1734088027,AVADHSUGAR,AVADH SUG & ENERGY LTD,EQ,2025-08-20,2026-08-27,252,11620445.325,27832.0,0.0,0.0414778499887202,0,0,1.0,OK,FULL,False,False,turn_of_month,"{""days"":3}",LONG_ONLY,2025-08-20,2026-08-27
10,INE416D01022,75,75,80206.2607876751,55250.09838891856,0.802062607876751,0.5525009838891857,0.3196578135923194,1.5285826083291312,2.187284683939201,-0.2123721493456227,0.4666666666666667,0.0065149783263164,-0.0007564631193142,1.729057564147093,0.1850716510903427,-0.0709737612814535,0.2976190476190476,150.0,0.0366760283712073,0.0042349829705845,1.538371788403475,0.1282229986944224,-0.0019234094439238,0.0149533660965567,9,4,0.2304317452756963,-0.0976645341031449,0.0941446116141503,221952.06070012075,-166701.9623112022,80206.2607876751,67269.58600861765,55250.09838891856,33710.28576901468,15124.606225049649,BLISSGVS,BLISS GVS PHARMA LTD,BE,2025-08-20,2026-08-27,252,232784565.14,954814.0,0.0,0.0504970112798476,0,0,1.0,OK,FULL,False,False,turn_of_month,"{""days"":3}",LONG_ONLY,2025-08-20,2026-08-27
1,INE568Z01015,21,21,91275.20980194808,83631.17011493962,0.9127520980194808,0.8363117011493963,0.2008968545076485,3.125944036543613,1.9067710066163583,-0.0544081259986305,0.7142857142857143,0.0299043963956454,0.0402919508867668,8.486340078330322,0.0786451612903226,-0.0544081259986305,0.0833333333333333,42.0,0.0339003211186704,0.0073976565528389,4.042414808263746,0.0006370957115027,0.0144731552309968,0.045335637560294,5,1,0.4620308314080115,-0.0250478336271552,0.1291245063349285,-78333.33333333333,161964.50344827294,91275.20980194808,87416.07953157258,83631.17011493962,76278.60810911487,69206.9453782893,URAVIDEF,URAVI DEFENCE &TECH LTD,BE,2025-08-20,2026-08-27,252,1462833.08,8423.5,0.0,0.0567582653615095,1,0,1.0,OK,FULL,False,False,volume_continuation,"{""move_threshold"":0.02,""volume_ratio"":2.0}",INTRADAY_SHORT_ALLOWED_RESEARCH,2025-08-20,2026-08-27
2,INE0JSX01015,27,27,84838.49915412348,75315.46045675041,0.8483849915412347,0.7531546045675042,0.2833536876215122,2.114588745424688,2.480671695282363,-0.0483892088285227,0.5555555555555556,0.0221917229192234,0.0042962962962963,4.068619335210969,0.1930844854070661,-0.0464821731748725,0.1071428571428571,54.0,0.051177893891288,0.0098491902715644,2.2531520162924563,0.0329107029990452,0.0019464223692277,0.042437023469219,8,2,0.2075691669702342,-0.0464821731748725,0.0803514565649639,-77019.05243635134,152334.51289310175,84838.49915412348,80016.35452555155,75315.46045675041,66265.75567838436,57666.72131755034,GSLSU,GLOBAL SURFACES LIMITED,EQ,2025-08-20,2026-08-27,252,3298908.325,52463.0,0.0,0.0578084596052643,2,0,1.0,OK,FULL,False,False,volume_continuation,"{""move_threshold"":0.02,""volume_ratio"":2.0}",INTRADAY_SHORT_ALLOWED_RESEARCH,2025-08-20,2026-08-27
3,INE911B01018,18,18,78894.37210870639,72750.10872675164,0.7889437210870638,0.7275010872675165,0.2904116761376781,2.0215784235164223,0.9023131706492146,-0.1061666666666666,0.6666666666666666,0.0326161099120649,0.0289486364413786,4.637498923870641,0.1599999999999999,-0.1061666666666666,0.0714285714285714,36.0,0.062413907081402,0.0147110989792021,2.217108997647017,0.0405352807221077,0.0015784041186984,0.0636538157054314,4,2,0.3677398429693594,-0.0357078651685391,0.1173934550066831,15702.479338842984,57047.62938790866,78894.37210870639,75796.89512305771,72750.10872675164,66805.49357507896,61054.410484602326,TCIFINANCE,TCIFINANCELTD-ROLL SETT,BE,2025-08-20,2026-08-27,252,260094.575,18410.5,0.0,0.0558160331376823,33,0,1.0,LOW,FULL,False,False,volume_continuation,"{""move_threshold"":0.02,""volume_ratio"":2.0}",INTRADAY_SHORT_ALLOWED_RESEARCH,2025-08-20,2026-08-27
4,INE166R01015,13,13,70905.52387865196,66682.80694367306,0.7090552387865197,0.6668280694367306,0.27927651455299,1.956798219862383,9.6599524797946,-0.01589706504525,0.6153846153846154,0.0420375220405124,0.0099827586206896,31.41323333713601,0.1904607329842931,-0.0099687499999999,0.0515873015873015,26.0,0.0682507560720664,0.0189293538928477,2.220758419884359,0.0463752090213427,0.0007940029215365,0.0832810411594883,3,0,0.5458526822117413,0.0,0.1510990039047109,-92672.40463287642,159355.21157654948,70905.52387865196,68781.97915762209,66682.80694367306,62556.556123597926,58524.74803925451,NATIONSTD,NATIONAL STAND (INDIA) L,EQ,2026-04-20,2026-08-27,90,253944.85,250.0,0.4,0.0400452368351821,29,0,0.3571428571428571,LOW,PARTIAL,True,True,volume_continuation,"{""move_threshold"":0.02,""volume_ratio"":2.0}",INTRADAY_SHORT_ALLOWED_RESEARCH,2025-08-20,2026-08-27
5,INE859Q01017,25,25,74497.12524210208,66147.66531117086,0.7449712524210208,0.6614766531117087,0.3250885165144587,1.7161799117432963,1.287585410585158,-0.1202954916097361,0.56,0.0223164152632217,0.0067114337568058,2.790496093998382,0.1776721311475408,-0.0946187118006581,0.0992063492063492,50.0,0.0625991823763607,0.0125198364752721,1.7824845641793114,0.0873267105228392,-0.0035232572299104,0.0481560877563539,5,5,0.7154534913378561,-0.0718316278133158,0.2017385879675375,27736.033975825005,38411.63133534585,74497.12524210208,70273.27837291276,66147.66531117086,58182.4223978486,50584.422297854704,MANAKALUCO,MANAK ALUMINIUM CO. LTD.,EQ,2025-08-20,2026-08-27,252,2114030.615,57485.0,0.0,0.054732113386246,8,0,1.0,OK,FULL,False,False,volume_continuation,"{""move_threshold"":0.02,""volume_ratio"":2.0}",INTRADAY_SHORT_ALLOWED_RESEARCH,2025-08-20,2026-08-27
6,INE451L01014,26,26,74782.5845813294,66098.80095014788,0.747825845813294,0.6609880095014788,0.1596345435421616,3.258896257732172,3.063684571217099,-0.0307219578518016,0.7692307692307693,0.0200089390982436,0.0180842703080074,9.191084832237149,0.0697152513730461,-0.0307219578518015,0.1031746031746031,52.0,0.0253351457537227,0.0049686308683826,4.027052849823926,0.0004621763177214,0.0097758522704094,0.0302420259260778,9,1,0.1366160336225885,-0.0071960784313724,0.0421762561736415,258397.9692568045,-192299.16830665665,74782.5845813294,70387.50858128894,66098.80095014788,57830.65130415908,49959.0014369603,MAHASTEEL,MAHAMAYA STEEL INDS LTD,BE,2025-08-20,2026-08-27,252,5683947.0,7467.0,0.0039682539682539,0.0448085789108505,22,0,1.0,OK,FULL,False,False,volume_continuation,"{""move_threshold"":0.02,""volume_ratio"":2.0}",INTRADAY_SHORT_ALLOWED_RESEARCH,2025-08-20,2026-08-27
7,INE08PH01015,11,11,64738.34087528763,61298.24252561788,0.6473834087528763,0.6129824252561789,0.3116250782595083,1.6757992292469868,1.81958897288722,-0.0618325164999569,0.6363636363636364,0.0474746423601196,0.0020389294403893,7.20153933885683,0.2007442934085661,-0.0405344543356412,0.0436507936507936,22.0,0.0854486833832313,0.0257637474192776,1.842691654576493,0.0951781498843899,-0.0099305642369843,0.1048798489572236,2,2,0.4970811477283288,-0.0319377224199288,0.140179961751341,-54766.64454766643,116064.8870732843,64738.34087528763,63010.04652011147,61298.24252561788,57923.54003906413,54613.11303535002,ABCOTS,A B COTSPIN INDIA LIMITED,EQ,2025-09-24,2026-08-27,228,7331579.295,20238.0,0.0,0.0447385575840531,0,0,0.9047619047619048,OK,PARTIAL,True,True,volume_continuation,"{""move_threshold"":0.02,""volume_ratio"":2.0}",INTRADAY_SHORT_ALLOWED_RESEARCH,2025-08-20,2026-08-27
8,INE616F01022,8,8,61894.86699799914,59468.32273365039,0.6189486699799913,0.5946832273365039,0.2404958036660742,2.0523095024501923,1.8348068093328351,-0.0279129218479563,0.75,0.0616964778954099,0.0586150670794633,18.64972083839289,0.1844285714285714,-0.0259648515510584,0.0317460317460317,16.0,0.0633852061821462,0.0224100545591515,2.753071293626775,0.0283780105748739,0.0087051194053227,0.1146878363854971,3,0,0.3934873027587564,0.0,0.1090745488264106,18762.175831273416,40706.146902376975,61894.86699799914,60677.58850255379,59468.32273365039,57073.6486594138,54710.48546727939,RSDFIN,R S D FINANCE LTD.,BE,2026-04-20,2026-08-27,84,33079.82,337.5,0.3095238095238095,0.0637617552391233,18,0,0.3333333333333333,LOW,PARTIAL,True,True,volume_continuation,"{""move_threshold"":0.02,""volume_ratio"":2.0}",INTRADAY_SHORT_ALLOWED_RESEARCH,2025-08-20,2026-08-27
9,INE952H01027,20,20,61279.272788228845,55087.50625490074,0.6127927278822884,0.5508750625490073,0.2690001018153719,1.7581764118059586,1.4556003445209518,-0.0831562908642129,0.65,0.0236474816892594,0.0179256924699769,3.376294148898305,0.1720540540540539,-0.0575275113579001,0.0793650793650793,40.0,0.057021447653722,0.0127503833129168,1.854648688506736,0.0792333760238447,-0.0030393772876012,0.05033434066612,8,2,0.1300873648985943,-0.024025316455696,0.0497415896256985,-75331.12582781457,130418.63208271532,61279.272788228845,58154.61008332361,55087.50625490074,49121.97057218093,43374.820853868936,RAJTV,RAJ TV NETWORK LTD,EQ,2025-08-20,2026-08-27,252,247225.26,8411.5,0.0,0.0478219020735178,2,0,1.0,LOW,FULL,False,False,volume_continuation,"{""move_threshold"":0.02,""volume_ratio"":2.0}",INTRADAY_SHORT_ALLOWED_RESEARCH,2025-08-20,2026-08-27
10,INE234I01028,16,16,58953.640285281086,54074.20987024988,0.589536402852811,0.5407420987024987,0.2913224204346305,1.6193097593698629,1.1822272590962486,-0.070170731707317,0.5625,0.0294838274083154,0.0308907846837924,3.435061929609157,0.1891580594679185,-0.070170731707317,0.0634920634920634,32.0,0.0690441062192473,0.0172610265548118,1.7081155234128482,0.1082202747959063,-0.0073071797978256,0.0662748346144565,3,5,0.2782253199335949,-0.0155376284536337,0.098518322288887,2150.5376344085525,51923.672235841324,58953.640285281086,56496.10201283687,54074.20987024988,49335.43838946131,44733.53504250146,KAUSHALYA,KAUSHALYA INFRA DEV LTD.,BE,2025-08-20,2026-08-27,252,230446.85,258.5,0.1904761904761904,0.0468210235098281,4,0,1.0,LOW,FULL,False,False,volume_continuation,"{""move_threshold"":0.02,""volume_ratio"":2.0}",INTRADAY_SHORT_ALLOWED_RESEARCH,2025-08-20,2026-08-27
1,INE523B01011,28,28,111486.18807938942,100236.28525343744,1.114861880793894,1.0023628525343744,0.3356406021683815,2.230772038305989,1.7807113691985876,-0.1082382257431289,0.6071428571428571,0.0267406310799075,0.0211671554252199,3.280169423865201,0.1554697173620458,-0.1021855287569573,0.1111111111111111,56.0,0.0591327725148729,0.0111750436005792,2.3928882996502545,0.0239368673595083,0.0038113355972413,0.0496699265625736,8,2,0.2565603429310441,-0.010462623413258,0.0885043089626691,-9859.15492957749,110095.44018301491,111486.18807938942,105787.12785171276,100236.28525343744,89564.48197502567,79442.12005487681,AKSHOPTFBR,AKSH OPTIFIBRE  LTD,BE,2025-08-20,2026-08-27,252,1273922.15,208464.5,0.0,0.0460303798180568,41,0,1.0,OK,FULL,False,False,volume_reversal,"{""move_threshold"":0.02,""volume_ratio"":2.0}",INTRADAY_SHORT_ALLOWED_RESEARCH,2025-08-20,2026-08-27
2,INE731C01018,24,24,86112.50446698669,77594.20523951063,0.8611250446698668,0.7759420523951064,0.2189946481998237,2.7294971157199632,3.0556554308866684,-0.0359874411302983,0.6666666666666666,0.0249060525258136,0.0234205077244126,6.214927282277569,0.1206946899575475,-0.0359874411302983,0.0952380952380952,48.0,0.0386166914259247,0.0078825991290021,3.159624397767192,0.0043809489141487,0.0085996538477208,0.0412124512039064,6,2,0.190483784469611,-0.0219058638948814,0.0662041087296152,29441.215914170723,48152.98932533991,86112.50446698669,81805.55277096509,77594.20523951063,69450.23684451287,61664.835393432295,KHAITANLTD,KHAITAN (INDIA)LTD.,EQ,2025-08-20,2026-08-27,252,256385.515,2151.5,0.0039682539682539,0.0550408356389496,0,0,1.0,LOW,FULL,False,False,volume_reversal,"{""move_threshold"":0.02,""volume_ratio"":2.0}",INTRADAY_SHORT_ALLOWED_RESEARCH,2025-08-20,2026-08-27
3,INE230B01021,17,17,80556.50375481014,74709.52519475538,0.8055650375481014,0.7470952519475538,0.266783727575693,2.221650963482256,1.481675788803236,-0.0711299165673421,0.7647058823529411,0.0348647250241132,0.056904109589041,4.103696606048475,0.1112502831257078,-0.0711299165673421,0.0674603174603174,34.0,0.0568005343304844,0.0137761530962417,2.53080266897039,0.0222495182017585,0.0056605850725104,0.0640688649757161,9,0,0.1035555555555554,0.0,0.0386124519583449,-19092.12283044049,93801.64802519589,80556.50375481014,77610.37490402974,74709.52519475538,69041.06035525474,63545.99082549757,CREATIVEYE,CREATIVE EYE LIMITED,EQ,2025-08-20,2026-08-27,252,84449.67,12409.5,0.0,0.0799337595184192,0,0,1.0,LOW,FULL,False,False,volume_reversal,"{""move_threshold"":0.02,""volume_ratio"":2.0}",INTRADAY_SHORT_ALLOWED_RESEARCH,2025-08-20,2026-08-27
4,INE251C01025,38,38,83565.03538867168,70309.38759693029,0.8356503538867168,0.7030938759693028,0.309775522211502,1.8704346438173236,1.263133364323533,-0.1006547085201795,0.5526315789473685,0.0152477596987104,0.0076492641336287,2.404906949616846,0.1403076923076923,-0.1006547085201794,0.1507936507936507,76.0,0.0487900983783723,0.0079147990960492,1.9264872694395287,0.0617514205771142,-0.0007891465760942,0.031284665973515,9,3,0.1717532390827612,-0.0753525120833707,0.0753779423200042,38215.24139923867,32094.146197691614,83565.03538867168,76816.30813644818,70309.38759693029,57987.50326156677,46535.26410784162,ABMINTLLTD,ABM INTERNATIONAL LTD,BE,2025-08-20,2026-08-27,238,21474.295,501.5,0.1848739495798319,0.0500531015354362,28,0,0.9444444444444444,LOW,PARTIAL,False,True,volume_reversal,"{""move_threshold"":0.02,""volume_ratio"":2.0}",INTRADAY_SHORT_ALLOWED_RESEARCH,2025-08-20,2026-08-27
5,INE734I01027,21,21,75918.52516758876,68845.24990257234,0.7591852516758875,0.6884524990257235,0.378712997667738,1.5604774389753566,0.769043245220174,-0.1439152276295132,0.6666666666666666,0.0281415756527253,0.0308744939271254,2.925640118250977,0.2291111111111111,-0.1439152276295132,0.0833333333333333,42.0,0.0798778408565101,0.0174307739083139,1.614476545949723,0.1220910039916177,-0.0082183815775727,0.0645015328830233,3,4,0.557828128226366,-0.0671920838183935,0.1617669996426767,-31463.13667046558,100308.38657303792,75918.52516758876,72347.34151982595,68845.24990257234,62043.281781179394,55502.71824559517,FINKURVE,FINKURVE FINANCIAL SERV L,EQ,2025-10-01,2026-08-27,223,2963808.17,31589.0,0.0,0.0677499962285856,0,0,0.8849206349206349,OK,PARTIAL,True,True,volume_reversal,"{""move_threshold"":0.02,""volume_ratio"":2.0}",INTRADAY_SHORT_ALLOWED_RESEARCH,2025-08-20,2026-08-27
6,INE203Y01012,27,27,75937.30799137952,66857.7718342971,0.7593730799137952,0.6685777183429711,0.2567401208544915,2.1193451892116792,1.230577700356022,-0.1852581621873777,0.7037037037037037,0.0201526274077996,0.0164782608695651,3.285208620171503,0.1281059001512859,-0.0733826366559484,0.1071428571428571,54.0,0.0463528793820806,0.0089206157963195,2.259107203800247,0.0324895883238105,0.0018160390276423,0.038489215787957,8,3,0.3042489784198967,-0.0758718996634706,0.1031805114516325,-128.8659793814586,66986.63781367856,75937.30799137952,71339.63885384894,66857.7718342971,58230.28128954311,50033.15571010724,SILLYMONKS,SILLY MONKS ENTERTAIN LTD,EQ,2025-08-20,2026-08-27,252,215576.605,12676.0,0.0,0.0640735619806136,0,0,1.0,LOW,FULL,False,False,volume_reversal,"{""move_threshold"":0.02,""volume_ratio"":2.0}",INTRADAY_SHORT_ALLOWED_RESEARCH,2025-08-20,2026-08-27
7,INE804H01012,21,21,72997.76068911992,66048.91520343616,0.7299776068911992,0.6604891520343616,0.2359946002894815,2.2621140965077013,2.801646890454799,-0.0605812432804736,0.5714285714285714,0.0254212720006922,0.0263018867924529,4.683500605809669,0.1356543209876543,-0.0352179930795847,0.0833333333333333,42.0,0.0463855068994294,0.0101221474531205,2.511450472187605,0.0207202978444549,0.0043068424056477,0.0465357015957367,6,2,0.1372033439427658,-0.0288901683767565,0.056946986889112,-26848.48484848476,92897.40005192092,72997.76068911992,69489.42832350958,66048.91520343616,59366.38221917136,52940.447887050046,TFL,TRANSWARRANTY FIN. LTD.,EQ,2025-08-20,2026-08-27,252,157667.55,12539.5,0.0,0.0765518999422457,0,0,1.0,LOW,FULL,False,False,volume_reversal,"{""move_threshold"":0.02,""volume_ratio"":2.0}",INTRADAY_SHORT_ALLOWED_RESEARCH,2025-08-20,2026-08-27
8,INE440A01010,17,17,68501.90261725252,63019.45798888421,0.6850190261725251,0.6301945798888422,0.3283631393552002,1.6360755164856244,1.3099870182143123,-0.0717142857142856,0.7058823529411765,0.0316015819303176,0.0166851211072665,4.620178977681351,0.2419834024896265,-0.0717142857142856,0.0674603174603174,34.0,0.0756482624444349,0.0183473986148735,1.7224012293873292,0.1042670306618062,-0.0072931656202731,0.0704963294809083,6,5,0.3381616685927018,-0.0350918854222951,0.1099657161454671,-26404.05616224636,89423.51415113057,68501.90261725252,65739.35154917164,63019.45798888421,57705.1799188205,52554.22444332283,ASHIMASYN,ASHIMA LTD,EQ,2025-08-20,2026-08-27,252,1684365.22,91635.5,0.0,0.0579700888878649,0,0,1.0,OK,FULL,False,False,volume_reversal,"{""move_threshold"":0.02,""volume_ratio"":2.0}",INTRADAY_SHORT_ALLOWED_RESEARCH,2025-08-20,2026-08-27
9,INE747B01016,23,23,69732.63982563047,62256.575818640034,0.6973263982563047,0.6225657581864004,0.2577458540634669,1.9985295187498264,1.0836889853329834,-0.0776097560975609,0.782608695652174,0.0223962042470097,0.0183703703703704,4.70989987965849,0.2020094339622642,-0.0776097560975609,0.0912698412698412,46.0,0.0503107047250826,0.0104905071165491,2.134901964050812,0.0441552481533998,0.0006402240693431,0.0441521844246763,7,2,0.2778381183102725,-0.0370009171165287,0.0775054040140845,-41578.14871016694,103834.72452880698,69732.63982563047,65954.3479394938,62256.575818640034,55096.06504051827,48238.37048970559,NEXTMEDIA,NEXT MEDIAWORKS LIMITED,EQ,2025-08-20,2026-08-27,252,53454.73,9603.5,0.0,0.0740511723264568,0,0,1.0,LOW,FULL,False,False,volume_reversal,"{""move_threshold"":0.02,""volume_ratio"":2.0}",INTRADAY_SHORT_ALLOWED_RESEARCH,2025-08-20,2026-08-27
10,INE281A01026,17,17,66694.68512868744,61273.26156579875,0.6669468512868744,0.6127326156579875,0.2446367653548552,2.068017352387137,1.9202364784528207,-0.0413939393939395,0.7647058823529411,0.0297595926932765,0.0170097259062775,6.497756848285683,0.1853925501432665,-0.0413939393939395,0.0674603174603174,34.0,0.053367568591367,0.0129435366049765,2.299185578216271,0.0353019797932131,0.0023205208537255,0.0571986645328274,6,2,0.2922840348822724,-0.0115820203361868,0.0832703683349187,1391.3824057448946,59881.87916005385,66694.68512868744,63962.8882383316,61273.26156579875,56018.08396578088,50924.3645273053,CENTEXT,CENTURY EXTRUSIONS LTD,EQ,2025-08-20,2026-08-27,252,2262330.6550000003,106636.5,0.0,0.0529693395665806,1,0,1.0,OK,FULL,False,False,volume_reversal,"{""move_threshold"":0.02,""volume_ratio"":2.0}",INTRADAY_SHORT_ALLOWED_RESEARCH,2025-08-20,2026-08-27
