pnl_rank,isin,number_of_signals,number_of_trades,gross_pnl,net_pnl,gross_return_pct,net_return_pct,annualized_volatility,sharpe,sortino,max_drawdown,win_rate,average_trade_return,median_trade_return,profit_factor,best_trade,worst_trade,exposure_pct,turnover,trade_std,standard_error,t_stat,p_value,confidence_95_low,confidence_95_high,positive_months,negative_months,best_month,worst_month,monthly_return_std,buy_hold_pnl,excess_pnl,pnl_0bps,pnl_5bps,pnl_10bps,pnl_20bps,pnl_30bps,symbol,company_name,series,first_traded_date,last_traded_date,sessions_available,median_daily_value,median_volume,pct_near_zero_volume,average_daily_range,circuit_like_sessions,corporate_action_observations,coverage_ratio,liquidity_flag,coverage_flag,new_listing_flag,suspension_flag,strategy,parameters,execution_class,evaluation_start,evaluation_end
2,INE185E01021,251,251,12387215.87197677,7526508.393104707,123.87215871976773,75.26508393104707,0.4031047481231159,11.042856906440424,23.32224457778232,-0.2269343962551004,0.549800796812749,0.0177347731148616,0.0165185185185186,7.48657245528597,0.0694285714285714,-0.052,0.996031746031746,502.0,0.0254193114506153,0.0016044527118228,11.053471993395837,2.1849302116196028e-23,0.0145748060766075,0.0208947401531157,13,0,0.90995963051366,0.0803656104239936,0.2313899173795258,-67857.14285714288,7594365.53596185,12387215.87197677,9659965.94222688,7526508.393104707,4553332.940602771,2736475.76347173,FILATFASH,FILATEX FASHIONS LIMITED,EQ,2025-08-20,2026-08-27,252,14146219.52,40314658.5,0.0,0.0654445688970291,16,0,1.0,OK,FULL,False,False,close_to_open,{},LONG_ONLY,2025-08-20,2026-08-27
5,INE048C01025,251,251,6700742.064083269,4048896.1452068295,67.00742064083269,40.488961452068295,0.2749988173990849,13.782946250107152,19.76311053952855,-0.0745363659635461,0.8087649402390438,0.0151007725858749,0.0148708111855788,10.773522314939385,0.0913822978340701,-0.0625514236345881,0.996031746031746,502.0,0.0173317194192729,0.0010939684293506,13.80366396390272,1.3381173488005227e-32,0.0129462035218162,0.0172553416499337,13,0,0.7240018794497272,0.0465127319230005,0.1693421293240114,6816.94731124393,4042079.1978955856,6700742.064083269,5212479.53588775,4048896.1452068295,2428630.0638684207,1439617.4623655477,VHLTD,VICEROY HOTELS LIMITED,BE,2025-08-20,2026-08-27,252,1598499.13,11834.5,0.0,0.0422143596947922,0,0,1.0,OK,FULL,False,False,close_to_open,{},LONG_ONLY,2025-08-20,2026-08-27
13,INE00CA01015,251,251,3438807.9529584283,2056041.0437273565,34.38807952958428,20.560410437273564,0.3385340599221027,9.293265845431874,15.844326445109107,-0.0566991215297849,0.7051792828685259,0.0125342112214719,0.0125960290937683,4.635092629508612,0.0833821231179723,-0.0498950800666617,0.996031746031746,502.0,0.0213535986418763,0.0013478271948749,9.299568423261514,7.327942118231385e-18,0.0098796677265574,0.0151887547163864,13,0,0.4470175966712721,0.0438928277002015,0.1243654775901008,-26929.264368936696,2082970.308096293,3438807.9529584283,2662549.9421807984,2056041.0437273565,1212294.1178067245,697953.8586248172,TREJHARA,TREJHARA SOLUTIONS LTD,EQ,2025-08-20,2026-08-27,252,2379641.67,13181.5,0.0,0.0553646579463156,1,0,1.0,OK,FULL,False,False,close_to_open,{},LONG_ONLY,2025-08-20,2026-08-27
16,INE224E01028,251,251,3196692.754499285,1908247.8358166085,31.966927544992856,19.082478358166085,0.3372102857455494,9.116518161299972,12.620061349435714,-0.2593948250161366,0.5936254980079682,0.0122477438014998,0.0161818181818182,5.410228467315144,0.1014482758620691,-0.090235294117647,0.996031746031746,502.0,0.0212706494127308,0.0013425914859571,9.122464971367258,2.5117578758933727e-17,0.0096035120268873,0.0148919755761122,13,0,0.7454024896174043,0.0970805875305542,0.1656162688144589,99999.9999999996,1808247.835816609,3196692.754499285,2473362.9856928387,1908247.8358166085,1122165.512879866,643044.687435491,GATECH,GACM TECHNOLOGIES LIMITED,BE,2025-08-20,2026-08-27,252,3479502.9050000003,6575677.0,0.0,0.0497916747278949,7,0,1.0,OK,FULL,False,False,close_to_open,{},LONG_ONLY,2025-08-20,2026-08-27
18,INE568Z01015,251,251,2665338.846084807,1583936.9958619955,26.65338846084807,15.839369958619956,0.371865726480274,7.820603294236977,10.98040885640453,-0.203038158535585,0.6852589641434262,0.0115865112570735,0.0121633152649065,3.59757532325707,0.0767761561455953,-0.0571374345549737,0.996031746031746,502.0,0.0234607465791386,0.0014808291933248,7.824340112487246,1.438329997686932e-13,0.0086700205398902,0.0145030019742567,12,1,0.5956055916410603,-0.0977900682688021,0.1886253299583348,-78333.33333333333,1662270.3291953288,2665338.846084807,2058193.30327136,1583936.9958619955,924416.4043912984,522585.091532796,URAVIDEF,URAVI DEFENCE &TECH LTD,BE,2025-08-20,2026-08-27,252,1462833.08,8423.5,0.0,0.0567582653615095,1,0,1.0,OK,FULL,False,False,close_to_open,{},LONG_ONLY,2025-08-20,2026-08-27
20,INE505V01016,251,251,2623050.130223859,1558169.298085875,26.23050130223859,15.581692980858756,0.3503993700996819,8.22913075032851,16.37446949508796,-0.0819399809057416,0.7171314741035857,0.0114879770174622,0.008894186171934,4.966594405451832,0.1176082746478874,-0.0658119227539882,0.996031746031746,502.0,0.0221052977857981,0.0013952740241206,8.233491643122036,1.015755005050648e-14,0.0087399870685755,0.014235966966349,13,0,0.4109431407784125,0.0258419905626967,0.1280753439830787,-37894.21813403418,1596063.5162199095,2623050.130223859,2025178.8953656305,1558169.298085875,908730.9089006386,513046.3594422807,EUROBOND,EURO PANEL PRODUCTS LTD,EQ,2025-08-20,2026-08-27,252,1245981.075,7185.5,0.0,0.0510651253642299,0,0,1.0,OK,FULL,False,False,close_to_open,{},LONG_ONLY,2025-08-20,2026-08-27
24,INE482J01021,251,251,2260598.642147924,1337108.8896022022,22.605986421479237,13.371088896022025,0.2844433681485346,9.55728380783132,22.61344191269465,-0.0688557848330457,0.7529880478087649,0.0108307011818764,0.0082301790281329,7.30880599873724,0.100102102102102,-0.0292479564032698,0.996031746031746,502.0,0.0179410286748724,0.0011324276885396,9.564143734284071,1.140137840728161e-18,0.0086003866686328,0.0130610156951201,13,0,0.4013424235613618,0.0165668970117052,0.1359676846789741,13855.421686746891,1323253.467915455,2260598.642147924,1742083.0210795784,1337108.8896022022,774037.5119292182,431057.6202060996,SHAH,SHAH METACORP LIMITED,EQ,2025-08-20,2026-08-27,252,10094136.6,2120989.0,0.0,0.0551724187049163,0,0,1.0,OK,FULL,False,False,close_to_open,{},LONG_ONLY,2025-08-20,2026-08-27
40,INE748Z01013,251,251,1512993.2956585772,881140.5810510241,15.129932956585773,8.81140581051024,0.4262085996252374,5.589019642663466,10.671200336833133,-0.2928979700251577,0.5936254980079682,0.0094903913752093,0.0081058710298362,2.815993365640784,0.1311983805668015,-0.0752261116367077,0.996031746031746,502.0,0.0268955916076714,0.0016976346890766,5.590361363534102,5.9200477867856224e-08,0.0061469025824581,0.0128338801679605,11,2,0.5631530455435236,-0.136685585252513,0.1933654540885639,-47573.506969172966,928714.0880201972,1512993.2956585772,1158158.5941874615,881140.5810510241,496212.6166003669,261943.3684836336,SUMIT,SUMIT WOODS LIMITED,EQ,2025-08-20,2026-08-27,252,2632031.3,41138.5,0.0,0.0618463902959549,0,0,1.0,OK,FULL,False,False,close_to_open,{},LONG_ONLY,2025-08-20,2026-08-27
45,INE933B01012,251,251,1375293.5538557398,797247.9364834097,13.752935538557397,7.972479364834097,0.3831609059927553,5.940629636527384,10.800115247639315,-0.1506651154187485,0.5856573705179283,0.0090685937597579,0.0051942446043165,2.724932312059265,0.048,-0.051989085352543,0.996031746031746,502.0,0.0241783190832596,0.0015261219681666,5.94224704769324,9.388871177522344e-09,0.0060628989952901,0.0120742885242257,12,1,0.5969521441031613,-0.0276397988601009,0.1579770112083988,553194.7652040033,244053.1712794064,1375293.5538557398,1050665.1792471744,797247.9364834097,445151.8938775093,230896.2971533275,SIGMAADV,SIGMA ADVANCED SYSTEM LTD,EQ,2025-08-20,2026-08-27,252,35403082.739999995,169979.5,0.0,0.0486446873247757,16,0,1.0,OK,FULL,False,False,close_to_open,{},LONG_ONLY,2025-08-20,2026-08-27
47,INE972X01022,251,251,1362338.1701462332,789408.6461708952,13.623381701462332,7.894086461708952,0.2872115736818201,7.78378639345295,14.6782361413699,-0.0825982616624684,0.5856573705179283,0.0089067471683934,0.007421265141319,3.6443618078107063,0.0724500846023687,-0.0466320868516283,0.996031746031746,502.0,0.018120058444415,0.0011437279473919,7.787470078617283,1.8194636454431914e-13,0.0066541768134949,0.011159317523292,12,1,0.4620067933070937,-0.0001680624487195,0.1295853202758935,-33783.78378378383,823192.429954679,1362338.1701462332,1040586.0954093754,789408.6461708952,440413.3850281695,228035.13307467735,VAISHALI,VAISHALI PHARMA LIMITED,EQ,2025-08-20,2026-08-27,252,1145079.475,137791.0,0.0,0.0554871909304387,0,0,1.0,OK,FULL,False,False,close_to_open,{},LONG_ONLY,2025-08-20,2026-08-27
1,INE131A01031,114,114,118823.39509766689,74421.68211827366,1.1882339509766688,0.7442168211827367,0.3715846550846721,1.676174969151805,2.606151253826965,-0.1387580142296817,0.4473684210526316,0.0054635166471388,-0.0023539300411026,1.6066383245911098,0.1863354551241247,-0.072633491569815,0.4523809523809524,228.0,0.0346491574771938,0.0032451909276399,1.6835732531497645,0.0950248599606843,-0.0009657918811219,0.0118928251753997,9,4,0.1734038343088062,-0.0583947148781065,0.0680812647611174,32628.01028758494,41793.67183068872,118823.39509766689,95376.18715490225,74421.68211827366,38966.66894917114,10668.365637652852,GMDCLTD,GUJARAT MINERAL DEV CORP,EQ,2025-08-20,2026-08-27,252,1628035759.45,2666064.0,0.0,0.0435119646674269,0,0,1.0,OK,FULL,False,False,gap_continuation_050,"{""gap_threshold"":0.005}",INTRADAY_SHORT_ALLOWED_RESEARCH,2025-08-20,2026-08-27
2,INE049B01025,81,81,101084.72590544668,71202.03329809799,1.0108472590544668,0.7120203329809798,0.3589507944289866,1.6695523094782012,2.290955149058571,-0.1671033061320298,0.4938271604938271,0.0073986065163944,-0.0001233243967828,1.809807467013552,0.1803949883543492,-0.0962785023138409,0.3214285714285714,162.0,0.0395799301470125,0.0043977700163347,1.6823541224105978,0.096399667927718,-0.0013532347282028,0.0161504477609917,5,8,0.3345282542158434,-0.0855293655718848,0.145623780931872,31395.660326814686,39806.3729712833,101084.72590544668,85550.17640818903,71202.03329809799,45713.406179720536,23979.620518171447,WOCKPHARMA,WOCKHARDT LIMITED,EQ,2025-08-20,2026-08-27,252,792772649.35,513332.5,0.0,0.0394527376365687,0,0,1.0,OK,FULL,False,False,gap_continuation_050,"{""gap_threshold"":0.005}",INTRADAY_SHORT_ALLOWED_RESEARCH,2025-08-20,2026-08-27
3,INE010J01012,103,103,104342.67278969176,66478.41193970278,1.0434267278969176,0.6647841193970279,0.4032861626054925,1.461492438539657,1.573303944304356,-0.2123581004293804,0.4951456310679611,0.0057223269632582,-5.084745762706615e-05,1.5709709506706906,0.1448088394374902,-0.1522135738016137,0.4087301587301587,206.0,0.0396059184445611,0.0039024871032013,1.4663282188848428,0.1456351386457217,-0.0020182377022831,0.0134628916287996,7,6,0.2347934647060814,-0.0746344978980454,0.0955273478249289,-12906.79843244172,79385.2103721445,104342.67278969176,84450.85174761014,66478.41193970278,35574.833739517926,10362.575217634309,TEJASNET,TEJAS NETWORKS LIMITED,EQ,2025-08-20,2026-08-27,252,591811394.575,1434576.0,0.0,0.0428986346114633,0,0,1.0,OK,FULL,False,False,gap_continuation_050,"{""gap_threshold"":0.005}",INTRADAY_SHORT_ALLOWED_RESEARCH,2025-08-20,2026-08-27
4,INE139A01034,138,138,114153.00870810468,62691.49607490873,1.1415300870810468,0.6269149607490874,0.2871145656256531,1.839210646237044,2.045360648490788,-0.1663139141370231,0.5362318840579711,0.003826551926003,0.0021271335035258,1.5397952856385588,0.0715498839907192,-0.0671109190435033,0.5476190476190477,276.0,0.0243444775346127,0.0020723395489248,1.846488876780974,0.0669791462393458,-0.0002713569805099,0.0079244608325161,6,7,0.2538103184802036,-0.1098513851949483,0.0947819149615356,103491.715017511,-40800.21894260228,114153.00870810468,86669.87983765348,62691.49607490873,23528.50899005166,-6258.85240967045,NATIONALUM,NATIONAL ALUMINIUM CO LTD,EQ,2025-08-20,2026-08-27,252,3043391285.39,9025367.5,0.0,0.0312251668375546,0,0,1.0,OK,FULL,False,False,gap_continuation_050,"{""gap_threshold"":0.005}",INTRADAY_SHORT_ALLOWED_RESEARCH,2025-08-20,2026-08-27
5,INE727B01026,114,114,101158.41019754075,60297.79176952713,1.0115841019754075,0.6029779176952714,0.5035722491463795,1.1764663145302123,1.97545926232358,-0.2457291865431388,0.4561403508771929,0.005196805158359,-0.0035088589244194,1.385456122447835,0.179742967457253,-0.0814130157379839,0.4523809523809524,228.0,0.0471199491274874,0.0044131875795255,1.1775627173585237,0.2414451647950752,-0.0035465153964329,0.0139401257131509,6,7,0.5933859921401381,-0.1176212180529973,0.1823471737447199,-43358.09146239517,103655.8832319223,101158.41019754075,79579.79251031452,60297.79176952713,27679.068031069797,1651.5244412140746,GENESYS,GENESYS INTL CORPN LTD,EQ,2025-08-20,2026-08-27,252,104878890.55,316497.5,0.0,0.0587554019598292,0,1,1.0,OK,FULL,False,False,gap_continuation_050,"{""gap_threshold"":0.005}",INTRADAY_SHORT_ALLOWED_RESEARCH,2025-08-20,2026-08-27
6,INE927D01051,93,93,92787.29745941822,60233.807167191786,0.927872974594182,0.6023380716719178,0.2972998982238692,1.7280663851933862,2.4663962140598565,-0.1497212308106277,0.5806451612903226,0.0055242361337858,0.0034705462617933,1.788565619208358,0.1764562676340186,-0.0541240335855017,0.369047619047619,186.0,0.0306178730301768,0.0031749255327682,1.7399577019273071,0.0852104903808432,-0.000781440024184,0.0118299122917557,7,5,0.3541654658837807,-0.0778729809165458,0.1142316264618789,506.23052959497727,59727.57663759681,92787.29745941822,75766.5659677879,60233.807167191786,33128.087951890804,10566.714092591996,JBMA,JBM AUTO LIMITED,EQ,2025-08-20,2026-08-27,252,233867173.4,376782.5,0.0,0.0345396962995377,0,0,1.0,OK,FULL,False,False,gap_continuation_050,"{""gap_threshold"":0.005}",INTRADAY_SHORT_ALLOWED_RESEARCH,2025-08-20,2026-08-27
7,INE099Z01011,105,105,95513.77872700043,58650.0148637635,0.9551377872700044,0.5865001486376349,0.2512032898548254,1.9618438904941105,2.6214314437685,-0.0686383303480249,0.5333333333333333,0.0046935394235591,0.0024117647058823,1.6962141894835916,0.082984520123839,-0.0428616187989554,0.4166666666666667,210.0,0.0243182798361543,0.0023732211066085,1.9777084446490376,0.0506075079761433,-1.2647089344786089e-05,0.009399725936463,7,6,0.248296195455181,-0.047387127197446,0.0779996286620252,5365.239294710264,53284.77556905324,95513.77872700043,76129.18468659747,58650.0148637635,28683.200186784627,4333.037690350291,MIDHANI,MISHRA DHATU NIGAM LTD,EQ,2025-08-20,2026-08-27,252,199957937.125,561181.0,0.0,0.0376211360367139,0,0,1.0,OK,FULL,False,False,gap_continuation_050,"{""gap_threshold"":0.005}",INTRADAY_SHORT_ALLOWED_RESEARCH,2025-08-20,2026-08-27
8,INE545U01014,85,85,82187.27434869914,53857.73642421287,0.8218727434869915,0.5385773642421288,0.1939586670766505,2.317934522827607,3.62679004869397,-0.0665197147849526,0.5176470588235295,0.0052892175343364,0.0027706422018347,1.9859968299431008,0.0748821495078477,-0.0268283752860412,0.3373015873015873,170.0,0.02067170215038,0.0022421609056864,2.3589821412558933,0.0206461041732825,0.0008304346823733,0.0097480003862994,7,6,0.1601520097782873,-0.0223578972497556,0.0651927500306752,-2476.869145451361,56334.60556966423,82187.27434869914,67431.41148008805,53857.73642421287,29889.5910370552,9618.15445964942,BANDHANBNK,BANDHAN BANK LIMITED,EQ,2025-08-20,2026-08-27,252,1283608997.815,7559650.5,0.0,0.0293006732042231,0,0,1.0,OK,FULL,False,False,gap_continuation_050,"{""gap_threshold"":0.005}",INTRADAY_SHORT_ALLOWED_RESEARCH,2025-08-20,2026-08-27
9,INE039A01010,108,108,87730.43718171617,51404.37371886245,0.8773043718171618,0.5140437371886246,0.3243865484963773,1.4344093749175786,2.5368137022639488,-0.1385785369815272,0.5,0.0043083620950033,-8.991071493324836e-05,1.506023787780319,0.1677095435684645,-0.0442885572139304,0.4285714285714285,216.0,0.031125841543499,0.0029950854989821,1.4384771641635952,0.1532173106813722,-0.0016290455902754,0.0102457697802821,7,6,0.2870901659459828,-0.0973973710141101,0.0988246276806131,53721.26960963168,-2316.895890769229,87730.43718171617,68600.87448677619,51404.37371886245,22055.01999338073,-1647.4510372261866,IFCI,IFCI LTD,EQ,2025-08-20,2026-08-27,252,724661962.5550001,12228758.5,0.0,0.0400497177507638,0,0,1.0,OK,FULL,False,False,gap_continuation_050,"{""gap_threshold"":0.005}",INTRADAY_SHORT_ALLOWED_RESEARCH,2025-08-20,2026-08-27
10,INE385W01011,119,119,86516.25684043672,47142.78773423098,0.8651625684043671,0.4714278773423097,0.3561893558663654,1.260499967672991,1.6452491570548065,-0.1714176606326273,0.4957983193277311,0.0037729132063446,-0.0018236124176858,1.3467179116749672,0.1096374546028737,-0.0884157119476267,0.4722222222222222,238.0,0.0326087973307274,0.0029892435502975,1.262163200442178,0.2093790037154167,-0.0021466028425313,0.0096924292552206,8,5,0.2869175355639106,-0.1490113349814323,0.1041037281824774,-34228.98496938229,81371.77270361327,86516.25684043672,65673.67674848478,47142.78773423098,16026.036558901891,-8553.877019053441,DCAL,DISHMAN CARBO AMCIS LTD,EQ,2025-08-20,2026-08-27,252,46934993.105,235896.5,0.0,0.0458938795841127,0,0,1.0,OK,FULL,False,False,gap_continuation_050,"{""gap_threshold"":0.005}",INTRADAY_SHORT_ALLOWED_RESEARCH,2025-08-20,2026-08-27
1,INE727B01026,58,58,117510.7654539656,93935.01143244177,1.175107654539656,0.9393501143244176,0.4281171057397804,1.7499038101927915,2.358427169961994,-0.1716431861403413,0.5344827586206896,0.0129166164576336,0.0048335357877032,1.96974809848604,0.179742967457253,-0.0814130157379839,0.2301587301587301,116.0,0.0554261710381497,0.0072778128060923,1.7747937191818226,0.0812717755421853,-0.0016569523057519,0.0274901852210192,8,5,0.4194635515058986,-0.0528843558776538,0.1408614271014409,-43358.09146239517,137293.10289483692,117510.7654539656,105390.73070658196,93935.01143244177,72875.19151248218,54067.03469404689,GENESYS,GENESYS INTL CORPN LTD,EQ,2025-08-20,2026-08-27,252,104878890.55,316497.5,0.0,0.0587554019598292,0,1,1.0,OK,FULL,False,False,gap_continuation_100,"{""gap_threshold"":0.01}",INTRADAY_SHORT_ALLOWED_RESEARCH,2025-08-20,2026-08-27
2,INE760L01018,54,54,94346.38487113058,74645.54886217834,0.9434638487113058,0.7464554886217833,0.3391541499180111,1.8064943433006837,3.320891445324585,-0.1259097085663106,0.4814814814814814,0.0113459269135896,-0.0039412571792922,2.0210864695418462,0.1340514179177707,-0.0460686234653224,0.2142857142857142,108.0,0.0453720998180166,0.006174360728487,1.8375873086329768,0.0717316683796468,-0.0010382723912211,0.0237301262184003,8,4,0.2273303781461686,-0.0501002978142587,0.0749917379396107,59004.72702716716,15640.821835011186,94346.38487113058,84237.69829701877,74645.54886217834,56908.45648803492,40942.69948885433,TBZ,TRIB BHIMJI ZAVERI LTD,EQ,2025-08-20,2026-08-27,252,40873557.605,251138.5,0.0,0.0430753674027625,0,0,1.0,OK,FULL,False,False,gap_continuation_100,"{""gap_threshold"":0.01}",INTRADAY_SHORT_ALLOWED_RESEARCH,2025-08-20,2026-08-27
3,INE545U01014,37,37,72883.60216912109,60712.21033395961,0.7288360216912109,0.6071221033395962,0.1581412477930189,3.079344272468176,4.481712009888045,-0.0345608692531386,0.6216216216216216,0.0131613877197946,0.0092519654088051,5.435798483561076,0.0748821495078477,-0.0236662496872654,0.1468253968253968,74.0,0.0232386357836127,0.0038204081891839,3.445021334907648,0.001467118019751,0.005413240790014,0.0209095346495752,8,1,0.1826038848722309,-0.0084942470538147,0.0599840339449942,-2476.869145451361,63189.07947941097,72883.60216912109,66689.85231683496,60712.21033395961,49376.14078472144,38819.55143809313,BANDHANBNK,BANDHAN BANK LIMITED,EQ,2025-08-20,2026-08-27,252,1283608997.815,7559650.5,0.0,0.0293006732042231,0,0,1.0,OK,FULL,False,False,gap_continuation_100,"{""gap_threshold"":0.01}",INTRADAY_SHORT_ALLOWED_RESEARCH,2025-08-20,2026-08-27
4,INE010J01012,51,51,70651.15911680707,54234.50465506516,0.7065115911680708,0.5423450465506516,0.3438432339523576,1.4291312136166232,1.0394812913267282,-0.1770214593397823,0.5098039215686274,0.0096352372202391,0.0033763440860215,1.8340714819192372,0.1448088394374902,-0.1522135738016137,0.2023809523809523,102.0,0.0477456806851121,0.0066857325761723,1.4411640176244471,0.1557721099014604,-0.0037934518667006,0.0230639263071789,8,3,0.2366050881632895,-0.0723823331593697,0.0879531722494282,-12906.79843244172,67141.30308750688,70651.15911680707,62239.39076910162,54234.50465506516,39369.05542593717,25910.901485736555,TEJASNET,TEJAS NETWORKS LIMITED,EQ,2025-08-20,2026-08-27,252,591811394.575,1434576.0,0.0,0.0428986346114633,0,0,1.0,OK,FULL,False,False,gap_continuation_100,"{""gap_threshold"":0.01}",INTRADAY_SHORT_ALLOWED_RESEARCH,2025-08-20,2026-08-27
5,INE506A01018,62,62,73309.68693793204,53231.25957878359,0.7330968693793205,0.5323125957878359,0.3427562611759092,1.409403775662524,1.53594316158806,-0.1354965997014348,0.5161290322580645,0.0077916446553757,0.0009125217926366,1.737957407432658,0.1516067193675889,-0.101793221253259,0.246031746031746,124.0,0.0432639095306435,0.0054945220049164,1.4180750661119943,0.1612574120694322,-0.0031953311339289,0.0187786204446804,4,8,0.3369721724543544,-0.0796953861431889,0.134236035586092,75965.93597224425,-22734.676393460657,73309.68693793204,62966.5238289409,53231.25957878359,35445.72900195504,19695.064117739486,DREDGECORP,DREDGING CORP OF INDIA,EQ,2025-08-20,2026-08-27,252,162115834.5,173829.0,0.0,0.0506892234744402,0,0,1.0,OK,FULL,False,False,gap_continuation_100,"{""gap_threshold"":0.01}",INTRADAY_SHORT_ALLOWED_RESEARCH,2025-08-20,2026-08-27
6,INE256A01028,32,32,57467.07628879914,47825.95140113679,0.5746707628879915,0.4782595140113679,0.1611866435113437,2.504776403851913,2.1229933581534755,-0.0434345087928011,0.625,0.0126167656651032,0.0097652531962472,3.904184256124564,0.0907120669056151,-0.042095751047277,0.1269841269841269,64.0,0.0262930282844274,0.004647994649462,2.714453569038287,0.0107469583508755,0.0031371180787467,0.0220964132514597,9,1,0.1076501052779104,-0.0096662737485695,0.0367163885649093,-11873.887617594708,59699.83901873149,57467.07628879914,52572.758965017536,47825.95140113679,38757.76122736145,30229.49379611452,ZEEL,ZEE ENTERTAINMENT ENT LTD,EQ,2025-08-20,2026-08-27,252,854467094.13,9338429.0,0.0,0.0366227186036878,0,0,1.0,OK,FULL,False,False,gap_continuation_100,"{""gap_threshold"":0.01}",INTRADAY_SHORT_ALLOWED_RESEARCH,2025-08-20,2026-08-27
7,INE880L01014,57,57,63610.34905107529,46097.47155681741,0.636103490510753,0.460974715568174,0.3003958250174559,1.4074550707667772,1.2641975244401942,-0.2825782074489288,0.5263157894736842,0.0074174320554032,0.0023689320388349,1.7392297602954832,0.1452443103921032,-0.0737084639498432,0.2261904761904762,114.0,0.0395178227932391,0.0052342634970407,1.4170918333776628,0.161995752751047,-0.0030680577150478,0.0179029218258544,7,5,0.3394212646187264,-0.1229841992055574,0.131594038081859,-4538.653366583414,50636.12492340083,63610.34905107529,54610.49124856232,46097.47155681741,30429.742520376705,16415.87065374403,KIOCL,KIOCL LIMITED,EQ,2025-08-20,2026-08-27,252,69919556.875,187756.0,0.0,0.0489629181572877,0,0,1.0,OK,FULL,False,False,gap_continuation_100,"{""gap_threshold"":0.01}",INTRADAY_SHORT_ALLOWED_RESEARCH,2025-08-20,2026-08-27
8,INE385W01011,59,59,61457.245517936215,43597.21448583581,0.6145724551793621,0.435972144858358,0.2657991967579986,1.4924058545963546,1.556243793031205,-0.1782878407954048,0.5084745762711864,0.0067233945320109,0.0023601359003396,1.6386172284065028,0.0821565105837075,-0.0595657894736841,0.2341269841269841,118.0,0.0343225688630395,0.0044684178623434,1.504647671532865,0.1378412108483142,-0.0022211156295088,0.0156679046935307,7,6,0.3684824324721047,-0.0811616968338323,0.1198838741873883,-34228.98496938229,77826.1994552181,61457.245517936215,52270.0309784034,43597.21448583581,27682.98272134991,13505.82380189096,DCAL,DISHMAN CARBO AMCIS LTD,EQ,2025-08-20,2026-08-27,252,46934993.105,235896.5,0.0,0.0458938795841127,0,0,1.0,OK,FULL,False,False,gap_continuation_100,"{""gap_threshold"":0.01}",INTRADAY_SHORT_ALLOWED_RESEARCH,2025-08-20,2026-08-27
9,INE722H01024,59,59,60211.49193152363,42487.339306407055,0.6021149193152364,0.4248733930640704,0.2656713868150838,1.4618961405622082,1.935566277204805,-0.2291824010028691,0.4915254237288136,0.0065827792380132,-0.0005370135570076,1.6893905352545469,0.1103826962691691,-0.0510940465918896,0.2341269841269841,118.0,0.0343268104596786,0.0044689700711907,1.472996939596713,0.1461583279887034,-0.002362836289611,0.0155283947656374,6,7,0.3230095879626549,-0.0870009689656402,0.131556491103581,23817.89580827234,18669.443498134715,60211.49193152363,51094.1437614568,42487.339306407055,26694.393846461466,12625.471547623065,RGL,RENAISSANCE GLOBAL LTD,EQ,2025-08-20,2026-08-27,252,62700777.875,527522.5,0.0,0.0474337757760246,0,0,1.0,OK,FULL,False,False,gap_continuation_100,"{""gap_threshold"":0.01}",INTRADAY_SHORT_ALLOWED_RESEARCH,2025-08-20,2026-08-27
10,INE070D01027,53,53,57745.81150109647,41985.27975433078,0.5774581150109648,0.4198527975433077,0.2724805314535359,1.416389135468316,1.5828516813170708,-0.1980873711744345,0.490566037735849,0.0072818578184419,-0.0005585585585585,1.8461751565848712,0.1640416666666666,-0.0611176470588236,0.2103174603174603,106.0,0.0371410334221739,0.0051017132965069,1.4273357586416495,0.1594609546777988,-0.0029554788683344,0.0175191945052182,7,5,0.1824774830311626,-0.0896372595910809,0.0879422338648894,-18125.30672337662,60110.5864777074,57745.81150109647,49662.13679645365,41985.27975433078,27772.597831375155,14958.39256704146,JAICORPLTD,JAI CORP LIMITED,EQ,2025-08-20,2026-08-27,252,63567305.81,541709.5,0.0,0.0402429742108131,0,0,1.0,OK,FULL,False,False,gap_continuation_100,"{""gap_threshold"":0.01}",INTRADAY_SHORT_ALLOWED_RESEARCH,2025-08-20,2026-08-27
6,INE185E01021,151,151,15358925.394623691,11438034.933411838,153.58925394623694,114.38034933411838,0.4991650651149953,9.843363402879865,14.889313253786735,-0.1072631578947366,0.7086092715231788,0.0325394909533052,0.0343636363636363,15.773342052213316,0.1313333333333333,-0.1072631578947367,0.5992063492063492,302.0,0.0350330780242292,0.0028509514571347,11.413554893006888,4.120917718399184e-22,0.0269062807710528,0.0381727011355575,13,0,0.7701050168892221,0.1352808381474499,0.2482244631387676,-67857.14285714288,11505892.076268982,15358925.394623691,13256306.545897916,11438034.933411838,8506716.465650659,6316456.852956331,FILATFASH,FILATEX FASHIONS LIMITED,EQ,2025-08-20,2026-08-27,252,14146219.52,40314658.5,0.0,0.0654445688970291,16,0,1.0,OK,FULL,False,False,gap_fade_050,"{""gap_threshold"":0.005}",INTRADAY_SHORT_ALLOWED_RESEARCH,2025-08-20,2026-08-27
15,INE568Z01015,195,195,10847795.60440249,7377273.174258451,108.47795604402488,73.77273174258451,0.4607508124723594,9.66875464568744,14.304826517797354,-0.1078010173322008,0.7743589743589744,0.022845572095366,0.0255929686952868,7.005837877601215,0.148995670995671,-0.0855900424610773,0.7738095238095238,390.0,0.0311653784668259,0.0022317991075162,10.236392701487782,6.139651111643082e-20,0.018443867176372,0.0272472770143601,12,1,0.7495100918398472,-0.0162082043575734,0.2228640521355705,-78333.33333333333,7455606.507591784,10847795.60440249,8948476.669509461,7377273.174258451,5003112.261675072,3380174.561316781,URAVIDEF,URAVI DEFENCE &TECH LTD,BE,2025-08-20,2026-08-27,252,1462833.08,8423.5,0.0,0.0567582653615095,1,0,1.0,OK,FULL,False,False,gap_fade_050,"{""gap_threshold"":0.005}",INTRADAY_SHORT_ALLOWED_RESEARCH,2025-08-20,2026-08-27
34,INE748Z01013,194,194,6291345.425314681,4268703.79043351,62.91345425314681,42.6870379043351,0.5962923750813203,6.678681044432132,7.265639256482555,-0.1814793261868299,0.7268041237113402,0.0205280751669846,0.0202416940173135,3.758894600205282,0.1485486093391173,-0.1814793261868299,0.7698412698412699,388.0,0.0416833423081978,0.0029926895688626,6.859406796003285,9.134218515513119e-11,0.0146254987345015,0.0264306515994678,13,0,1.073384672943109,0.0202874034105278,0.2908804641072112,-47573.506969172966,4316277.297402683,6291345.425314681,5184611.031925099,4268703.79043351,2883922.9825754385,1936554.4890156623,SUMIT,SUMIT WOODS LIMITED,EQ,2025-08-20,2026-08-27,252,2632031.3,41138.5,0.0,0.0618463902959549,0,0,1.0,OK,FULL,False,False,gap_fade_050,"{""gap_threshold"":0.005}",INTRADAY_SHORT_ALLOWED_RESEARCH,2025-08-20,2026-08-27
42,INE048C01025,202,202,5440321.038300322,3626745.770557724,54.40321038300323,36.26745770557724,0.3098158433922119,11.914250682597002,20.319949664582577,-0.0493410635745702,0.8267326732673267,0.0182733842753219,0.0189166633427371,9.647271678210345,0.0674498381877022,-0.0493410635745702,0.8015873015873016,404.0,0.0202253223294508,0.001423048713238,12.841011066825818,5.9510879334608375e-28,0.0154673648716362,0.0210794036790075,13,0,0.5466504412518847,0.0793773672209887,0.1433375459058458,6816.94731124393,3619928.82324648,5440321.038300322,4444379.789888703,3626745.770557724,2404873.353391668,1582292.8962711196,VHLTD,VICEROY HOTELS LIMITED,BE,2025-08-20,2026-08-27,252,1598499.13,11834.5,0.0,0.0422143596947922,0,0,1.0,OK,FULL,False,False,gap_fade_050,"{""gap_threshold"":0.005}",INTRADAY_SHORT_ALLOWED_RESEARCH,2025-08-20,2026-08-27
43,INE00CA01015,204,204,5443002.064773962,3613202.390679671,54.43002064773962,36.13202390679671,0.4638554061951986,8.080005792519335,9.02101773046098,-0.1563919476376436,0.7549019607843137,0.0183723253379834,0.0209941631068318,4.359268293845936,0.099184018114062,-0.1563919476376436,0.8095238095238095,408.0,0.0314816460861033,0.0022041561013394,8.335310428702739,1.1566942076269294e-14,0.0140263492080214,0.0227183014679453,13,0,0.8085391924837948,0.0237778589658235,0.251948086144394,-26929.264368936696,3640131.655048608,5443002.064773962,4437217.406056618,3613202.390679671,2385475.341419855,1562364.2792914438,TREJHARA,TREJHARA SOLUTIONS LTD,EQ,2025-08-20,2026-08-27,252,2379641.67,13181.5,0.0,0.0553646579463156,1,0,1.0,OK,FULL,False,False,gap_fade_050,"{""gap_threshold"":0.005}",INTRADAY_SHORT_ALLOWED_RESEARCH,2025-08-20,2026-08-27
44,INE05ST01028,179,179,5088266.007240378,3553664.809054208,50.88266007240378,35.53664809054208,0.415183168284535,8.928698185045725,12.980574173413004,-0.1331187911205312,0.8379888268156425,0.0207097497269478,0.0195648327343102,7.1931262242911576,0.1812599118942731,-0.0735388574369531,0.7103174603174603,358.0,0.0289763101224015,0.0021657911043946,9.562210171112865,9.617478557250784e-18,0.0164358189529553,0.0249836805009402,12,1,0.5152049839589092,-0.0163145169245966,0.1250756554338518,-40074.90636704116,3593739.715421249,5088266.007240378,4254244.291142789,3553664.809054208,2471200.840246709,1708185.3798255029,SBGLP,SURATWWALA BUS GROUP LTD,EQ,2025-08-20,2026-08-27,252,1114354.1949999998,37102.5,0.0,0.0645643931943188,0,0,1.0,OK,FULL,False,False,gap_fade_050,"{""gap_threshold"":0.005}",INTRADAY_SHORT_ALLOWED_RESEARCH,2025-08-20,2026-08-27
52,INE505V01016,192,192,4898166.317617437,3329156.298012223,48.98166317617437,33.29156298012223,0.3987749272998875,9.119715330147056,19.552034056133756,-0.0753654376907657,0.7864583333333334,0.0189412178009117,0.0197054494797475,6.44715904609767,0.1208992628992629,-0.0501502242152467,0.7619047619047619,384.0,0.0272653725454373,0.0019677087723329,9.626027015397533,3.941808512156064e-18,0.0150599870405592,0.0228224485612643,12,1,0.5088061591737982,-0.009276066436493,0.1610736280145418,-37894.21813403418,3367050.516146257,4898166.317617437,4040370.008704954,3329156.298012223,2250942.0677147536,1510546.8925455124,EUROBOND,EURO PANEL PRODUCTS LTD,EQ,2025-08-20,2026-08-27,252,1245981.075,7185.5,0.0,0.0510651253642299,0,0,1.0,OK,FULL,False,False,gap_fade_050,"{""gap_threshold"":0.005}",INTRADAY_SHORT_ALLOWED_RESEARCH,2025-08-20,2026-08-27
56,INE286H01012,187,187,4641277.728624868,3185118.89779582,46.41277728624869,31.851188977958195,0.4655227196387062,7.7781423243334835,18.861258327031077,-0.0689628263918255,0.6470588235294118,0.0193631121313403,0.0121729094958493,5.429341002666129,0.1033617021276596,-0.0412023566734647,0.7420634920634921,374.0,0.0326077213968272,0.0023845127471119,8.120364277688191,6.243140144853783e-14,0.0146589451120221,0.0240672791506586,12,1,0.7110958154423375,-0.0174124518156434,0.1898809368465963,25596.935505270914,3159521.9622905487,4641277.728624868,3846956.708674945,3185118.89779582,2174538.13066087,1473694.930016618,VISACHROME,VISA CHROME LIMITED,EQ,2025-08-20,2026-08-27,243,1032130.0,23705.0,0.0,0.0541244255372081,14,0,0.9642857142857144,OK,FULL,False,True,gap_fade_050,"{""gap_threshold"":0.005}",INTRADAY_SHORT_ALLOWED_RESEARCH,2025-08-20,2026-08-27
74,INE835A01029,187,187,3839836.7392207617,2628693.636756379,38.39836739220762,26.28693636756379,0.5025540334781177,6.871973429402595,6.784060215043523,-0.1391527777777776,0.7754010695187166,0.0184681174593621,0.0186677265500794,4.05628882459191,0.131903133903134,-0.1391527777777776,0.7420634920634921,374.0,0.0355530084873416,0.002599893470155,7.10341314802432,2.5082541470303003e-11,0.0133390473250728,0.0235971875936515,12,1,0.556400057765984,-0.071362761567456,0.1894235316692317,-42211.53846153855,2670905.1752179177,3839836.7392207617,3179108.0002589007,2628693.636756379,1788499.8750230328,1206061.2049008915,VARDMNPOLY,VARDHMAN POLYTEX LTD.,EQ,2025-08-20,2026-08-27,252,1858819.25,250538.5,0.0,0.0600450918695693,0,0,1.0,OK,FULL,False,False,gap_fade_050,"{""gap_threshold"":0.005}",INTRADAY_SHORT_ALLOWED_RESEARCH,2025-08-20,2026-08-27
78,INE258Y01016,203,203,3731641.466551413,2470050.125092589,37.31641466551413,24.70050125092589,0.4698112428873315,7.186388515637588,9.293089908454974,-0.1380928008140595,0.7241379310344828,0.0166317542876992,0.0167194292229047,3.983854436024705,0.1051428571428572,-0.1003827493261455,0.8055555555555556,406.0,0.0321604964887363,0.0022572243454789,7.368232723969835,4.330943952825347e-12,0.0121810103711622,0.0210824982042361,13,0,0.7137048237913604,0.006874709572106,0.2129001628542054,-37225.13780471702,2507275.2628973057,3731641.466551413,3038382.8749607294,2470050.125092589,1622487.4979986125,1053524.8745764068,LGHL,LAXMI GOLDORNA HOUSE LTD,EQ,2025-08-20,2026-08-27,252,13105123.05,45447.5,0.0,0.0547196551722712,0,1,1.0,OK,FULL,False,False,gap_fade_050,"{""gap_threshold"":0.005}",INTRADAY_SHORT_ALLOWED_RESEARCH,2025-08-20,2026-08-27
6,INE185E01021,151,151,15358925.394623691,11438034.933411838,153.58925394623694,114.38034933411838,0.4991650651149953,9.843363402879865,14.889313253786735,-0.1072631578947366,0.7086092715231788,0.0325394909533052,0.0343636363636363,15.773342052213316,0.1313333333333333,-0.1072631578947367,0.5992063492063492,302.0,0.0350330780242292,0.0028509514571347,11.413554893006888,4.120917718399184e-22,0.0269062807710528,0.0381727011355575,13,0,0.7701050168892221,0.1352808381474499,0.2482244631387676,-67857.14285714288,11505892.076268982,15358925.394623691,13256306.545897916,11438034.933411838,8506716.465650659,6316456.852956331,FILATFASH,FILATEX FASHIONS LIMITED,EQ,2025-08-20,2026-08-27,252,14146219.52,40314658.5,0.0,0.0654445688970291,16,0,1.0,OK,FULL,False,False,gap_fade_100,"{""gap_threshold"":0.01}",INTRADAY_SHORT_ALLOWED_RESEARCH,2025-08-20,2026-08-27
16,INE568Z01015,170,170,9543023.643372629,6822592.44766025,95.4302364337263,68.2259244766025,0.4310975133349325,10.120843040585,15.621033759258518,-0.1078010173322012,0.8058823529411765,0.0256651192214667,0.027808352402746,10.35418422382028,0.148995670995671,-0.0855900424610773,0.6746031746031746,340.0,0.0296598134314699,0.0022748038477682,11.282343858634745,2.310395648347484e-22,0.0211744279278547,0.0301558105150788,12,1,0.6960778137456312,-0.0334136936610688,0.2166625188309228,-78333.33333333333,6900925.780993583,9543023.643372629,8071016.879865473,6822592.44766025,4866413.423203728,3460692.2763474025,URAVIDEF,URAVI DEFENCE &TECH LTD,BE,2025-08-20,2026-08-27,252,1462833.08,8423.5,0.0,0.0567582653615095,1,0,1.0,OK,FULL,False,False,gap_fade_100,"{""gap_threshold"":0.01}",INTRADAY_SHORT_ALLOWED_RESEARCH,2025-08-20,2026-08-27
25,INE748Z01013,163,163,6931526.504091424,5015411.62386132,69.31526504091424,50.154116238613206,0.5297737671943602,7.744457256580509,8.621920678615743,-0.1424116176187728,0.7730061349693251,0.0251706153110083,0.0248267223382044,5.633618344277064,0.1485486093391173,-0.1424116176187728,0.6468253968253969,326.0,0.0387357365471829,0.0030340170438561,8.29613510641891,3.9621170618036815e-14,0.0191792939597637,0.0311619366622528,13,0,1.0120052729492608,0.0180036628468338,0.3049285098802411,-47573.506969172966,5062985.130830493,6931526.504091424,5897895.048717505,5015411.62386132,3619126.434819488,2602275.506576323,SUMIT,SUMIT WOODS LIMITED,EQ,2025-08-20,2026-08-27,252,2632031.3,41138.5,0.0,0.0618463902959549,0,0,1.0,OK,FULL,False,False,gap_fade_100,"{""gap_threshold"":0.01}",INTRADAY_SHORT_ALLOWED_RESEARCH,2025-08-20,2026-08-27
42,INE00CA01015,169,169,5190030.531258358,3700728.4648436583,51.900305312583576,37.00728464843659,0.4265178727246159,8.802861584207683,8.64150796103596,-0.1563919476376435,0.7928994082840237,0.0222164366673698,0.0260100755667506,6.478734418091368,0.099184018114062,-0.1563919476376436,0.6706349206349206,338.0,0.030249179409792,0.0023268599545993,9.547818562718271,1.574284870504506e-17,0.0176227842031481,0.0268100891315915,13,0,0.6683887376553388,0.0027597135734227,0.2277550644690527,-26929.264368936696,3727657.729212596,5190030.531258358,4384330.982481113,3700728.4648436583,2628938.607378304,1858113.3836670131,TREJHARA,TREJHARA SOLUTIONS LTD,EQ,2025-08-20,2026-08-27,252,2379641.67,13181.5,0.0,0.0553646579463156,1,0,1.0,OK,FULL,False,False,gap_fade_100,"{""gap_threshold"":0.01}",INTRADAY_SHORT_ALLOWED_RESEARCH,2025-08-20,2026-08-27
48,INE048C01025,175,175,4781884.906003762,3365381.9023363213,47.81884906003762,33.65381902336321,0.3008557458942176,12.014724738402306,18.13299343233172,-0.0493410635745701,0.8685714285714285,0.0206554227022041,0.0202408728493493,13.905287475788068,0.0674498381877022,-0.0493410635745702,0.6944444444444444,350.0,0.0196727918798725,0.0014871232830992,13.88951604547345,5.3536949244531e-30,0.0177203002084961,0.0235905451959122,13,0,0.548926894414888,0.0638612536193639,0.1492035589975535,6816.94731124393,3358564.9550250773,4781884.906003762,4013445.686066241,3365381.9023363213,2358230.011115778,1642611.7057543248,VHLTD,VICEROY HOTELS LIMITED,BE,2025-08-20,2026-08-27,252,1598499.13,11834.5,0.0,0.0422143596947922,0,0,1.0,OK,FULL,False,False,gap_fade_100,"{""gap_threshold"":0.01}",INTRADAY_SHORT_ALLOWED_RESEARCH,2025-08-20,2026-08-27
51,INE05ST01028,155,155,4247938.608512588,3111500.87641385,42.47938608512588,31.1150087641385,0.4064405187670487,8.78995242349637,10.994686515728707,-0.1331187911205309,0.8709677419354839,0.0230489859544744,0.0217750072484778,8.884906401146768,0.1812599118942731,-0.0735388574369531,0.6150793650793651,310.0,0.0293702531022002,0.0023590754986445,9.770346887040024,7.616416534045609e-18,0.0183886604784489,0.0277093114304999,12,1,0.4569095679562751,-0.0238690810410356,0.1207402763508449,-40074.90636704116,3151575.7827808918,4247938.608512588,3637041.294492732,3111500.87641385,2270690.173112922,1648971.1815704957,SBGLP,SURATWWALA BUS GROUP LTD,EQ,2025-08-20,2026-08-27,252,1114354.1949999998,37102.5,0.0,0.0645643931943188,0,0,1.0,OK,FULL,False,False,gap_fade_100,"{""gap_threshold"":0.01}",INTRADAY_SHORT_ALLOWED_RESEARCH,2025-08-20,2026-08-27
53,INE835A01029,160,160,4104318.086333191,2974067.1213134485,41.04318086333191,29.740671213134487,0.4787417280148105,7.440788128807749,6.453941203909124,-0.1391527777777776,0.81875,0.0222638485411094,0.0201291573148337,5.374305902157234,0.131903133903134,-0.1391527777777776,0.6349206349206349,320.0,0.0354069067666227,0.0027991617570938,7.953755614403623,3.177851634891388e-13,0.0167355146719457,0.0277921824102731,12,1,0.5361160944170877,-0.0527014264449207,0.1779819703386929,-42211.53846153855,3016278.659774987,4104318.086333191,3495321.7526846905,2974067.1213134485,2146281.348352693,1540389.3063533176,VARDMNPOLY,VARDHMAN POLYTEX LTD.,EQ,2025-08-20,2026-08-27,252,1858819.25,250538.5,0.0,0.0600450918695693,0,0,1.0,OK,FULL,False,False,gap_fade_100,"{""gap_threshold"":0.01}",INTRADAY_SHORT_ALLOWED_RESEARCH,2025-08-20,2026-08-27
57,INE286H01012,168,168,3975497.9927968415,2832440.0706148525,39.754979927968414,28.324400706148523,0.457622467985143,7.652765987504231,18.50839510006247,-0.0689628263918251,0.6428571428571429,0.0208457003459193,0.0133833088355382,6.073438098923707,0.1033617021276596,-0.0412023566734647,0.6666666666666666,336.0,0.0332161202503998,0.0025626793136901,8.134338243009466,8.989450239715056e-14,0.0157862770047387,0.0259051236870999,13,0,0.7017415526303361,0.0299712938764689,0.1899287697514902,25596.935505270914,2806843.135109581,3975497.9927968415,3357323.040788549,2832440.0706148525,2008612.065896849,1415242.7060279318,VISACHROME,VISA CHROME LIMITED,EQ,2025-08-20,2026-08-27,243,1032130.0,23705.0,0.0,0.0541244255372081,14,0,0.9642857142857144,OK,FULL,False,True,gap_fade_100,"{""gap_threshold"":0.01}",INTRADAY_SHORT_ALLOWED_RESEARCH,2025-08-20,2026-08-27
60,INE505V01016,155,155,3744973.4030926074,2739364.4105823794,37.44973403092607,27.3936441058238,0.3783343880307072,9.08549438121651,20.27726043116006,-0.0501502242152467,0.832258064516129,0.022176483591445,0.0216286919831224,9.440122570154491,0.1208992628992629,-0.0501502242152467,0.6150793650793651,310.0,0.0271153145739569,0.0021779544775073,10.182253036264306,6.126770729549046e-19,0.0178739605297696,0.0264790066531203,13,0,0.5296510675828179,0.0628081681620542,0.1512757390637618,-37894.21813403418,2777258.6287164134,3744973.4030926074,3204375.9574724715,2739364.4105823794,1995514.605152635,1445613.837797918,EUROBOND,EURO PANEL PRODUCTS LTD,EQ,2025-08-20,2026-08-27,252,1245981.075,7185.5,0.0,0.0510651253642299,0,0,1.0,OK,FULL,False,False,gap_fade_100,"{""gap_threshold"":0.01}",INTRADAY_SHORT_ALLOWED_RESEARCH,2025-08-20,2026-08-27
64,INE258Y01016,170,170,3655595.824464727,2591138.643002317,36.55595824464727,25.911386430023168,0.4010902541669642,8.458553509410564,11.26778784229609,-0.1062805009043588,0.7764705882352941,0.0199567257469079,0.0196683208155201,6.667464532598946,0.0911287525016677,-0.0902692307692307,0.6746031746031746,340.0,0.0285967340652814,0.0021932693823449,9.099076432449351,2.4663185530765993e-16,0.0156269916779659,0.0242864598158499,13,0,0.5963689030938202,0.090395883582256,0.1644702181463166,-37225.13780471702,2628363.7808070336,3655595.824464727,3079383.8131557363,2591138.643002317,1827119.9525346449,1279099.9793983153,LGHL,LAXMI GOLDORNA HOUSE LTD,EQ,2025-08-20,2026-08-27,252,13105123.05,45447.5,0.0,0.0547196551722712,0,1,1.0,OK,FULL,False,False,gap_fade_100,"{""gap_threshold"":0.01}",INTRADAY_SHORT_ALLOWED_RESEARCH,2025-08-20,2026-08-27
1,INE0MHO01029,122,122,240308.06199144188,167179.55344655697,2.4030806199144186,1.6717955344655695,0.3830854071866433,2.751849994710484,4.631509803305267,-0.1218295995965287,0.5901639344262295,0.0086409309486903,0.0055833333333332,2.0867873315108763,0.2159166666666665,-0.0669885583524028,0.4841269841269841,244.0,0.0341935270938579,0.0030957364852675,2.791235943308567,0.0061035562820734,0.00251210403698,0.0147697578604006,10,3,0.4455435022790506,-0.058493263085366,0.1275583146806049,-29290.165678674573,196469.71912523155,240308.06199144188,201553.1016791957,167179.55344655697,109664.65176210992,64451.33233082213,REGAAL,REGAAL RESOURCES LIMITED,EQ,2025-08-20,2026-08-27,252,29453981.795,380248.0,0.0,0.0492356789372135,0,0,1.0,OK,FULL,False,False,momentum_1d,"{""move_threshold"":0.02,""signal_feature"":""previous_cc_signal""}",INTRADAY_SHORT_ALLOWED_RESEARCH,2025-08-20,2026-08-27
3,INE568Z01015,106,106,221735.22497617823,160783.41683450658,2.217352249761783,1.607834168345066,0.4089811798114883,2.548272919907256,2.9593172987109893,-0.1144019685428712,0.5377358490566038,0.0098320345779748,0.0023509899527186,1.9269976708348435,0.148995670995671,-0.0966656649135988,0.4206349206349206,212.0,0.0391170593394883,0.0037993846713435,2.587796558777528,0.0110259712078385,0.0022985566208321,0.0173655125351176,7,6,0.5027644502044477,-0.0534327726092436,0.1538994870983362,-78333.33333333333,239116.75016783996,221735.22497617823,189675.60232436028,160783.41683450658,111290.49152161676,71118.84280801672,URAVIDEF,URAVI DEFENCE &TECH LTD,BE,2025-08-20,2026-08-27,252,1462833.08,8423.5,0.0,0.0567582653615095,1,0,1.0,OK,FULL,False,False,momentum_1d,"{""move_threshold"":0.02,""signal_feature"":""previous_cc_signal""}",INTRADAY_SHORT_ALLOWED_RESEARCH,2025-08-20,2026-08-27
5,INE0JSX01015,138,138,194081.61348553235,123513.25161316828,1.940816134855324,1.2351325161316828,0.5192838363465895,1.8085121957660717,1.850887391926763,-0.2699025742199086,0.5869565217391305,0.006805298196355,0.0065910430201286,1.5497651970736597,0.1930844854070661,-0.1378851674641148,0.5476190476190477,276.0,0.0440383412215039,0.0037487925568587,1.815330694653716,0.0716602282876154,-0.0006076812139886,0.0142182776066988,12,1,0.2575253635951726,-0.2346601925118081,0.1143979355125498,-77019.05243635134,200532.3040495196,194081.61348553235,156398.36359301896,123513.25161316828,69785.58275171605,28901.9591108351,GSLSU,GLOBAL SURFACES LIMITED,EQ,2025-08-20,2026-08-27,252,3298908.325,52463.0,0.0,0.0578084596052643,2,0,1.0,OK,FULL,False,False,momentum_1d,"{""move_threshold"":0.02,""signal_feature"":""previous_cc_signal""}",INTRADAY_SHORT_ALLOWED_RESEARCH,2025-08-20,2026-08-27
7,INE650L01011,134,134,177375.1041107105,112483.21323239506,1.7737510411071051,1.1248321323239503,0.5357287525461064,1.6721407748338992,1.9922518632891688,-0.170494063664726,0.5373134328358209,0.0066851782939048,0.0013121109619213,1.4933437364408115,0.1619773222852158,-0.1443807080554131,0.5317460317460317,268.0,0.0461333605657378,0.0039853153558701,1.6774527727292554,0.0958025783393547,-0.0011976211054284,0.014567977693238,9,4,0.299266781375872,-0.0720928803306096,0.106328228279894,-56639.72665746766,169122.93988986273,177375.1041107105,142786.6966158372,112483.21323239506,62686.17032573381,24492.89982727563,BROOKS,BROOKS LAB LIMITED,BE,2025-08-20,2026-08-27,252,3046489.345,36411.5,0.0,0.0535242752193118,4,0,1.0,OK,FULL,False,False,momentum_1d,"{""move_threshold"":0.02,""signal_feature"":""previous_cc_signal""}",INTRADAY_SHORT_ALLOWED_RESEARCH,2025-08-20,2026-08-27
11,INE0S2G01011,70,70,117943.16085674142,89724.38337866744,1.1794316085674144,0.8972438337866744,0.2863146742217525,2.379553504407873,2.2555093000412305,-0.0963594080563817,0.6285714285714286,0.0097328726629681,0.0083551344828833,2.161205999597193,0.1104449779911966,-0.07141230911615,0.2777777777777778,140.0,0.0333757099667532,0.003989160340911,2.4398298968211707,0.0172680243738287,0.0017747155307399,0.0176910297951962,11,2,0.1669334599951173,-0.07474094680529,0.068110105448084,-46567.04361873999,136291.42699740743,117943.16085674142,103351.8485641347,89724.38337866744,65113.8106389943,43655.917385691486,BALAJEE,SHREE TIRUPATI BALAJEE L,EQ,2025-08-20,2026-08-27,252,1885139.495,49837.0,0.0,0.045865377237985,0,0,1.0,OK,FULL,False,False,momentum_1d,"{""move_threshold"":0.02,""signal_feature"":""previous_cc_signal""}",INTRADAY_SHORT_ALLOWED_RESEARCH,2025-08-20,2026-08-27
12,INE809I01019,99,99,127408.41463514898,86807.71960292818,1.2740841463514898,0.8680771960292817,0.350597604150221,1.9513266760928096,3.205766213131996,-0.1157714207193182,0.5555555555555556,0.006910408662147,0.0045892144962718,1.7736186915058592,0.1912411674347161,-0.0525907300817933,0.3928571428571428,198.0,0.0349285810912038,0.0035104544830007,1.968522507729516,0.051832983909736,-5.597400961431052e-05,0.0138767913339083,10,3,0.3670563265301068,-0.0895464342221011,0.1126968988776078,-4762.767113364404,91570.48671629258,127408.41463514898,106120.84148193292,86807.71960292818,53395.6034311837,25909.97274985432,ONMOBILE,ONMOBILE GLOBAL LTD.,BE,2025-08-20,2026-08-27,252,12273655.725,224720.0,0.0,0.0433588452915577,13,0,1.0,OK,FULL,False,False,momentum_1d,"{""move_threshold"":0.02,""signal_feature"":""previous_cc_signal""}",INTRADAY_SHORT_ALLOWED_RESEARCH,2025-08-20,2026-08-27
13,INE788H01017,112,112,130816.40964472808,84731.43245093638,1.308164096447281,0.8473143245093637,0.4113704823770769,1.697881607100899,1.564600498656888,-0.2365780159785215,0.625,0.0062362354976094,0.0079844317592111,1.5559893070216193,0.1265779191276692,-0.1246971260132646,0.4444444444444444,224.0,0.0386872749174182,0.0036556038690812,1.7059385318948106,0.0908161537634368,-0.0010075876062361,0.0134800586014551,9,4,0.2714958473226443,-0.094972681934112,0.111241370623558,-65042.10714925639,149773.53960019277,130816.40964472808,106503.69113940216,84731.43245093638,47782.12097553164,18170.534647464257,HILTON,HILTON METAL FORGING LTD,EQ,2025-08-20,2026-08-27,252,3269321.21,116840.5,0.0,0.0498889771528039,3,0,1.0,OK,FULL,False,False,momentum_1d,"{""move_threshold"":0.02,""signal_feature"":""previous_cc_signal""}",INTRADAY_SHORT_ALLOWED_RESEARCH,2025-08-20,2026-08-27
15,INE451L01014,103,103,114652.68272471977,74898.68836361641,1.1465268272471976,0.7489868836361642,0.3699030036631079,1.696477138645875,1.4893557241844777,-0.2134866617916005,0.6019417475728155,0.006092543584766,0.0081328903654485,1.5859598366761694,0.1313375046927793,-0.1014642857142855,0.4087301587301587,206.0,0.0362486890994594,0.0035716894664772,1.7057875949039791,0.0910910333256413,-0.0009918855368114,0.0131769727063435,8,5,0.2161995828442571,-0.1101260307973341,0.1045215588097892,258397.9692568045,-183499.2808931881,114652.68272471977,93768.67745798512,74898.68836361641,42448.97311883321,15972.206759382883,MAHASTEEL,MAHAMAYA STEEL INDS LTD,BE,2025-08-20,2026-08-27,252,5683947.0,7467.0,0.0039682539682539,0.0448085789108505,22,0,1.0,OK,FULL,False,False,momentum_1d,"{""move_threshold"":0.02,""signal_feature"":""previous_cc_signal""}",INTRADAY_SHORT_ALLOWED_RESEARCH,2025-08-20,2026-08-27
17,INE337M01021,141,141,127331.50638284149,71674.05259993052,1.2733150638284148,0.7167405259993052,0.4220300252996858,1.488328758453483,1.6497111981931611,-0.2424048074240877,0.4893617021276595,0.0044547476849955,-0.002,1.437611978811911,0.2034443927408097,-0.1070818260120585,0.5595238095238095,282.0,0.0354733357360624,0.0029873937836762,1.4911819490745506,0.1381634995676931,-0.0014514903070611,0.0103609856770522,9,3,0.1608491050776093,-0.0540853014757761,0.0762377052843979,-71442.83867935612,143116.89127928665,127331.50638284149,97566.152131658,71674.05259993052,29570.467952856765,-2262.155572658812,INDOTHAI,INDO THAI SEC LTD,EQ,2025-08-20,2026-08-27,252,151851365.45,572376.0,0.0,0.0477135420264643,20,0,1.0,OK,FULL,False,False,momentum_1d,"{""move_threshold"":0.02,""signal_feature"":""previous_cc_signal""}",INTRADAY_SHORT_ALLOWED_RESEARCH,2025-08-20,2026-08-27
22,INE670K01029,78,78,95787.34048607553,67700.60945425235,0.9578734048607552,0.6770060945425236,0.1930391707432607,2.7752425596536034,4.18256212405788,-0.1132609429690398,0.5897435897435898,0.0068683400298325,0.0044935897435898,2.369773023723209,0.0754397972116603,-0.0315686456400741,0.3095238095238095,156.0,0.0211904125535265,0.0023993417478407,2.862593474236664,0.0054097760601081,0.0020906402284057,0.0116460398312592,8,5,0.1748997921516941,-0.0812587556568976,0.0748498989104995,-914.294800445292,68614.90425469764,95787.34048607553,81207.56290956054,67700.60945425235,43598.81126708639,22922.868052926628,LODHA,LODHA DEVELOPERS LIMITED,EQ,2025-08-20,2026-08-27,252,1462096273.675,1416057.0,0.0,0.0313734347701357,0,0,1.0,OK,FULL,False,False,momentum_1d,"{""move_threshold"":0.02,""signal_feature"":""previous_cc_signal""}",INTRADAY_SHORT_ALLOWED_RESEARCH,2025-08-20,2026-08-27
1,INE185E01021,134,134,511458.7213781966,369114.92514479,5.114587213781967,3.6911492514479,0.5821224576335834,2.9564138298528766,2.862356435655036,-0.2949172141986577,0.5,0.0128432454060885,0.0067719298245613,2.0353509131387297,0.1192121212121213,-0.1871851851851851,0.5317460317460317,268.0,0.0495977772750512,0.0042845953766933,2.9975398554438075,0.0032486153471938,0.0043684817184329,0.0213180090937442,9,3,0.8326592514451576,-0.127066471187203,0.240084139959923,-67857.14285714288,436972.0680019329,511458.7213781966,435613.7552035337,369114.92514479,259718.44396134728,175687.19700853492,FILATFASH,FILATEX FASHIONS LIMITED,EQ,2025-08-20,2026-08-27,252,14146219.52,40314658.5,0.0,0.0654445688970291,16,0,1.0,OK,FULL,False,False,momentum_5d,"{""move_threshold"":0.05,""signal_feature"":""previous_5d_signal""}",INTRADAY_SHORT_ALLOWED_RESEARCH,2025-08-20,2026-08-27
2,INE568Z01015,103,103,241333.81543506472,178375.1620817475,2.413338154350648,1.7837516208174748,0.3742302317356476,2.9261355092634838,2.8437749779745896,-0.2224002042445153,0.5922330097087378,0.0106315375701124,0.0070322580645161,2.172576884747425,0.0924444444444444,-0.0828134394341291,0.4087301587301587,206.0,0.0360567264742471,0.0035527748269837,2.9924602846667083,0.0034711073381171,0.0035846255462864,0.0176784495939383,8,4,0.6514879198101375,-0.2222346356792337,0.2387114182437515,-78333.33333333333,256708.4954150808,241333.81543506472,208266.8595066557,178375.1620817475,126937.25113903852,84928.79328674151,URAVIDEF,URAVI DEFENCE &TECH LTD,BE,2025-08-20,2026-08-27,252,1462833.08,8423.5,0.0,0.0567582653615095,1,0,1.0,OK,FULL,False,False,momentum_5d,"{""move_threshold"":0.05,""signal_feature"":""previous_5d_signal""}",INTRADAY_SHORT_ALLOWED_RESEARCH,2025-08-20,2026-08-27
5,INE650L01011,133,133,227697.5162733496,151627.28948715376,2.276975162733496,1.5162728948715376,0.4991810635747751,2.0999358852587844,2.1113333675818797,-0.2953596148457256,0.6240601503759399,0.0078815656288895,0.0118595564941923,1.6547397758681934,0.1366666666666667,-0.1443807080554131,0.5277777777777778,266.0,0.0430196831887606,0.0037302796178743,2.112861886042956,0.0364954243805008,0.0005027038367878,0.0152604274209913,10,3,0.6317873011219357,-0.1848827882226014,0.2010165589437252,-56639.72665746766,208267.01614462145,227697.5162733496,187173.24551768837,151627.28948715376,93113.9372115508,48128.92493132246,BROOKS,BROOKS LAB LIMITED,BE,2025-08-20,2026-08-27,252,3046489.345,36411.5,0.0,0.0535242752193118,4,0,1.0,OK,FULL,False,False,momentum_5d,"{""move_threshold"":0.05,""signal_feature"":""previous_5d_signal""}",INTRADAY_SHORT_ALLOWED_RESEARCH,2025-08-20,2026-08-27
9,INE297H01019,109,109,147718.8877549513,99484.53931556188,1.477188877549513,0.9948453931556188,0.4106152205945864,1.878938905560667,2.5853777982177784,-0.1764083030697237,0.5688073394495413,0.0070781735155095,0.0038312438043035,1.7576604833330556,0.1917068024736268,-0.0779333806930302,0.4325396825396825,218.0,0.0390674766475765,0.0037419856030312,1.8915555179517067,0.0612290307382601,-0.00033909112155,0.0144954381525692,10,3,0.2604963431251621,-0.0412811586351542,0.0892765820704156,-7049.629390912116,106534.168706474,147718.8877549513,122309.26866146713,99484.53931556188,60572.76420446151,29195.17546181871,GALLANTT,GALLANTT ISPAT LIMITED,EQ,2025-08-20,2026-08-27,252,89841489.35,144723.0,0.0,0.0460094000049307,0,0,1.0,OK,FULL,False,False,momentum_5d,"{""move_threshold"":0.05,""signal_feature"":""previous_5d_signal""}",INTRADAY_SHORT_ALLOWED_RESEARCH,2025-08-20,2026-08-27
10,INE382M01027,118,118,152001.9479827983,99313.35472392454,1.5200194798279831,0.9931335472392452,0.4179412100788771,1.85800887361171,2.035371090525727,-0.2889352323239506,0.576271186440678,0.0065808345506319,0.0042080076737245,1.584151451382403,0.1710487804878049,-0.1151937172774868,0.4682539682539682,236.0,0.0382596096462083,0.0035220825530997,1.868449830865056,0.0642006846416722,-0.0003944653839005,0.0135561344851644,8,5,0.3586021010149465,-0.2012257654916256,0.1399958634929805,179445.0736126841,-80131.71888875955,152001.9479827983,124127.68013213234,99313.35472392454,57567.162841926416,24506.215675122992,UFBL,UNITED FOODBRANDS LIMITED,BE,2025-08-20,2026-08-27,252,25546507.78,89483.5,0.0,0.0535740584958071,1,0,1.0,OK,FULL,False,False,momentum_5d,"{""move_threshold"":0.05,""signal_feature"":""previous_5d_signal""}",INTRADAY_SHORT_ALLOWED_RESEARCH,2025-08-20,2026-08-27
11,INE197D01010,97,97,136827.53882381346,95338.2817174611,1.3682753882381349,0.953382817174611,0.3680652169239674,2.000261917865055,2.243456248439116,-0.2613306209289602,0.5773195876288659,0.0075899673886984,0.0040912657443732,1.7631630877651372,0.164453382084095,-0.0915502106264438,0.3849206349206349,194.0,0.037010329559109,0.0037578296188172,2.019774220388232,0.0461939493632054,0.0001307345499395,0.0150492002274573,5,7,0.6225452162650176,-0.1725625251554734,0.2181479990523259,21241.798992108143,74096.48272535295,136827.53882381346,115095.12593522886,95338.2817174611,61055.62491771503,32738.57104377274,JINDALPOLY,JINDAL POLY FILMS LIMITED,EQ,2025-08-20,2026-08-27,252,19540957.625,34264.0,0.0,0.0410669969784218,3,0,1.0,OK,FULL,False,False,momentum_5d,"{""move_threshold"":0.05,""signal_feature"":""previous_5d_signal""}",INTRADAY_SHORT_ALLOWED_RESEARCH,2025-08-20,2026-08-27
13,INE748Z01013,118,118,138975.40944012848,88969.28064530517,1.389754094401285,0.8896928064530518,0.531073257820463,1.4643407894247331,1.5255603225091223,-0.5134246534134537,0.5254237288135594,0.0065904426576201,0.0048909397224092,1.4328651600561928,0.1485486093391173,-0.1814793261868299,0.4682539682539682,236.0,0.0487619629447223,0.004488902540581,1.468163453770858,0.1447431552320573,-0.0022995935994461,0.0154804789146864,9,4,0.5029428238373552,-0.2944150514344226,0.2124880318442003,-47573.506969172966,136542.78761447815,138975.40944012848,112518.93544397844,88969.28064530517,49356.95141272861,17992.686159666933,SUMIT,SUMIT WOODS LIMITED,EQ,2025-08-20,2026-08-27,252,2632031.3,41138.5,0.0,0.0618463902959549,0,0,1.0,OK,FULL,False,False,momentum_5d,"{""move_threshold"":0.05,""signal_feature"":""previous_5d_signal""}",INTRADAY_SHORT_ALLOWED_RESEARCH,2025-08-20,2026-08-27
14,INE0D0K01022,114,114,135468.13207084086,87713.61324391357,1.3546813207084083,0.8771361324391358,0.3899581067742706,1.8048426005383824,2.4843113977658207,-0.202646531404272,0.4824561403508772,0.006173798276592,-0.002,1.6630138280987392,0.1334869816779171,-0.0776906077348065,0.4523809523809524,228.0,0.0363225921622504,0.0034019224459032,1.8147968905131588,0.0722077630215044,-0.0005660236573469,0.012913620210531,4,8,0.4514775761787837,-0.0863229826709646,0.163598679912557,4098.623118796037,83614.99012511753,135468.13207084086,110251.1828402873,87713.61324391357,49576.39392986125,19133.31350136673,SIGACHI,SIGACHI INDUSTRIES LTD,EQ,2025-08-20,2026-08-27,252,57058506.71,2291390.0,0.0,0.0432375113521947,18,0,1.0,OK,FULL,False,False,momentum_5d,"{""move_threshold"":0.05,""signal_feature"":""previous_5d_signal""}",INTRADAY_SHORT_ALLOWED_RESEARCH,2025-08-20,2026-08-27
16,INE075D01018,69,69,104661.53643295658,78490.86872836153,1.0466153643295657,0.7849086872836153,0.3550820030333058,1.8013801909096652,1.662503467420421,-0.1440650719224917,0.6231884057971014,0.0092701113972858,0.0042413697873515,2.070291236387908,0.1845710560625815,-0.0954225728058643,0.2738095238095238,138.0,0.0422313207962306,0.005084053580993,1.823370121814337,0.0726426232721999,-0.0008749595693103,0.019415182363882,8,2,0.5437870628476638,-0.0488646187616161,0.150840653803529,30594.610427650758,47896.258300710775,104661.53643295658,91135.28465909504,78490.86872836153,55624.343883189926,35650.171869284066,GMBREW,G M BREWERIES LTD,EQ,2025-08-20,2026-08-27,252,68073378.0,71977.5,0.0,0.0389045560381272,0,0,1.0,OK,FULL,False,False,momentum_5d,"{""move_threshold"":0.05,""signal_feature"":""previous_5d_signal""}",INTRADAY_SHORT_ALLOWED_RESEARCH,2025-08-20,2026-08-27
17,INE037Z01029,107,107,119907.22370591326,77761.68123400491,1.1990722370591325,0.7776168123400491,0.3541761759512002,1.801172637779192,1.802980203974777,-0.1783564220916954,0.5981308411214953,0.0059619853932389,0.0071294424519073,1.6141297180216287,0.1101289849761817,-0.1146959469001553,0.4246031746031746,214.0,0.034030307082507,0.0032898339590088,1.8122450760509377,0.0727792123294184,-0.0005604304053735,0.0124844011918514,5,7,0.2898863092031158,-0.0632685357842393,0.1336779558491024,-50989.41555453292,128751.09678853783,119907.22370591326,97725.1052256187,77761.68123400491,43632.42452015806,16006.356060508757,CEWATER,CONCORD ENVIRO SYSTEMS L,EQ,2025-08-20,2026-08-27,252,15176327.875,42526.0,0.0,0.044097525048073,0,0,1.0,OK,FULL,False,False,momentum_5d,"{""move_threshold"":0.05,""signal_feature"":""previous_5d_signal""}",INTRADAY_SHORT_ALLOWED_RESEARCH,2025-08-20,2026-08-27
1,INE451L01014,252,252,700980.463868927,385543.07559225085,7.009804638689269,3.8554307559225087,0.4761342487309276,3.5618850875299475,6.540060513073271,-0.23080933872126,0.5277777777777778,0.0067299026992736,0.0010716163322979,1.8935450066812511,0.1313375046927793,-0.0843628286709089,1.0,504.0,0.0299936384005382,0.0018894216219481,3.5618850875299466,0.0004404509251517,0.0030087619623901,0.0104510434361571,9,4,0.5011781362617049,-0.1599394548801214,0.196924016394719,258397.9692568045,127145.10633544635,700980.463868927,523704.4878403562,385543.07559225085,194036.0275241821,77884.67665321648,MAHASTEEL,MAHAMAYA STEEL INDS LTD,BE,2025-08-20,2026-08-27,252,5683947.0,7467.0,0.0039682539682539,0.0448085789108505,22,0,1.0,OK,FULL,False,False,open_to_close,{},LONG_ONLY,2025-08-20,2026-08-27
2,INE0RYC01010,252,252,299115.69566260383,141549.06634921284,2.991156956626038,1.4154906634921285,0.6834987489717708,1.624150896310728,3.7962617888140593,-0.3233992130439987,0.4166666666666667,0.0044051789911498,-0.002,1.3068173792192035,0.1563618701516527,-0.0869780061504923,1.0,504.0,0.0430563740762635,0.0027122966229038,1.6241508963107278,0.1055987029291944,-0.0009365813320927,0.0097469393143924,8,5,0.5003982771607143,-0.1854341355983694,0.2064955876386726,39841.77420400738,101707.29214520546,299115.69566260383,210532.1032585851,141549.06634921284,46041.29978933238,-11791.98784950428,STALLION,STALLION IND FLUOROCHEM L,BE,2025-08-20,2026-08-27,252,194409665.745,1082740.0,0.0,0.0612168842996366,13,0,1.0,OK,FULL,False,False,open_to_close,{},LONG_ONLY,2025-08-20,2026-08-27
3,INE291W01037,252,252,251693.65972799523,112833.36664479764,2.5169365972799524,1.1283336664479764,0.5319105145783605,1.6766807379169095,3.1998141672187383,-0.3573126874744731,0.5317460317460317,0.0035390639447976,0.0032311681943281,1.356811286261219,0.2595196078431372,-0.0741158426217013,1.0,504.0,0.0335072128884461,0.0021107560102315,1.67668073791691,0.0948498924233793,-0.000617986066727,0.0076961139563223,8,5,0.3479108587665263,-0.1178533910243185,0.1517463717979855,73514.69668542876,39318.66995936888,251693.65972799523,173625.47193695087,112833.36664479764,28670.457784540675,-22289.41395099387,GLOBAL,GLOBAL EDUCATION LIMITED,EQ,2025-08-20,2026-08-27,252,6033292.79,64412.5,0.0,0.0492167107965279,0,0,1.0,OK,FULL,False,False,open_to_close,{},LONG_ONLY,2025-08-20,2026-08-27
4,INE198H01019,252,252,241440.11494294897,106622.88569021127,2.41440114942949,1.066228856902113,0.4788070155923013,1.7561671209255112,2.718180842714219,-0.3232308641751517,0.5,0.0033367664208399,2.4318739355268584e-05,1.3385104390549536,0.0898258212375857,-0.0920125515510131,1.0,504.0,0.0301620068869108,0.0019000278396519,1.7561671209255114,0.0802794574607476,-0.0004052628399726,0.0070787956816525,8,5,0.4850736039276964,-0.2601638168191196,0.1857516062125944,29041.095890411103,77581.78979980019,241440.11494294897,165644.53159797203,106622.88569021127,24912.60194263772,-24560.935824119588,AAREYDRUGS,AAREY DRUGS & PHARM LTD,EQ,2025-08-20,2026-08-27,252,5697580.085,73684.5,0.0,0.0459205652304889,11,0,1.0,OK,FULL,False,False,open_to_close,{},LONG_ONLY,2025-08-20,2026-08-27
6,INE658G01014,252,252,225064.1692074525,96690.1831904754,2.250641692074525,0.966901831904754,0.4998035549593564,1.6026666946762842,2.6439909278908877,-0.2073653963747443,0.4325396825396825,0.0031786448865641,-0.002,1.3210169330167494,0.0970491283676702,-0.0880273972602739,1.0,504.0,0.0314846645430585,0.0019833474403149,1.602666694676284,0.1102659120365022,-0.0007274790139021,0.0070847687870305,8,5,0.4083458751047095,-0.1557904251290401,0.1415232084437152,359204.61834509345,-262514.43515461806,225064.1692074525,152889.22098953734,96690.1831904754,18894.014667612937,-28204.161342084142,SALSTEEL,S.A.L. STEEL LTD.,EQ,2025-08-20,2026-08-27,252,4810154.734999999,120881.5,0.0,0.0465047757380627,31,0,1.0,OK,FULL,False,False,open_to_close,{},LONG_ONLY,2025-08-20,2026-08-27
8,INE138C01024,252,252,196691.01060677908,79498.33526042334,1.966910106067791,0.7949833526042334,0.4476035779467195,1.529353127282499,2.802245462568008,-0.2965814574710516,0.5198412698412699,0.0027164441734748,0.0012595057455965,1.2909014158481522,0.0900121334681496,-0.0746998491704374,1.0,504.0,0.028196375075946,0.0017762046743917,1.5293531272824987,0.1274361791012477,-0.0007817202881487,0.0062146086350983,5,8,0.4970575295389916,-0.1599122062074245,0.1906273544621986,83699.67607589078,-4201.34081546744,196691.01060677908,130800.55556238691,79498.33526042334,8487.585458915171,-34496.9544693002,KANORICHEM,KANORIACHEMICALS-,BE,2025-08-20,2026-08-27,252,1355344.275,16683.5,0.0,0.0468210413990816,2,0,1.0,OK,FULL,False,False,open_to_close,{},LONG_ONLY,2025-08-20,2026-08-27
9,INE701A01023,247,247,177079.28189574572,69313.89588268026,1.770792818957457,0.6931389588268027,0.3089688300671493,1.8583826267672845,3.256291634456674,-0.1551051306964381,0.5182186234817814,0.0023246247206858,0.0007696793002915,1.3912155852971315,0.0898882303132939,-0.0577125923224217,0.98015873015873,494.0,0.0196572705504445,0.001250762173294,1.858566536725097,0.0642829625133707,-0.0001389442173483,0.00478819365872,9,4,0.2479394123602674,-0.0436079777644924,0.0779665281941468,-1997.0593903920671,71310.95527307232,177079.28189574572,116621.55491307194,69313.89588268026,3360.255183880072,-36964.4930339326,VHL,VARDHMAN HOLDINGS LIMITED,EQ,2025-08-20,2026-08-27,247,1866618.4,535.0,0.0040485829959514,0.0312284161080838,0,0,0.98015873015873,OK,FULL,False,True,open_to_close,{},LONG_ONLY,2025-08-20,2026-08-27
10,INE382M01027,252,252,145352.55054808847,48364.0335429468,1.4535255054808849,0.483640335429468,0.585750536925199,0.9554607728771792,2.178982031813898,-0.5541903940004625,0.4444444444444444,0.0022208796060467,-0.0045022893772893,1.1871042593697974,0.1979999999999999,-0.0764075829383885,1.0,504.0,0.0368988155006341,0.0023244068925603,0.9554607728771796,0.3402640358332965,-0.0023569473207356,0.0067987065328291,6,7,0.770365508951087,-0.2650963505821896,0.2928171127155649,179445.0736126841,-131081.0400697373,145352.55054808847,90815.73363571356,48364.0335429468,-10374.994480330815,-45913.29686171304,UFBL,UNITED FOODBRANDS LIMITED,BE,2025-08-20,2026-08-27,252,25546507.78,89483.5,0.0,0.0535740584958071,1,0,1.0,OK,FULL,False,False,open_to_close,{},LONG_ONLY,2025-08-20,2026-08-27
12,INE864I01014,252,252,141263.2401324371,45894.9796357165,1.412632401324371,0.4589497963571649,0.5144874933133313,0.988715532407771,1.6499686526934263,-0.2707876725111193,0.4841269841269841,0.0020185784756683,-0.0011608022519352,1.1906159982314777,0.130804687637059,-0.113830985915493,1.0,504.0,0.0324096657133352,0.0020416170369576,0.9887155324077708,0.3237544862841529,-0.0020023050778422,0.006039462029179,7,6,0.5161678078701584,-0.1343871182490387,0.1854028276240735,367394.8914263083,-321499.9117905918,141263.2401324371,87637.79132144141,45894.9796357165,-11864.234363837604,-46810.62330390897,MTARTECH,MTAR TECHNOLOGIES LIMITED,BE,2025-08-20,2026-08-27,252,1063784636.9,345631.0,0.0,0.0487493660077442,7,0,1.0,OK,FULL,False,False,open_to_close,{},LONG_ONLY,2025-08-20,2026-08-27
13,INE458B01036,252,252,131626.42142637385,40046.23620033864,1.3162642142637386,0.4004623620033865,0.5841481868755106,0.8633151717348136,1.5618448500969202,-0.2792311225585547,0.4801587301587302,0.0020012063185357,-0.002,1.1605125491972323,0.1539902506093369,-0.0939879171461449,1.0,504.0,0.0367978769352829,0.0023180483606171,0.8633151717348135,0.3887883781620911,-0.0025640977324809,0.0065665103695524,6,7,0.5377671569459004,-0.2132732813501408,0.1794482398846153,307340.425531915,-267294.18933157634,131626.42142637385,80129.30665337411,40046.23620033864,-15410.385453565032,-48958.532603243366,BHAGYANGR,BHAGYANAGAR INDIA LIMITED,EQ,2025-08-20,2026-08-27,252,26120744.79,110766.5,0.0,0.0559408983560994,5,0,1.0,OK,FULL,False,False,open_to_close,{},LONG_ONLY,2025-08-20,2026-08-27
2,INE368U01029,145,145,359701.7856508366,244861.13432142945,3.5970178565083657,2.448611343214294,0.45296957818275,2.9584544084627127,5.074686639266362,-0.1922401846690064,0.496551724137931,0.0092419989343051,-0.0006154378677742,2.042335928142811,0.1196666666666665,-0.0789230769230769,0.5753968253968254,290.0,0.0371846434601912,0.0030880165593418,2.992859253408617,0.0032532565259252,0.0031383024002754,0.0153456954683349,9,4,0.4927722536232282,-0.0615048661573253,0.1709922526204521,1683.867463335249,243177.26685809417,359701.7856508366,298190.77379836526,244861.13432142945,158561.6128709825,93746.82195016395,UNITEDPOLY,UNITED POLYFAB GUJ. LTD.,EQ,2025-08-20,2026-08-27,252,2526799.48,80560.0,0.0,0.0553504552501085,21,0,1.0,OK,FULL,False,False,reversal_1d,"{""move_threshold"":0.02,""signal_feature"":""previous_cc_signal""}",INTRADAY_SHORT_ALLOWED_RESEARCH,2025-08-20,2026-08-27
14,INE224E01028,138,138,167370.4236773317,103186.3947928034,1.6737042367733173,1.0318639479280338,0.4432594727129036,1.8251758486241896,1.7371838955157166,-0.2805029737872089,0.5,0.0058625107555759,0.0028543689320388,1.5507986369807636,0.1032631578947368,-0.1619999999999999,0.5476190476190477,276.0,0.0375872388797688,0.0031996382569592,1.8322417363353392,0.0690870202253323,-0.0004645538017816,0.0121895753129336,7,6,0.3386778130321857,-0.1012852327010246,0.1325360264358185,99999.9999999996,3186.394792803796,167370.4236773317,133095.38889561238,103186.3947928034,54325.57584176265,17149.98991237668,GATECH,GACM TECHNOLOGIES LIMITED,BE,2025-08-20,2026-08-27,252,3479502.9050000003,6575677.0,0.0,0.0497916747278949,7,0,1.0,OK,FULL,False,False,reversal_1d,"{""move_threshold"":0.02,""signal_feature"":""previous_cc_signal""}",INTRADAY_SHORT_ALLOWED_RESEARCH,2025-08-20,2026-08-27
16,INE0RYC01010,186,186,192741.6788927452,102096.82834658786,1.927416788927452,1.0209682834658786,0.5725799711815301,1.5123204146191698,2.290151958237386,-0.3561318655173312,0.4623655913978494,0.0046555074162359,-0.002,1.3318875688382896,0.1422372881355933,-0.0902173913043478,0.7380952380952381,372.0,0.0419453324244159,0.0030755809943261,1.513700151231426,0.1318084415352205,-0.001412213894597,0.0107232287270688,11,2,0.2850909409822968,-0.2327126834681174,0.142676630532298,39841.77420400738,62255.05414258048,192741.6788927452,143255.22119185177,102096.82834658786,39416.01217019142,-3895.7171464294806,STALLION,STALLION IND FLUOROCHEM L,BE,2025-08-20,2026-08-27,252,194409665.745,1082740.0,0.0,0.0612168842996366,13,0,1.0,OK,FULL,False,False,reversal_1d,"{""move_threshold"":0.02,""signal_feature"":""previous_cc_signal""}",INTRADAY_SHORT_ALLOWED_RESEARCH,2025-08-20,2026-08-27
17,INE887E01022,126,126,158829.1190759232,101474.47240534464,1.588291190759232,1.0147447240534464,0.3957180365049777,1.968494159655423,2.185086786549419,-0.2369807149739681,0.5634920634920635,0.0061822908232568,0.0057082600137912,1.5865695714148802,0.1004806537933029,-0.0851876518995439,0.5,252.0,0.0350500738039387,0.0031225087513209,1.9799114480116324,0.0499103179552734,2.458471706272454e-06,0.0123621231748073,9,4,0.3487851597623881,-0.1741047663739895,0.1342547506209778,103044.51287793982,-1570.0404725951958,158829.1190759232,128372.41816787454,101474.47240534464,56750.8587803588,21893.89952738605,NGLFINE,NGL FINE CHEM LIMITED,EQ,2025-08-20,2026-08-27,252,9102432.8,4432.0,0.0,0.0553129405859572,0,0,1.0,OK,FULL,False,False,reversal_1d,"{""move_threshold"":0.02,""signal_feature"":""previous_cc_signal""}",INTRADAY_SHORT_ALLOWED_RESEARCH,2025-08-20,2026-08-27
19,INE0OJW01016,127,127,158335.38361016772,100686.95927480102,1.583353836101677,1.0068695927480102,0.4046916203237813,1.920185114232128,2.526888992845473,-0.195830294002274,0.5905511811023622,0.0061187624031512,0.0055831702544031,1.627269105085997,0.1340881542699724,-0.0953961780828933,0.503968253968254,254.0,0.0357201291739667,0.0031696489139703,1.9304227594994767,0.0558012880570051,-0.000153879616154,0.0123914044224564,9,4,0.3030179027502737,-0.1352798392361891,0.1188955934208769,61990.75093591708,38696.20833888394,158335.38361016772,127708.2742325792,100686.95927480102,55824.47393910086,20929.58683558597,ROSSTECH,ROSSELL TECHSYS LIMITED,EQ,2025-08-20,2026-08-27,252,78020500.775,96023.0,0.0,0.0565502311633688,0,0,1.0,OK,FULL,False,False,reversal_1d,"{""move_threshold"":0.02,""signal_feature"":""previous_cc_signal""}",INTRADAY_SHORT_ALLOWED_RESEARCH,2025-08-20,2026-08-27
31,INE980Y01015,130,130,132212.93922002416,79274.18487043469,1.3221293922002415,0.7927418487043469,0.4088323111790802,1.6307127398998067,2.1341821204160967,-0.2355394320658594,0.5538461538461539,0.0051283696794031,0.0038214769594499,1.445601586059868,0.1122748430464837,-0.0749156139464376,0.5158730158730159,260.0,0.0357451518017087,0.0031350572039035,1.635813749432582,0.1043162182552389,-0.0010744177806438,0.0113311571394501,10,3,0.2468935561338976,-0.0300822165483959,0.0839140516164688,57414.59331963785,21859.59155079685,132212.93922002416,104046.9354429617,79274.18487043469,38332.6592262107,6685.752297972707,SOUTHWEST,SOUTH WEST PINNACLE LTD,EQ,2025-08-20,2026-08-27,252,24278815.11,120582.0,0.0,0.0559595644228439,0,0,1.0,OK,FULL,False,False,reversal_1d,"{""move_threshold"":0.02,""signal_feature"":""previous_cc_signal""}",INTRADAY_SHORT_ALLOWED_RESEARCH,2025-08-20,2026-08-27
33,INE886A01014,94,94,114517.41572550432,77961.40713994994,1.1451741572550431,0.7796140713994995,0.4161478972084995,1.5872910224697732,2.090884058447233,-0.3268228183176708,0.5638297872340425,0.0070271044814758,0.0034038121686442,1.568673569639938,0.1481388784625779,-0.0810780141843972,0.373015873015873,188.0,0.04270196256153,0.0044043711442909,1.5954841795257129,0.1139968137995218,-0.0017191037279095,0.0157733126908611,8,4,0.3076224523626001,-0.2280201564464646,0.1494905476566465,-7400.544327986558,85361.9514679365,114517.41572550432,95395.4222444824,77961.40713994994,47579.91452939177,22339.35279413169,IITL,INDUSTRIAL INV TRUST LTD,EQ,2025-08-20,2026-08-27,252,3984547.99,23987.0,0.0,0.0587883008051576,0,0,1.0,OK,FULL,False,False,reversal_1d,"{""move_threshold"":0.02,""signal_feature"":""previous_cc_signal""}",INTRADAY_SHORT_ALLOWED_RESEARCH,2025-08-20,2026-08-27
34,INE415D01024,132,132,131140.4577727875,77725.45313379096,1.3114045777278749,0.7772545313379096,0.457372384153025,1.4797836311966608,2.115414133298627,-0.3076285209908244,0.5227272727272727,0.0051273649047805,0.0003398311433349,1.4132280240702726,0.2170062111801241,-0.0902037533512065,0.5238095238095238,264.0,0.0397229791555847,0.0034574415494906,1.4829939512747492,0.140477838915386,-0.001712279215492,0.0119670090250532,10,3,0.2173950325345912,-0.1653948416409456,0.1079088520224946,64535.5760643048,13189.87706948616,131140.4577727875,102694.1624988667,77725.45313379096,36582.5767890224,4908.836441764579,BHARATSE,BHARAT SEATS LIMITED,EQ,2025-08-20,2026-08-27,252,33100052.01,177941.5,0.0,0.0563997692766188,0,0,1.0,OK,FULL,False,False,reversal_1d,"{""move_threshold"":0.02,""signal_feature"":""previous_cc_signal""}",INTRADAY_SHORT_ALLOWED_RESEARCH,2025-08-20,2026-08-27
38,INE760L01018,80,80,102266.8410201464,72562.44374362743,1.0226684102014645,0.7256244374362744,0.2858401570126884,2.04890068709282,2.588068031297916,-0.1041926474482981,0.6125,0.0073207261762752,0.0049393940230011,1.921110178827202,0.1228614702622828,-0.0528171603677221,0.3174603174603174,160.0,0.0315133126592923,0.0035232954651191,2.077806487917616,0.0409752116912006,0.000307781977026,0.0143336703755244,7,5,0.3224503785919623,-0.0565601867154483,0.1098900553963779,59004.72702716716,13557.716716460272,102266.8410201464,86832.58430138146,72562.44374362743,47173.80825373015,25480.6845710559,TBZ,TRIB BHIMJI ZAVERI LTD,EQ,2025-08-20,2026-08-27,252,40873557.605,251138.5,0.0,0.0430753674027625,0,0,1.0,OK,FULL,False,False,reversal_1d,"{""move_threshold"":0.02,""signal_feature"":""previous_cc_signal""}",INTRADAY_SHORT_ALLOWED_RESEARCH,2025-08-20,2026-08-27
41,INE482J01021,98,98,101897.7600497737,66125.17266464428,1.018977600497737,0.6612517266464428,0.5030513977730843,1.2479544190871892,1.5262826108468148,-0.3155001870777842,0.5408163265306123,0.006405971580397,0.0034549962806844,1.459231650202183,0.2640550458715596,-0.1080240963855422,0.3888888888888889,196.0,0.0507265634203131,0.0051241567115418,1.2501513792441157,0.2142518738286783,-0.0037640610538365,0.0165760042146305,7,6,0.2986203548155794,-0.1550832021445927,0.1501184245818776,13855.421686746891,52269.75097789739,101897.7600497737,83149.01553862938,66125.17266464428,36637.5691253531,12340.115583986422,SHAH,SHAH METACORP LIMITED,EQ,2025-08-20,2026-08-27,252,10094136.6,2120989.0,0.0,0.0551724187049163,0,0,1.0,OK,FULL,False,False,reversal_1d,"{""move_threshold"":0.02,""signal_feature"":""previous_cc_signal""}",INTRADAY_SHORT_ALLOWED_RESEARCH,2025-08-20,2026-08-27
3,INE740D01017,78,78,169742.76889791683,131184.16249464938,1.6974276889791682,1.311841624946494,0.2894499263088993,3.0416264670739346,3.0871491390815065,-0.1085572646497571,0.6025641025641025,0.0112871609840224,0.0070593434343433,2.590632643248469,0.0917994722955144,-0.063740041928721,0.3095238095238095,156.0,0.0315379372369713,0.0035709682037716,3.1608125135645264,0.0022499863283137,0.0041764548524699,0.0183978671155748,12,1,0.1792976421803411,-0.0843018523010338,0.0717152149928232,49656.08078442855,81528.08171022084,169742.76889791683,149729.8874617612,131184.16249464938,98076.73673736332,69658.43756256215,NRAIL,N R AGARWAL INDS LTD,EQ,2025-08-20,2026-08-27,252,2759958.625,6034.0,0.0,0.050449429173368,2,0,1.0,OK,FULL,False,False,reversal_5d,"{""move_threshold"":0.05,""signal_feature"":""previous_5d_signal""}",INTRADAY_SHORT_ALLOWED_RESEARCH,2025-08-20,2026-08-27
7,INE565L01011,83,83,158191.98564037803,119041.09506386884,1.5819198564037804,1.1904109506386886,0.4184777713716004,2.0840196673177904,1.6825951612051848,-0.1972023778003729,0.5542168674698795,0.0105074205526955,0.0093378684807254,1.9345916811471044,0.1472753623188405,-0.1573398058252426,0.3293650793650793,166.0,0.0453015937451357,0.0049724959137884,2.1131079310812853,0.0376320052109972,0.0006155421561105,0.0203992989492806,7,6,0.3855891464862206,-0.1304731548160106,0.1615607268221726,-19131.3340227506,138172.42908661946,158191.98564037803,137821.9323471757,119041.09506386884,85766.0615160552,57494.178208949306,ZEELEARN,ZEE LEARN LIMITED,BE,2025-08-20,2026-08-27,252,3145303.14,429464.5,0.0,0.0554107371428743,4,0,1.0,OK,FULL,False,False,reversal_5d,"{""move_threshold"":0.05,""signal_feature"":""previous_5d_signal""}",INTRADAY_SHORT_ALLOWED_RESEARCH,2025-08-20,2026-08-27
9,INE558R01013,79,79,147487.5925893051,111633.3658433032,1.474875925893051,1.116333658433032,0.4143159283956477,2.010168191627879,2.238838223594113,-0.1879853114856828,0.5569620253164557,0.0105423379815912,0.005265625,1.96944623461626,0.1674964028776978,-0.1119041533546325,0.3134920634920635,158.0,0.0459861849476241,0.0051738500294318,2.037619552484188,0.0449789576194001,0.0002419938160255,0.0208426821471568,9,4,0.2828416201532979,-0.0835532086164455,0.1137628902417058,-25809.697503301795,137443.063346605,147487.5925893051,128868.3026577624,111633.3658433032,80917.12121538186,54610.67628696072,HECPROJECT,HEC INFRA PROJECTS LTD,EQ,2025-08-20,2026-08-27,252,1444643.86,11380.0,0.0,0.0663223177738018,0,0,1.0,OK,FULL,False,False,reversal_5d,"{""move_threshold"":0.05,""signal_feature"":""previous_5d_signal""}",INTRADAY_SHORT_ALLOWED_RESEARCH,2025-08-20,2026-08-27
10,INE215I01027,84,84,139156.71688820425,102477.75232665788,1.3915671688820423,1.0247775232665788,0.255875953083137,2.886481987029665,3.533311426737168,-0.0587012930068803,0.6190476190476191,0.0087926348748633,0.0085983319974232,2.2578641391912555,0.0771941875825628,-0.0551326281529698,0.3333333333333333,168.0,0.02708382967406,0.0029550880854921,2.975422261701868,0.0038315149070644,0.0029150835259446,0.0146701862237821,10,3,0.1560255564542125,-0.0233570557923914,0.0717101032010286,8751.98061329119,93725.77171336667,139156.71688820425,120063.42781265764,102477.75232665788,71367.45321842577,44989.01659720126,MAANALU,MAAN ALUMINIUM LIMITED,EQ,2025-08-20,2026-08-27,252,9056855.22,65582.0,0.0,0.049074845481228,0,0,1.0,OK,FULL,False,False,reversal_5d,"{""move_threshold"":0.05,""signal_feature"":""previous_5d_signal""}",INTRADAY_SHORT_ALLOWED_RESEARCH,2025-08-20,2026-08-27
14,INE0J5801029,91,91,123542.57980877189,86584.10319963071,1.2354257980877188,0.8658410319963072,0.3882691326826566,1.798501439309114,1.5976067034126962,-0.2684658841516872,0.5934065934065934,0.0076736548787808,0.0064155280065154,1.745925792075374,0.1619731966890027,-0.1384912280701754,0.3611111111111111,182.0,0.0403775496285685,0.0042327173019615,1.8129381981699475,0.0731750937200101,-0.0007353768230224,0.0160826865805841,9,3,0.4282283801649826,-0.1508686392018525,0.1378647807396331,-26858.058874963597,113442.16207459432,123542.57980877189,104238.19481948733,86584.10319963071,55679.91830100477,29847.472202121837,JSLL,JEENA SIKHO LIFECARE LTD,EQ,2025-08-20,2026-08-27,252,163208310.35,244755.0,0.0,0.0452245709965298,0,0,1.0,OK,FULL,False,False,reversal_5d,"{""move_threshold"":0.05,""signal_feature"":""previous_5d_signal""}",INTRADAY_SHORT_ALLOWED_RESEARCH,2025-08-20,2026-08-27
15,INE368U01029,134,134,143592.04173922425,86576.25237387264,1.4359204173922424,0.8657625237387265,0.4170077514529708,1.7010597026294976,2.19481797557154,-0.1303086657826797,0.4477611940298507,0.0052936946394088,-0.002,1.532676224281231,0.1196666666666665,-0.0896249039200616,0.5317460317460317,268.0,0.0359036993740509,0.0031016072250807,1.706758546537422,0.0902006492057293,-0.0008411643084087,0.0114285535872264,10,3,0.1720353003196864,-0.0559564063767321,0.0646598797248676,1683.867463335249,84892.3849105374,143592.04173922425,113200.67342090674,86576.25237387264,42829.672770873294,9281.94016622103,UNITEDPOLY,UNITED POLYFAB GUJ. LTD.,EQ,2025-08-20,2026-08-27,252,2526799.48,80560.0,0.0,0.0553504552501085,21,0,1.0,OK,FULL,False,False,reversal_5d,"{""move_threshold"":0.05,""signal_feature"":""previous_5d_signal""}",INTRADAY_SHORT_ALLOWED_RESEARCH,2025-08-20,2026-08-27
19,INE818B01023,100,100,122178.82388006237,82142.35216690003,1.2217882388006234,0.8214235216690002,0.2971362817100922,2.1697377788842123,1.7618379077911774,-0.1832565441415684,0.62,0.0064470781590356,0.0088038029386343,1.763848796624799,0.0830420168067227,-0.1194382964994353,0.3968253968253968,200.0,0.0293760929214775,0.0029376092921477,2.194668357112283,0.0305251806332781,0.0006182240046466,0.0122759323134246,10,3,0.1562814989195688,-0.0373487911590542,0.0627070721541629,47449.58481613293,34692.7673507671,122178.82388006237,101176.96563933388,82142.35216690003,49261.31561617076,22267.47677302359,PASUPTAC,PASUPATI ACRYLON LIMITED,BE,2025-08-20,2026-08-27,252,4840737.755,90854.0,0.0,0.0497713751158673,0,0,1.0,OK,FULL,False,False,reversal_5d,"{""move_threshold"":0.05,""signal_feature"":""previous_5d_signal""}",INTRADAY_SHORT_ALLOWED_RESEARCH,2025-08-20,2026-08-27
20,INE727S01012,67,67,107457.73410130887,81666.75172084413,1.074577341013089,0.8166675172084412,0.2857886383006889,2.230859872876932,2.155549939355919,-0.0739319867761993,0.6417910447761194,0.0095157373926738,0.0087843137254903,2.0862520743998374,0.1112167152575316,-0.0722622464126669,0.2658730158730158,134.0,0.0341337024106163,0.0041700954573284,2.2818991771401738,0.0257269522809781,0.0011898731789371,0.0178416016064105,6,5,0.2624217588337261,-0.0450183646449303,0.1040668660132446,-13159.216474133616,94825.96819497774,107457.73410130887,94140.80935834908,81666.75172084413,59040.11512912321,39194.753055241454,BRNL,BHARAT ROAD NETWORK LTD,EQ,2025-08-20,2026-08-27,252,1022159.94,49164.0,0.0,0.0500717417714441,0,0,1.0,OK,FULL,False,False,reversal_5d,"{""move_threshold"":0.05,""signal_feature"":""previous_5d_signal""}",INTRADAY_SHORT_ALLOWED_RESEARCH,2025-08-20,2026-08-27
21,INE224E01028,100,100,121211.73539419018,81341.22947032462,1.2121173539419017,0.813412294703246,0.3601464458468049,1.832310451873696,1.7689984396850629,-0.1760250256274671,0.52,0.0065990009693026,0.0081546391752577,1.646724206474285,0.1032631578947368,-0.080125,0.3968253968253968,200.0,0.0357550766370891,0.0035755076637089,1.8456123129819928,0.067937109983749,-0.0004955819472777,0.013693583885883,9,4,0.1987879351467489,-0.0590976287425362,0.0822445079224571,99999.9999999996,-18658.770529674977,121211.73539419018,100296.7156958741,81341.22947032462,48597.9627782582,21718.438722475214,GATECH,GACM TECHNOLOGIES LIMITED,BE,2025-08-20,2026-08-27,252,3479502.9050000003,6575677.0,0.0,0.0497916747278949,7,0,1.0,OK,FULL,False,False,reversal_5d,"{""move_threshold"":0.05,""signal_feature"":""previous_5d_signal""}",INTRADAY_SHORT_ALLOWED_RESEARCH,2025-08-20,2026-08-27
24,INE398B01018,60,60,95332.24525736416,73432.89272528043,0.9533224525736416,0.7343289272528042,0.3694311965125602,1.671136659795887,1.321132151210463,-0.1513885015430336,0.5666666666666667,0.0102895002627399,0.0064680782654628,1.919808443380072,0.1937771260997067,-0.1513885015430336,0.238095238095238,120.0,0.0471380730896888,0.006085499068289,1.6908227488452794,0.0961475291190524,-0.0018875552462669,0.0224665557717469,5,5,0.5661451439684195,-0.0728281712329256,0.1644847029413127,5546.298500357036,67886.59422492339,95332.24525736416,84062.5885674785,73432.89272528043,53952.31552923093,36627.39999194714,UMIYA-MRO,UMIYA BUILDCON LIMITED,EQ,2025-08-20,2026-08-27,252,1186156.78,13868.0,0.0,0.048888807006111,0,0,1.0,OK,FULL,False,False,reversal_5d,"{""move_threshold"":0.05,""signal_feature"":""previous_5d_signal""}",INTRADAY_SHORT_ALLOWED_RESEARCH,2025-08-20,2026-08-27
1,INE451L01014,75,75,116867.47203416456,86903.89620358014,1.1686747203416457,0.8690389620358014,0.3075189677092767,2.185053169145091,2.340902000126908,-0.1146889706874949,0.5466666666666666,0.0089592705995384,0.0011051964512041,2.0991045811810016,0.1313375046927793,-0.0843628286709089,0.2976190476190476,150.0,0.0348673576380918,0.0040261356636566,2.225277871387315,0.02910964941549,0.0009370201722034,0.0169815210268734,9,4,0.1776462087775077,-0.0828120533720244,0.0873517412758823,258397.9692568045,-171494.07305322436,116867.47203416456,101336.450193089,86903.89620358014,61032.62297826874,38701.27114814118,MAHASTEEL,MAHAMAYA STEEL INDS LTD,BE,2025-08-20,2026-08-27,252,5683947.0,7467.0,0.0039682539682539,0.0448085789108505,22,0,1.0,OK,FULL,False,False,turn_of_month,"{""days"":3}",LONG_ONLY,2025-08-20,2026-08-27
2,INE010J01012,75,75,104659.21066984488,76359.53853645915,1.0465921066984487,0.7635953853645916,0.3408322558805692,1.826511062521286,3.369712574221803,-0.1016283729822082,0.48,0.0083004518110659,-0.0025882352941176,2.0124381846887336,0.1482135738016137,-0.0484140229601284,0.2976190476190476,150.0,0.0389171375579892,0.0044937639690389,1.8471045360313127,0.0687295041760036,-0.000653568354321,0.0172544719764529,8,5,0.265776950657461,-0.0324599903184161,0.0896128831823148,-12906.79843244172,89266.33696890087,104659.21066984488,89990.18951339711,76359.53853645915,51928.0429202879,30842.17351539592,TEJASNET,TEJAS NETWORKS LIMITED,EQ,2025-08-20,2026-08-27,252,591811394.575,1434576.0,0.0,0.0428986346114633,0,0,1.0,OK,FULL,False,False,turn_of_month,"{""days"":3}",LONG_ONLY,2025-08-20,2026-08-27
3,INE458B01036,75,75,99130.57268465048,71585.08649702088,0.9913057268465048,0.7158508649702089,0.33839838716845,1.7612873952407968,1.6628297957746905,-0.098178906353018,0.5466666666666666,0.0079468908518614,0.0024253226797787,1.8518175365816711,0.1348871112337082,-0.0939879171461449,0.2976190476190476,150.0,0.0386830915262135,0.0044667386611492,1.7791259920760003,0.0793255880495433,-0.0009532802120847,0.0168470619158075,7,6,0.2730360236377704,-0.076785433162859,0.1069252186472025,307340.425531915,-235755.3390348941,99130.57268465048,84852.2779849552,71585.08649702088,47806.09551490433,27284.595908493386,BHAGYANGR,BHAGYANAGAR INDIA LIMITED,EQ,2025-08-20,2026-08-27,252,26120744.79,110766.5,0.0,0.0559408983560994,5,0,1.0,OK,FULL,False,False,turn_of_month,"{""days"":3}",LONG_ONLY,2025-08-20,2026-08-27
4,INE0RYC01010,75,75,94582.85237224874,67654.28019388128,0.9458285237224876,0.6765428019388127,0.378699458245159,1.5490530135563425,1.9375575901772448,-0.0966700834879038,0.4266666666666667,0.0078216738270242,-0.002,1.6163108449178296,0.1271793313069908,-0.0869780061504923,0.2976190476190476,150.0,0.0434370279030706,0.005015675950527,1.559445606967964,0.1231577141857511,-0.0021722786621338,0.0178156263161823,8,5,0.3784886944949068,-0.0748531370161249,0.1175082850677566,39841.77420400738,27812.5059898739,94582.85237224874,80624.09873992263,67654.28019388128,44409.50076336993,24350.46480004885,STALLION,STALLION IND FLUOROCHEM L,BE,2025-08-20,2026-08-27,252,194409665.745,1082740.0,0.0,0.0612168842996366,13,0,1.0,OK,FULL,False,False,turn_of_month,"{""days"":3}",LONG_ONLY,2025-08-20,2026-08-27
5,INE548A01028,75,75,92137.64450412996,65554.7192533699,0.9213764450412998,0.6555471925336991,0.2621324155112799,2.052938734301659,2.6575737964796144,-0.1714283860145878,0.5333333333333333,0.0071752238575888,0.0060355861673124,1.8536552234944492,0.0954398758727697,-0.0539395134779751,0.2976190476190476,150.0,0.0298031006958365,0.0034413656418853,2.084993169647011,0.0405197547778703,0.000318153133311,0.0140322945818666,7,6,0.2448740970616461,-0.0603165392657186,0.0912839902150527,230518.9567087924,-164964.23745542252,92137.64450412996,78358.19860913797,65554.7192533699,42607.34751705718,22804.126104586627,HFCL,HFCL LIMITED,EQ,2025-08-20,2026-08-27,252,1714871040.87,19085516.0,0.0,0.0431813864594361,2,0,1.0,OK,FULL,False,False,turn_of_month,"{""days"":3}",LONG_ONLY,2025-08-20,2026-08-27
7,INE912T01018,75,75,86635.07513714721,60802.10893258019,0.8663507513714721,0.6080210893258018,0.2862969795460907,1.8001712555996665,1.9444976450306828,-0.1237776879341719,0.56,0.0068717812419183,0.0046862601028654,1.7659807031572223,0.1025067759218405,-0.061973722853389,0.2976190476190476,150.0,0.0327053066288717,0.0037764835172216,1.8196243173262625,0.072860820389814,-0.0006530264249796,0.0143965889088164,9,4,0.141762986370207,-0.1034723255295262,0.0738787146567546,189356.7639257299,-128554.65499314971,86635.07513714721,73244.15247438845,60802.10893258019,38503.67746023668,19261.82309958,RPEL,RAGHAV PRODUCTIVITY ENH L,EQ,2025-08-20,2026-08-27,252,42275277.05,47704.5,0.0,0.0443739811296725,0,0,1.0,OK,FULL,False,False,turn_of_month,"{""days"":3}",LONG_ONLY,2025-08-20,2026-08-27
8,INE00EM01016,75,75,82105.66717605505,56889.1380523048,0.8210566717605505,0.568891380523048,0.3223347377532379,1.552903683619595,1.762411645235026,-0.1393539413703387,0.5733333333333334,0.0066740640215407,0.005379560011139,1.6632909347224476,0.1824999999999998,-0.082983606557377,0.2976190476190476,150.0,0.0369698405839486,0.004268909482608,1.5634119319539457,0.1222224398329999,-0.0018319237995461,0.0151800518426276,8,5,0.2313075298082032,-0.0748727649008511,0.0889289237277033,32108.52381969648,24780.61423260832,82105.66717605505,69034.07792433887,56889.1380523048,35124.2317641571,16344.009774321574,MEGASTAR,MEGASTAR FOODS LIMITED,EQ,2025-08-20,2026-08-27,252,1564948.355,5933.5,0.0079365079365079,0.0455847988571126,1,0,1.0,OK,FULL,False,False,turn_of_month,"{""days"":3}",LONG_ONLY,2025-08-20,2026-08-27
9,INE349W01017,75,75,80638.85570734178,55628.231114628405,0.8063885570734177,0.556282311146284,0.256951348070767,1.8469782207541685,2.834347305643335,-0.1804128948796524,0.4666666666666667,0.0063277805824017,-0.002,1.8261636924970877,0.107375,-0.0406609071274297,0.2976190476190476,150.0,0.0293286832154604,0.0033865846298846,1.868484409502924,0.0656527754261511,-0.0004201365927546,0.0130756977575581,9,4,0.1754477328800856,-0.0835267788252303,0.0862516439925368,81839.75590462188,-26211.52478999348,80638.85570734178,67674.05449292541,55628.231114628405,34040.68011221211,15413.1734088027,AVADHSUGAR,AVADH SUG & ENERGY LTD,EQ,2025-08-20,2026-08-27,252,11620445.325,27832.0,0.0,0.0414778499887202,0,0,1.0,OK,FULL,False,False,turn_of_month,"{""days"":3}",LONG_ONLY,2025-08-20,2026-08-27
10,INE416D01022,75,75,80206.2607876751,55250.09838891856,0.802062607876751,0.5525009838891857,0.3196578135923194,1.5285826083291312,2.187284683939201,-0.2123721493456227,0.4666666666666667,0.0065149783263164,-0.0007564631193142,1.729057564147093,0.1850716510903427,-0.0709737612814535,0.2976190476190476,150.0,0.0366760283712073,0.0042349829705845,1.538371788403475,0.1282229986944224,-0.0019234094439238,0.0149533660965567,9,4,0.2304317452756963,-0.0976645341031449,0.0941446116141503,221952.06070012075,-166701.9623112022,80206.2607876751,67269.58600861765,55250.09838891856,33710.28576901468,15124.606225049649,BLISSGVS,BLISS GVS PHARMA LTD,BE,2025-08-20,2026-08-27,252,232784565.14,954814.0,0.0,0.0504970112798476,0,0,1.0,OK,FULL,False,False,turn_of_month,"{""days"":3}",LONG_ONLY,2025-08-20,2026-08-27
11,INE393P01035,75,75,74980.13906553798,50743.406058651744,0.7498013906553798,0.5074340605865175,0.2601769356744641,1.702880412487094,2.6544172992800745,-0.1088327182617839,0.4266666666666667,0.0059073361005461,-0.002506329113924,1.82783620282365,0.1409306441654663,-0.0512945479881554,0.2976190476190476,150.0,0.0297705447072032,0.0034376064001251,1.718444584095235,0.089897012502764,-0.0009422441710155,0.0127569163721077,8,5,0.139993220866228,-0.0817234891608872,0.0708138356967906,27627.219898984244,23116.1861596675,74980.13906553798,62416.31136916738,50743.406058651744,29825.144490455878,11776.29581003361,DIAMONDYD,PRATAAP SNACKS LIMITED,EQ,2025-08-20,2026-08-27,252,32328854.125,30062.5,0.0,0.0340562430180828,0,0,1.0,OK,FULL,False,False,turn_of_month,"{""days"":3}",LONG_ONLY,2025-08-20,2026-08-27
1,INE568Z01015,21,21,91275.20980194808,83631.17011493962,0.9127520980194808,0.8363117011493963,0.2008968545076485,3.125944036543613,1.9067710066163583,-0.0544081259986305,0.7142857142857143,0.0299043963956454,0.0402919508867668,8.486340078330322,0.0786451612903226,-0.0544081259986305,0.0833333333333333,42.0,0.0339003211186704,0.0073976565528389,4.042414808263746,0.0006370957115027,0.0144731552309968,0.045335637560294,5,1,0.4620308314080115,-0.0250478336271552,0.1291245063349285,-78333.33333333333,161964.50344827294,91275.20980194808,87416.07953157258,83631.17011493962,76278.60810911487,69206.9453782893,URAVIDEF,URAVI DEFENCE &TECH LTD,BE,2025-08-20,2026-08-27,252,1462833.08,8423.5,0.0,0.0567582653615095,1,0,1.0,OK,FULL,False,False,volume_continuation,"{""move_threshold"":0.02,""volume_ratio"":2.0}",INTRADAY_SHORT_ALLOWED_RESEARCH,2025-08-20,2026-08-27
2,INE0JSX01015,27,27,84838.49915412348,75315.46045675041,0.8483849915412347,0.7531546045675042,0.2833536876215122,2.114588745424688,2.480671695282363,-0.0483892088285227,0.5555555555555556,0.0221917229192234,0.0042962962962963,4.068619335210969,0.1930844854070661,-0.0464821731748725,0.1071428571428571,54.0,0.051177893891288,0.0098491902715644,2.2531520162924563,0.0329107029990452,0.0019464223692277,0.042437023469219,8,2,0.2075691669702342,-0.0464821731748725,0.0803514565649639,-77019.05243635134,152334.51289310175,84838.49915412348,80016.35452555155,75315.46045675041,66265.75567838436,57666.72131755034,GSLSU,GLOBAL SURFACES LIMITED,EQ,2025-08-20,2026-08-27,252,3298908.325,52463.0,0.0,0.0578084596052643,2,0,1.0,OK,FULL,False,False,volume_continuation,"{""move_threshold"":0.02,""volume_ratio"":2.0}",INTRADAY_SHORT_ALLOWED_RESEARCH,2025-08-20,2026-08-27
5,INE859Q01017,25,25,74497.12524210208,66147.66531117086,0.7449712524210208,0.6614766531117087,0.3250885165144587,1.7161799117432963,1.287585410585158,-0.1202954916097361,0.56,0.0223164152632217,0.0067114337568058,2.790496093998382,0.1776721311475408,-0.0946187118006581,0.0992063492063492,50.0,0.0625991823763607,0.0125198364752721,1.7824845641793114,0.0873267105228392,-0.0035232572299104,0.0481560877563539,5,5,0.7154534913378561,-0.0718316278133158,0.2017385879675375,27736.033975825005,38411.63133534585,74497.12524210208,70273.27837291276,66147.66531117086,58182.4223978486,50584.422297854704,MANAKALUCO,MANAK ALUMINIUM CO. LTD.,EQ,2025-08-20,2026-08-27,252,2114030.615,57485.0,0.0,0.054732113386246,8,0,1.0,OK,FULL,False,False,volume_continuation,"{""move_threshold"":0.02,""volume_ratio"":2.0}",INTRADAY_SHORT_ALLOWED_RESEARCH,2025-08-20,2026-08-27
6,INE451L01014,26,26,74782.5845813294,66098.80095014788,0.747825845813294,0.6609880095014788,0.1596345435421616,3.258896257732172,3.063684571217099,-0.0307219578518016,0.7692307692307693,0.0200089390982436,0.0180842703080074,9.191084832237149,0.0697152513730461,-0.0307219578518015,0.1031746031746031,52.0,0.0253351457537227,0.0049686308683826,4.027052849823926,0.0004621763177214,0.0097758522704094,0.0302420259260778,9,1,0.1366160336225885,-0.0071960784313724,0.0421762561736415,258397.9692568045,-192299.16830665665,74782.5845813294,70387.50858128894,66098.80095014788,57830.65130415908,49959.0014369603,MAHASTEEL,MAHAMAYA STEEL INDS LTD,BE,2025-08-20,2026-08-27,252,5683947.0,7467.0,0.0039682539682539,0.0448085789108505,22,0,1.0,OK,FULL,False,False,volume_continuation,"{""move_threshold"":0.02,""volume_ratio"":2.0}",INTRADAY_SHORT_ALLOWED_RESEARCH,2025-08-20,2026-08-27
11,INE0LRY01011,24,24,60831.15744173041,53422.65251525055,0.608311574417304,0.5342265251525056,0.2590402775741923,1.7762747384104152,1.3694233507703717,-0.0936389821860135,0.7083333333333334,0.0191719458869108,0.0116693690732692,2.9655286190722028,0.1578423847867054,-0.0660176600441501,0.0952380952380952,48.0,0.0505853601039658,0.0103256933924714,1.856722367999927,0.0762051201033967,-0.0021883783322788,0.0405322701061005,7,4,0.3121930367361727,-0.0732261638540595,0.0988387143625968,10924.47749711512,42498.17501813543,60831.15744173041,57085.05874614124,53422.65251525055,46341.79374576183,39574.69525822994,QUADFUTURE,QUADRANT FUTURE TEK LTD,EQ,2025-08-20,2026-08-27,252,98946098.7,282753.0,0.0,0.0510330573623401,0,0,1.0,OK,FULL,False,False,volume_continuation,"{""move_threshold"":0.02,""volume_ratio"":2.0}",INTRADAY_SHORT_ALLOWED_RESEARCH,2025-08-20,2026-08-27
12,INE425Y01011,19,19,59105.40831996969,53302.34484429387,0.5910540831996969,0.5330234484429386,0.2253683317645227,2.0032868883982493,5.432457205763098,-0.0496312099950535,0.5263157894736842,0.0237619696886344,0.0030634419491273,4.530092099585406,0.1249035532994924,-0.0210670289855071,0.0753968253968253,38.0,0.0475337292937711,0.0109049853895351,2.1790005983352727,0.0428622682881311,0.0008514455352544,0.0466724938420144,4,5,0.2899952365322051,-0.016769202567536,0.1039495383414619,-6278.222077144863,59580.56692143873,59105.40831996969,56178.34698276414,53302.34484429387,47700.16357437687,42292.284961991565,RPSGVENT,RPSG VENTURES LIMITED,EQ,2025-08-20,2026-08-27,252,22088112.8,27404.5,0.0,0.0377183471592479,0,0,1.0,OK,FULL,False,False,volume_continuation,"{""move_threshold"":0.02,""volume_ratio"":2.0}",INTRADAY_SHORT_ALLOWED_RESEARCH,2025-08-20,2026-08-27
15,INE0LXG01040,33,33,59672.97785053752,49586.74514965096,0.5967297785053751,0.4958674514965095,0.3677329229057515,1.2691970076487646,0.9985264182488516,-0.1281574447314083,0.5454545454545454,0.014143197738361,0.0028797490414778,1.9204653089985595,0.1888196721311474,-0.0977762134123748,0.1309523809523809,66.0,0.0634808804040746,0.0110506028587453,1.2798575714960447,0.2097965095253962,-0.0083661436899528,0.0366525391666748,5,5,0.4203363937106681,-0.1053236997098214,0.1296256232204077,-16060.67365603389,65647.41880568485,59672.97785053752,54550.10242023316,49586.74514965096,40119.46149091495,31234.264262746816,OLAELEC,OLA ELECTRIC MOBILITY LTD,EQ,2025-08-20,2026-08-27,252,1847152531.99,54540121.5,0.0,0.0524611273230177,0,0,1.0,OK,FULL,False,False,volume_continuation,"{""move_threshold"":0.02,""volume_ratio"":2.0}",INTRADAY_SHORT_ALLOWED_RESEARCH,2025-08-20,2026-08-27
16,INE845D01014,19,19,53303.72656183248,47704.32824560083,0.5330372656183247,0.4770432824560082,0.1640404584638575,2.457818007585931,2.586139738433755,-0.0304121703598326,0.7368421052631579,0.0212200838307958,0.0153519736842104,7.331276336875502,0.0971584158415843,-0.0227385461855889,0.0753968253968253,38.0,0.0323968474871543,0.0074323465413581,2.8550988187531554,0.0105157245932745,0.0056053031713477,0.0368348644902439,7,1,0.2143147831750389,-0.0007554904831625,0.0603863939557779,-24295.696947407065,72000.0251930079,53303.72656183248,50479.35680244729,47704.32824560083,42299.04803607811,37081.518187329406,GANECOS,GANESHA ECOSPHERE LIMITED,EQ,2025-08-20,2026-08-27,252,81301290.9,87897.0,0.0,0.0435771517980358,0,0,1.0,OK,FULL,False,False,volume_continuation,"{""move_threshold"":0.02,""volume_ratio"":2.0}",INTRADAY_SHORT_ALLOWED_RESEARCH,2025-08-20,2026-08-27
19,INE584F01014,17,17,51004.73837937921,46065.39446469978,0.510047383793792,0.4606539446469979,0.226991579421565,1.778130401565079,1.075931851556419,-0.0882929104308389,0.5294117647058824,0.0237423898981622,0.0034441260744986,4.059457682100721,0.1148490153172867,-0.0671785714285714,0.0674603174603174,34.0,0.051468595112062,0.0124829678852459,1.9019827749636604,0.0753332812763808,-0.0027203198717762,0.0502050996681008,3,4,0.414123893433131,-0.0322466263378315,0.1159678430229994,-60840.438489646855,106905.83295434664,51004.73837937921,48515.74413415472,46065.39446469978,41278.384635972936,36639.29648754848,MANGALAM,MANGALAM DRUG & CHEM LTD,EQ,2025-08-20,2026-08-27,252,1045928.725,26432.5,0.0,0.0425023079582964,29,0,1.0,OK,FULL,False,False,volume_continuation,"{""move_threshold"":0.02,""volume_ratio"":2.0}",INTRADAY_SHORT_ALLOWED_RESEARCH,2025-08-20,2026-08-27
20,INE506A01018,23,23,52019.96162432482,45292.030460087146,0.5201996162432481,0.4529203046008714,0.2577781085831053,1.5697989123477452,2.110626148021597,-0.073048546211072,0.4782608695652174,0.0175939041078616,-0.0025034522439586,3.129433816912212,0.1571603053435115,-0.0391095711559706,0.0912698412698412,46.0,0.0520996068470321,0.0108635189943128,1.61954005116318,0.1195786251921174,-0.0049356553571075,0.0401234635728307,6,3,0.1976020725068146,-0.0546252371801387,0.0681546165223082,75965.93597224425,-30673.9055121571,52019.96162432482,48619.58789037127,45292.030460087146,38849.43463198666,32680.601682751498,DREDGECORP,DREDGING CORP OF INDIA,EQ,2025-08-20,2026-08-27,252,162115834.5,173829.0,0.0,0.0506892234744402,0,0,1.0,OK,FULL,False,False,volume_continuation,"{""move_threshold"":0.02,""volume_ratio"":2.0}",INTRADAY_SHORT_ALLOWED_RESEARCH,2025-08-20,2026-08-27
1,INE523B01011,28,28,111486.18807938942,100236.28525343744,1.114861880793894,1.0023628525343744,0.3356406021683815,2.230772038305989,1.7807113691985876,-0.1082382257431289,0.6071428571428571,0.0267406310799075,0.0211671554252199,3.280169423865201,0.1554697173620458,-0.1021855287569573,0.1111111111111111,56.0,0.0591327725148729,0.0111750436005792,2.3928882996502545,0.0239368673595083,0.0038113355972413,0.0496699265625736,8,2,0.2565603429310441,-0.010462623413258,0.0885043089626691,-9859.15492957749,110095.44018301491,111486.18807938942,105787.12785171276,100236.28525343744,89564.48197502567,79442.12005487681,AKSHOPTFBR,AKSH OPTIFIBRE  LTD,BE,2025-08-20,2026-08-27,252,1273922.15,208464.5,0.0,0.0460303798180568,41,0,1.0,OK,FULL,False,False,volume_reversal,"{""move_threshold"":0.02,""volume_ratio"":2.0}",INTRADAY_SHORT_ALLOWED_RESEARCH,2025-08-20,2026-08-27
8,INE440A01010,17,17,68501.90261725252,63019.45798888421,0.6850190261725251,0.6301945798888422,0.3283631393552002,1.6360755164856244,1.3099870182143123,-0.0717142857142856,0.7058823529411765,0.0316015819303176,0.0166851211072665,4.620178977681351,0.2419834024896265,-0.0717142857142856,0.0674603174603174,34.0,0.0756482624444349,0.0183473986148735,1.7224012293873292,0.1042670306618062,-0.0072931656202731,0.0704963294809083,6,5,0.3381616685927018,-0.0350918854222951,0.1099657161454671,-26404.05616224636,89423.51415113057,68501.90261725252,65739.35154917164,63019.45798888421,57705.1799188205,52554.22444332283,ASHIMASYN,ASHIMA LTD,EQ,2025-08-20,2026-08-27,252,1684365.22,91635.5,0.0,0.0579700888878649,0,0,1.0,OK,FULL,False,False,volume_reversal,"{""move_threshold"":0.02,""volume_ratio"":2.0}",INTRADAY_SHORT_ALLOWED_RESEARCH,2025-08-20,2026-08-27
10,INE281A01026,17,17,66694.68512868744,61273.26156579875,0.6669468512868744,0.6127326156579875,0.2446367653548552,2.068017352387137,1.9202364784528207,-0.0413939393939395,0.7647058823529411,0.0297595926932765,0.0170097259062775,6.497756848285683,0.1853925501432665,-0.0413939393939395,0.0674603174603174,34.0,0.053367568591367,0.0129435366049765,2.299185578216271,0.0353019797932131,0.0023205208537255,0.0571986645328274,6,2,0.2922840348822724,-0.0115820203361868,0.0832703683349187,1391.3824057448946,59881.87916005385,66694.68512868744,63962.8882383316,61273.26156579875,56018.08396578088,50924.3645273053,CENTEXT,CENTURY EXTRUSIONS LTD,EQ,2025-08-20,2026-08-27,252,2262330.6550000003,106636.5,0.0,0.0529693395665806,1,0,1.0,OK,FULL,False,False,volume_reversal,"{""move_threshold"":0.02,""volume_ratio"":2.0}",INTRADAY_SHORT_ALLOWED_RESEARCH,2025-08-20,2026-08-27
11,INE607D01018,22,22,68006.86258295589,60928.2400263985,0.680068625829559,0.609282400263985,0.2002077143912196,2.4774113174463075,0.5435323699026521,-0.1001308411214952,0.9090909090909092,0.022545311703312,0.0229679846438773,5.169237006252467,0.0884669260700388,-0.1001308411214954,0.0873015873015873,44.0,0.0376183255168673,0.0080202539482946,2.811047112555065,0.0104670117491055,0.0058662805542067,0.0392243428524173,9,2,0.2778452340921526,-0.0667986407295767,0.0827457918254769,33498.49584144412,27429.744184954383,68006.86258295589,64431.19789208408,60928.2400263985,54134.83363072443,47615.67813788206,ORIENTBELL,ORIENT BELL LIMITED,EQ,2025-08-20,2026-08-27,252,2701165.9,9366.0,0.0,0.0468296714897668,0,0,1.0,OK,FULL,False,False,volume_reversal,"{""move_threshold"":0.02,""volume_ratio"":2.0}",INTRADAY_SHORT_ALLOWED_RESEARCH,2025-08-20,2026-08-27
12,INE854S01022,21,21,65954.73329858968,59275.92023040401,0.6595473329858967,0.59275920230404,0.2376050120727504,2.0693123412121657,1.6142235066550723,-0.0456604189636163,0.8095238095238095,0.0234132849436194,0.0179948065437549,6.668423875296254,0.195204704278166,-0.0456604189636163,0.0833333333333333,42.0,0.0477910073394452,0.0104288527938665,2.245048943196254,0.0362309037305845,0.0016590792186975,0.0451674906685412,8,1,0.2006942067863732,-0.0111413645666038,0.0635260438049374,12659.783677482645,46616.136552921365,65954.73329858968,62582.67051430864,59275.92023040401,52853.56684526967,46678.30047788963,GENCON,GENERIC ENG CONS PROJ LTD,EQ,2025-08-20,2026-08-27,252,9411760.545,230464.5,0.0,0.0523317499241564,0,0,1.0,OK,FULL,False,False,volume_reversal,"{""move_threshold"":0.02,""volume_ratio"":2.0}",INTRADAY_SHORT_ALLOWED_RESEARCH,2025-08-20,2026-08-27
14,INE236G01019,26,26,62282.26685591173,54195.45186573797,0.6228226685591174,0.5419545186573798,0.1873179278075435,2.403026531498534,2.725620080733867,-0.0416187473738112,0.6923076923076923,0.0173126903979559,0.0124608251815621,4.599334358159238,0.1183463203463204,-0.0324646630423632,0.1031746031746031,52.0,0.0334423941089853,0.0065585930824221,2.6396957671235963,0.0140860873712727,0.0038050150928863,0.0308203657030254,9,3,0.3156136466439174,-0.0134370959721532,0.0856501336541996,11361.065728289526,42834.38613744844,62282.26685591173,58189.18030378898,54195.45186573797,46496.85089913992,39168.53899323885,TVSELECT,TVS ELECTRONICS LTD,EQ,2025-08-20,2026-08-27,252,22290285.2,49562.0,0.0,0.0475415823425716,4,0,1.0,OK,FULL,False,False,volume_reversal,"{""move_threshold"":0.02,""volume_ratio"":2.0}",INTRADAY_SHORT_ALLOWED_RESEARCH,2025-08-20,2026-08-27
16,INE00Z501029,15,15,55125.72579717715,50661.585352861264,0.5512572579717714,0.5066158535286127,0.2355028436375818,1.8503188131144237,1.710731325310938,-0.0631611288000841,0.6666666666666666,0.0290503561416374,0.0166666666666666,5.460253752871408,0.1748447837150126,-0.045859649122807,0.0595238095238095,30.0,0.0556366776891052,0.0143653284085476,2.0222549262676086,0.0626878639748163,-0.0017602089965703,0.0598609212798452,5,3,0.1810621111723966,-0.0180513643659712,0.067736977467067,-39081.746920492624,89743.33227335388,55125.72579717715,52878.450758165214,50661.585352861264,46317.55825428726,42090.63826444832,KRITIKA,KRITIKA WIRES LIMITED,EQ,2025-08-20,2026-08-27,252,1017140.635,147370.5,0.0,0.0502034402359945,0,0,1.0,OK,FULL,False,False,volume_reversal,"{""move_threshold"":0.02,""volume_ratio"":2.0}",INTRADAY_SHORT_ALLOWED_RESEARCH,2025-08-20,2026-08-27
17,INE822E01011,25,25,58020.68571248441,50437.150899329485,0.5802068571248442,0.5043715089932947,0.2194279088520811,1.968597639141352,1.4767791058410948,-0.087640645125524,0.68,0.0172786105331172,0.0139649122807017,2.883919634278457,0.1088254784347328,-0.0712405063291139,0.0992063492063492,50.0,0.0414498864438513,0.0082899772887702,2.084277185719566,0.0479508678819103,0.0001689383308953,0.0343882827353391,8,2,0.1653720470934496,-0.0281468830423936,0.0517531789417104,-46043.16546762588,96480.31636695536,58020.68571248441,54184.1679481506,50437.150899329485,43203.65083996285,36304.6731264756,SUPREME,SUPREME HOLDIN N HOSP I L,EQ,2025-08-20,2026-08-27,252,2242439.13,36963.5,0.0,0.0552305126220827,0,0,1.0,OK,FULL,False,False,volume_reversal,"{""move_threshold"":0.02,""volume_ratio"":2.0}",INTRADAY_SHORT_ALLOWED_RESEARCH,2025-08-20,2026-08-27
21,INE368U01029,25,25,53770.75700488532,46384.00549842906,0.5377075700488532,0.4638400549842907,0.2076995028511823,1.93546893847385,1.5940125544694683,-0.0681736562515608,0.64,0.0160798374521969,0.0153995571021828,2.9931862243459006,0.1196666666666665,-0.044068361086766,0.0992063492063492,50.0,0.0393409985905318,0.0078681997181063,2.04364886864703,0.0521131052395958,-0.0001593286286047,0.0323190035329987,7,3,0.2642454842431398,-0.0243221519679083,0.0745431234726129,1683.867463335249,44700.13803509381,53770.75700488532,50033.74829899878,46384.00549842906,39338.54071840237,32619.22292914204,UNITEDPOLY,UNITED POLYFAB GUJ. LTD.,EQ,2025-08-20,2026-08-27,252,2526799.48,80560.0,0.0,0.0553504552501085,21,0,1.0,OK,FULL,False,False,volume_reversal,"{""move_threshold"":0.02,""volume_ratio"":2.0}",INTRADAY_SHORT_ALLOWED_RESEARCH,2025-08-20,2026-08-27
22,INE142Z01019,22,22,52391.96968507997,45938.82628420874,0.5239196968507998,0.4593882628420873,0.2948175934547384,1.4116187723968567,1.5219178349731122,-0.0677628578567947,0.6363636363636364,0.0189168204251624,0.0025632480827428,4.073614891834496,0.2683821656050955,-0.0512970174716158,0.0873015873015873,44.0,0.0614844853276322,0.0131085363166072,1.4430917356651565,0.1637464616358241,-0.0083438731829692,0.0461775140332941,8,3,0.2853954215445642,-0.0377237921022296,0.0798402055946942,-14660.70664320697,60599.53292741571,52391.96968507997,49132.08754742259,45938.82628420874,39746.99929903651,33806.39241297124,ORIENTELEC,ORIENT ELECTRIC LIMITED,EQ,2025-08-20,2026-08-27,252,31306342.915,170094.0,0.0,0.0356117392367334,0,0,1.0,OK,FULL,False,False,volume_reversal,"{""move_threshold"":0.02,""volume_ratio"":2.0}",INTRADAY_SHORT_ALLOWED_RESEARCH,2025-08-20,2026-08-27
