combination_rank,pnl_rank,isin,number_of_signals,number_of_trades,gross_pnl,net_pnl,gross_return_pct,net_return_pct,annualized_volatility,sharpe,sortino,max_drawdown,win_rate,average_trade_return,median_trade_return,profit_factor,best_trade,worst_trade,exposure_pct,turnover,trade_std,standard_error,t_stat,p_value,confidence_95_low,confidence_95_high,positive_months,negative_months,best_month,worst_month,monthly_return_std,buy_hold_pnl,excess_pnl,pnl_0bps,pnl_5bps,pnl_10bps,pnl_20bps,pnl_30bps,symbol,company_name,series,first_traded_date,last_traded_date,sessions_available,median_daily_value,median_volume,pct_near_zero_volume,average_daily_range,circuit_like_sessions,corporate_action_observations,coverage_ratio,liquidity_flag,coverage_flag,new_listing_flag,suspension_flag,strategy,parameters,execution_class,evaluation_start,evaluation_end,score_net_pnl,score_sharpe,score_pnl_30bps,score_max_drawdown,score_excess_pnl,combination_score,positive_pillars,evidence_tier,sample_tier,profit_rank,comparable_rank
1,29,INE965H01011,174,174,7057863.589570956,4994940.387616356,70.57863589570957,49.94940387616356,0.3226321251156128,12.435543381064615,,-0.0178566699880264,0.6896551724137931,0.0230580792413808,0.0239784075573549,38.149127666669166,0.0694285714285714,-0.002,0.6904761904761905,348.0,0.0208273843303212,0.0015789199313682,14.603703951852363,5.42470991105763e-32,0.0199416523376133,0.0261745061451484,13,0,0.6876990754170835,0.0676696345497815,0.1798455661557575,-47058.82352941178,5041999.211145768,7057863.589570956,5939449.242129728,4994940.387616356,3524145.658068826,2476213.748662591,SITINET,SITI NETWORKS LIMITED,BZ,2025-08-20,2026-08-27,252,175786.905,455920.0,0.0,0.0422387013165579,13,0,1.0,LOW,FULL,False,False,gap_fade_050,"{""gap_threshold"":0.005}",INTRADAY_SHORT_ALLOWED_RESEARCH,2025-08-20,2026-08-27,99.83611312545322,99.99564902102973,99.83611312545322,95.34590282813633,99.83901377810007,99.19506889050035,5,ROBUST POSITIVE,LOW LIQUIDITY,57,
2,27,INE965H01011,174,174,7057863.589570956,4994940.387616356,70.57863589570957,49.94940387616356,0.3226321251156128,12.435543381064615,,-0.0178566699880264,0.6896551724137931,0.0230580792413808,0.0239784075573549,38.149127666669166,0.0694285714285714,-0.002,0.6904761904761905,348.0,0.0208273843303212,0.0015789199313682,14.603703951852363,5.42470991105763e-32,0.0199416523376133,0.0261745061451484,13,0,0.6876990754170835,0.0676696345497815,0.1798455661557575,-47058.82352941178,5041999.211145768,7057863.589570956,5939449.242129728,4994940.387616356,3524145.658068826,2476213.748662591,SITINET,SITI NETWORKS LIMITED,BZ,2025-08-20,2026-08-27,252,175786.905,455920.0,0.0,0.0422387013165579,13,0,1.0,LOW,FULL,False,False,gap_fade_100,"{""gap_threshold"":0.01}",INTRADAY_SHORT_ALLOWED_RESEARCH,2025-08-20,2026-08-27,99.83611312545322,99.99564902102973,99.83611312545322,95.34590282813633,99.83901377810007,99.19506889050035,5,ROBUST POSITIVE,LOW LIQUIDITY,57,
3,21,INE106I01010,154,154,7740829.685682983,5709899.1715857405,77.40829685682984,57.09899171585741,0.379160171189453,10.983596623702358,24.075390193840114,-0.0351491712707182,0.8376623376623377,0.0270424829618109,0.0244029278494248,17.22326393822341,0.0889090909090908,-0.0351491712707182,0.6111111111111112,308.0,0.0254881045656535,0.0020538899968483,13.166470942117966,5.960919774795916e-27,0.0229848377759691,0.0311001281476527,13,0,0.5729206485860283,0.1562460466373929,0.108440933139136,-4761.904761904705,5714661.076347645,7740829.685682983,6649894.844910392,5709899.1715857405,4202502.009636548,3084333.056881182,ANKITMETAL,ANKIT MET & POW LTD,BZ,2025-08-20,2026-08-27,252,36059.705,21027.0,0.0,0.0565145449198417,2,0,1.0,LOW,FULL,False,False,gap_fade_100,"{""gap_threshold"":0.01}",INTRADAY_SHORT_ALLOWED_RESEARCH,2025-08-20,2026-08-27,99.8665699782451,99.96519216823785,99.87527193618564,93.34300217548949,99.8665699782451,98.90949963741842,5,ROBUST POSITIVE,LOW LIQUIDITY,47,
4,90,INE623B01027,174,174,2985914.1643684986,2092954.758364808,29.859141643684985,20.92954758364808,0.2761199052296959,11.386198571113248,,-0.023737752105285,0.6206896551724138,0.018068713048174,0.0197391304347825,24.81784901804764,0.0568235294117644,-0.002,0.6904761904761905,348.0,0.0183662892195773,0.0013923447925165,12.977182911364816,2.4895737097975884e-27,0.0153205428056468,0.0208168832907013,12,1,0.5514871242673178,-0.0059880079999999,0.1766234030560855,-30357.14285714296,2123311.9012219505,2985914.1643684986,2501615.880250172,2092954.758364808,1457340.5275996772,1005209.0465584252,FEL,FUTURE ENTERPRISES LTD,BZ,2025-08-20,2026-08-27,252,69747.545,157561.0,0.0,0.0307855285722524,35,0,1.0,LOW,FULL,False,False,gap_fade_050,"{""gap_threshold"":0.005}",INTRADAY_SHORT_ALLOWED_RESEARCH,2025-08-20,2026-08-27,99.45322697606962,99.97534445250182,99.43002175489485,94.72226250906454,99.45322697606962,98.84336475707035,5,ROBUST POSITIVE,LOW LIQUIDITY,189,
5,88,INE623B01027,174,174,2985914.1643684986,2092954.758364808,29.859141643684985,20.92954758364808,0.2761199052296959,11.386198571113248,,-0.023737752105285,0.6206896551724138,0.018068713048174,0.0197391304347825,24.81784901804764,0.0568235294117644,-0.002,0.6904761904761905,348.0,0.0183662892195773,0.0013923447925165,12.977182911364816,2.4895737097975884e-27,0.0153205428056468,0.0208168832907013,12,1,0.5514871242673178,-0.0059880079999999,0.1766234030560855,-30357.14285714296,2123311.9012219505,2985914.1643684986,2501615.880250172,2092954.758364808,1457340.5275996772,1005209.0465584252,FEL,FUTURE ENTERPRISES LTD,BZ,2025-08-20,2026-08-27,252,69747.545,157561.0,0.0,0.0307855285722524,35,0,1.0,LOW,FULL,False,False,gap_fade_100,"{""gap_threshold"":0.01}",INTRADAY_SHORT_ALLOWED_RESEARCH,2025-08-20,2026-08-27,99.45322697606962,99.97534445250182,99.43002175489485,94.72226250906454,99.45322697606962,98.84336475707035,5,ROBUST POSITIVE,LOW LIQUIDITY,189,
6,33,INE060B01014,149,149,5610116.636874368,4170874.815868268,56.10116636874368,41.70874815868268,0.4217962805356973,9.166841811741229,23.23729250257074,-0.03975938481148,0.825503355704698,0.0259499314124265,0.02290525175961,14.960027445098149,0.1962039769082745,-0.0384817591204398,0.5912698412698413,298.0,0.0303354635876443,0.0024851780094741,10.441880345592498,1.814058978452268e-19,0.0210389152472963,0.0308609475775568,13,0,1.2148287521533985,0.0325773744855968,0.305030592590587,-30172.760144636355,4201047.576012904,5610116.636874368,4838688.848712222,4170874.815868268,3092582.924799393,2285173.891571057,KHANDSE,KHANDWALA SECURITIES LTD,EQ,2025-08-20,2026-08-27,252,63992.49,3285.5,0.0079365079365079,0.0624727943315467,1,0,1.0,LOW,FULL,False,False,gap_fade_100,"{""gap_threshold"":0.01}",INTRADAY_SHORT_ALLOWED_RESEARCH,2025-08-20,2026-08-27,99.79695431472081,99.82596084118927,99.81145757795504,92.73096446700507,99.79985496736766,98.74633792603335,5,ROBUST POSITIVE,LOW LIQUIDITY,71,
7,30,INE060B01014,173,173,6731171.099255279,4771368.029260767,67.31171099255279,47.71368029260767,0.4301118792333414,9.308526746099693,23.93860663704137,-0.0419870504697358,0.7976878612716763,0.0231428204142124,0.022131842260153,10.379118051526008,0.1962039769082745,-0.0384817591204398,0.6865079365079365,346.0,0.0300401720523314,0.0022839119883907,10.132973832550894,3.2347465185906187e-19,0.0186347157810041,0.0276509250474208,13,0,1.16313140786533,0.0325773744855968,0.2902868641815385,-30172.760144636355,4801540.789405403,6731171.099255279,5669111.808186307,4771368.029260767,3371514.0571954544,2372281.915232722,KHANDSE,KHANDWALA SECURITIES LTD,EQ,2025-08-20,2026-08-27,252,63992.49,3285.5,0.0079365079365079,0.0624727943315467,1,0,1.0,LOW,FULL,False,False,gap_fade_050,"{""gap_threshold"":0.005}",INTRADAY_SHORT_ALLOWED_RESEARCH,2025-08-20,2026-08-27,99.83176214648296,99.84916606236403,99.82596084118927,92.40609137055837,99.83176214648296,98.72023205221174,5,ROBUST POSITIVE,LOW LIQUIDITY,59,
8,24,INE472M01018,173,173,8324626.640025934,5910028.053520927,83.24626640025934,59.10028053520927,0.449127304673095,9.411197603057644,24.583888910722703,-0.047304490566038,0.7052023121387283,0.0244325191514865,0.0226305418719212,8.522053172551695,0.0974152046783625,-0.0344074074074075,0.6865079365079365,346.0,0.0313030874578146,0.002379929668645,10.266067721823152,1.3773774267887601e-19,0.0197348898117987,0.0291301484911743,13,0,0.9892277545665772,0.0977269903318349,0.2737607145396492,-20095.69377990425,5930123.747300832,8324626.640025934,7016220.655945023,5910028.053520927,4184648.2551050326,2952569.50789744,MTEDUCARE,MT EDUCARE LTD,BE,2025-08-20,2026-08-27,252,38695.335,22003.0,0.0039682539682539,0.0690727890839615,1,0,1.0,LOW,FULL,False,False,gap_fade_050,"{""gap_threshold"":0.005}",INTRADAY_SHORT_ALLOWED_RESEARCH,2025-08-20,2026-08-27,99.86947063089195,99.85786802030456,99.8665699782451,91.62871646120378,99.86947063089195,98.63045685279188,5,ROBUST POSITIVE,LOW LIQUIDITY,46,
9,25,INE890C01046,140,140,7373267.892176568,5594332.652381594,73.73267892176568,55.94332652381594,0.3980856697744562,10.427029930461874,47.88280393070103,-0.0486083049483389,0.6714285714285714,0.0296489370973301,0.035037037037037,33.16790534670146,0.0932380952380952,-0.0390370370370369,0.5555555555555556,280.0,0.0272407741349032,0.0023022656162211,12.878156581252384,1.7994383453065567e-25,0.0250969488051102,0.0342009253895499,11,1,1.2265400132383193,-0.044601658500339,0.4089959860538505,-31972.789115646345,5626305.44149724,7373267.892176568,6423871.091094438,5594332.652381594,4236558.827308892,3200782.262551771,SANWARIA,SANWARIA CONSUMER LIMITED,BZ,2025-08-20,2026-08-27,230,158455.40999999997,599456.0,0.0,0.0489106470199008,32,0,0.9126984126984128,LOW,PARTIAL,False,True,gap_fade_050,"{""gap_threshold"":0.005}",INTRADAY_SHORT_ALLOWED_RESEARCH,2025-08-20,2026-08-27,99.85641769398114,99.94343727338652,99.8796229151559,91.43582306018854,99.85931834662799,98.61595358955766,5,ROBUST POSITIVE,LIMITED SAMPLE,50,
10,24,INE890C01046,140,140,7373267.892176568,5594332.652381594,73.73267892176568,55.94332652381594,0.3980856697744562,10.427029930461874,47.88280393070103,-0.0486083049483389,0.6714285714285714,0.0296489370973301,0.035037037037037,33.16790534670146,0.0932380952380952,-0.0390370370370369,0.5555555555555556,280.0,0.0272407741349032,0.0023022656162211,12.878156581252384,1.7994383453065567e-25,0.0250969488051102,0.0342009253895499,11,1,1.2265400132383193,-0.044601658500339,0.4089959860538505,-31972.789115646345,5626305.44149724,7373267.892176568,6423871.091094438,5594332.652381594,4236558.827308892,3200782.262551771,SANWARIA,SANWARIA CONSUMER LIMITED,BZ,2025-08-20,2026-08-27,230,158455.40999999997,599456.0,0.0,0.0489106470199008,32,0,0.9126984126984128,LOW,PARTIAL,False,True,gap_fade_100,"{""gap_threshold"":0.01}",INTRADAY_SHORT_ALLOWED_RESEARCH,2025-08-20,2026-08-27,99.85641769398114,99.94343727338652,99.8796229151559,91.43582306018854,99.85931834662799,98.61595358955766,5,ROBUST POSITIVE,LIMITED SAMPLE,50,
11,28,INE472M01018,155,155,6334166.160704722,4655998.10488774,63.341661607047214,46.5599810488774,0.437774816436481,9.10061889114196,24.70307334463606,-0.0473044905660375,0.7225806451612903,0.0257033662227615,0.0247379679144383,9.737004822984996,0.0974152046783625,-0.0328641975308642,0.6150793650793651,310.0,0.0313618747939423,0.0025190464025114,10.20360966639425,5.373423786465252e-19,0.0207270201364834,0.0306797123090396,13,0,0.9892277545665772,0.0901577862781535,0.273420721767682,-20095.69377990425,4676093.798667644,6334166.160704722,5432214.244529875,4655998.10488774,3413455.264266888,2493997.370556074,MTEDUCARE,MT EDUCARE LTD,BE,2025-08-20,2026-08-27,252,38695.335,22003.0,0.0039682539682539,0.0690727890839615,1,0,1.0,LOW,FULL,False,False,gap_fade_100,"{""gap_threshold"":0.01}",INTRADAY_SHORT_ALLOWED_RESEARCH,2025-08-20,2026-08-27,99.82596084118927,99.8085569253082,99.8404641044235,91.63161711385061,99.82596084118927,98.5962291515591,5,ROBUST POSITIVE,LOW LIQUIDITY,61,
12,98,INE342A01018,117,117,2335172.568709808,1838721.5050718735,23.35172568709808,18.387215050718737,0.3378451565433167,8.990102581208086,17.378458175210394,-0.0364827586206897,0.8632478632478633,0.0259595095204164,0.0258745644599303,19.62851270037722,0.0932380952380952,-0.0364827586206897,0.4642857142857143,234.0,0.0248178830246562,0.0022944140972786,11.314221591998976,1.8807714501396846e-20,0.0214151332990183,0.0305038857418144,13,0,0.7620212916628195,0.0191826828125893,0.1890336111683023,-25132.27513227504,1863853.7802041487,2335172.568709808,2072934.9083012613,1838721.5050718735,1442793.0795716925,1127172.8786381774,PREMIER,PREMIER LIMITED,BE,2025-08-20,2026-08-27,252,19611.57,6489.0,0.0,0.0592424352568903,0,0,1.0,LOW,FULL,False,False,gap_fade_100,"{""gap_threshold"":0.01}",INTRADAY_SHORT_ALLOWED_RESEARCH,2025-08-20,2026-08-27,99.36185641769399,99.79115300942712,99.50108774474256,93.19506889050037,99.36475707034083,98.55112400290066,5,ROBUST POSITIVE,LOW LIQUIDITY,221,
13,42,INE048C01025,202,202,5440321.038300322,3626745.770557724,54.40321038300323,36.26745770557724,0.3098158433922119,11.914250682597002,20.319949664582577,-0.0493410635745702,0.8267326732673267,0.0182733842753219,0.0189166633427371,9.647271678210345,0.0674498381877022,-0.0493410635745702,0.8015873015873016,404.0,0.0202253223294508,0.001423048713238,12.841011066825818,5.9510879334608375e-28,0.0154673648716362,0.0210794036790075,13,0,0.5466504412518847,0.0793773672209887,0.1433375459058458,6816.94731124393,3619928.82324648,5440321.038300322,4444379.789888703,3626745.770557724,2404873.353391668,1582292.8962711196,VHLTD,VICEROY HOTELS LIMITED,BE,2025-08-20,2026-08-27,252,1598499.13,11834.5,0.0,0.0422143596947922,0,0,1.0,OK,FULL,False,False,gap_fade_050,"{""gap_threshold"":0.005}",INTRADAY_SHORT_ALLOWED_RESEARCH,2025-08-20,2026-08-27,99.73894126178389,99.98549673676578,99.67802755620015,91.28934010152284,99.73023930384336,98.50688905003626,5,ROBUST POSITIVE,COMPARABLE,91,1
14,48,INE048C01025,175,175,4781884.906003762,3365381.9023363213,47.81884906003762,33.65381902336321,0.3008557458942176,12.014724738402306,18.13299343233172,-0.0493410635745701,0.8685714285714285,0.0206554227022041,0.0202408728493493,13.905287475788068,0.0674498381877022,-0.0493410635745702,0.6944444444444444,350.0,0.0196727918798725,0.0014871232830992,13.88951604547345,5.3536949244531e-30,0.0177203002084961,0.0235905451959122,13,0,0.548926894414888,0.0638612536193639,0.1492035589975535,6816.94731124393,3358564.9550250773,4781884.906003762,4013445.686066241,3365381.9023363213,2358230.011115778,1642611.7057543248,VHLTD,VICEROY HOTELS LIMITED,BE,2025-08-20,2026-08-27,252,1598499.13,11834.5,0.0,0.0422143596947922,0,0,1.0,OK,FULL,False,False,gap_fade_100,"{""gap_threshold"":0.01}",INTRADAY_SHORT_ALLOWED_RESEARCH,2025-08-20,2026-08-27,99.69543147208122,99.99129804205947,99.69833212472807,91.29224075416968,99.68963016678752,98.49354604786078,5,ROBUST POSITIVE,COMPARABLE,106,2
15,11,INE938A01021,181,181,13500648.733584858,9456741.352382034,135.0064873358486,94.56741352382032,0.5291329889677291,8.949113206065954,23.60027554619925,-0.055084812080661,0.6740331491712708,0.0261617183388743,0.0202222222222222,8.210140482868885,0.1306781326781327,-0.0407096774193549,0.7182539682539683,362.0,0.0368153943214415,0.0027364667090908,9.560400735723192,9.013808130325234e-18,0.0207620378821977,0.0315613987955509,13,0,0.8861185705623125,0.2457242308880294,0.20015825178828,-29960.31746031756,9486701.669842351,13500648.733584858,11301765.919554424,9456741.352382034,6610583.97055633,4608796.225901785,LCCINFOTEC,LCC INFOTECH LTD,EQ,2025-08-20,2026-08-27,252,237334.535,49269.0,0.0039682539682539,0.0677197187117652,19,0,1.0,LOW,FULL,False,False,gap_fade_100,"{""gap_threshold"":0.01}",INTRADAY_SHORT_ALLOWED_RESEARCH,2025-08-20,2026-08-27,99.94198694706309,99.78535170413343,99.9361856417694,90.28281363306743,99.94198694706309,98.46062364031908,5,ROBUST POSITIVE,LOW LIQUIDITY,21,
16,58,INE486Y01013,135,135,3707941.8853135714,2826794.416124681,37.079418853135714,28.267944161246813,0.4003508362253246,8.682408691074293,14.840203763603755,-0.0488223086900129,0.8518518518518519,0.0257482191105305,0.0217785016286646,13.166542367078394,0.1183571428571428,-0.0488223086900129,0.5357142857142857,270.0,0.029686256849236,0.0025549861864072,10.077635349855562,3.9950784789465236e-18,0.020694901619541,0.0308015366015199,13,0,0.8590740876184491,0.037107891924903,0.2496468029104668,-36662.85951614568,2863457.275640827,3707941.8853135714,3238636.5233854414,2826794.416124681,2148385.030295304,1626334.054550744,TOUCHWOOD,TOUCHWOOD ENTERTAIN LTD.,EQ,2025-08-20,2026-08-27,252,194088.55,2232.5,0.0079365079365079,0.050640001883243,0,0,1.0,LOW,FULL,False,False,gap_fade_100,"{""gap_threshold"":0.01}",INTRADAY_SHORT_ALLOWED_RESEARCH,2025-08-20,2026-08-27,99.62291515591008,99.73604060913705,99.68963016678752,91.39956490210297,99.62001450326323,98.42480058013052,5,ROBUST POSITIVE,LOW LIQUIDITY,131,
17,4,INE669A01022,143,143,15850728.08402414,11997701.361799031,158.50728084024138,119.97701361799032,0.5446662608641967,9.14418554513002,17.275533862899835,-0.0578329999572606,0.8741258741258742,0.0348288765700307,0.0265714285714285,16.14076433648194,0.2361635581061693,-0.055763440860215,0.5674603174603174,286.0,0.0394016045795584,0.0032949277011114,10.570452443700724,1.2615519001816572e-19,0.0283154272672903,0.0413423258727712,12,0,0.8520326287612476,0.0,0.2695072013935827,-21756.37979383234,12019457.741592864,15850728.08402414,13792190.989028024,11997701.361799031,9070484.421848306,6847808.806294907,INFOMEDIA,INFOMEDIA PRESS LIMITED,EQ,2025-08-25,2026-08-27,233,68006.42,12114.0,0.0128755364806866,0.0782199463810635,3,0,0.9246031746031746,LOW,PARTIAL,True,True,gap_fade_100,"{""gap_threshold"":0.01}",INTRADAY_SHORT_ALLOWED_RESEARCH,2025-08-20,2026-08-27,99.97969543147208,99.82015953589558,99.98839738941263,89.79550398839739,99.97969543147208,98.42189992748368,5,ROBUST POSITIVE,LIMITED SAMPLE,8,
18,208,INE435D01014,79,79,1206971.2194473976,1021388.9797901988,12.069712194473976,10.213889797901988,0.3420140523181388,7.263136950850075,25.74531803968768,-0.0194637681159419,0.8987341772151899,0.0314442392544537,0.0282189781021897,64.53983453540538,0.1469361702127659,-0.0194637681159419,0.3134920634920635,158.0,0.0283941964055777,0.0031945966832432,9.842944938680136,2.5290668498554504e-15,0.0250842858115833,0.0378041926973241,5,0,1.1727494725460543,0.0,0.3892910078907261,591.7159763313248,1020797.2638138676,1206971.2194473976,1110674.1832229695,1021388.9797901988,861871.9780238454,724799.6860886815,MCCHRLS-B,MAC CHARLES (INDIA) LTD.,EQ,2026-04-20,2026-08-27,91,77580.0,113.0,0.4395604395604395,0.0600891687420414,2,0,0.3611111111111111,LOW,PARTIAL,True,True,gap_fade_050,"{""gap_threshold"":0.005}",INTRADAY_SHORT_ALLOWED_RESEARCH,2025-08-20,2026-08-27,98.77882523567803,99.22842639593908,99.17621464829587,95.15881073241479,98.75852066715011,98.40116026105875,5,ROBUST POSITIVE,LIMITED SAMPLE,422,
19,3,INE642Z01026,169,169,17370975.16381534,12482172.302155755,173.7097516381534,124.82172302155756,0.4153826726922947,11.951339360781477,22.426277741522146,-0.0599950432059277,0.8994082840236687,0.0293750253605563,0.0245210608424337,23.441985974349127,0.1277619047619048,-0.055864168618267,0.6706349206349206,338.0,0.0271489682021076,0.0020883821693928,14.065924231241585,3.3766005196978154e-30,0.0252521722083046,0.0334978785128081,13,0,1.1600385856280933,0.1473137815345888,0.2447549767256117,-55696.20253164563,12537868.5046874,17370975.16381534,14727605.542310072,12482172.302155755,8955584.259873904,6413262.855814044,AKI,AKI INDIA LIMITED,EQ,2025-08-20,2026-08-27,252,405925.015,64945.0,0.0,0.0664893464316346,0,0,1.0,LOW,FULL,False,False,gap_fade_100,"{""gap_threshold"":0.01}",INTRADAY_SHORT_ALLOWED_RESEARCH,2025-08-20,2026-08-27,99.98259608411892,99.98839738941263,99.98549673676578,89.39811457577956,99.98259608411892,98.39666424945614,5,ROBUST POSITIVE,LOW LIQUIDITY,7,
20,183,INE435D01014,74,74,1181910.1665442006,1010908.8477133884,11.819101665442004,10.109088477133884,0.3419245436178749,7.23721671635647,20.29281145795357,-0.0194637681159418,0.9324324324324323,0.0334402976054573,0.0305023064519421,84.09021322913098,0.1469361702127659,-0.0194637681159419,0.2936507936507936,148.0,0.0281866388021444,0.0032766302048742,10.205697779295528,1.0627422571998122e-15,0.0269099830245391,0.0399706121863754,5,0,1.1727494725460543,0.0,0.3900931372372999,591.7159763313248,1010317.1317370572,1181910.1665442006,1093391.8198376754,1010908.8477133884,862451.032714,733600.1309594085,MCCHRLS-B,MAC CHARLES (INDIA) LTD.,EQ,2026-04-20,2026-08-27,91,77580.0,113.0,0.4395604395604395,0.0600891687420414,2,0,0.3611111111111111,LOW,PARTIAL,True,True,gap_fade_100,"{""gap_threshold"":0.01}",INTRADAY_SHORT_ALLOWED_RESEARCH,2025-08-20,2026-08-27,98.77302393038434,99.21392313270486,99.19071791153009,95.16171138506164,98.74111675126903,98.39666424945614,5,ROBUST POSITIVE,LIMITED SAMPLE,424,
21,60,INE505V01016,155,155,3744973.4030926074,2739364.4105823794,37.44973403092607,27.3936441058238,0.3783343880307072,9.08549438121651,20.27726043116006,-0.0501502242152467,0.832258064516129,0.022176483591445,0.0216286919831224,9.440122570154491,0.1208992628992629,-0.0501502242152467,0.6150793650793651,310.0,0.0271153145739569,0.0021779544775073,10.182253036264306,6.126770729549046e-19,0.0178739605297696,0.0264790066531203,13,0,0.5296510675828179,0.0628081681620542,0.1512757390637618,-37894.21813403418,2777258.6287164134,3744973.4030926074,3204375.9574724715,2739364.4105823794,1995514.605152635,1445613.837797918,EUROBOND,EURO PANEL PRODUCTS LTD,EQ,2025-08-20,2026-08-27,252,1245981.075,7185.5,0.0,0.0510651253642299,0,0,1.0,OK,FULL,False,False,gap_fade_100,"{""gap_threshold"":0.01}",INTRADAY_SHORT_ALLOWED_RESEARCH,2025-08-20,2026-08-27,99.59970993473532,99.80565627266135,99.62581580855692,91.18201595358956,99.59970993473532,98.38346627991298,5,ROBUST POSITIVE,COMPARABLE,139,3
22,20,INE740X01023,161,161,8566944.24490608,6233801.324020684,85.66944244906081,62.33801324020684,0.4031611138417146,10.570238562072513,16.64445430555874,-0.0582845165780886,0.8633540372670807,0.0264690009457006,0.0252727272727273,12.502465573774987,0.1112352941176469,-0.056242002781641,0.6388888888888888,322.0,0.0275183253526072,0.0021687478572663,12.20473871917256,1.2379259300118332e-24,0.0221859374191522,0.0307520644722489,13,0,0.7843545586209733,0.1436545597454863,0.1953029575341139,-15042.57332071889,6248843.897341402,8566944.24490608,7309662.16350553,6233801.324020684,4525906.500812177,3276464.6165719577,LAL,LORENZINI APPARELS LTD,EQ,2025-08-20,2026-08-27,252,265885.55,32299.5,0.0,0.0692051632791852,0,0,1.0,LOW,FULL,False,False,gap_fade_100,"{""gap_threshold"":0.01}",INTRADAY_SHORT_ALLOWED_RESEARCH,2025-08-20,2026-08-27,99.88107324147933,99.95068890500363,99.88397389412617,89.72298767222625,99.88107324147933,98.37186366932559,5,ROBUST POSITIVE,LOW LIQUIDITY,42,
23,10,INE024D01016,166,166,14144956.228780637,10216268.665221795,141.44956228780634,102.16268665221796,0.4483294198861018,10.652180512378214,28.281453608836948,-0.059978092412305,0.7951807228915663,0.0287691922267262,0.0263182410731542,13.676541970302296,0.119377672209026,-0.0424774260508563,0.6587301587301587,332.0,0.0304823538561036,0.0023658894970181,12.15998983172534,1.0662622085058352e-24,0.0240978720480716,0.0334405124053809,13,0,0.9646338563823628,0.1687094648907274,0.2625281578482485,-57627.564439768525,10273896.229661563,14144956.228780637,12023442.634564271,10216268.665221795,7366395.550740131,5300389.7152369,PRUDMOULI,PRUDENTIAL SUGAR CORPORAT,BE,2025-08-20,2026-08-27,252,351401.065,18081.5,0.0039682539682539,0.0649394998559491,1,0,1.0,LOW,FULL,False,False,gap_fade_100,"{""gap_threshold"":0.01}",INTRADAY_SHORT_ALLOWED_RESEARCH,2025-08-20,2026-08-27,99.94778825235679,99.95649021029732,99.95649021029732,89.40681653372009,99.94778825235679,98.37012327773749,5,ROBUST POSITIVE,LOW LIQUIDITY,19,
24,9,INE938A01021,191,191,14564379.504674722,10001339.352085058,145.6437950467472,100.01339352085056,0.5393990173791955,8.89385909048833,20.958372953525448,-0.0593770491803278,0.675392670157068,0.0251169573514053,0.0202222222222222,7.096746752207634,0.1306781326781327,-0.0593770491803278,0.7579365079365079,382.0,0.0370369231446628,0.0026798977045645,9.37235675400039,2.1291571598414838e-17,0.0198307836042792,0.0304031310985315,13,0,0.8251666676976321,0.2597908525842944,0.1851033656765626,-29960.31746031756,10031299.669545377,14564379.504674722,12071969.843033474,10001339.352085058,6853080.868687176,4682526.704939329,LCCINFOTEC,LCC INFOTECH LTD,EQ,2025-08-20,2026-08-27,252,237334.535,49269.0,0.0039682539682539,0.0677197187117652,19,0,1.0,LOW,FULL,False,False,gap_fade_050,"{""gap_threshold"":0.005}",INTRADAY_SHORT_ALLOWED_RESEARCH,2025-08-20,2026-08-27,99.94488759970993,99.77664974619289,99.93908629441624,89.52864394488759,99.94488759970993,98.34764321972443,5,ROBUST POSITIVE,LOW LIQUIDITY,20,
25,117,INE474L01016,120,120,2233538.1226977324,1746468.0887372275,22.33538122697733,17.464680887372275,0.3861511231743776,7.781179175082122,17.52310391902599,-0.041985751542528,0.725,0.0250392589839919,0.0258037474192669,8.978798954007692,0.0967903225806452,-0.0383636363636363,0.4761904761904761,240.0,0.0302804505202821,0.0027642143002295,9.05836388369462,3.1676953915373588e-15,0.0195658385896923,0.0305126793782916,9,0,0.6594674375680338,0.0,0.2201726619125846,-51216.022889842665,1797684.1116270702,2233538.1226977324,1975884.419168737,1746468.0887372275,1360393.1815073655,1054511.0400253534,OMKARCHEM,OMKAR SPL CHEM LTD,BZ,2025-08-20,2026-04-28,168,47018.565,8378.5,0.0059523809523809,0.0671776111723444,2,0,0.6666666666666666,LOW,PARTIAL,False,True,gap_fade_050,"{""gap_threshold"":0.005}",INTRADAY_SHORT_ALLOWED_RESEARCH,2025-08-20,2026-08-27,99.32414793328499,99.44597534445249,99.47208121827411,92.40899202320522,99.33575054387236,98.34314720812182,5,ROBUST POSITIVE,LIMITED SAMPLE,234,
26,65,INE070C01037,139,139,3384388.573108375,2556308.05417816,33.84388573108375,25.5630805417816,0.3858571440552938,8.74083414636608,24.27788559323665,-0.0514015398505415,0.7338129496402878,0.0242641244631496,0.0219520958083832,11.885422307223244,0.0951428571428572,-0.0330880829015545,0.5515873015873016,278.0,0.0284374022225198,0.0024120289753997,10.05963224762999,3.400064397566537e-18,0.0194948110266539,0.0290334378996454,12,0,0.6078010822473956,0.0,0.163328551972774,-55230.12552301256,2611538.1797011723,3384388.573108375,2942504.921747676,2556308.05417816,1923949.212098793,1441307.1355293854,COMPINFO,COMPUAGE INFOCOM LTD,BZ,2025-09-01,2026-08-27,245,31112.91,22490.0,0.0,0.0654823981706496,1,0,0.9722222222222222,LOW,FULL,True,True,gap_fade_100,"{""gap_threshold"":0.01}",INTRADAY_SHORT_ALLOWED_RESEARCH,2025-08-20,2026-08-27,99.56780275562002,99.74184191443075,99.62291515591008,90.96446700507614,99.56780275562002,98.3231327048586,5,ROBUST POSITIVE,LOW LIQUIDITY,150,
27,9,INE277C01012,127,127,13257274.85091237,10356862.31399701,132.5727485091237,103.5686231399701,0.5352169214134136,9.021853891335152,22.717795855886056,-0.0609277619283682,0.8346456692913385,0.0380208572060001,0.0367180038718004,17.256486166338743,0.1725851329847693,-0.0458805970149253,0.503968253968254,254.0,0.0392644941366009,0.0034841604461043,10.912487468397508,6.321030561671044e-20,0.031125806110622,0.0449159083013783,13,0,1.2725208264319954,0.0649594061554958,0.3412334969424619,-31705.298013245003,10388567.612010255,13257274.85091237,11719123.701735277,10356862.31399701,8082373.564015021,6299570.166418192,REGENCERAM,REGENCY CERAMICS LTD.,EQ,2025-08-20,2026-08-27,252,126622.695,2958.5,0.0119047619047619,0.0708999149788378,1,0,1.0,LOW,FULL,False,False,gap_fade_100,"{""gap_threshold"":0.01}",INTRADAY_SHORT_ALLOWED_RESEARCH,2025-08-20,2026-08-27,99.95358955765047,99.79695431472081,99.97099347353155,89.26178390137781,99.95068890500363,98.3213923132705,5,ROBUST POSITIVE,LOW LIQUIDITY,17,
28,55,INE651C01018,113,113,3618174.6122836303,2886162.186099846,36.1817461228363,28.861621860998454,0.4761923222520769,7.408192007939792,20.969846164674,-0.0508323479018613,0.672566371681416,0.0312187978402666,0.0249299820466787,13.163567752061708,0.1010444964871195,-0.0337460317460318,0.4484126984126984,226.0,0.0383955284053507,0.0036119474823528,8.64320369905553,4.37730430951077e-14,0.0240621869020705,0.0383754087784626,11,0,0.8272780929853212,0.0,0.2116891567203853,-18375.921752652925,2904538.107852499,3618174.6122836303,3232304.733514697,2886162.186099846,2297240.7561669764,1823640.1813725955,LAKPRE,LAKSHMI PRE SCRE LTD,BZ,2025-08-25,2026-08-27,215,6200.03,1225.0,0.1302325581395348,0.053343883788115,30,0,0.8531746031746031,LOW,PARTIAL,True,True,gap_fade_100,"{""gap_threshold"":0.01}",INTRADAY_SHORT_ALLOWED_RESEARCH,2025-08-20,2026-08-27,99.64031907179115,99.26613488034808,99.74184191443075,91.04858593183465,99.63161711385061,98.29528643944887,5,ROBUST POSITIVE,LIMITED SAMPLE,125,
29,57,INE749B01020,165,165,4400149.939055367,3158232.308126582,44.00149939055368,31.58232308126582,0.4215891917030888,8.5229513021985,25.644600700296245,-0.0544445279583477,0.6545454545454545,0.0217768736389009,0.0171277735271613,10.076255142916226,0.1237922964407607,-0.0371724137931034,0.6547619047619048,330.0,0.030244717261541,0.0023545480454573,9.248855074720284,1.1829654522706548e-16,0.01712773711264,0.0264260101651618,13,0,0.5737535795632804,0.0250397757342295,0.1975481576156035,24177.63157894752,3134054.6765476344,4400149.939055367,3729471.6011483786,3158232.308126582,2257555.1539123133,1604768.2499848397,ORTINGLOBE,ORTIN GLOBAL LIMITED,EQ,2025-08-20,2026-08-27,252,90345.985,7213.0,0.0039682539682539,0.0566574161075563,15,0,1.0,LOW,FULL,False,False,gap_fade_050,"{""gap_threshold"":0.005}",INTRADAY_SHORT_ALLOWED_RESEARCH,2025-08-20,2026-08-27,99.6751269035533,99.70413343002176,99.68672951414068,90.4017403915881,99.65772298767223,98.28875997099348,5,ROBUST POSITIVE,LOW LIQUIDITY,113,
30,71,INE486Y01013,164,164,3799250.534843838,2728041.804334369,37.99250534843838,27.28041804334369,0.4113753721185027,8.376179756433142,16.154118736224515,-0.0525538519405366,0.7804878048780488,0.0210106955136228,0.0171797256104677,8.064216075264639,0.1183571428571428,-0.0488223086900129,0.6507936507936508,328.0,0.0296478738975417,0.002315109999289,9.075463161610068,3.555126834922376e-16,0.0164392223087961,0.0255821687184496,13,0,0.8590740876184491,0.0060351284358399,0.2473657810598974,-36662.85951614568,2764704.663850515,3799250.534843838,3220990.7126658685,2728041.804334369,1949823.8633592955,1384814.570596825,TOUCHWOOD,TOUCHWOOD ENTERTAIN LTD.,EQ,2025-08-20,2026-08-27,252,194088.55,2232.5,0.0079365079365079,0.050640001883243,0,0,1.0,LOW,FULL,False,False,gap_fade_050,"{""gap_threshold"":0.005}",INTRADAY_SHORT_ALLOWED_RESEARCH,2025-08-20,2026-08-27,99.59680928208847,99.65482233502539,99.60551124002902,90.74981870920958,99.59390862944163,98.28252356780276,5,ROBUST POSITIVE,LOW LIQUIDITY,140,
31,2,INE669A01022,161,161,21515562.494765285,15723199.880487988,215.15562494765285,157.23199880487988,0.55242100365506,9.519427432936356,19.3000292991068,-0.0642634106448771,0.8509316770186336,0.0326629295448708,0.0265171102661595,12.271770299525542,0.2361635581061693,-0.055763440860215,0.6388888888888888,322.0,0.0388853697825382,0.0030645964576073,10.658150264381538,2.224202372237373e-20,0.0266106532199906,0.038715205869751,12,0,0.9673946984553704,0.0,0.2917144665122788,-21756.37979383234,15744956.26028182,21515562.494765285,18395380.931508947,15723199.880487988,11476006.289133651,8363672.188916441,INFOMEDIA,INFOMEDIA PRESS LIMITED,EQ,2025-08-25,2026-08-27,233,68006.42,12114.0,0.0128755364806866,0.0782199463810635,3,0,0.9246031746031746,LOW,PARTIAL,True,True,gap_fade_050,"{""gap_threshold"":0.005}",INTRADAY_SHORT_ALLOWED_RESEARCH,2025-08-20,2026-08-27,99.99129804205947,99.8665699782451,99.9941986947063,88.67875271936185,99.99129804205947,98.27005076142133,5,ROBUST POSITIVE,LIMITED SAMPLE,4,
32,119,INE474L01016,110,110,1892338.90307483,1507872.1926184602,18.9233890307483,15.078721926184604,0.3774731990019088,7.580618783719205,16.93944647961707,-0.0419857515425279,0.7363636363636363,0.0260134583882222,0.0258037474192669,10.316376786784112,0.0967903225806452,-0.0383636363636363,0.4365079365079365,220.0,0.0302854819524429,0.0028876074038926,9.008654830692835,7.767522939737103e-15,0.0202903143907232,0.0317366023857213,9,0,0.5884436690839416,0.0,0.2005673116367918,-51216.022889842665,1559088.215508303,1892338.90307483,1689905.3839150737,1507872.1926184602,1197053.3551220768,945879.0241786768,OMKARCHEM,OMKAR SPL CHEM LTD,BZ,2025-08-20,2026-04-28,168,47018.565,8378.5,0.0059523809523809,0.0671776111723444,2,0,0.6666666666666666,LOW,PARTIAL,False,True,gap_fade_100,"{""gap_threshold"":0.01}",INTRADAY_SHORT_ALLOWED_RESEARCH,2025-08-20,2026-08-27,99.211022480058,99.34445250181291,99.39086294416244,92.41189267585207,99.22842639593908,98.2572878897752,5,ROBUST POSITIVE,LIMITED SAMPLE,273,
33,139,INE075B01020,145,145,1827662.2347907173,1350328.097480212,18.27662234790717,13.503280974802122,0.3575936894341502,7.691021451137329,17.09095897292823,-0.039099855362737,0.6896551724137931,0.0189673154222716,0.0136465715600551,8.481448159315002,0.097098154362416,-0.0344731182795698,0.5753968253968254,290.0,0.0270308930648498,0.0022447934854455,8.449470093907843,2.919642279923144e-14,0.014530312591028,0.0234043182535152,12,0,0.5374824039811699,0.0,0.1596076020000563,21212.384000848226,1329115.7134793638,1827662.2347907173,1572164.2247076223,1350328.097480212,990582.395176548,719608.8631723846,SICALLOG,SICAL LOGISTICS LIMITED,BE,2025-08-20,2026-08-27,227,960424.56,11575.0,0.0044052863436123,0.0496383808100882,13,0,0.9007936507936508,LOW,PARTIAL,False,True,gap_fade_100,"{""gap_threshold"":0.01}",INTRADAY_SHORT_ALLOWED_RESEARCH,2025-08-20,2026-08-27,99.09789702683103,99.40246555474982,99.1646120377085,92.79187817258884,99.07179115300943,98.22102973168963,5,ROBUST POSITIVE,LIMITED SAMPLE,312,
34,54,INE973A01010,167,167,4598594.335984097,3288718.1713397303,45.98594335984097,32.887181713397304,0.3721360263528951,9.713910694228714,23.08654004030724,-0.0592129213544607,0.7724550898203593,0.0216460845874081,0.0239999999999999,9.09736452978901,0.0904247915911562,-0.0323484451105283,0.6626984126984127,334.0,0.0259218456763665,0.0020058926414536,10.791247816593495,6.617741813390251e-21,0.0176857348777012,0.025606434297115,13,0,0.5818136834605903,0.1126633288812217,0.1496196352751216,-33920.70484581495,3322638.876185545,4598594.335984097,3890583.868339304,3288718.1713397303,2342443.210221861,1659275.7835317429,GOLDENTOBC,GOLDEN TOBACCO LIMITED,BZ,2025-08-20,2026-08-27,252,51562.17999999999,1694.5,0.0119047619047619,0.0531932754159104,2,0,1.0,LOW,FULL,False,False,gap_fade_050,"{""gap_threshold"":0.005}",INTRADAY_SHORT_ALLOWED_RESEARCH,2025-08-20,2026-08-27,99.68672951414068,99.88977519941987,99.70413343002176,89.56925308194343,99.68672951414068,98.21319796954316,5,ROBUST POSITIVE,LOW LIQUIDITY,109,
35,56,INE472B01011,159,159,3964960.981677302,2878098.294574687,39.64960981677302,28.780982945746867,0.4254358687736917,8.236150131388609,21.028210964353377,-0.0578413546842525,0.6540880503144654,0.0220374445691689,0.0191764705882352,8.214958675632232,0.1045168539325842,-0.0346027397260273,0.6309523809523809,318.0,0.0309941046096221,0.0024579923808574,8.965627697137556,8.35671619072039e-16,0.017182683302969,0.0268922058353689,12,1,0.5978938837252457,-0.0141995940902026,0.1606852116419243,-73794.23099381059,2951892.5255684974,3964960.981677302,3379611.6995624523,2878098.294574687,2080502.2147155383,1495540.5658533254,BLUECOAST,BLUE COAST HOTELS LIMITED,BE,2025-08-20,2026-08-27,252,104977.855,3584.0,0.0119047619047619,0.063418361554695,18,0,1.0,LOW,FULL,False,False,gap_fade_100,"{""gap_threshold"":0.01}",INTRADAY_SHORT_ALLOWED_RESEARCH,2025-08-20,2026-08-27,99.63451776649747,99.61421319796955,99.643219724438,89.7897026831037,99.64031907179115,98.15663524292967,5,ROBUST POSITIVE,LOW LIQUIDITY,127,
36,84,INE749B01020,147,147,2900200.855067942,2150146.919137814,29.002008550679417,21.501469191378145,0.4121303328779714,7.798993225211932,22.45216936059768,-0.0544445279583478,0.6530612244897959,0.0218653175103376,0.0152727272727273,10.00182858215623,0.1237922964407607,-0.0371724137931034,0.5833333333333334,294.0,0.0309544800588639,0.0025530824849442,8.5642816631578,1.4008496244412687e-14,0.0168195440354268,0.0269110909852485,13,0,0.575854719188865,0.0250397757342295,0.1861539445566302,24177.63157894752,2125969.2875588667,2900200.855067942,2498431.0272253905,2150146.919137814,1586654.8380927877,1163558.600295392,ORTINGLOBE,ORTIN GLOBAL LIMITED,EQ,2025-08-20,2026-08-27,252,90345.985,7213.0,0.0039682539682539,0.0566574161075563,15,0,1.0,LOW,FULL,False,False,gap_fade_100,"{""gap_threshold"":0.01}",INTRADAY_SHORT_ALLOWED_RESEARCH,2025-08-20,2026-08-27,99.47498187092096,99.46337926033357,99.51269035532995,90.39883973894126,99.4575779550399,98.11530094271211,5,ROBUST POSITIVE,LOW LIQUIDITY,182,
37,22,INE084Q01012,251,251,2488631.844089571,1476171.2782366627,24.88631844089571,14.761712782366628,0.3372060269461504,8.386546441195938,20.091210782816024,-0.0467957839262188,0.6374501992031872,0.0112669083873906,0.0068862163426204,5.026629456830748,0.0978837521237592,-0.0467957839262187,0.996031746031746,502.0,0.0212725403545008,0.0013427108411433,8.391165128149973,3.586016313608677e-15,0.0086224415429307,0.0139113752318505,13,0,0.4306159011656643,0.0187131032808125,0.1255557194860518,-53797.52592323087,1529968.8041598937,2488631.844089571,1920180.193417167,1476171.2782366627,858759.3420015539,482622.4183917048,RACE,RACE ECO CHAIN LIMITED,EQ,2025-08-20,2026-08-27,252,852636.4750000001,6333.5,0.0,0.056129575252073,0,0,1.0,LOW,FULL,False,False,close_to_open,{},LONG_ONLY,2025-08-20,2026-08-27,99.19941986947063,99.65772298767223,98.73821609862219,91.68382886149384,99.20812182741116,98.07324147933285,5,ROBUST POSITIVE,LOW LIQUIDITY,277,
38,117,INE215F01023,124,124,1974569.7653201504,1528081.3468879466,19.745697653201503,15.280813468879463,0.3909992946121748,7.361427542018371,14.7928254982951,-0.0491766462991171,0.8064516129032258,0.0232122014215146,0.0178069711169134,10.413663346217856,0.1381076716016149,-0.0447564102564101,0.492063492063492,248.0,0.0310176367149257,0.0027854660051705,8.333327844758148,1.3058163390504072e-13,0.0176985422549408,0.0287258605880884,13,0,0.4834560838587953,0.0239241750677468,0.1539777899509072,7035.800772301838,1521045.5461156447,1974569.7653201504,1737925.09729142,1528081.3468879466,1177079.3029218102,901273.0597310024,WIPL,THE WESTERN INDIA PLY LTD,EQ,2025-08-20,2026-08-27,252,231112.545,1522.0,0.0238095238095238,0.0500667929309656,0,0,1.0,LOW,FULL,False,False,gap_fade_100,"{""gap_threshold"":0.01}",INTRADAY_SHORT_ALLOWED_RESEARCH,2025-08-20,2026-08-27,99.22552574329224,99.248730964467,99.34445250181291,91.32704858593183,99.20522117476432,98.06511965192168,5,ROBUST POSITIVE,LOW LIQUIDITY,268,
39,13,INE00CA01015,251,251,3438807.9529584283,2056041.0437273565,34.38807952958428,20.560410437273564,0.3385340599221027,9.293265845431874,15.844326445109107,-0.0566991215297849,0.7051792828685259,0.0125342112214719,0.0125960290937683,4.635092629508612,0.0833821231179723,-0.0498950800666617,0.996031746031746,502.0,0.0213535986418763,0.0013478271948749,9.299568423261514,7.327942118231385e-18,0.0098796677265574,0.0151887547163864,13,0,0.4470175966712721,0.0438928277002015,0.1243654775901008,-26929.264368936696,2082970.308096293,3438807.9529584283,2662549.9421807984,2056041.0437273565,1212294.1178067245,697953.8586248172,TREJHARA,TREJHARA SOLUTIONS LTD,EQ,2025-08-20,2026-08-27,252,2379641.67,13181.5,0.0,0.0553646579463156,1,0,1.0,OK,FULL,False,False,close_to_open,{},LONG_ONLY,2025-08-20,2026-08-27,99.44307469180565,99.84626540971718,99.1269035532995,89.99854967367658,99.44597534445249,98.04437998549673,5,ROBUST POSITIVE,COMPARABLE,193,4
40,178,INE471W01019,130,130,1362941.947998997,1033654.668965402,13.62941947998997,10.33654668965402,0.3027796687108624,8.20485697742117,18.460799157060965,-0.0420494865089188,0.7769230769230769,0.0191097221341814,0.0168561639232819,8.869324657873578,0.0738262511803587,-0.0296211950394589,0.5158730158730159,260.0,0.0230147389395166,0.002018526134916,9.467166069155674,1.806750263564568e-16,0.0151160187396007,0.0231034255287621,13,0,0.4325678196288671,0.0803256120486499,0.1031128239599454,-26409.83606557366,1060064.5050309757,1362941.947998997,1187896.921236229,1033654.668965402,778044.8442166769,579726.1570649099,PALASHSECU,PALASH SECURITIES LTD,EQ,2025-08-20,2026-08-27,252,156443.425,1615.0,0.0119047619047619,0.0446891166539164,1,0,1.0,LOW,FULL,False,False,gap_fade_100,"{""gap_threshold"":0.01}",INTRADAY_SHORT_ALLOWED_RESEARCH,2025-08-20,2026-08-27,98.80493110949963,99.60551124002902,98.96736765772299,92.39738941261784,98.81943437273387,98.03930384336476,5,ROBUST POSITIVE,LOW LIQUIDITY,413,
41,87,INE973A01010,146,146,2830217.158667418,2102023.096337586,28.302171586674188,21.020230963375862,0.3680863383932528,8.630053732954655,20.32299335102588,-0.0592129213544611,0.7602739726027398,0.0217575676623308,0.0238748418637562,8.221178469776271,0.0904247915911562,-0.0323484451105283,0.5793650793650794,292.0,0.0270220393681954,0.0022363598903163,9.72900996684081,1.5745414415073662e-17,0.017337492771652,0.0261776425530095,13,0,0.5467511294879783,0.1106560367540643,0.1294971257031602,-33920.70484581495,2135943.801183401,2830217.158667418,2440336.273829952,2102023.096337586,1553866.6371765132,1141465.6256335992,GOLDENTOBC,GOLDEN TOBACCO LIMITED,BZ,2025-08-20,2026-08-27,252,51562.17999999999,1694.5,0.0119047619047619,0.0531932754159104,2,0,1.0,LOW,FULL,False,False,gap_fade_100,"{""gap_threshold"":0.01}",INTRADAY_SHORT_ALLOWED_RESEARCH,2025-08-20,2026-08-27,99.46047860768672,99.72733865119652,99.5039883973894,89.56635242929659,99.46337926033357,98.03901377810008,5,ROBUST POSITIVE,LOW LIQUIDITY,187,
42,67,INE722J01012,133,133,3138614.132961231,2398387.501529445,31.386141329612308,23.983875015294448,0.411971196501201,8.055435175988164,10.923373629919102,-0.0622226720647772,0.8872180451127819,0.0249519343442835,0.0215525024533856,13.714713327291332,0.2219428231089935,-0.0622226720647771,0.5277777777777778,266.0,0.0313755472984727,0.0027206049861781,9.1714653435726,8.116337600878048e-16,0.0195703087718416,0.0303335599167253,13,0,0.9558046407771744,0.0568860875076016,0.232792323408789,-32474.964234620827,2430862.4657640657,3138614.132961231,2744703.533267877,2398387.501529445,1826370.7863391065,1384562.8760766196,RKDL,RAVI KUMAR DIST. LTD.,EQ,2025-08-20,2026-08-27,252,355897.42500000005,15968.0,0.0,0.0564021324842853,0,0,1.0,LOW,FULL,False,False,gap_fade_100,"{""gap_threshold"":0.01}",INTRADAY_SHORT_ALLOWED_RESEARCH,2025-08-20,2026-08-27,99.54459753444524,99.5736040609137,99.60261058738216,89.03263234227701,99.5474981870921,97.98578680203046,5,ROBUST POSITIVE,LOW LIQUIDITY,158,
43,68,INE849L01019,142,142,3195993.316750716,2397286.4496354684,31.95993316750716,23.972864496354685,0.4298159518313472,7.740896377117808,19.434726297674608,-0.064458003105432,0.6549295774647887,0.0234307094673149,0.0161818181818181,8.667509601661402,0.0957443609022554,-0.0348947368421053,0.5634920634920635,284.0,0.0326141725547673,0.0027369205624232,8.560975349087133,1.7304058945262722e-14,0.018020005025606,0.0288414139090237,12,0,0.6340183003461086,0.0,0.2487517976877088,69587.44289867108,2327699.0067367973,3195993.316750716,2769173.4976956267,2397286.4496354684,1791098.6453389246,1331274.2641902743,ORTEL,ORTEL COMMUNICATIONS LTD,BZ,2025-08-20,2026-08-24,213,11886.16,7053.0,0.0187793427230046,0.0657027376486345,14,0,0.8452380952380952,LOW,PARTIAL,False,True,gap_fade_100,"{""gap_threshold"":0.01}",INTRADAY_SHORT_ALLOWED_RESEARCH,2025-08-20,2026-08-27,99.5416968817984,99.42857142857143,99.58810732414793,88.63814358230601,99.52139231327048,97.88875997099348,5,ROBUST POSITIVE,LIMITED SAMPLE,159,
44,181,INE335W01016,185,185,1709899.4593187133,1156822.907729435,17.098994593187133,11.568229077294353,0.2912221206853054,8.878123687746506,14.170554389325808,-0.0511426821800367,0.772972972972973,0.0139757081516323,0.0135645161290323,6.130336029674929,0.0780788378713776,-0.0511426821800367,0.7341269841269841,370.0,0.0201713644112011,0.0014830282062697,9.42376422278922,1.87248139041362e-17,0.0110497816779809,0.0169016346252837,13,0,0.4651257652849259,0.0588355626149088,0.1341254703229976,-30113.40022561313,1186936.307955048,1709899.4593187133,1408354.108867141,1156822.907729435,772129.0947232514,504746.3727646308,GANGESSECU,GANGES SECURITIES LIMITED,EQ,2025-08-20,2026-08-27,252,266637.04000000004,2013.0,0.0119047619047619,0.0465051234235697,0,0,1.0,LOW,FULL,False,False,gap_fade_050,"{""gap_threshold"":0.005}",INTRADAY_SHORT_ALLOWED_RESEARCH,2025-08-20,2026-08-27,98.92095721537346,99.76794778825236,98.7962291515591,90.99637418419144,98.94996374184191,97.88252356780276,5,ROBUST POSITIVE,LOW LIQUIDITY,373,
45,60,INE060J01017,160,160,4231601.250417631,3067454.3578286697,42.31601250417632,30.6745435782867,0.4410610924488998,8.10130516102318,14.567988966757328,-0.0690886032507851,0.75625,0.0223323156536424,0.0203684382644184,6.418869377604189,0.1161818181818181,-0.0470261780104712,0.6349206349206349,320.0,0.0321778296555848,0.0025438807968139,8.778837310935312,2.4709459916054617e-15,0.0173081607142213,0.0273564705930635,13,0,0.5242069472862658,0.0254819141050948,0.1399870152047003,-85706.4622124863,3153160.820041156,4231601.250417631,3604355.788432007,3067454.3578286697,2214757.7324973387,1590569.209008882,FLEXITUFF,FLEXITUFF VENTURES INT L,BE,2025-08-20,2026-08-27,252,197336.825,19380.0,0.0,0.0614380111341222,11,0,1.0,LOW,FULL,False,False,gap_fade_050,"{""gap_threshold"":0.005}",INTRADAY_SHORT_ALLOWED_RESEARCH,2025-08-20,2026-08-27,99.65772298767223,99.58230601885424,99.68092820884699,87.82596084118927,99.6693255982596,97.87483683828863,5,ROBUST POSITIVE,LOW LIQUIDITY,119,
46,5,INE048C01025,251,251,6700742.064083269,4048896.1452068295,67.00742064083269,40.488961452068295,0.2749988173990849,13.782946250107152,19.76311053952855,-0.0745363659635461,0.8087649402390438,0.0151007725858749,0.0148708111855788,10.773522314939385,0.0913822978340701,-0.0625514236345881,0.996031746031746,502.0,0.0173317194192729,0.0010939684293506,13.80366396390272,1.3381173488005227e-32,0.0129462035218162,0.0172553416499337,13,0,0.7240018794497272,0.0465127319230005,0.1693421293240114,6816.94731124393,4042079.1978955856,6700742.064083269,5212479.53588775,4048896.1452068295,2428630.0638684207,1439617.4623655477,VHLTD,VICEROY HOTELS LIMITED,BE,2025-08-20,2026-08-27,252,1598499.13,11834.5,0.0,0.0422143596947922,0,0,1.0,OK,FULL,False,False,close_to_open,{},LONG_ONLY,2025-08-20,2026-08-27,99.78245105148659,100.0,99.62001450326323,86.83683828861494,99.78245105148659,97.85163161711385,5,ROBUST POSITIVE,COMPARABLE,76,5
47,19,INE0URU01010,175,175,9648622.034589298,6828711.1779768905,96.48622034589296,68.2871117797689,0.4545325820879954,9.623290999669011,14.933677773510498,-0.0772293577981652,0.7885714285714286,0.0249948531786498,0.0255590551181104,8.296351442842294,0.1418102297998517,-0.077229357798165,0.6944444444444444,350.0,0.0314746429344621,0.0023792593659755,10.505308305638092,2.6532916886812924e-20,0.0202989293350754,0.0296907770222242,13,0,0.7620298861781845,0.0652718218894214,0.1937222350033476,-17595.307917888596,6846306.485894779,9648622.034589298,8119285.132606297,6828711.1779768905,4821205.564199643,3393005.2477199496,GLOBALE,GLOBALE TESSILE LIMITED,EQ,2025-08-20,2026-08-27,252,83554.82,6316.5,0.0079365079365079,0.0731949903968002,1,0,1.0,LOW,FULL,False,False,gap_fade_050,"{""gap_threshold"":0.005}",INTRADAY_SHORT_ALLOWED_RESEARCH,2025-08-20,2026-08-27,99.8984771573604,99.8781725888325,99.89267585206672,86.27701232777375,99.89557650471356,97.84945612762873,5,ROBUST POSITIVE,LOW LIQUIDITY,36,
48,56,INE286H01012,187,187,4641277.728624868,3185118.89779582,46.41277728624869,31.851188977958195,0.4655227196387062,7.7781423243334835,18.861258327031077,-0.0689628263918255,0.6470588235294118,0.0193631121313403,0.0121729094958493,5.429341002666129,0.1033617021276596,-0.0412023566734647,0.7420634920634921,374.0,0.0326077213968272,0.0023845127471119,8.120364277688191,6.243140144853783e-14,0.0146589451120221,0.0240672791506586,12,1,0.7110958154423375,-0.0174124518156434,0.1898809368465963,25596.935505270914,3159521.9622905487,4641277.728624868,3846956.708674945,3185118.89779582,2174538.13066087,1473694.930016618,VISACHROME,VISA CHROME LIMITED,EQ,2025-08-20,2026-08-27,243,1032130.0,23705.0,0.0,0.0541244255372081,14,0,0.9642857142857144,OK,FULL,False,True,gap_fade_050,"{""gap_threshold"":0.005}",INTRADAY_SHORT_ALLOWED_RESEARCH,2025-08-20,2026-08-27,99.67802755620015,99.44307469180565,99.63741841914431,87.84916606236403,99.67222625090646,97.84742567077593,5,ROBUST POSITIVE,COMPARABLE,112,6
49,115,INE071A01013,115,115,1947191.4254141627,1535812.0766353095,19.471914254141627,15.358120766353096,0.341595180205183,8.39109154486722,22.4194538507017,-0.0615524131749443,0.7913043478260869,0.0249248385077139,0.0231908396946565,20.48832830869888,0.1160744777475021,-0.0334232902033271,0.4563492063492063,230.0,0.0260539121676047,0.0024295398369762,10.259077924293315,6.8880663280795044e-18,0.0201119388031317,0.0297377382122962,11,0,0.4817271699805749,0.0,0.1785677948870868,-50759.69385500194,1586571.7704903116,1947191.4254141627,1730078.4310243072,1535812.0766353095,1206525.3173628105,943064.0216064912,BILVYAPAR,BIL VYAPAR LIMITED,BE,2025-08-20,2026-08-27,227,47544.3,7179.0,0.0,0.0543218652788231,13,0,0.9007936507936508,LOW,PARTIAL,False,True,gap_fade_100,"{""gap_threshold"":0.01}",INTRADAY_SHORT_ALLOWED_RESEARCH,2025-08-20,2026-08-27,99.23712835387963,99.66352429296592,99.38796229151559,89.1283538796229,99.25743292240755,97.84031907179116,5,ROBUST POSITIVE,LIMITED SAMPLE,264,
50,22,INE0URU01010,153,153,7688097.674928982,5682107.089043004,76.88097674928981,56.82107089043004,0.4280730933646381,9.761256922032793,15.7580213693089,-0.077229357798165,0.8104575163398693,0.0273106630440625,0.0280429184549355,11.63052094841242,0.1418102297998517,-0.077229357798165,0.6071428571428571,306.0,0.0300971180728105,0.0024332077811938,11.224139284423574,1.1317425293979424e-21,0.0225033892056671,0.0321179368824578,13,0,0.7313059212956154,0.1013519514083565,0.180420551155684,-17595.307917888596,5699702.396960892,7688097.674928982,6611046.68204766,5682107.089043004,4190307.132874984,3081538.321693056,GLOBALE,GLOBALE TESSILE LIMITED,EQ,2025-08-20,2026-08-27,252,83554.82,6316.5,0.0079365079365079,0.0731949903968002,1,0,1.0,LOW,FULL,False,False,gap_fade_100,"{""gap_threshold"":0.01}",INTRADAY_SHORT_ALLOWED_RESEARCH,2025-08-20,2026-08-27,99.86366932559825,99.89267585206672,99.8723712835388,86.27991298042059,99.86366932559825,97.8336475707034,5,ROBUST POSITIVE,LOW LIQUIDITY,48,
51,129,INE071A01013,128,128,2030443.0107267103,1558726.1347023142,20.304430107267105,15.58726134702314,0.34739588985405,8.297258332837817,19.952285512610462,-0.0615524131749444,0.765625,0.0225190112647275,0.022047619047619,13.173537614621704,0.1160744777475021,-0.0334232902033271,0.5079365079365079,256.0,0.0263629093270138,0.0023301739946172,9.664090027932415,6.751949522747691e-17,0.0179080174449744,0.0271300050844805,11,1,0.4414081368247526,-0.0294839577914928,0.1808060919330097,-50759.69385500194,1609485.8285573162,2030443.0107267103,1779961.2085125358,1558726.1347023142,1190822.024337851,904024.064161134,BILVYAPAR,BIL VYAPAR LIMITED,BE,2025-08-20,2026-08-27,227,47544.3,7179.0,0.0,0.0543218652788231,13,0,0.9007936507936508,LOW,PARTIAL,False,True,gap_fade_050,"{""gap_threshold"":0.005}",INTRADAY_SHORT_ALLOWED_RESEARCH,2025-08-20,2026-08-27,99.24583031182016,99.63161711385061,99.34735315445975,89.12545322697608,99.26903553299492,97.82987672226253,5,ROBUST POSITIVE,LIMITED SAMPLE,261,
52,82,INE975G01012,192,192,3378313.704601853,2284770.9282630226,33.78313704601853,22.847709282630227,0.3554107256220531,9.154022992108327,18.16919231955029,-0.0685855893265533,0.7708333333333334,0.016944989343678,0.0171847626058153,5.749494850599394,0.0761250000000001,-0.041426523297491,0.7619047619047619,384.0,0.0242898576397895,0.0017529694808637,9.666448576918969,3.0244242989660805e-18,0.0134873236734573,0.0204026550138986,13,0,0.5395965634430546,0.0837636639925549,0.1519856486447948,-32522.79635258361,2317293.724615606,3378313.704601853,2780368.230027609,2284770.9282630226,1533809.9009624615,1018489.8199480902,IL&FSTRANS,IL&FS TRANS NET LTD,BZ,2025-08-20,2026-08-27,252,102631.24,39062.0,0.0,0.0502021428823633,1,0,1.0,LOW,FULL,False,False,gap_fade_050,"{""gap_threshold"":0.005}",INTRADAY_SHORT_ALLOWED_RESEARCH,2025-08-20,2026-08-27,99.50688905003626,99.82306018854243,99.43727338651198,87.92168237853517,99.50978970268311,97.81899927483684,5,ROBUST POSITIVE,LOW LIQUIDITY,171,
53,57,INE286H01012,168,168,3975497.9927968415,2832440.0706148525,39.754979927968414,28.324400706148523,0.457622467985143,7.652765987504231,18.50839510006247,-0.0689628263918251,0.6428571428571429,0.0208457003459193,0.0133833088355382,6.073438098923707,0.1033617021276596,-0.0412023566734647,0.6666666666666666,336.0,0.0332161202503998,0.0025626793136901,8.134338243009466,8.989450239715056e-14,0.0157862770047387,0.0259051236870999,13,0,0.7017415526303361,0.0299712938764689,0.1899287697514902,25596.935505270914,2806843.135109581,3975497.9927968415,3357323.040788549,2832440.0706148525,2008612.065896849,1415242.7060279318,VISACHROME,VISA CHROME LIMITED,EQ,2025-08-20,2026-08-27,243,1032130.0,23705.0,0.0,0.0541244255372081,14,0,0.9642857142857144,OK,FULL,False,True,gap_fade_100,"{""gap_threshold"":0.01}",INTRADAY_SHORT_ALLOWED_RESEARCH,2025-08-20,2026-08-27,99.62581580855692,99.3821609862219,99.61421319796955,87.85206671501088,99.61131254532269,97.8058013052937,5,ROBUST POSITIVE,COMPARABLE,130,7
54,96,INE039B01026,130,130,2453341.9157214803,1880703.9965660365,24.5334191572148,18.80703996566037,0.3860028294472755,7.9667503353539875,11.059980652162931,-0.0651777463460631,0.8461538461538461,0.0236552936226666,0.0219534267545925,9.684422388400693,0.1268795370857443,-0.0651777463460632,0.5158730158730159,260.0,0.0296215609213158,0.0025979827550431,9.105254288831322,1.3848693231902486e-15,0.0185151211134266,0.0287954661319067,13,0,0.6298104360228667,0.0464610799292275,0.1446036193983268,-19156.21436716084,1899860.2109331973,2453341.9157214803,2149009.182988075,1880703.9965660365,1435727.4207636197,1090122.891138624,CINEVISTA,CINEVISTA LIMITED,EQ,2025-08-20,2026-08-27,252,266466.635,16571.0,0.0,0.0600596992983757,0,0,1.0,LOW,FULL,False,False,gap_fade_100,"{""gap_threshold"":0.01}",INTRADAY_SHORT_ALLOWED_RESEARCH,2025-08-20,2026-08-27,99.37345902828136,99.53879622915156,99.48658448150834,88.4844089920232,99.38506163886875,97.79811457577956,5,ROBUST POSITIVE,LOW LIQUIDITY,217,
55,192,INE335W01016,147,147,1346100.513794977,983098.90983609,13.461005137949767,9.8309890983609,0.2735574798098973,8.884021756072874,12.582649347343754,-0.0511426821800365,0.8095238095238095,0.0165325891303918,0.0156716917922947,9.066707343950055,0.0780788378713776,-0.0511426821800367,0.5833333333333334,294.0,0.0198962182892722,0.0016410124264524,10.074627628586835,1.885652419928515e-18,0.0132893813522563,0.0197757969085272,13,0,0.4167408457566113,0.0506022796561296,0.1182015637676551,-30113.40022561313,1013212.3100617032,1346100.513794977,1151595.995507439,983098.90983609,710756.3278145227,506546.6209095216,GANGESSECU,GANGES SECURITIES LIMITED,EQ,2025-08-20,2026-08-27,252,266637.04000000004,2013.0,0.0119047619047619,0.0465051234235697,0,0,1.0,LOW,FULL,False,False,gap_fade_100,"{""gap_threshold"":0.01}",INTRADAY_SHORT_ALLOWED_RESEARCH,2025-08-20,2026-08-27,98.71791153009427,99.77374909354604,98.81363306744018,90.99927483683828,98.74691805656272,97.79622915155909,5,ROBUST POSITIVE,LOW LIQUIDITY,443,
56,39,INE378D01032,162,162,5277938.590923954,3818583.207504187,52.77938590923954,38.185832075041866,0.4235995263276644,8.929314674132435,17.12738907815536,-0.0760190026764786,0.7592592592592593,0.0233484781876121,0.0237036237980459,6.67276471941566,0.0838725761772853,-0.0598947368421052,0.6428571428571429,324.0,0.0302354738483012,0.0023755231767247,9.828773053607597,3.7513657873543674e-18,0.0186572757960884,0.0280396805791357,13,0,0.678990317715435,0.0823617214772274,0.1979340461321729,-20320.00000000001,3838903.207504187,5277938.590923954,4490987.068824245,3818583.207504187,2753467.109892112,1976568.079543409,MADHUCON,MADHUCON PROJECTS LTD.,BE,2025-08-20,2026-08-27,252,145577.28,26278.5,0.0,0.058156807383564,0,0,1.0,LOW,FULL,False,False,gap_fade_050,"{""gap_threshold"":0.005}",INTRADAY_SHORT_ALLOWED_RESEARCH,2025-08-20,2026-08-27,99.76504713560551,99.78245105148659,99.77955039883973,86.55837563451777,99.76504713560551,97.79042784626542,5,ROBUST POSITIVE,LOW LIQUIDITY,82,
57,43,INE378D01032,140,140,4775742.452347957,3611980.492723156,47.75742452347957,36.11980492723156,0.4007251492426462,9.27830267615616,17.469311254335814,-0.0760190026764783,0.8071428571428572,0.0265574944615794,0.0274645344021182,9.732830681515042,0.0838725761772853,-0.0598947368421052,0.5555555555555556,280.0,0.0288955020343983,0.0024421156486888,10.8747898470075,2.5906058116168683e-20,0.0217289978003973,0.0313859911227615,13,0,0.5950207551207196,0.0823617214772274,0.1704963287544639,-20320.00000000001,3632300.492723156,4775742.452347957,4154534.81434582,3611980.492723156,2724485.028927074,2048031.404650709,MADHUCON,MADHUCON PROJECTS LTD.,BE,2025-08-20,2026-08-27,252,145577.28,26278.5,0.0,0.058156807383564,0,0,1.0,LOW,FULL,False,False,gap_fade_100,"{""gap_threshold"":0.01}",INTRADAY_SHORT_ALLOWED_RESEARCH,2025-08-20,2026-08-27,99.73313995649022,99.84336475707035,99.78245105148659,86.56127628716462,99.73313995649022,97.78926758520667,5,ROBUST POSITIVE,LOW LIQUIDITY,93,
58,118,INE00IK01029,142,142,2033482.1579955025,1515134.530378054,20.334821579955022,15.15134530378054,0.3951958469246176,7.268722067078062,13.099987667274169,-0.060070025619129,0.7394366197183099,0.0202293575588631,0.0188333333333333,6.37416087304183,0.1253311897106108,-0.0600700256191291,0.5634920634920635,284.0,0.0303869167325852,0.0025500134058099,7.933039690212132,5.97537249337202e-13,0.0151881557605117,0.0252705593572145,13,0,0.5557908548526493,0.0597833814885566,0.1261874326383,-23746.86716791957,1538881.3975459738,2033482.1579955025,1756429.672906728,1515134.530378054,1122055.0777116502,824132.6446399835,OSWALSEEDS,SHREEOSWAL S AND CHE LTD,EQ,2025-08-20,2026-08-27,252,510544.375,41040.0,0.0,0.0543031575143274,6,0,1.0,LOW,FULL,False,False,gap_fade_100,"{""gap_threshold"":0.01}",INTRADAY_SHORT_ALLOWED_RESEARCH,2025-08-20,2026-08-27,99.21972443799855,99.23422770123278,99.28063814358231,89.38651196519217,99.2168237853517,97.75924583031183,5,ROBUST POSITIVE,LOW LIQUIDITY,270,
59,52,INE505V01016,192,192,4898166.317617437,3329156.298012223,48.98166317617437,33.29156298012223,0.3987749272998875,9.119715330147056,19.552034056133756,-0.0753654376907657,0.7864583333333334,0.0189412178009117,0.0197054494797475,6.44715904609767,0.1208992628992629,-0.0501502242152467,0.7619047619047619,384.0,0.0272653725454373,0.0019677087723329,9.626027015397533,3.941808512156064e-18,0.0150599870405592,0.0228224485612643,12,1,0.5088061591737982,-0.009276066436493,0.1610736280145418,-37894.21813403418,3367050.516146257,4898166.317617437,4040370.008704954,3329156.298012223,2250942.0677147536,1510546.8925455124,EUROBOND,EURO PANEL PRODUCTS LTD,EQ,2025-08-20,2026-08-27,252,1245981.075,7185.5,0.0,0.0510651253642299,0,0,1.0,OK,FULL,False,False,gap_fade_050,"{""gap_threshold"":0.005}",INTRADAY_SHORT_ALLOWED_RESEARCH,2025-08-20,2026-08-27,99.69253081943438,99.81435823060188,99.65482233502539,86.67440174039159,99.69253081943438,97.75663524292966,5,ROBUST POSITIVE,COMPARABLE,107,8
60,63,INE472B01011,172,172,4210487.093230117,2977161.432469738,42.10487093230117,29.77161432469738,0.4422396188662336,8.01479235196508,17.483331189579793,-0.0728817499220455,0.6453488372093024,0.0206073181106107,0.0174200764677101,6.39333901191234,0.1045168539325842,-0.0464444444444444,0.6825396825396826,344.0,0.031679306474525,0.0024155244732467,8.531198229969517,7.485355965401389e-15,0.015839232335914,0.0253754038853073,12,1,0.5978938837252457,-0.0141995940902026,0.1684331713764283,-73794.23099381059,3050955.6634635488,4210487.093230117,3542287.324254303,2977161.432469738,2095262.942831803,1465070.8851279316,BLUECOAST,BLUE COAST HOTELS LIMITED,BE,2025-08-20,2026-08-27,252,104977.855,3584.0,0.0119047619047619,0.063418361554695,18,0,1.0,LOW,FULL,False,False,gap_fade_050,"{""gap_threshold"":0.005}",INTRADAY_SHORT_ALLOWED_RESEARCH,2025-08-20,2026-08-27,99.64902102973168,99.56490210297318,99.63161711385061,87.13850616388687,99.65192168237853,97.75271936185642,5,ROBUST POSITIVE,LOW LIQUIDITY,122,
61,76,INE060J01017,143,143,3107815.908079345,2325477.4335232144,31.078159080793448,23.254774335232145,0.4332200659848141,7.615595546384802,13.620000226560036,-0.0690886032507852,0.7482517482517482,0.0230715301057236,0.0203880597014926,6.711389675731606,0.1161818181818181,-0.0470261780104712,0.5674603174603174,286.0,0.0329329984096153,0.0027539956785617,8.377475057539993,4.737198441953685e-14,0.0176274011719606,0.0285156590394866,13,0,0.483889182304678,0.0254819141050948,0.1379806371374805,-85706.4622124863,2411183.8957357006,3107815.908079345,2689542.8522099275,2325477.4335232144,1732934.6254193694,1284387.6351822503,FLEXITUFF,FLEXITUFF VENTURES INT L,BE,2025-08-20,2026-08-27,252,197336.825,19380.0,0.0,0.0614380111341222,11,0,1.0,LOW,FULL,False,False,gap_fade_100,"{""gap_threshold"":0.01}",INTRADAY_SHORT_ALLOWED_RESEARCH,2025-08-20,2026-08-27,99.5155910079768,99.37055837563452,99.5736040609137,87.82306018854243,99.5416968817984,97.74952864394488,5,ROBUST POSITIVE,LOW LIQUIDITY,168,
62,61,INE506Z01015,141,141,3617529.01177268,2722966.418837194,36.1752901177268,27.229664188371935,0.444177838738975,7.781352683564419,13.50055459525927,-0.0718113207547169,0.7730496453900709,0.0245127972868891,0.0225464247598718,8.517713348403841,0.1816893203883496,-0.071811320754717,0.5595238095238095,282.0,0.0337207303664494,0.0028397977857871,8.631881259142022,1.2019069352236871e-14,0.0188983645114635,0.0301272300623146,13,0,0.7374709126637491,0.0859718878624407,0.188560919208589,-60585.231193926906,2783551.650031121,3617529.01177268,3139733.172566172,2722966.418837194,2042510.5579676544,1525194.0490765483,DHRUV,DHRUV CONSULTANCY SER LTD,EQ,2025-08-20,2026-08-27,251,449827.14,11115.0,0.0,0.0588328171422306,2,0,0.996031746031746,LOW,FULL,False,True,gap_fade_100,"{""gap_threshold"":0.01}",INTRADAY_SHORT_ALLOWED_RESEARCH,2025-08-20,2026-08-27,99.59390862944163,99.44887599709935,99.66062364031907,87.29804205946337,99.60261058738216,97.73560551124002,5,ROBUST POSITIVE,LOW LIQUIDITY,141,
63,102,INE342A01018,133,133,2524185.230836836,1923614.3477476216,25.24185230836836,19.23614347747622,0.356298771946565,8.664335960757867,13.0034303913067,-0.0705592740607484,0.8421052631578947,0.0232112200191766,0.0219999999999999,9.974214225404868,0.0932380952380952,-0.0417111913357399,0.5277777777777778,266.0,0.0264872585854092,0.0022967365984771,10.106174140546448,3.890575992774453e-18,0.0186680480135664,0.0277543920247867,13,0,0.8705088827990568,0.0191826828125893,0.2264840895746106,-25132.27513227504,1948746.6228798968,2524185.230836836,2204563.6366381235,1923614.3477476216,1459695.7482651274,1101517.3130936257,PREMIER,PREMIER LIMITED,BE,2025-08-20,2026-08-27,252,19611.57,6489.0,0.0,0.0592424352568903,0,0,1.0,LOW,FULL,False,False,gap_fade_050,"{""gap_threshold"":0.005}",INTRADAY_SHORT_ALLOWED_RESEARCH,2025-08-20,2026-08-27,99.39666424945612,99.73313995649022,99.49238578680203,87.5416968817984,99.39376359680928,97.7042784626541,5,ROBUST POSITIVE,LOW LIQUIDITY,209,
64,191,INE471W01019,174,174,1582522.3794518344,1094191.0151418382,15.825223794518344,10.941910151418382,0.3235216786445985,7.861396958649033,17.66290721244323,-0.0547497990569459,0.7183908045977011,0.0146168525319176,0.0149688283815168,5.141010290500674,0.0738262511803587,-0.0321619433198381,0.6904761904761905,348.0,0.0231536995065522,0.0017552774297531,8.327374513084026,2.4289967924521968e-14,0.0111523362527937,0.0180813688110416,13,0,0.4618481082349401,0.060950717506701,0.1129318052233246,-26409.83606557366,1120600.8512074118,1582522.3794518344,1317601.00168793,1094191.0151418382,747018.0650930629,500366.29968338495,PALASHSECU,PALASH SECURITIES LTD,EQ,2025-08-20,2026-08-27,252,156443.425,1615.0,0.0119047619047619,0.0446891166539164,1,0,1.0,LOW,FULL,False,False,gap_fade_050,"{""gap_threshold"":0.005}",INTRADAY_SHORT_ALLOWED_RESEARCH,2025-08-20,2026-08-27,98.8716461203771,99.49238578680203,98.78462654097171,90.32922407541697,98.88905003625815,97.70050761421321,5,ROBUST POSITIVE,LOW LIQUIDITY,390,
65,41,INE278R01034,136,136,4936248.4721109485,3764969.20372553,49.36248472110948,37.6496920372553,0.497923206018181,7.62985177838947,27.684648017322207,-0.0779871852634116,0.4779411764705882,0.0279344136686706,-0.002,12.848831113821046,0.1518461538461538,-0.0436666666666666,0.5396825396825397,272.0,0.0383060243451021,0.0032847144888097,8.504365832658062,3.037877196243308e-14,0.0214382591912697,0.0344305681460715,10,2,1.6604400641564112,-0.0295836182557763,0.4780351880387686,-53741.4965986395,3818710.70032417,4936248.4721109485,4312194.001993234,3764969.20372553,2864561.3020033464,2172738.460426432,DHARAN,DHARAN INFRA-EPC LIMITED,BZ,2025-08-20,2026-08-27,226,5369915.65,18982618.0,0.0,0.0610118445856398,38,0,0.8968253968253969,OK,PARTIAL,False,True,gap_fade_050,"{""gap_threshold"":0.005}",INTRADAY_SHORT_ALLOWED_RESEARCH,2025-08-20,2026-08-27,99.7519941986947,99.37781000725164,99.7955039883974,86.10442349528644,99.76069615663525,97.64046410442351,5,ROBUST POSITIVE,LIMITED SAMPLE,86,
66,40,INE278R01034,136,136,4936248.4721109485,3764969.20372553,49.36248472110948,37.6496920372553,0.497923206018181,7.62985177838947,27.684648017322207,-0.0779871852634116,0.4779411764705882,0.0279344136686706,-0.002,12.848831113821046,0.1518461538461538,-0.0436666666666666,0.5396825396825397,272.0,0.0383060243451021,0.0032847144888097,8.504365832658062,3.037877196243308e-14,0.0214382591912697,0.0344305681460715,10,2,1.6604400641564112,-0.0295836182557763,0.4780351880387686,-53741.4965986395,3818710.70032417,4936248.4721109485,4312194.001993234,3764969.20372553,2864561.3020033464,2172738.460426432,DHARAN,DHARAN INFRA-EPC LIMITED,BZ,2025-08-20,2026-08-27,226,5369915.65,18982618.0,0.0,0.0610118445856398,38,0,0.8968253968253969,OK,PARTIAL,False,True,gap_fade_100,"{""gap_threshold"":0.01}",INTRADAY_SHORT_ALLOWED_RESEARCH,2025-08-20,2026-08-27,99.7519941986947,99.37781000725164,99.7955039883974,86.10442349528644,99.76069615663525,97.64046410442351,5,ROBUST POSITIVE,LIMITED SAMPLE,86,
67,265,INE792B01012,118,118,879395.4071255188,676802.5984149125,8.793954071255188,6.768025984149125,0.2531140532323792,8.255312594080268,10.784560784689477,-0.0435094339622641,0.8983050847457628,0.017707929079559,0.0160517241379311,12.48067825703889,0.0788457711442784,-0.0435094339622641,0.4682539682539682,236.0,0.0194226870901001,0.0017880032746527,9.903745328988832,3.668185147897437e-17,0.0141668822878951,0.0212489758712229,13,0,0.3579786276023502,0.0057806595035196,0.1009075632317069,-9067.734887108498,685870.333302021,879395.4071255188,772286.3647463592,676802.5984149125,515836.10509899934,388001.0016480964,AMBICAAGAR,AMBICA AGAR & AROMAINDLTD,EQ,2025-08-20,2026-08-27,252,121815.97,4983.0,0.0039682539682539,0.046573463872327,0,0,1.0,LOW,FULL,False,False,gap_fade_100,"{""gap_threshold"":0.01}",INTRADAY_SHORT_ALLOWED_RESEARCH,2025-08-20,2026-08-27,98.19579405366208,99.62001450326323,98.42494561276287,92.15953589557651,98.18999274836838,97.6198694706309,5,ROBUST POSITIVE,LOW LIQUIDITY,623,
68,16,INE277C01012,158,158,9684459.262052275,7094257.086138596,96.84459262052276,70.94257086138596,0.5691413670665912,7.848547815127542,16.99788306279786,-0.0822131145351141,0.740506329113924,0.0282717293227164,0.0265004458004685,6.385575943556936,0.1725851329847693,-0.068724625081504,0.626984126984127,316.0,0.0418922708404021,0.0033327701217744,8.482952105818775,1.533853175680209e-14,0.0216888778951878,0.034854580750245,13,0,1.2471828024350755,0.0649594061554958,0.3550997538902664,-31705.298013245003,7125962.384151841,9684459.262052275,8290617.709399691,7094257.086138596,5186572.8743729945,3782403.025897128,REGENCERAM,REGENCY CERAMICS LTD.,EQ,2025-08-20,2026-08-27,252,126622.695,2958.5,0.0119047619047619,0.0708999149788378,1,0,1.0,LOW,FULL,False,False,gap_fade_050,"{""gap_threshold"":0.005}",INTRADAY_SHORT_ALLOWED_RESEARCH,2025-08-20,2026-08-27,99.90717911530095,99.48948513415519,99.91588107324148,85.14575779550398,99.90717911530095,97.61116751269037,5,ROBUST POSITIVE,LOW LIQUIDITY,33,
69,53,INE0KNW01016,176,176,1022147.8510966834,692667.5096757195,10.221478510966834,6.926675096757196,0.2607097687093351,8.099243400654357,14.946767143131725,-0.0410642002569721,0.8125,0.0119974538278704,0.010100408091991,7.196918999494382,0.1258040877367898,-0.0308244159758854,0.6984126984126984,352.0,0.0185256081598707,0.0013964202563508,8.591578196682983,4.619843975940766e-15,0.0092414614078171,0.0147534462479238,9,0,0.4369433729390899,0.0,0.1552857652333719,5402.214022140252,687265.2956535793,1022147.8510966834,843208.8110154972,692667.5096757195,459542.6659054284,294707.47129314445,KNAGRI,KN AGRI RESOURCES LIMITED,EQ,2025-12-09,2026-08-27,177,2412854.27,12561.0,0.0,0.0545326255258495,0,0,0.7023809523809523,OK,PARTIAL,True,True,close_to_open,{},LONG_ONLY,2025-08-20,2026-08-27,98.22189992748368,99.5794053662074,98.02465554749818,92.56272661348804,98.19289340101523,97.5992748368383,5,ROBUST POSITIVE,LIMITED SAMPLE,614,
70,82,INE345B01019,182,182,3185838.9935636595,2198053.6238463395,31.858389935636595,21.980536238463397,0.3902264189100608,8.271990477410407,18.54024855696853,-0.0754882917493721,0.6593406593406593,0.0177359847321867,0.0143747654365115,6.280068915058723,0.1011746031746032,-0.0402231404958677,0.7222222222222222,364.0,0.0273880815937438,0.0020301396766021,8.736337177485185,1.5938977909400437e-15,0.0137302003327402,0.0217417691316332,13,0,0.7119367515966641,0.0442450959269353,0.1569341666581927,-64429.5302013423,2262483.154047682,3185838.9935636595,2648155.989061098,2198053.6238463395,1506083.5895503352,1021680.1366412076,CEREBRAINT,CEREBRA INT TECH LTD,BZ,2025-08-20,2026-08-27,252,359920.955,76284.0,0.0,0.0587902772919711,10,0,1.0,LOW,FULL,False,False,gap_fade_100,"{""gap_threshold"":0.01}",INTRADAY_SHORT_ALLOWED_RESEARCH,2025-08-20,2026-08-27,99.48948513415519,99.62871646120377,99.44597534445249,86.65119651921682,99.49528643944888,97.58404641044235,5,ROBUST POSITIVE,LOW LIQUIDITY,177,
71,79,INE609C01024,158,158,3332502.6258622464,2418873.9498887463,33.325026258622465,24.18873949888746,0.4651118703153857,7.201737403498476,14.455736838137613,-0.0742212783315553,0.7278481012658228,0.0212000857801357,0.0169665132589544,6.9850199683974985,0.2046216216216216,-0.0728376421923475,0.626984126984127,316.0,0.034694477690271,0.0027601444447167,7.680788525656777,1.5940157366346437e-12,0.0157482783844264,0.0266518931758449,13,0,0.8495718509889436,0.1277240755865236,0.2037805928069269,-5904.351767905639,2424778.301656652,3332502.6258622464,2840638.230460224,2418873.9498887463,1747302.1393206564,1253955.317049142,ORIENTLTD,ORIENT PRESS LIMITED,BE,2025-08-20,2026-08-27,252,225175.9,3297.0,0.0039682539682539,0.0508381790178495,0,0,1.0,LOW,FULL,False,False,gap_fade_050,"{""gap_threshold"":0.005}",INTRADAY_SHORT_ALLOWED_RESEARCH,2025-08-20,2026-08-27,99.55039883973895,99.18781725888324,99.55620014503263,86.89485134155184,99.54459753444524,97.57955039883974,5,ROBUST POSITIVE,LOW LIQUIDITY,156,
72,136,INE921B01025,132,132,1800760.5855136523,1367761.0798843894,18.007605855136525,13.677610798843894,0.3568632606199673,7.736715279252211,13.7865805058284,-0.0661668856699603,0.8636363636363636,0.0209162836442595,0.018616133038769,12.263220238645472,0.1850422535211267,-0.052,0.5238095238095238,264.0,0.0275385357734874,0.0023969218779504,8.72631012160684,1.0450827472716712e-14,0.0161746004098194,0.0256579668786997,12,1,0.5915290293000826,-0.0052065485188651,0.160887258014899,10845.233500579036,1356915.8463838105,1800760.5855136523,1570393.9012895438,1367761.0798843894,1032825.0927060863,773874.4227798339,DBSTOCKBRO,DB (INT) STOCK BROKERS,BE,2025-08-20,2026-08-27,252,165465.39500000002,6396.5,0.0,0.0511273179575842,0,0,1.0,LOW,FULL,False,False,gap_fade_100,"{""gap_threshold"":0.01}",INTRADAY_SHORT_ALLOWED_RESEARCH,2025-08-20,2026-08-27,99.11240029006527,99.42567077592457,99.24292965917331,88.31907179115302,99.09499637418419,97.57868020304568,5,ROBUST POSITIVE,LOW LIQUIDITY,307,
73,12,INE393A01011,193,193,12528299.245257156,8562542.108213857,125.28299245257156,85.62542108213857,0.3918986407518542,11.677707151178604,16.081268942800037,-0.0873030503103129,0.8549222797927462,0.0237123189618917,0.0247628205128205,9.28136596170361,0.091623188405797,-0.0873030503103129,0.7658730158730159,386.0,0.0257762690029779,0.0018554164423878,12.780052186761043,1.8289544215261065e-27,0.0200527020810018,0.0273719358427815,12,1,0.891798337051396,-0.0165165932032975,0.2848606657305187,-30014.67710371835,8592556.785317576,12528299.245257156,10360082.287750555,8562542.108213857,5837796.513763043,3967086.984917205,DELTAMAGNT,DELTA MANUFACTURING LTD,EQ,2025-08-20,2026-08-27,252,244416.96,3739.0,0.0,0.0590879080368488,0,0,1.0,LOW,FULL,False,False,gap_fade_050,"{""gap_threshold"":0.005}",INTRADAY_SHORT_ALLOWED_RESEARCH,2025-08-20,2026-08-27,99.92748368382887,99.97969543147208,99.92458303118201,84.15808556925309,99.92748368382887,97.57193618564176,5,ROBUST POSITIVE,LOW LIQUIDITY,26,
74,14,INE393A01011,173,173,11436285.45455384,8135329.43188455,114.36285454553838,81.3532943188455,0.3829629224004711,11.806442862245214,15.452533586437005,-0.0873030503103129,0.8728323699421965,0.0261354327264717,0.0266857142857143,11.948382787905247,0.091623188405797,-0.0873030503103129,0.6865079365079365,346.0,0.0251776715500463,0.0019142229209853,13.65328585294501,3.1750508786297625e-29,0.0223570396609981,0.0299138257919453,12,1,0.8653281829120776,-0.0165165932032975,0.2828608429644428,-30014.67710371835,8165344.108988268,11436285.45455384,9647857.19765614,8135329.43188455,5775029.023336262,4088437.054775584,DELTAMAGNT,DELTA MANUFACTURING LTD,EQ,2025-08-20,2026-08-27,252,244416.96,3739.0,0.0,0.0590879080368488,0,0,1.0,LOW,FULL,False,False,gap_fade_100,"{""gap_threshold"":0.01}",INTRADAY_SHORT_ALLOWED_RESEARCH,2025-08-20,2026-08-27,99.92168237853517,99.98259608411892,99.93038433647571,84.15808556925309,99.92168237853517,97.57106598984772,5,ROBUST POSITIVE,LOW LIQUIDITY,28,
75,59,INE020G01017,169,169,4408101.605551549,3138102.3462409144,44.08101605551549,31.381023462409143,0.3580824458415911,9.953206588434014,13.566060480926408,-0.0816430563301729,0.8224852071005917,0.0210891630719117,0.0190670655696832,10.12256248684085,0.100286401925391,-0.0816430563301728,0.6706349206349206,338.0,0.0247557203006422,0.0019042861769724,11.074576566763872,9.460308561045473e-22,0.0173297495016442,0.0248485766421793,13,0,0.549664305966344,0.0672811676328846,0.1344783372643792,-14628.019323671484,3152730.365564586,4408101.605551549,3721002.520067743,3138102.3462409144,2224370.5769933835,1567389.1820823357,INSPIRISYS,INSPIRISYS SOLUTIONS LTD,BE,2025-08-20,2026-08-27,252,517940.415,5773.0,0.0,0.0506912686790251,4,0,1.0,LOW,FULL,False,False,gap_fade_050,"{""gap_threshold"":0.005}",INTRADAY_SHORT_ALLOWED_RESEARCH,2025-08-20,2026-08-27,99.66642494561276,99.91298042059464,99.67222625090646,85.28208846990573,99.66642494561276,97.55924583031184,5,ROBUST POSITIVE,LOW LIQUIDITY,116,
76,99,INE403Y01018,176,176,2807569.0692331824,1957527.3109666817,28.075690692331825,19.575273109666817,0.4185350799258892,7.472566177571626,12.816407683554182,-0.0720759860089252,0.7272727272727273,0.0177700629680763,0.0151256499444396,4.692021983347908,0.1165567010309278,-0.0720759860089252,0.6984126984126984,352.0,0.0300205019328581,0.0022628804756688,7.852850894753488,3.925298424319765e-13,0.0133040138613931,0.0222361120747595,13,0,0.6021919827441384,0.0818006168390022,0.144850055924558,-40656.63733560417,1998183.9483022855,2807569.0692331824,2346103.0109819523,1957527.3109666817,1355007.566726964,928224.151113398,INNOVANA,INNOVANA THINKLABS LTD,EQ,2025-08-20,2026-08-27,252,2171131.25,5339.0,0.0,0.0563263607099217,0,0,1.0,OK,FULL,False,False,gap_fade_050,"{""gap_threshold"":0.005}",INTRADAY_SHORT_ALLOWED_RESEARCH,2025-08-20,2026-08-27,99.41116751269035,99.29804205946337,99.37055837563452,87.248730964467,99.41696881798404,97.55721537345903,5,ROBUST POSITIVE,COMPARABLE,204,9
77,30,INE370E01029,251,251,1840714.5099051208,1081032.7360484728,18.40714509905121,10.810327360484727,0.2756384466091661,9.13644819186639,21.698265235172254,-0.0588039514824798,0.5298804780876494,0.0100332923790086,0.0108205128205127,5.687356967118862,0.0637894736842106,-0.0397358490566037,0.996031746031746,502.0,0.0173867526014806,0.00109744209301,9.142434432680842,2.1872452460155465e-17,0.0078718819399533,0.0121947028180639,12,1,0.4315640838664636,-0.0024342858550728,0.1262155494827432,-37349.39759036159,1118382.1336388343,1840714.5099051208,1414136.963777942,1081032.7360484728,618016.5110397179,336091.3161468544,VIVIDHA,VISAGAR POLYTEX LTD,EQ,2025-08-20,2026-08-27,252,190161.73,299810.0,0.0,0.056523412882999,0,0,1.0,LOW,FULL,False,False,close_to_open,{},LONG_ONLY,2025-08-20,2026-08-27,98.84844089920232,99.81725888324873,98.22189992748368,89.6301667875272,98.88324873096447,97.54111675126904,5,ROBUST POSITIVE,LOW LIQUIDITY,398,
78,109,INE452L01012,183,183,2651769.7708654883,1820022.289977372,26.51769770865488,18.20022289977372,0.380424757247435,7.998981144309961,14.184861165975166,-0.0735648441352813,0.7540983606557377,0.0166284724592946,0.0171415313225057,4.769226744892346,0.1037382333978078,-0.0432371134020617,0.7261904761904762,366.0,0.0267563043669132,0.0019778829320156,8.407207620902165,1.1869455003469552e-14,0.0127259431393073,0.020531001779282,13,0,0.649648927571185,0.0079415197366725,0.1854059588166859,-16751.140395337003,1836773.4303727087,2651769.7708654883,2198781.19346822,1820022.289977372,1238727.60499525,832757.4388043149,INCREDIBLE,INCREDIBLE INDUSTRIES LTD,EQ,2025-08-20,2026-08-27,252,192861.265,5200.0,0.0039682539682539,0.060529196359646,0,0,1.0,LOW,FULL,False,False,gap_fade_050,"{""gap_threshold"":0.005}",INTRADAY_SHORT_ALLOWED_RESEARCH,2025-08-20,2026-08-27,99.35605511240028,99.55039883973895,99.29804205946337,87.00507614213197,99.35315445975344,97.53009427121103,5,ROBUST POSITIVE,LOW LIQUIDITY,223,
79,357,INE253B01015,166,166,690319.7333598319,469175.3825609151,6.903197333598318,4.691753825609151,0.2041209864400344,8.64897465650373,68.01691607902977,-0.0243975831802352,0.5421686746987951,0.0106351640878337,0.0023012911349114,10.640286641970414,0.0387993338884262,-0.0096196281621456,0.6587301587301587,332.0,0.0145836049758893,0.001131907266873,9.395790979604133,4.590927828191721e-17,0.0084002747310933,0.0128700534445741,13,0,0.3102227161635349,0.0426016532510424,0.0862554533390735,-26251.09745390696,495426.4800148221,690319.7333598319,570748.5008775891,469175.3825609151,309644.26756230445,194634.78905495035,21STCENMGM,21ST CENTURY MGMT SERVICE,EQ,2025-08-20,2026-08-27,252,161961.18,3988.0,0.0,0.0269107019802769,28,0,1.0,LOW,FULL,False,False,gap_fade_100,"{""gap_threshold"":0.01}",INTRADAY_SHORT_ALLOWED_RESEARCH,2025-08-20,2026-08-27,97.52574329224075,99.73023930384336,97.40971718636693,94.65409717186367,97.57795503988397,97.5231327048586,5,ROBUST POSITIVE,LOW LIQUIDITY,854,
80,100,INE975G01012,168,168,2559891.37687395,1812411.9946833916,25.5989137687395,18.124119946833915,0.3443111168852518,8.788784602622458,17.61720654331956,-0.0763595630045982,0.7916666666666666,0.0180123585868621,0.0174489976043374,6.372594041546607,0.0761250000000001,-0.037,0.6666666666666666,336.0,0.0244595210834309,0.0018870930208209,9.54502951795486,1.6708019444950525e-17,0.0142867256426558,0.0217379915310685,13,0,0.5456651791832352,0.0837636639925549,0.1436987428078168,-32522.79635258361,1844934.791035975,2559891.37687395,2155578.118408732,1812411.9946833916,1274095.511570644,886663.7536463543,IL&FSTRANS,IL&FS TRANS NET LTD,BZ,2025-08-20,2026-08-27,252,102631.24,39062.0,0.0,0.0502021428823633,1,0,1.0,LOW,FULL,False,False,gap_fade_100,"{""gap_threshold"":0.01}",INTRADAY_SHORT_ALLOWED_RESEARCH,2025-08-20,2026-08-27,99.3502538071066,99.7447425670776,99.32704858593183,86.49166062364031,99.35605511240028,97.49688179840464,5,ROBUST POSITIVE,LOW LIQUIDITY,225,
81,83,INE697V01011,143,143,2929361.691196756,2190288.211979506,29.29361691196756,21.90288211979506,0.4331040161531039,7.482959684871361,11.934450896185744,-0.077,0.7692307692307693,0.0226636356099968,0.0210072732670327,6.625864815011079,0.1688222811671087,-0.0769999999999999,0.5674603174603174,286.0,0.0330454700923876,0.0027634010331687,8.20135598777311,1.2845752619909465e-13,0.0172009140678477,0.0281263571521459,13,0,0.5306660659806881,0.054843975635425,0.146647619018018,31098.81634322414,2159189.395636282,2929361.691196756,2534209.7756390446,2190288.211979506,1630576.8515969266,1206930.366585728,PANSARI,PANSARI DEVELOPERS LTD,EQ,2025-08-20,2026-08-27,249,252332.0,906.0,0.0963855421686747,0.057432805001269,8,0,0.988095238095238,LOW,FULL,False,True,gap_fade_100,"{""gap_threshold"":0.01}",INTRADAY_SHORT_ALLOWED_RESEARCH,2025-08-20,2026-08-27,99.48658448150834,99.30964467005076,99.53299492385787,86.33937635968093,99.47498187092096,97.48607686729514,5,ROBUST POSITIVE,LOW LIQUIDITY,178,
82,12,INE210A01017,164,164,12869096.674399529,9328110.00053357,128.6909667439953,93.2811000053357,0.4623093044963919,10.145400961601176,16.327244755997373,-0.0899547862945955,0.8353658536585366,0.0285994711121638,0.0277172920892495,11.838007538617784,0.1437044673539519,-0.0899547862945955,0.6507936507936508,328.0,0.0319162104412826,0.0024922373249217,11.475420428935951,1.0173451940043409e-22,0.0236782379290979,0.0335207042952297,13,0,0.8432347802986926,0.0886934732996957,0.2136351569988615,-30427.25173210162,9358537.252265671,12869096.674399529,10958618.452447625,9328110.00053357,6749667.791696808,4873284.165687752,WILLAMAGOR,WILLIAMSON MAGOR,EQ,2025-08-20,2026-08-27,252,82845.125,2824.5,0.0198412698412698,0.0629149460776457,0,0,1.0,LOW,FULL,False,False,gap_fade_100,"{""gap_threshold"":0.01}",INTRADAY_SHORT_ALLOWED_RESEARCH,2025-08-20,2026-08-27,99.93908629441624,99.92748368382887,99.94198694706309,83.55329949238579,99.93908629441624,97.47947788252357,5,ROBUST POSITIVE,LOW LIQUIDITY,22,
83,76,INE908V01012,174,174,3599226.3704382204,2529656.1629627603,35.992263704382204,25.296561629627604,0.3267677643426199,10.231149439241854,11.411448077931512,-0.0820042765004561,0.8390804597701149,0.019213849591473,0.0216060587989743,8.300543829425198,0.0948421052631578,-0.0603941605839417,0.6904761904761905,348.0,0.0223569185818776,0.0016948736237374,11.33644970478914,1.2443483673435891e-22,0.0158685566133014,0.0225591425696446,13,0,0.4022950333607062,0.1490008627351653,0.0712085207480399,-16105.769230769118,2545761.9321935293,3599226.3704382204,3019186.1363306725,2529656.1629627603,1768080.630251683,1226171.564941744,LIBAS,LIBAS CONSU PRODUCTS LTD,EQ,2025-08-20,2026-08-27,252,307816.55,28269.0,0.0,0.057706783927446,0,0,1.0,LOW,FULL,False,False,gap_fade_050,"{""gap_threshold"":0.005}",INTRADAY_SHORT_ALLOWED_RESEARCH,2025-08-20,2026-08-27,99.56200145032632,99.93038433647571,99.5416968817984,85.19361856417694,99.55910079767948,97.47577955039884,5,ROBUST POSITIVE,LOW LIQUIDITY,152,
84,11,INE210A01017,179,179,12442007.596460631,8747234.313848961,124.42007596460633,87.4723431384896,0.4730199532002227,9.789618120681428,16.010327308760125,-0.0899547862945956,0.8156424581005587,0.0258697469569429,0.0232173913043477,8.781571906592054,0.1437044673539519,-0.0899547862945955,0.7103174603174603,358.0,0.0325125361923948,0.0024301010504563,10.64554371189008,8.606898987742924e-21,0.0210742319867399,0.0306652619271458,13,0,0.8497359486868441,0.0424530256437925,0.2229678802079054,-30427.25173210162,8777661.565581063,12442007.596460631,10434750.784137093,8747234.313848961,6136653.945091218,4293374.747503726,WILLAMAGOR,WILLIAMSON MAGOR,EQ,2025-08-20,2026-08-27,252,82845.125,2824.5,0.0198412698412698,0.0629149460776457,0,0,1.0,LOW,FULL,False,False,gap_fade_050,"{""gap_threshold"":0.005}",INTRADAY_SHORT_ALLOWED_RESEARCH,2025-08-20,2026-08-27,99.93328498912255,99.89557650471356,99.93328498912255,83.55039883973893,99.93328498912255,97.46831036983322,5,ROBUST POSITIVE,LOW LIQUIDITY,24,
85,83,INE697V01011,162,162,3069835.94458356,2207218.3753060424,30.6983594458356,22.072183753060425,0.4502872979954826,7.231051004122353,11.583327452516844,-0.077,0.7407407407407407,0.0200990766562578,0.0189557095174294,5.1539750551839765,0.1688222811671087,-0.0769999999999999,0.6428571428571429,324.0,0.0333046670247447,0.0026166617664841,7.681190176621144,1.4487473943827166e-12,0.0149316718264453,0.0252664814860704,13,0,0.5626013606902722,0.054843975635425,0.1532488118722667,31098.81634322414,2176119.5589628182,3069835.94458356,2604559.801083941,2207218.3753060424,1578298.9634446923,1120049.8866097934,PANSARI,PANSARI DEVELOPERS LTD,EQ,2025-08-20,2026-08-27,249,252332.0,906.0,0.0963855421686747,0.057432805001269,8,0,0.988095238095238,LOW,FULL,False,True,gap_fade_050,"{""gap_threshold"":0.005}",INTRADAY_SHORT_ALLOWED_RESEARCH,2025-08-20,2026-08-27,99.49238578680203,99.211022480058,99.49818709209572,86.33937635968093,99.48368382886149,97.46258158085571,5,ROBUST POSITIVE,LOW LIQUIDITY,176,
86,70,INE020G01017,150,150,3190146.0845227847,2353361.577049981,31.901460845227845,23.533615770499807,0.3574651641134505,9.182912490951368,11.961237289781428,-0.0816430563301728,0.82,0.0218838088041159,0.0199924686192468,9.857811866828534,0.100286401925391,-0.0816430563301728,0.5952380952380952,300.0,0.0256719282693546,0.0020961041657749,10.44022962285598,1.7170356118496924e-19,0.0177418793507563,0.0260257382574754,13,0,0.549664305966344,0.0672811676328846,0.1282748111540423,-14628.019323671484,2367989.5963736526,3190146.0845227847,2741316.151995034,2353361.577049981,1728344.075681188,1261768.5705989583,INSPIRISYS,INSPIRISYS SOLUTIONS LTD,BE,2025-08-20,2026-08-27,252,517940.415,5773.0,0.0,0.0506912686790251,4,0,1.0,LOW,FULL,False,False,gap_fade_100,"{""gap_threshold"":0.01}",INTRADAY_SHORT_ALLOWED_RESEARCH,2025-08-20,2026-08-27,99.53299492385787,99.83176214648296,99.56200145032632,85.28498912255257,99.52719361856418,97.46018854242205,5,ROBUST POSITIVE,LOW LIQUIDITY,162,
87,24,INE482J01021,251,251,2260598.642147924,1337108.8896022022,22.605986421479237,13.371088896022025,0.2844433681485346,9.55728380783132,22.61344191269465,-0.0688557848330457,0.7529880478087649,0.0108307011818764,0.0082301790281329,7.30880599873724,0.100102102102102,-0.0292479564032698,0.996031746031746,502.0,0.0179410286748724,0.0011324276885396,9.564143734284071,1.140137840728161e-18,0.0086003866686328,0.0130610156951201,13,0,0.4013424235613618,0.0165668970117052,0.1359676846789741,13855.421686746891,1323253.467915455,2260598.642147924,1742083.0210795784,1337108.8896022022,774037.5119292182,431057.6202060996,SHAH,SHAH METACORP LIMITED,EQ,2025-08-20,2026-08-27,252,10094136.6,2120989.0,0.0,0.0551724187049163,0,0,1.0,OK,FULL,False,False,close_to_open,{},LONG_ONLY,2025-08-20,2026-08-27,99.0891950688905,99.86947063089195,98.59028281363307,87.8781725888325,99.06598984771574,97.45917331399566,5,ROBUST POSITIVE,COMPARABLE,315,10
88,79,INE908V01012,150,150,3078268.247793635,2269829.3426000644,30.782682477936348,22.69829342600064,0.3191065941061333,10.138661189522294,9.83672089305142,-0.0820042765004561,0.8733333333333333,0.0215687576065633,0.0237144956285358,10.441360172455996,0.0948421052631578,-0.0603941605839417,0.5952380952380952,300.0,0.0221616942216258,0.0018094947559523,11.919767954901786,1.998712007779277e-23,0.0179931721238602,0.0251443430892664,13,0,0.4220410667675389,0.1431859170468792,0.0828356251539109,-16105.769230769118,2285935.1118308334,3078268.247793635,2644637.582206827,2269829.3426000644,1666011.5756346013,1215282.3309281964,LIBAS,LIBAS CONSU PRODUCTS LTD,EQ,2025-08-20,2026-08-27,252,307816.55,28269.0,0.0,0.057706783927446,0,0,1.0,LOW,FULL,False,False,gap_fade_100,"{""gap_threshold"":0.01}",INTRADAY_SHORT_ALLOWED_RESEARCH,2025-08-20,2026-08-27,99.50108774474256,99.92458303118201,99.53879622915156,85.19361856417694,99.50108774474256,97.44720812182742,5,ROBUST POSITIVE,LOW LIQUIDITY,173,
89,13,INE644Y01017,198,198,12445556.7247168,8419730.95266849,124.455567247168,84.1973095266849,0.4341955030780491,10.53699695793949,17.98612707962789,-0.0908443210233854,0.8232323232323232,0.0231066499751737,0.0196597257226308,10.651158865394828,0.1520400063002047,-0.0777189661448853,0.7857142857142857,396.0,0.0289515848035898,0.0020574995399185,11.230452073923091,6.127427535165021e-23,0.0190490982704966,0.0271642016798509,13,0,1.123210645833988,0.1082958208846454,0.2900144192904122,-7764.042377625417,8427494.995046115,12445556.7247168,10239487.209638346,8419730.95266849,5681392.430201276,3820201.148378047,SHIVAMILLS,SHIVA MILLS LIMITED,EQ,2025-08-20,2026-08-27,251,155579.8,2458.0,0.0318725099601593,0.0545631290246595,3,0,0.996031746031746,LOW,FULL,False,True,gap_fade_050,"{""gap_threshold"":0.005}",INTRADAY_SHORT_ALLOWED_RESEARCH,2025-08-20,2026-08-27,99.92458303118201,99.94778825235679,99.92168237853517,83.31979695431471,99.92458303118201,97.43792603335751,5,ROBUST POSITIVE,LOW LIQUIDITY,27,
90,296,INE453B01029,117,117,802387.6075063699,617036.2988610881,8.023876075063699,6.170362988610881,0.2744955021193875,7.335656919905201,10.968450488740029,-0.0442664971189696,0.8632478632478633,0.017210297688931,0.0147130919220056,11.981852324061505,0.1535555555555555,-0.0401736526946108,0.4642857142857143,234.0,0.022066463680801,0.0020400452889562,8.436233147420376,1.0514633144069465e-13,0.0131697309435019,0.0212508644343602,13,0,0.66431300748407,0.0224514678411205,0.1563349348180689,-32884.902840059774,649921.201701148,802387.6075063699,704436.3191397017,617036.2988610881,469498.34954077017,352112.3078499983,COMPUSOFT,COMPUCOM SOFTWARE LTD,EQ,2025-08-20,2026-08-27,252,374003.19,24043.5,0.0,0.0437638987624844,0,0,1.0,LOW,FULL,False,False,gap_fade_100,"{""gap_threshold"":0.01}",INTRADAY_SHORT_ALLOWED_RESEARCH,2025-08-20,2026-08-27,98.01595358955765,99.24002900652647,98.29151559100796,92.03190717911531,98.09717186366933,97.43451776649746,5,ROBUST POSITIVE,LOW LIQUIDITY,685,
91,15,INE696V01013,251,251,3279817.877935993,1958987.3925394008,32.79817877935993,19.58987392539401,0.3420789635684825,9.062693057095938,17.573067456116128,-0.0777920509783387,0.6772908366533864,0.0123512217056201,0.0135013192612136,4.776535202372151,0.1166391392846757,-0.0517737556561086,0.996031746031746,502.0,0.021577925089745,0.001361986554711,9.068534239855463,3.6468633301417565e-17,0.0096687913742565,0.0150336520369838,13,0,0.5908363118968569,0.0256292420865189,0.1588107875219274,-35003.70278943474,1993991.0953288355,3279817.877935993,2538314.967732769,1958987.3925394008,1153106.6889880635,661894.2409489992,JAIPURKURT,NANDANI CREATION LIMITED,EQ,2025-08-20,2026-08-27,252,500360.18,15112.5,0.0,0.0598731852621406,0,0,1.0,LOW,FULL,False,False,close_to_open,{},LONG_ONLY,2025-08-20,2026-08-27,99.4140681653372,99.80275562001451,99.06598984771574,86.14068165337201,99.4140681653372,97.43118201595361,5,ROBUST POSITIVE,LOW LIQUIDITY,203,
92,147,INE921B01025,161,161,1940998.4317936052,1387357.6858592024,19.40998431793605,13.873576858592024,0.3655156536707428,7.598744234803561,16.31631990597338,-0.0705979313106426,0.782608695652174,0.0172513041370249,0.0141160354552778,8.158354161469344,0.1850422535211267,-0.052,0.6388888888888888,322.0,0.0268989960986661,0.0021199378742743,8.137646082166345,1.063252096827081e-13,0.0130646355220305,0.0214379727520192,12,1,0.6296262071929404,-0.0160965256187017,0.170254235023449,10845.233500579036,1376512.4523586233,1940998.4317936052,1642460.056460033,1387357.6858592024,983221.7255510306,688401.4610420315,DBSTOCKBRO,DB (INT) STOCK BROKERS,BE,2025-08-20,2026-08-27,252,165465.39500000002,6396.5,0.0,0.0511273179575842,0,0,1.0,LOW,FULL,False,False,gap_fade_050,"{""gap_threshold"":0.005}",INTRADAY_SHORT_ALLOWED_RESEARCH,2025-08-20,2026-08-27,99.13560551124003,99.35895576504714,99.11240029006527,87.52429296591733,99.11820159535895,97.43045685279188,5,ROBUST POSITIVE,LOW LIQUIDITY,299,
93,15,INE644Y01017,171,171,10458422.781636717,7465970.745808339,104.58422781636718,74.65970745808339,0.428015875035995,10.400524418460895,15.15687160959927,-0.0908443210233854,0.8596491228070176,0.026032687484215,0.0240569456427955,14.152592226000763,0.1520400063002047,-0.0777189661448853,0.6785714285714286,342.0,0.0292274320531865,0.0022350775912112,11.647330538581937,2.0053961531006157e-23,0.021620606976324,0.030444767992106,13,0,1.1153358327633769,0.0985773903467714,0.2957309217896537,-7764.042377625417,7473734.788185964,10458422.781636717,8838551.360757872,7465970.745808339,5318105.022218629,3777450.1510421126,SHIVAMILLS,SHIVA MILLS LIMITED,EQ,2025-08-20,2026-08-27,251,155579.8,2458.0,0.0318725099601593,0.0545631290246595,3,0,0.996031746031746,LOW,FULL,False,True,gap_fade_100,"{""gap_threshold"":0.01}",INTRADAY_SHORT_ALLOWED_RESEARCH,2025-08-20,2026-08-27,99.91588107324148,99.93908629441624,99.91007976794779,83.31979695431471,99.91588107324148,97.42994923857867,5,ROBUST POSITIVE,LOW LIQUIDITY,30,
94,399,INE253B01015,177,177,697542.4473802289,461875.6157257381,6.975424473802289,4.618756157257381,0.2089057083886651,8.393397535870093,36.26848958548008,-0.027003164741861,0.536723163841808,0.0099063765989752,0.0019632874426366,7.874529327066397,0.0387993338884262,-0.0152450331125828,0.7023809523809523,354.0,0.0147514895466478,0.0011087898524863,8.934404095385206,5.402468430610327e-16,0.0077181416963587,0.0120946115015917,13,0,0.3102227161635349,0.0343208506288417,0.0905048280566236,-26251.09745390696,488126.713179645,697542.4473802289,569475.4097604986,461875.6157257381,295571.40944631153,178295.8542554996,21STCENMGM,21ST CENTURY MGMT SERVICE,EQ,2025-08-20,2026-08-27,252,161961.18,3988.0,0.0,0.0269107019802769,28,0,1.0,LOW,FULL,False,False,gap_fade_050,"{""gap_threshold"":0.005}",INTRADAY_SHORT_ALLOWED_RESEARCH,2025-08-20,2026-08-27,97.49383611312545,99.66642494561276,97.25598259608412,94.39883973894126,97.54604786076867,97.42697606961566,5,ROBUST POSITIVE,LOW LIQUIDITY,865,
95,316,INE0B9A01018,74,74,676707.9396779962,572444.6007929991,6.7670793967799625,5.724446007929991,0.2976870253788838,6.5698494665131495,13.14636188185746,-0.0394993273127844,0.7972972972972973,0.0264291749307208,0.0247930125247198,12.14344830516079,0.0802434050099756,-0.0312164674634793,0.2936507936507936,148.0,0.0266266311865795,0.0030952830031424,8.538532633006206,1.3689260503682925e-12,0.0202602848016423,0.0325980650597994,7,0,0.62604982021886,0.0,0.2267105249992292,-13612.004287245463,586056.6050802446,676707.9396779962,622723.839690423,572444.6007929991,482013.44365923817,403601.22999015695,BONLON,BONLON INDUSTRIES LIMITED,EQ,2026-02-20,2026-08-27,127,317709.1,7807.0,0.0,0.0615221563302352,0,0,0.503968253968254,LOW,PARTIAL,True,True,gap_fade_100,"{""gap_threshold"":0.01}",INTRADAY_SHORT_ALLOWED_RESEARCH,2025-08-20,2026-08-27,97.86221899927484,98.84263959390863,98.50906453952139,92.74256707759247,97.87672226250906,97.4226250906454,5,ROBUST POSITIVE,LIMITED SAMPLE,738,
96,121,INE452L01012,156,156,2055019.88896891,1486412.6198933627,20.5501988896891,14.864126198933628,0.3625695002090929,7.841947311356433,13.541252163146218,-0.0744885897837444,0.7628205128205128,0.0182259674188752,0.0184307919051376,5.739369770959203,0.1037382333978078,-0.0407984981226532,0.6190476190476191,312.0,0.0267839210727782,0.0021444299165225,8.49921337062424,1.4887506852230942e-14,0.0139898881583446,0.0224620466794058,12,1,0.5695971820259165,-0.0174491991700866,0.1806983924987109,-16751.140395337003,1503163.7602886998,2055019.88896891,1749125.533386235,1486412.6198933627,1067129.657051965,758141.874612798,INCREDIBLE,INCREDIBLE INDUSTRIES LTD,EQ,2025-08-20,2026-08-27,252,192861.265,5200.0,0.0039682539682539,0.060529196359646,0,0,1.0,LOW,FULL,False,False,gap_fade_100,"{""gap_threshold"":0.01}",INTRADAY_SHORT_ALLOWED_RESEARCH,2025-08-20,2026-08-27,99.20522117476432,99.48368382886149,99.2226250906454,86.83973894126179,99.19651921682379,97.40783176214647,5,ROBUST POSITIVE,LOW LIQUIDITY,275,
97,269,INE844K01012,115,115,867726.1291618838,672148.2929614421,8.677261291618839,6.721482929614422,0.2634509831434477,7.918661661868539,10.267471257547976,-0.0521425008906306,0.808695652173913,0.0181406886956486,0.0207777777777776,9.763571649054114,0.0734700854700854,-0.0521425008906305,0.4563492063492063,230.0,0.020638212325789,0.0019245232227282,9.42606900317458,6.048102337946307e-16,0.014328223014222,0.0219531543770752,12,0,0.3714136907441054,0.0,0.1029980600982627,-23739.661992089168,695887.9549535313,867726.1291618838,764471.4677538929,672148.2929614421,515823.14420830505,390927.7476505134,BEDMUTHA,BEDMUTHA INDUST LTD,EQ,2025-08-20,2026-08-27,252,669599.55,5902.5,0.0,0.0456908750092884,1,0,1.0,LOW,FULL,False,False,gap_fade_100,"{""gap_threshold"":0.01}",INTRADAY_SHORT_ALLOWED_RESEARCH,2025-08-20,2026-08-27,98.17548948513416,99.5155910079768,98.4394488759971,90.82523567802755,98.20449601160261,97.39956490210298,5,ROBUST POSITIVE,LOW LIQUIDITY,630,
98,376,INE730A01022,99,99,561043.5206390343,444213.5262523707,5.610435206390344,4.442135262523707,0.2212386171236458,7.791039194634405,18.346350581221557,-0.0297726100487125,0.8787878787878788,0.0174108963371418,0.0139817351598172,14.313290268356502,0.0656065907932732,-0.0229677419354839,0.3928571428571428,198.0,0.0176506505558062,0.0017739571272511,9.814722165310256,3.055313493110603e-16,0.0138905361525636,0.0209312565217199,12,0,0.2915043636725942,0.0,0.0864803835398768,4272.539055147819,439940.9871972229,561043.5206390343,499819.3031616431,444213.5262523707,347860.0442555714,268424.3763190265,ORICONENT,ORICON ENTERPRISES LTD,EQ,2025-08-20,2026-08-27,252,6424374.625,105573.0,0.0,0.0403981292075244,0,0,1.0,OK,FULL,False,False,gap_fade_100,"{""gap_threshold"":0.01}",INTRADAY_SHORT_ALLOWED_RESEARCH,2025-08-20,2026-08-27,97.41551849166062,99.45467730239304,97.88832487309645,94.00725163161712,97.37490935460478,97.39854967367658,5,ROBUST POSITIVE,COMPARABLE,892,11
99,295,INE127B01011,122,122,813414.5905058181,618586.0062188661,8.134145905058181,6.185860062188661,0.2715238724489391,7.423612867051978,13.92885965981093,-0.0457787040030791,0.7622950819672131,0.0165220337149485,0.017383814978988,7.196632060798087,0.0874964028776978,-0.0402602001539647,0.4841269841269841,244.0,0.0215614432756222,0.0019520813527119,8.463803873745093,7.088924978186072e-14,0.0126573737914425,0.0203866936384545,13,0,0.4485552676172608,0.0407147447964231,0.1160650856352194,-16846.47302904565,635432.4792479117,813414.5905058181,710212.560011476,618586.0062188661,465046.5026153671,344102.7270992273,HITECHGEAR,THE HI-TECH GEARS LIMITED,BE,2025-08-20,2026-08-27,252,1240617.5,1946.5,0.0,0.0430487543546135,0,0,1.0,OK,FULL,False,False,gap_fade_100,"{""gap_threshold"":0.01}",INTRADAY_SHORT_ALLOWED_RESEARCH,2025-08-20,2026-08-27,98.02465554749818,99.27193618564178,98.26250906453951,91.82886149383611,98.0449601160261,97.39637418419144,5,ROBUST POSITIVE,COMPARABLE,682,12
100,72,INE546Y01022,176,176,3342924.000680867,2337181.095883874,33.42924000680867,23.371810958838743,0.4215451125639354,7.827747821867409,18.021110494394463,-0.0813851855288784,0.6079545454545454,0.0187485729357454,0.011580578096707,5.870761070946226,0.1039602649006622,-0.0432698412698413,0.6984126984126984,352.0,0.0300796322376108,0.0022673375900916,8.268981653935079,3.280459821119225e-14,0.014273727212493,0.0232234186589978,13,0,0.6051461695159439,0.0270048735813084,0.1865771780162891,-56354.07537248026,2393535.1712563545,3342924.000680867,2796973.114610584,2337181.095883874,1624061.7418903206,1118768.7541544607,PRAXIS,PRAXIS HOME RETAIL LTD,EQ,2025-08-20,2026-08-27,252,918939.865,104191.5,0.0,0.0518297052051982,25,0,1.0,LOW,FULL,False,False,gap_fade_100,"{""gap_threshold"":0.01}",INTRADAY_SHORT_ALLOWED_RESEARCH,2025-08-20,2026-08-27,99.52719361856418,99.48078317621464,99.49528643944888,85.34300217548947,99.53589557650471,97.38564176939812,5,ROBUST POSITIVE,LOW LIQUIDITY,164,
101,33,INE023M01027,152,152,5794634.116546203,4282597.930714183,57.94634116546204,42.82597930714183,0.4626710840358712,8.453565943620507,26.954741446631875,-0.0888718158700579,0.5921052631578947,0.0257317139414712,0.0207272727272727,10.874979565382567,0.1142790697674418,-0.0305714285714286,0.6031746031746031,304.0,0.0338752685047933,0.0027476470990168,9.364999584800463,1.0205994359359993e-16,0.0203029157602279,0.0311605121227144,9,2,0.988357908061256,-0.0673318111067803,0.3379055229840421,10740.740740740655,4271857.189973442,5794634.116546203,4983064.857337807,4282597.930714183,3156526.638448824,2318381.894018896,SETUINFRA,SETUBANDHAN INFRA LTD,BZ,2025-08-20,2026-08-27,213,21853.51,48072.0,0.0046948356807511,0.0654934832924984,12,0,0.8452380952380952,LOW,PARTIAL,False,True,gap_fade_050,"{""gap_threshold"":0.005}",INTRADAY_SHORT_ALLOWED_RESEARCH,2025-08-20,2026-08-27,99.81290790427846,99.67657722987671,99.8158085569253,83.76359680928209,99.81000725163162,97.37824510514866,5,ROBUST POSITIVE,LIMITED SAMPLE,65,
102,31,INE023M01027,152,152,5794634.116546203,4282597.930714183,57.94634116546204,42.82597930714183,0.4626710840358712,8.453565943620507,26.954741446631875,-0.0888718158700579,0.5921052631578947,0.0257317139414712,0.0207272727272727,10.874979565382567,0.1142790697674418,-0.0305714285714286,0.6031746031746031,304.0,0.0338752685047933,0.0027476470990168,9.364999584800463,1.0205994359359993e-16,0.0203029157602279,0.0311605121227144,9,2,0.988357908061256,-0.0673318111067803,0.3379055229840421,10740.740740740655,4271857.189973442,5794634.116546203,4983064.857337807,4282597.930714183,3156526.638448824,2318381.894018896,SETUINFRA,SETUBANDHAN INFRA LTD,BZ,2025-08-20,2026-08-27,213,21853.51,48072.0,0.0046948356807511,0.0654934832924984,12,0,0.8452380952380952,LOW,PARTIAL,False,True,gap_fade_100,"{""gap_threshold"":0.01}",INTRADAY_SHORT_ALLOWED_RESEARCH,2025-08-20,2026-08-27,99.81290790427846,99.67657722987671,99.8158085569253,83.76359680928209,99.81000725163162,97.37824510514866,5,ROBUST POSITIVE,LIMITED SAMPLE,65,
103,40,INE296Q01012,164,164,5239885.531668502,3775105.761236729,52.39885531668502,37.75105761236729,0.4849866513119771,7.823915106638978,16.813735522622384,-0.0871661180375829,0.7621951219512195,0.0231371609007196,0.0184007128312897,7.931321745410859,0.2240336210813265,-0.0600029368575625,0.6507936507936508,328.0,0.0353441024243626,0.0027599107180944,8.383300499189488,2.296739644504817e-14,0.017687373245119,0.0285869485563202,11,0,0.7772064118308806,0.0,0.2391333026310847,-29673.9437703266,3804779.705007056,5239885.531668502,4449271.1251722565,3775105.761236729,2710360.955554627,1936884.965967865,MONEYBOXX,MONEYBOXX FINANCE LIMITED,EQ,2025-10-15,2026-08-27,214,2316244.7,30932.5,0.0,0.0645074156571893,0,1,0.8492063492063492,OK,PARTIAL,True,True,gap_fade_050,"{""gap_threshold"":0.005}",INTRADAY_SHORT_ALLOWED_RESEARCH,2025-08-20,2026-08-27,99.75924583031181,99.47208121827411,99.76504713560551,84.19289340101523,99.75344452501812,97.36686004350979,5,ROBUST POSITIVE,LIMITED SAMPLE,84,
104,207,INE105C01023,117,117,1146116.1095154048,890771.9363772915,11.461161095154049,8.907719363772914,0.3158767558590121,7.446344223803172,8.93478192345883,-0.0618544973544971,0.8205128205128205,0.0201036500549097,0.0178222829801776,9.799085547087984,0.0980286615075953,-0.0618544973544972,0.4642857142857143,234.0,0.0252658643418123,0.0023358299847005,8.606640974123378,4.254282611291588e-14,0.0154772444499703,0.0247300556598491,13,0,0.446894661359833,0.0189549196776361,0.1145865388811424,-34972.45460110192,925744.3909783934,1146116.1095154048,1011195.6043108886,890771.9363772915,687396.0099788381,525484.1063830956,3PLAND,3P LAND HOLDINGS LIMITED,EQ,2025-08-20,2026-08-27,252,132589.84999999998,3841.5,0.0,0.0523146244298501,0,0,1.0,LOW,FULL,False,False,gap_fade_100,"{""gap_threshold"":0.01}",INTRADAY_SHORT_ALLOWED_RESEARCH,2025-08-20,2026-08-27,98.58158085569254,99.286439448876,98.86294416243655,89.08484408992024,98.62799129804206,97.3635968092821,5,ROBUST POSITIVE,LOW LIQUIDITY,490,
105,52,INE646X01014,150,150,4172035.452914213,3087026.712700549,41.72035452914213,30.87026712700549,0.4204899685512577,8.493029202869328,14.537705007911702,-0.0874106533735217,0.7866666666666666,0.0238082238827962,0.0253210570401793,7.231278735627431,0.103121293800539,-0.067174456879526,0.5952380952380952,300.0,0.0308378970574061,0.0025179037510373,9.455573459862284,6.530021501923537e-17,0.0188328128906187,0.0287836348749737,13,0,0.5965429211220024,0.0796544599285107,0.1359893288567037,-78581.36300417248,3165608.075704722,4172035.452914213,3590127.518938842,3087026.712700549,2276223.487911068,1670674.0028858548,ASTRON,ASTRON PAPER BORD MIL LTD,BZ,2025-08-20,2026-08-27,252,261413.95,49273.0,0.0,0.058844467778128,0,0,1.0,LOW,FULL,False,False,gap_fade_100,"{""gap_threshold"":0.01}",INTRADAY_SHORT_ALLOWED_RESEARCH,2025-08-20,2026-08-27,99.66062364031907,99.68963016678752,99.7070340826686,84.1276287164612,99.6751269035533,97.34865844815084,5,ROBUST POSITIVE,LOW LIQUIDITY,118,
106,70,INE345B01019,202,202,4153728.253101348,2759632.5034674974,41.53728253101348,27.59632503467497,0.4081085709645496,8.469684810754684,18.48965431571101,-0.0852956761061709,0.6584158415841584,0.0171116384387982,0.0143747654365115,5.463145658010648,0.1011746031746032,-0.0427166123778501,0.8015873015873016,404.0,0.0276937873226039,0.0019485280764467,8.781828009377556,7.05847633065234e-16,0.0132694596431794,0.020953817234417,13,0,0.7945366306372645,0.0562499313547937,0.1817231011990698,-64429.5302013423,2824062.03366884,4153728.253101348,3388047.517798994,2759632.5034674974,1820926.566140802,1189347.5882120214,CEREBRAINT,CEREBRA INT TECH LTD,BZ,2025-08-20,2026-08-27,252,359920.955,76284.0,0.0,0.0587902772919711,10,0,1.0,LOW,FULL,False,False,gap_fade_050,"{""gap_threshold"":0.005}",INTRADAY_SHORT_ALLOWED_RESEARCH,2025-08-20,2026-08-27,99.60261058738216,99.68382886149384,99.52139231327048,84.5482233502538,99.61421319796955,97.3467730239304,5,ROBUST POSITIVE,LOW LIQUIDITY,138,
107,418,INE750M01017,143,143,600325.2630002894,428005.7690669565,6.003252630002894,4.280057690669564,0.1872120183004939,9.009348559760609,15.583387308739583,-0.0310683229813666,0.8391608391608392,0.0117948134786393,0.0109510309278351,9.18627343830562,0.0536291390728476,-0.0310683229813665,0.5674603174603174,286.0,0.0136103710284147,0.0011381564025743,10.363086700528024,4.342135392549976e-19,0.0095448933895712,0.0140447335677075,13,0,0.3043577789537999,0.0159511476698539,0.0846635740263347,-11256.135653725984,439261.9047206825,600325.2630002894,508134.3279386483,428005.7690669565,297864.09888696345,199631.23491742255,HEXATRADEX,HEXA TRADEX LIMITED,EQ,2025-08-20,2026-08-27,252,403539.435,2444.0,0.0039682539682539,0.0317842801083787,0,0,1.0,LOW,FULL,False,False,gap_fade_050,"{""gap_threshold"":0.005}",INTRADAY_SHORT_ALLOWED_RESEARCH,2025-08-20,2026-08-27,97.33430021754896,99.79405366207396,97.45612762871646,93.86221899927484,97.3691080493111,97.33676577229878,5,ROBUST POSITIVE,LOW LIQUIDITY,920,
108,133,INE797H01018,140,140,1846458.7152522416,1379259.5867502673,18.464587152522416,13.792595867502673,0.3240955239082313,8.515074941581968,11.509197519489328,-0.0773242247616623,0.8357142857142857,0.0197121262450704,0.0188135919455137,9.048016304589275,0.097273607748184,-0.0662615558060879,0.5555555555555556,280.0,0.0240568170365764,0.0020331721273688,9.695256972945296,2.696967580350965e-17,0.015692183604811,0.0237320688853297,13,0,0.4097258504114731,0.0499469809214423,0.1178024868710652,-21324.161650902883,1400583.74840117,1846458.7152522416,1596969.4441992925,1379259.5867502673,1023593.7266827353,752980.3237199318,TGBHOTELS,TGB BANQUETS&HOTELS LTD,EQ,2025-08-20,2026-08-27,252,165120.92,16699.0,0.0,0.0578874068867727,0,0,1.0,LOW,FULL,False,False,gap_fade_100,"{""gap_threshold"":0.01}",INTRADAY_SHORT_ALLOWED_RESEARCH,2025-08-20,2026-08-27,99.1211022480058,99.69543147208122,99.2168237853517,86.2480058013053,99.13560551124003,97.32704858593183,5,ROBUST POSITIVE,LOW LIQUIDITY,304,
109,346,INE099F01013,162,162,829917.0465798689,575305.9413934487,8.299170465798689,5.753059413934487,0.2311141030914577,8.409130117296215,13.58492044535297,-0.0449999999999999,0.7839506172839507,0.0119967195360387,0.0114835519460163,6.325023302525206,0.0715372735372734,-0.0449999999999999,0.6428571428571429,324.0,0.0166950908415783,0.0013116902162894,9.146000623512313,2.4980185707508707e-16,0.0094063830830475,0.0145870559890299,12,1,0.2945329293524041,-0.005426497246369,0.0836544628725248,11608.581361824792,563697.360031624,829917.0465798689,692513.5542027496,575305.9413934487,390096.85843448027,255457.07408662967,SREEL,SREELEATHERS LIMITED,EQ,2025-08-20,2026-08-27,252,1186314.8450000002,6036.5,0.0,0.0339761604386485,0,0,1.0,OK,FULL,False,False,gap_fade_050,"{""gap_threshold"":0.005}",INTRADAY_SHORT_ALLOWED_RESEARCH,2025-08-20,2026-08-27,97.87092095721536,99.6693255982596,97.83031182015954,91.93038433647571,97.81000725163162,97.31921682378534,5,ROBUST POSITIVE,COMPARABLE,735,13
110,220,INE210C01013,120,120,1079837.641809564,832321.1793171323,10.79837641809564,8.323211793171323,0.3822011607265425,6.04858438388334,9.25705273000942,-0.0551225573757551,0.8166666666666667,0.0192647997689387,0.0171488247180914,5.805949272677066,0.1772490916431166,-0.0503284883720931,0.4761904761904761,240.0,0.0320411663426661,0.0029249449291089,6.586380337358253,1.2847475182224266e-09,0.0134731166762573,0.0250564828616202,12,1,0.5919456764966387,-0.0180375909673443,0.148650672820756,-28956.135480288824,861277.3147974212,1079837.641809564,948863.5711084106,832321.1793171323,636389.578654099,481363.4235898218,AROGRANITE,ARO GRANITE IND. LTD.,EQ,2025-08-20,2026-08-27,252,292151.66000000003,9467.5,0.0,0.0577384820315246,0,0,1.0,LOW,FULL,False,False,gap_fade_100,"{""gap_threshold"":0.01}",INTRADAY_SHORT_ALLOWED_RESEARCH,2025-08-20,2026-08-27,98.50616388687455,98.48295866569978,98.73241479332849,90.2741116751269,98.53226976069615,97.31718636693255,5,ROBUST POSITIVE,LOW LIQUIDITY,516,
111,466,INE124Y01010,122,122,500781.3796904442,372258.645712352,5.0078137969044425,3.72258645712352,0.1990214068144485,7.920448772196929,22.16777160383893,-0.0155881098161098,0.8770491803278688,0.012920810305282,0.0102203626818334,19.35498249118177,0.0787897545357525,-0.0144692874692875,0.4841269841269841,244.0,0.0154666415794788,0.0014002839341703,9.22727883251576,1.1172078982217873e-15,0.0101485789152329,0.0156930416953311,9,0,0.5273928695042254,0.0,0.1470802351713531,46196.95756605311,326061.68814629887,500781.3796904442,432689.3050873605,372258.645712352,271053.61593871855,191397.55072802363,PASHUPATI,PASHUPATI COTSPIN LIMITED,EQ,2025-08-20,2026-04-16,160,1217881.15,1433.5,0.025,0.0326348450806573,0,0,0.6349206349206349,OK,PARTIAL,False,True,gap_fade_050,"{""gap_threshold"":0.005}",INTRADAY_SHORT_ALLOWED_RESEARCH,2025-08-20,2026-08-27,97.0442349528644,99.52139231327048,97.37490935460478,95.56780275562001,96.69325598259609,97.31414068165337,5,ROBUST POSITIVE,LIMITED SAMPLE,1020,
112,299,INE127B01011,154,154,992248.9080020807,706232.1277826015,9.922489080020808,7.062321277826015,0.2886555200422523,7.401737228140016,12.4458469957383,-0.053061790007972,0.7272727272727273,0.0138737162909406,0.0151900947543225,5.259051191625074,0.0874964028776978,-0.0431693057247259,0.6111111111111112,308.0,0.0216121414679054,0.0017415559896603,7.966276349028805,3.475925489832429e-13,0.0104331151447435,0.0173143174371376,13,0,0.4658859700168309,0.0196220731321665,0.1266654166595332,-16846.47302904565,723078.6008116471,992248.9080020807,838476.4332443228,706232.1277826015,494754.8283339025,338484.4679470261,HITECHGEAR,THE HI-TECH GEARS LIMITED,BE,2025-08-20,2026-08-27,252,1240617.5,1946.5,0.0,0.0430487543546135,0,0,1.0,OK,FULL,False,False,gap_fade_050,"{""gap_threshold"":0.005}",INTRADAY_SHORT_ALLOWED_RESEARCH,2025-08-20,2026-08-27,98.2422044960116,99.26033357505439,98.2422044960116,90.65989847715737,98.26831036983322,97.31370558375636,5,ROBUST POSITIVE,COMPARABLE,607,14
113,272,INE559N01010,164,164,1098339.3463332732,767151.5500728415,10.983393463332732,7.671515500728415,0.3226585647851348,6.881119406775743,10.264288350857669,-0.0542807017543857,0.7134146341463414,0.0135381226335695,0.0132928407431068,4.409085235878002,0.1035403412681692,-0.0542807017543858,0.6507936507936508,328.0,0.0239117703359173,0.0018671955633882,7.250511354580698,1.5836075387912368e-11,0.0098511123019557,0.0172251329651832,12,1,0.5250887594813431,-0.0083433479959663,0.1332362252170893,-14834.901922059056,781986.4519949005,1098339.3463332732,919464.4079894936,767151.5500728415,527093.6350047711,353201.0231328308,SRGHFL,SRG HOUSING FINANCE L,EQ,2025-08-20,2026-08-27,251,530511.3,1856.0,0.0358565737051792,0.0470731696784921,0,0,0.996031746031746,LOW,FULL,False,True,gap_fade_050,"{""gap_threshold"":0.005}",INTRADAY_SHORT_ALLOWED_RESEARCH,2025-08-20,2026-08-27,98.39013778100073,99.01957940536622,98.29441624365482,90.45975344452502,98.39593908629442,97.30848440899203,5,ROBUST POSITIVE,LOW LIQUIDITY,556,
114,113,INE645H01027,148,148,2130035.134228229,1568253.4757770614,21.30035134228229,15.682534757770616,0.3600091815933677,8.03678438683269,8.52398129883099,-0.0799871238897573,0.831081081081081,0.0195494335793648,0.0176432173036129,7.235185359425502,0.1209437229437229,-0.0657623762376238,0.5873015873015873,296.0,0.0268212736106105,0.0022046951099121,8.867182356178,2.3160803273774866e-15,0.0151924416672214,0.0239064254915081,13,0,0.3985506501914573,0.0678441268092313,0.1081819833931711,-1601.830663615663,1569855.306440677,2130035.134228229,1828935.8850185096,1568253.4757770614,1147281.6096222764,832004.8448841791,SUTLEJTEX,SUTLEJ TEXT & INDUS LTD,BE,2025-08-20,2026-08-27,252,1214132.75,34370.0,0.0,0.0466174186445119,0,0,1.0,OK,FULL,False,False,gap_fade_100,"{""gap_threshold"":0.01}",INTRADAY_SHORT_ALLOWED_RESEARCH,2025-08-20,2026-08-27,99.2545322697607,99.57070340826687,99.29514140681654,85.6620739666425,99.23712835387963,97.28353879622915,5,ROBUST POSITIVE,COMPARABLE,258,15
115,134,INE03JI01017,148,148,1877009.1316212183,1378544.9197306158,18.770091316212184,13.78544919730616,0.427730747413404,6.538580721307098,9.796354870518323,-0.0729677419354838,0.7567567567567568,0.018896973100997,0.0173027280727484,4.655867974060018,0.1171910499139416,-0.0729677419354838,0.5873015873015873,296.0,0.0330343476071536,0.0027154066464546,6.959168758635098,1.051969033663194e-10,0.0135306960391068,0.0242632501628872,13,0,0.3455535978021546,0.0349074263737114,0.0934631955904391,-37984.49612403105,1416529.4158546468,1877009.1316212183,1609828.656901733,1378544.9197306158,1005126.3760233832,725543.4897872601,DGCONTENT,DIGICONTENT LIMITED,EQ,2025-08-20,2026-08-27,252,348886.92000000004,11474.5,0.0,0.0673271373415287,0,0,1.0,LOW,FULL,False,False,gap_fade_100,"{""gap_threshold"":0.01}",INTRADAY_SHORT_ALLOWED_RESEARCH,2025-08-20,2026-08-27,99.11820159535895,98.82523567802755,99.18201595358956,87.11530094271211,99.14430746918057,97.2771573604061,5,ROBUST POSITIVE,LOW LIQUIDITY,305,
116,62,INE070C01037,167,167,4215199.892985256,3011596.5996961487,42.15199892985257,30.115965996961485,0.4111691211599188,8.617189166874665,19.811848280903344,-0.0895798834112404,0.6946107784431138,0.0212162999797163,0.0165185185185186,7.240419541906564,0.0951428571428572,-0.0361463414634148,0.6626984126984127,334.0,0.0293538402781528,0.002271468357133,9.340345822159804,6.213628514354789e-17,0.0167316087939203,0.0257009911655123,12,0,0.7431074678448295,0.0,0.1969506564596124,-55230.12552301256,3066826.725219161,4215199.892985256,3564602.660830932,3011596.5996961487,2142264.2694934644,1514768.782992021,COMPINFO,COMPUAGE INFOCOM LTD,BZ,2025-09-01,2026-08-27,245,31112.91,22490.0,0.0,0.0654823981706496,1,0,0.9722222222222222,LOW,FULL,True,True,gap_fade_050,"{""gap_threshold"":0.005}",INTRADAY_SHORT_ALLOWED_RESEARCH,2025-08-20,2026-08-27,99.65192168237853,99.72153734590283,99.65772298767223,83.63741841914431,99.65482233502539,97.26540971718637,5,ROBUST POSITIVE,LOW LIQUIDITY,121,
117,1,INE055C01020,174,174,31191315.472676717,22234093.186872244,311.9131547267671,222.34093186872244,0.5238223843832872,10.691901543108536,12.73762379285537,-0.0976521739130434,0.8333333333333334,0.0321876859764509,0.0331660646984924,9.581680593094708,0.1201719457013574,-0.0976521739130433,0.6904761904761905,348.0,0.0354575789368002,0.0026880321222032,11.974442459440516,1.8760429223242817e-24,0.0268821252210259,0.0374932467318759,13,0,0.8582818721535335,0.1899632065989267,0.1919925506734089,-33333.33333333336,22267426.520205576,31191315.472676717,26338182.525336083,22234093.186872244,15830451.343925685,11255388.051496975,KEEPLEARN,DSJ KEEP LEARNING LTD,EQ,2025-08-20,2026-08-27,252,90886.855,39279.0,0.0,0.0833324013698841,0,0,1.0,LOW,FULL,False,False,gap_fade_100,"{""gap_threshold"":0.01}",INTRADAY_SHORT_ALLOWED_RESEARCH,2025-08-20,2026-08-27,100.0,99.962291515591,100.0,81.71428571428572,100.0,97.24960116026105,5,ROBUST POSITIVE,LOW LIQUIDITY,1,
118,59,INE296Q01012,134,134,3700037.29847381,2826388.901858128,37.0003729847381,28.26388901858128,0.4829960375683456,7.264310191911963,15.769913073978516,-0.0871661180375829,0.7761194029850746,0.0261838286444837,0.0206279497395035,8.338557472662593,0.2240336210813265,-0.0600029368575625,0.5317460317460317,268.0,0.0377308637676462,0.0032594501878781,8.033204109656648,4.4866207177781174e-13,0.0197367624304343,0.0326308948585331,11,0,0.7460441880772568,0.0,0.2222168359273032,-29673.9437703266,2856062.8456284543,3700037.29847381,3234936.990489575,2826388.901858128,2152445.688523094,1632821.5855945423,MONEYBOXX,MONEYBOXX FINANCE LIMITED,EQ,2025-10-15,2026-08-27,214,2316244.7,30932.5,0.0,0.0645074156571893,0,1,0.8492063492063492,OK,PARTIAL,True,True,gap_fade_100,"{""gap_threshold"":0.01}",INTRADAY_SHORT_ALLOWED_RESEARCH,2025-08-20,2026-08-27,99.62001450326323,99.23132704858592,99.69543147208122,84.19289340101523,99.61711385061639,97.2427121102248,5,ROBUST POSITIVE,LIMITED SAMPLE,132,
119,232,INE792B01012,147,147,1281802.5740575604,934850.7475393516,12.818025740575605,9.348507475393514,0.2697498298690672,8.834330636153148,14.27939716210801,-0.0699607158241423,0.8639455782312925,0.016211286980336,0.0145122835279902,10.389788867481224,0.0862232252769799,-0.0435094339622641,0.5833333333333334,294.0,0.0196509548750401,0.001620783440991,10.002130186141995,2.912422898616341e-18,0.0130080586697137,0.0194145152909583,13,0,0.3744607049993202,0.0057806595035196,0.1205171240655386,-9067.734887108498,943918.48242646,1281802.5740575604,1095894.1488127236,934850.7475393516,674572.1593765807,479425.3806866158,AMBICAAGAR,AMBICA AGAR & AROMAINDLTD,EQ,2025-08-20,2026-08-27,252,121815.97,4983.0,0.0039682539682539,0.046573463872327,0,0,1.0,LOW,FULL,False,False,gap_fade_050,"{""gap_threshold"":0.005}",INTRADAY_SHORT_ALLOWED_RESEARCH,2025-08-20,2026-08-27,98.63669325598259,99.76214648295867,98.72951414068166,87.65482233502539,98.64829586656998,97.23538796229153,5,ROBUST POSITIVE,LOW LIQUIDITY,471,
120,49,INE992I01013,251,251,1313131.4036660786,759425.19726677,13.131314036660786,7.594251972667699,0.2849554452580475,7.719820584986358,19.949098377251705,-0.0548513229633697,0.6414342629482072,0.0087641629964423,0.0068200705605645,4.2473497252507215,0.0859166666666666,-0.0292373540856031,0.996031746031746,502.0,0.017977861872325,0.0011347525793476,7.7234131527423795,2.732981872158156e-13,0.0065292696144873,0.0109990563783972,13,0,0.3973763040084068,0.0406128150414417,0.1120969542531873,-18858.67846980717,778283.8757365771,1313131.4036660786,1002170.592760077,759425.19726677,422161.36256033374,216935.43032286508,STARTECK,STARTECK FINANCE LIMITED,EQ,2025-08-20,2026-08-27,252,2458258.125,8874.0,0.0,0.0429403530139974,0,0,1.0,OK,FULL,False,False,close_to_open,{},LONG_ONLY,2025-08-20,2026-08-27,98.3756345177665,99.4198694706309,97.56635242929659,90.30021754894851,98.38433647570703,97.2130529369108,5,ROBUST POSITIVE,COMPARABLE,561,16
121,7,INE024D01016,185,185,15409938.68877736,10714709.612056984,154.09938688777362,107.14709612056984,0.4722502378076984,10.238697466578044,16.978628477303815,-0.0981341494397575,0.772972972972973,0.0261363638563922,0.0246159695817489,9.001665766280965,0.119377672209026,-0.0956746987951807,0.7341269841269841,370.0,0.0320101473685096,0.0023534328400705,11.10563403866168,2.9289140046118166e-22,0.0214931807924346,0.0307795469203498,13,0,0.886251382010675,0.1629300021266073,0.245235886534758,-57627.564439768525,10772337.176496752,15409938.68877736,12852412.298753813,10714709.612056984,7435525.399843353,5146925.61262803,PRUDMOULI,PRUDENTIAL SUGAR CORPORAT,BE,2025-08-20,2026-08-27,252,351401.065,18081.5,0.0039682539682539,0.0649394998559491,1,0,1.0,LOW,FULL,False,False,gap_fade_050,"{""gap_threshold"":0.005}",INTRADAY_SHORT_ALLOWED_RESEARCH,2025-08-20,2026-08-27,99.95649021029732,99.93328498912255,99.95358955765047,81.62726613488034,99.95649021029732,97.20188542422046,5,ROBUST POSITIVE,LOW LIQUIDITY,16,
122,166,INE498E01010,135,135,1513184.2618820523,1137831.1425923791,15.131842618820524,11.37831142592379,0.3534720101096706,7.324360822685406,10.911525058182898,-0.0748872706359272,0.8074074074074075,0.0191774558723194,0.0172075471698112,6.6052352222356445,0.1219682539682539,-0.0586945606694562,0.5357142857142857,270.0,0.0275078087391408,0.0023674952252744,8.100314487475341,2.991856050304318e-13,0.0144949628336637,0.0238599489109752,13,0,0.3908739595859556,0.0262707175021374,0.1070890447027822,14421.68160478017,1123409.4609875989,1513184.2618820523,1313191.1783701482,1137831.1425923791,849319.8720220363,627673.5433202189,SALONA,SALONA COTSPIN LTD.,EQ,2025-08-20,2026-08-27,252,162443.75,605.5,0.0873015873015873,0.0539488103561307,0,0,1.0,LOW,FULL,False,False,gap_fade_100,"{""gap_threshold"":0.01}",INTRADAY_SHORT_ALLOWED_RESEARCH,2025-08-20,2026-08-27,98.90645395213923,99.23712835387963,99.02538071065989,86.77012327773748,98.89195068890501,97.17302393038435,5,ROBUST POSITIVE,LOW LIQUIDITY,378,
123,257,INE303A01010,132,132,947346.0022645324,707837.0428917131,9.473460022645323,7.078370428917131,0.2727452462195256,7.825210011930361,10.49400692513629,-0.06109617612978,0.7651515151515151,0.0161688547835109,0.017278708282556,7.661121731089746,0.0674072088173964,-0.0610961761297799,0.5238095238095238,264.0,0.0209801634698397,0.0018260888391985,8.85436372887939,5.1031656993964966e-15,0.0125564154657848,0.019781294101237,13,0,0.4251387485145854,0.0155992259211519,0.1175578619814629,2427.391193254458,705409.6516984586,947346.0022645324,819887.4860770681,707837.0428917131,522780.48431734415,379869.3306160064,DICIND,DIC INDIA LIMITED,EQ,2025-08-20,2026-08-27,252,842196.85,1621.0,0.0039682539682539,0.0463213721805239,0,0,1.0,LOW,FULL,False,False,gap_fade_100,"{""gap_threshold"":0.01}",INTRADAY_SHORT_ALLOWED_RESEARCH,2025-08-20,2026-08-27,98.2480058013053,99.4778825235678,98.39303843364758,89.21827411167513,98.23350253807106,97.16562726613489,5,ROBUST POSITIVE,LOW LIQUIDITY,605,
124,97,INE925C01016,154,154,2534246.0663703475,1847728.587160118,25.342460663703477,18.47728587160118,0.3740520965850221,8.168115763322687,10.822180186693744,-0.0866112167375326,0.7597402597402597,0.0198396157559741,0.0219000428484674,5.9115573254474425,0.0892068531116149,-0.0742070844686649,0.6111111111111112,308.0,0.0275095783799054,0.0022167849989183,8.949724833781445,1.1166100800768214e-15,0.0154601567816815,0.0242190747302667,13,0,0.5431493565673431,0.0223249795123889,0.1554378517809242,-21799.999999999927,1869528.587160118,2534246.0663703475,2165293.86829484,1847728.587160118,1339271.5802810444,962914.3200904032,MADHAV,MADHAV MARBLE & GRANITE,EQ,2025-08-20,2026-08-27,252,165979.14500000002,4495.0,0.0039682539682539,0.0529240689434968,0,0,1.0,LOW,FULL,False,False,gap_fade_100,"{""gap_threshold"":0.01}",INTRADAY_SHORT_ALLOWED_RESEARCH,2025-08-20,2026-08-27,99.36765772298767,99.59680928208847,99.39956490210298,84.31907179115301,99.36765772298767,97.16258158085571,5,ROBUST POSITIVE,LOW LIQUIDITY,219,
125,1,INE055C01020,251,251,28384644.928506333,17324086.684016835,283.84644928506333,173.24086684016834,0.478714019678111,11.12149937867924,22.975139163159863,-0.1007713721579728,0.7250996015936255,0.0212112257865145,0.0181005025125626,8.712242399890465,0.1346120218579234,-0.0725394190871369,0.996031746031746,502.0,0.030186724805069,0.0019053691744813,11.132344361710736,1.2099792923569568e-23,0.0174586042585008,0.0249638473145282,13,0,1.172696211290432,0.0205618965054681,0.2868136224629171,-33333.33333333336,17357420.017350167,28384644.928506333,22180899.03754035,17324086.684016835,10548049.48095826,6400836.929635727,KEEPLEARN,DSJ KEEP LEARNING LTD,EQ,2025-08-20,2026-08-27,252,90886.855,39279.0,0.0,0.0833324013698841,0,0,1.0,LOW,FULL,False,False,close_to_open,{},LONG_ONLY,2025-08-20,2026-08-27,99.9941986947063,99.97099347353155,99.98259608411892,80.98622189992749,99.9941986947063,97.13604060913705,5,ROBUST POSITIVE,LOW LIQUIDITY,3,
126,20,INE505V01016,251,251,2623050.130223859,1558169.298085875,26.23050130223859,15.581692980858756,0.3503993700996819,8.22913075032851,16.37446949508796,-0.0819399809057416,0.7171314741035857,0.0114879770174622,0.008894186171934,4.966594405451832,0.1176082746478874,-0.0658119227539882,0.996031746031746,502.0,0.0221052977857981,0.0013952740241206,8.233491643122036,1.015755005050648e-14,0.0087399870685755,0.014235966966349,13,0,0.4109431407784125,0.0258419905626967,0.1280753439830787,-37894.21813403418,1596063.5162199095,2623050.130223859,2025178.8953656305,1558169.298085875,908730.9089006386,513046.3594422807,EUROBOND,EURO PANEL PRODUCTS LTD,EQ,2025-08-20,2026-08-27,252,1245981.075,7185.5,0.0,0.0510651253642299,0,0,1.0,OK,FULL,False,False,close_to_open,{},LONG_ONLY,2025-08-20,2026-08-27,99.24292965917331,99.60841189267585,98.8339376359681,85.21537345902827,99.26323422770123,97.13415518491662,5,ROBUST POSITIVE,COMPARABLE,262,17
127,47,INE141D01018,159,159,4848940.753969266,3527210.020464195,48.48940753969266,35.27210020464195,0.3981220791814813,9.275787021037058,16.91010239590471,-0.0954064977389989,0.779874213836478,0.0232257585840243,0.0225464247598717,11.137873972693086,0.1383940886699508,-0.0534403292181069,0.6309523809523809,318.0,0.0282640008106101,0.0022414810661593,10.36179110975966,1.6015684864433565e-19,0.0187986270991356,0.0276528900689131,13,0,0.5160383915121158,0.0246510765200149,0.1439180071759088,-40875.91240875899,3568085.932872954,4848940.753969266,4137165.85936838,3527210.020464195,2556860.470169428,1844909.2858186008,TNTELE,TAMILNADU TELECOMMUNICATI,EQ,2025-08-20,2026-08-27,252,237177.705,24768.0,0.0,0.0614621999153734,6,0,1.0,LOW,FULL,False,False,gap_fade_100,"{""gap_threshold"":0.01}",INTRADAY_SHORT_ALLOWED_RESEARCH,2025-08-20,2026-08-27,99.7128353879623,99.8404641044235,99.7447425670776,82.29151559100798,99.71863669325597,97.13270485859319,5,ROBUST POSITIVE,LOW LIQUIDITY,100,
128,189,INE707C01018,177,177,1634166.4236090477,1123459.2731968786,16.341664236090477,11.234592731968783,0.4305081134523387,6.054245595084279,14.0176716906761,-0.0694629516270456,0.559322033898305,0.0147254341780613,0.0077799511002444,3.745898711600288,0.0986063328093418,-0.0361666666666666,0.7023809523809523,354.0,0.0313683244225839,0.0023577876457339,6.245445472879986,3.078736360728638e-09,0.0100722591803071,0.0193786091758156,12,1,0.6345474874186996,-0.0252408886931719,0.1688796507352475,-37203.21466152419,1160662.4878584028,1634166.4236090477,1356724.7636166145,1123459.2731968786,762558.990048777,507697.5044953155,CAPTRUST,CAPITAL TRUST LIMITED,BE,2025-08-20,2026-08-27,252,524905.995,30487.0,0.0,0.0492758411819793,19,1,1.0,LOW,FULL,False,False,gap_fade_050,"{""gap_threshold"":0.005}",INTRADAY_SHORT_ALLOWED_RESEARCH,2025-08-20,2026-08-27,98.88905003625815,98.48875997099348,98.82233502538071,87.75054387237128,98.9180565627266,97.13067440174038,5,ROBUST POSITIVE,LOW LIQUIDITY,384,
129,194,INE452O01016,168,168,1557554.6410422255,1090592.3563761231,15.575546410422255,10.905923563761233,0.3979748037591453,6.448016304483277,14.469002456490722,-0.0711610505430863,0.6666666666666666,0.0152746906155506,0.0138125,3.800737037332526,0.0932380952380951,-0.0444242424242423,0.6666666666666666,336.0,0.0294347681297903,0.002270941663892,6.726148389638591,2.6492671913030143e-10,0.0107912364434364,0.0197581447876647,11,1,0.4081120159478084,-0.0108120571026246,0.1265215425047261,-23841.059602649024,1114433.415978772,1557554.6410422255,1304917.6898723762,1090592.3563761231,754622.8379498603,513057.121818904,FLFL,FUT LIFESTYLE FASH LTD,BZ,2025-08-25,2026-08-27,246,55349.265,40705.0,0.0,0.0652803972933032,2,0,0.9761904761904762,LOW,FULL,True,True,gap_fade_050,"{""gap_threshold"":0.005}",INTRADAY_SHORT_ALLOWED_RESEARCH,2025-08-20,2026-08-27,98.85714285714286,98.76142131979695,98.83683828861494,87.42712110224801,98.87454677302394,97.12291515591008,5,ROBUST POSITIVE,LOW LIQUIDITY,395,
130,469,INE533D01032,169,169,546600.7084411476,362701.241154977,5.466007084411475,3.62701241154977,0.1867402515684159,8.320047052722488,31.119177203888903,-0.0253492376493686,0.6035502958579881,0.0091934182229967,0.0069320388349515,7.603599213512282,0.0387218880148079,-0.0145313283208019,0.6706349206349206,338.0,0.0133695168386919,0.001028424372207,8.93932356276919,6.828496701186771e-16,0.0071631180571803,0.0112237183888131,13,0,0.2641464620804499,0.0060694403961798,0.075723404323072,-11439.53934740895,374140.7805023859,546600.7084411476,447021.504870767,362701.241154977,230884.74427856057,136463.03961335318,RAJRILTD,RAJ RAYON INDUSTRIES LTD,BE,2025-08-20,2026-08-27,252,227619.225,10023.0,0.0,0.0280372509404255,16,0,1.0,LOW,FULL,False,False,gap_fade_050,"{""gap_threshold"":0.005}",INTRADAY_SHORT_ALLOWED_RESEARCH,2025-08-20,2026-08-27,96.98912255257433,99.63741841914431,96.76867295141408,94.54387237128354,97.06163886874548,97.12240754169689,5,ROBUST POSITIVE,LOW LIQUIDITY,1039,
131,366,INE730A01022,135,135,731221.0271291696,537013.297366383,7.312210271291695,5.37013297366383,0.2455799459913995,7.687525105295879,11.535203314685097,-0.0502352918499894,0.8296296296296296,0.0139844592604895,0.0125886344359627,7.190913452572568,0.0656065907932732,-0.0418449612403101,0.5357142857142857,270.0,0.0188893963149732,0.0016257403855067,8.601901868932561,1.8331545912061212e-14,0.0107690280500995,0.0171998904708795,12,0,0.3163914168644386,0.0,0.0950625170846776,4272.539055147819,532740.7583112352,731221.0271291696,627714.4429991194,537013.297366383,387923.9600469079,273530.9200933902,ORICONENT,ORICON ENTERPRISES LTD,EQ,2025-08-20,2026-08-27,252,6424374.625,105573.0,0.0,0.0403981292075244,0,0,1.0,OK,FULL,False,False,gap_fade_050,"{""gap_threshold"":0.005}",INTRADAY_SHORT_ALLOWED_RESEARCH,2025-08-20,2026-08-27,97.76069615663523,99.39666424945612,97.91443074691806,91.17041334300218,97.70268310369833,97.11849166062365,5,ROBUST POSITIVE,COMPARABLE,773,18
132,131,INE00IK01029,168,168,2170287.056286789,1531713.718893457,21.702870562867894,15.31713718893457,0.4081514701451391,7.076078273679506,13.818558363937203,-0.0814068395909933,0.7023809523809523,0.0171911413706212,0.0153147789589397,4.934483787721413,0.1253311897106108,-0.0600700256191291,0.6666666666666666,336.0,0.0299077004739986,0.0023074291864004,7.450344076404502,4.759219250181203e-12,0.012635650942525,0.0217466317987173,13,0,0.4891184303726741,0.0708736259052038,0.1243619286730081,-23746.86716791957,1555460.5860613766,2170287.056286789,1824853.3468684205,1531713.718893457,1071991.278150687,741241.9071811121,OSWALSEEDS,SHREEOSWAL S AND CHE LTD,EQ,2025-08-20,2026-08-27,252,510544.375,41040.0,0.0,0.0543031575143274,6,0,1.0,LOW,FULL,False,False,gap_fade_050,"{""gap_threshold"":0.005}",INTRADAY_SHORT_ALLOWED_RESEARCH,2025-08-20,2026-08-27,99.22842639593908,99.1211022480058,99.20522117476432,85.3372008701958,99.22552574329224,97.11805656272661,5,ROBUST POSITIVE,LOW LIQUIDITY,267,
133,14,INE642Z01026,251,251,3385845.111498873,2023665.062158457,33.85845111498873,20.23665062158457,0.3708783500790691,8.471284552961384,15.841065805018374,-0.0877276232488237,0.6374501992031872,0.0125171953707275,0.0125137880986938,4.324425494680721,0.0759816513761466,-0.0574455445544555,0.996031746031746,502.0,0.0233964831384918,0.0014767729209188,8.476046109336577,2.038414474872557e-15,0.0096086934755312,0.0154256972659239,13,0,0.5893876709531598,0.0084235330675344,0.1413881511526947,-55696.20253164563,2079361.2646901023,3385845.111498873,2621135.687694157,2023665.062158457,1192522.0597328693,685890.8288575783,AKI,AKI INDIA LIMITED,EQ,2025-08-20,2026-08-27,252,405925.015,64945.0,0.0,0.0664893464316346,0,0,1.0,LOW,FULL,False,False,close_to_open,{},LONG_ONLY,2025-08-20,2026-08-27,99.43437273386512,99.68672951414068,99.10659898477158,84.05221174764323,99.44307469180565,97.11370558375636,5,ROBUST POSITIVE,LOW LIQUIDITY,196,
134,143,INE839G01010,160,160,1972566.3824855688,1413449.8025064294,19.725663824855687,14.134498025064294,0.342278761128674,8.147135961468113,10.987654416699494,-0.0830370370370369,0.81875,0.0174286975227385,0.0164816367265469,6.984175393106743,0.103062082139446,-0.083037037037037,0.6349206349206349,320.0,0.02494603466162,0.0019721572030056,8.837377414019674,1.7397773188197814e-15,0.0135336945158345,0.0213237005296426,12,1,0.5608405845016684,-0.0053143710890856,0.1534735598758307,-5377.488418680383,1418827.2909251098,1972566.3824855688,1671217.08365061,1413449.8025064294,1004481.9080007728,705525.2210833105,JOCIL,JOCIL LIMITED,BE,2025-08-20,2026-08-27,252,308727.835,2141.0,0.0039682539682539,0.046778798094339,0,0,1.0,LOW,FULL,False,False,gap_fade_050,"{""gap_threshold"":0.005}",INTRADAY_SHORT_ALLOWED_RESEARCH,2025-08-20,2026-08-27,99.15010877447426,99.59390862944163,99.13270485859317,85.00072516316172,99.14720812182742,97.11240029006528,5,ROBUST POSITIVE,LOW LIQUIDITY,294,
135,38,INE844A01013,174,174,5589403.265400915,3947684.494696545,55.89403265400915,39.47684494696545,0.3864539960035545,9.83559493822592,11.219734662208548,-0.0972588081774685,0.8448275862068966,0.021844856131895,0.0212935653911548,8.786216518781897,0.1055672295184491,-0.0972588081774685,0.6904761904761905,348.0,0.0266700605672787,0.0020218520738184,10.804379021971998,4.018293581036806e-21,0.0178541824611751,0.0258355298026149,13,0,0.5999477907483475,0.038150758682111,0.1583318320128546,-52621.72284644201,4000306.217542987,5589403.265400915,4699244.48657678,3947684.494696545,2777772.81928375,1944631.9174062377,PEARLPOLY,PEARL POLYMERS LTD,EQ,2025-08-20,2026-08-27,252,241401.65,11660.0,0.0,0.0570497911460114,0,0,1.0,LOW,FULL,False,False,gap_fade_100,"{""gap_threshold"":0.01}",INTRADAY_SHORT_ALLOWED_RESEARCH,2025-08-20,2026-08-27,99.77374909354604,99.8984771573604,99.7708484408992,81.80420594633793,99.77955039883973,97.10384336475707,5,ROBUST POSITIVE,LOW LIQUIDITY,79,
136,218,INE217G01035,131,131,1122202.7932446972,844855.1284541948,11.222027932446972,8.448551284541947,0.3307242311673405,6.982223656079035,13.104794985897904,-0.0671133608350519,0.732824427480916,0.0176274087824057,0.0176249454862624,5.311914695080542,0.0806859045504995,-0.0388349249658936,0.5198412698412699,262.0,0.0262238283083824,0.0022911865174216,7.69357215066134,3.14255515858354e-12,0.0130945702711599,0.0221602472936515,13,0,0.504258769894492,0.0114841375169396,0.1195118225581353,21615.94963273889,823239.1788214559,1122202.7932446972,974686.313442983,844855.1284541948,630074.1751790073,463829.36082327017,EQUIPPP,EQUIPPP SOC IMP TECH LTD,BE,2025-08-20,2026-08-27,252,179562.245,9429.5,0.0039682539682539,0.0555302993098166,1,0,1.0,LOW,FULL,False,False,gap_fade_100,"{""gap_threshold"":0.01}",INTRADAY_SHORT_ALLOWED_RESEARCH,2025-08-20,2026-08-27,98.51486584481508,99.07469180565627,98.69180565627266,88.18274111675127,98.46555474981871,97.10253807106598,5,ROBUST POSITIVE,LOW LIQUIDITY,513,
137,247,INE666E01020,144,144,1009745.1173025348,735730.0741642388,10.097451173025348,7.357300741642387,0.3065241684450875,7.104294289783916,12.541706081679202,-0.0635789473684211,0.6875,0.0151224854136472,0.0145841209916477,6.663277292784727,0.0931904718610783,-0.0635789473684211,0.5714285714285714,288.0,0.0235741364712173,0.0019645113726014,7.697835515007326,2.0778525375299267e-12,0.0112392511107057,0.0190057197165886,13,0,0.3031551071942453,0.0420368278742158,0.0693690929663072,-37750.77705566538,773480.8512199041,1009745.1173025348,863107.9535339358,735730.0741642388,529021.7735790227,373174.383117841,ACL,ANDHRA CEMENTS LIMITED,EQ,2025-08-20,2026-08-27,252,888648.5549999999,15251.0,0.0,0.0409887405262258,12,0,1.0,LOW,FULL,False,False,gap_fade_100,"{""gap_threshold"":0.01}",INTRADAY_SHORT_ALLOWED_RESEARCH,2025-08-20,2026-08-27,98.32632342277012,99.13270485859317,98.35823060188542,88.80928208846991,98.3756345177665,97.07628716461205,5,ROBUST POSITIVE,LOW LIQUIDITY,578,
138,248,INE666E01020,178,178,1284778.186011874,874648.282688055,12.847781860118738,8.74648282688055,0.3237221217680195,7.222869966372954,12.56952829427892,-0.0687360900604896,0.6741573033707865,0.0131359707346559,0.0124857226515247,5.153515538370853,0.0931904718610783,-0.0635789473684211,0.7063492063492064,356.0,0.0232112381463605,0.0017397558531526,7.550467906661579,2.214154415265248e-12,0.0097026370172441,0.0165693044520676,13,0,0.3031551071942453,0.0368711001220511,0.0810233314498956,-37750.77705566538,912399.0597437205,1284778.186011874,1061854.4021356588,874648.282688055,585510.1880230317,381811.3120361648,ACL,ANDHRA CEMENTS LIMITED,EQ,2025-08-20,2026-08-27,252,888648.5549999999,15251.0,0.0,0.0409887405262258,12,0,1.0,LOW,FULL,False,False,gap_fade_050,"{""gap_threshold"":0.005}",INTRADAY_SHORT_ALLOWED_RESEARCH,2025-08-20,2026-08-27,98.55257432922407,99.20522117476432,98.4017403915881,87.90137781000725,98.61058738216099,97.0668600435098,5,ROBUST POSITIVE,LOW LIQUIDITY,500,
139,55,INE722J01012,169,169,4578901.983729167,3260902.5598851945,45.78901983729167,32.60902559885194,0.4242724128290924,8.542375208407185,13.347240992902426,-0.0963855242394864,0.863905325443787,0.0214455274613156,0.0183703703703703,10.091003988015096,0.2219428231089935,-0.0622226720647771,0.6706349206349206,338.0,0.0302463003223127,0.0023266384863317,9.217387053167531,1.2309344142857618e-16,0.0168523122164681,0.026038742706163,13,0,1.0968196360866198,0.0601043532515435,0.2650692426609061,-32474.964234620827,3293377.524119816,4578901.983729167,3865839.416123696,3260902.5598851945,2312602.752764704,1630742.7837454695,RKDL,RAVI KUMAR DIST. LTD.,EQ,2025-08-20,2026-08-27,252,355897.42500000005,15968.0,0.0,0.0564021324842853,0,0,1.0,LOW,FULL,False,False,gap_fade_050,"{""gap_threshold"":0.005}",INTRADAY_SHORT_ALLOWED_RESEARCH,2025-08-20,2026-08-27,99.68382886149384,99.7070340826686,99.69253081943438,82.01595358955765,99.68092820884699,97.03944887599711,5,ROBUST POSITIVE,LOW LIQUIDITY,110,
140,450,INE533D01032,156,156,493668.05943735386,335951.48812804034,4.936680594373539,3.359514881280403,0.1808081807766138,8.255691682925185,39.491772618862825,-0.0253492376493689,0.6089743589743589,0.0095685679118097,0.0070531753807785,9.234508432223086,0.0387218880148079,-0.0096190476190476,0.6190476190476191,312.0,0.0132277174109558,0.0010590649840358,9.034920478010564,6.20021268925774e-16,0.0074765045714029,0.0116606312522166,13,0,0.2169348158217112,0.0136277536137925,0.0687190253404176,-11439.53934740895,347391.02747544926,493668.05943735386,408773.0647159912,335951.48812804034,219938.58738840657,134654.02140200892,RAJRILTD,RAJ RAYON INDUSTRIES LTD,BE,2025-08-20,2026-08-27,252,227619.225,10023.0,0.0,0.0280372509404255,16,0,1.0,LOW,FULL,False,False,gap_fade_100,"{""gap_threshold"":0.01}",INTRADAY_SHORT_ALLOWED_RESEARCH,2025-08-20,2026-08-27,96.83248730964466,99.62291515591008,96.74256707759245,94.54097171863668,96.87019579405366,97.03640319071792,5,ROBUST POSITIVE,LOW LIQUIDITY,1093,
141,165,INE707C01018,159,159,1594988.3558181946,1139655.2120872426,15.949883558181943,11.396552120872428,0.4163993782385965,6.276888441865929,14.81808709042146,-0.0759943671800945,0.5660377358490566,0.0164383172607924,0.008344827586207,4.505757340270868,0.0986063328093418,-0.0357119824111396,0.6309523809523809,318.0,0.031506918118147,0.0024986611374688,6.578850174715862,6.602604105542474e-10,0.0115032314558027,0.0213734030657822,11,2,0.7268315899545799,-0.0252408886931719,0.1944411287578872,-37203.21466152419,1176858.4267487668,1594988.3558181946,1349663.6900705718,1139655.2120872426,806080.957411919,561856.6477499993,CAPTRUST,CAPITAL TRUST LIMITED,BE,2025-08-20,2026-08-27,252,524905.995,30487.0,0.0,0.0492758411819793,19,1,1.0,LOW,FULL,False,False,gap_fade_100,"{""gap_threshold"":0.01}",INTRADAY_SHORT_ALLOWED_RESEARCH,2025-08-20,2026-08-27,98.91225525743292,98.66569978245106,98.92675852066715,86.57287889775199,98.93546047860768,97.0195794053662,5,ROBUST POSITIVE,LOW LIQUIDITY,376,
142,451,INE750M01017,104,104,434950.9684039729,335842.9762649534,4.349509684039729,3.358429762649534,0.1787771626963437,8.34612530646218,11.328166244048406,-0.0331437678867523,0.875,0.0143470827095909,0.0142736121504711,13.309551959967743,0.0536291390728476,-0.0310683229813665,0.4126984126984127,208.0,0.0136751284829681,0.0013409566727989,10.699139652025538,2.065665202786475e-18,0.0116876114208196,0.0170065539983622,13,0,0.2551688599700492,0.012118415189344,0.0795320363843772,-11256.135653725984,347099.1119186794,434950.9684039729,382885.2418142102,335842.9762649534,254952.6620354111,188957.81243015977,HEXATRADEX,HEXA TRADEX LIMITED,EQ,2025-08-20,2026-08-27,252,403539.435,2444.0,0.0039682539682539,0.0317842801083787,0,0,1.0,LOW,FULL,False,False,gap_fade_100,"{""gap_threshold"":0.01}",INTRADAY_SHORT_ALLOWED_RESEARCH,2025-08-20,2026-08-27,96.82668600435098,99.64902102973168,97.34880348078318,93.57795503988397,96.86439448875997,97.01580855692532,5,ROBUST POSITIVE,LOW LIQUIDITY,1095,
143,303,INE025A01027,114,114,776653.2389559465,600737.2357612316,7.766532389559465,6.007372357612316,0.2867199734350255,6.956396524292343,8.750484274280636,-0.0573782709018606,0.8070175438596491,0.0174959458477947,0.0181734688283874,6.797933113764206,0.0928830236319879,-0.0573782709018606,0.4523809523809524,228.0,0.0235691839603781,0.0022074563287848,7.925840081024603,1.7542815696714218e-12,0.013122576725029,0.0218693149705605,13,0,0.3107857096582973,0.0408553127479729,0.0747963791793962,47138.37498647638,553598.8607747552,776653.2389559465,683818.339336031,600737.2357612316,459874.8472889671,347130.57604556764,CONSOFINVT,CONSO. FIN. & HOLD. LTD.,BE,2025-08-20,2026-08-27,252,1033182.305,5118.0,0.0,0.0458888895903061,0,0,1.0,OK,FULL,False,False,gap_fade_100,"{""gap_threshold"":0.01}",INTRADAY_SHORT_ALLOWED_RESEARCH,2025-08-20,2026-08-27,97.9550398839739,99.05148658448151,98.27991298042059,89.87672226250906,97.76649746192894,96.98984771573605,5,ROBUST POSITIVE,COMPARABLE,706,19
144,486,INE124Y01010,89,89,371251.4839946469,295547.6191241468,3.712514839946469,2.955476191241468,0.1957708886986499,7.137969630488848,17.042983249982786,-0.0150639093517083,0.9213483146067416,0.0157011984052221,0.0129253731343284,28.472995266121625,0.0787897545357525,-0.0144692874692875,0.3531746031746032,178.0,0.0165083253683034,0.0017498789892856,8.972733829801316,4.6713172479945575e-14,0.0122236816251337,0.0191787151853106,9,0,0.4998434882868621,0.0,0.1436157171120734,46196.95756605311,249350.6615580937,371251.4839946469,331762.0463202621,295547.6191241468,231890.51317721268,178381.47371415235,PASHUPATI,PASHUPATI COTSPIN LIMITED,EQ,2025-08-20,2026-04-16,160,1217881.15,1433.5,0.025,0.0326348450806573,0,0,0.6349206349206349,OK,PARTIAL,False,True,gap_fade_100,"{""gap_threshold"":0.01}",INTRADAY_SHORT_ALLOWED_RESEARCH,2025-08-20,2026-08-27,96.54242204496012,99.16171138506164,97.26178390137781,95.62291515591008,96.09282088469907,96.98230601885425,5,ROBUST POSITIVE,LIMITED SAMPLE,1193,
145,130,INE369I01014,141,141,1859034.449296872,1385791.9606996556,18.59034449296872,13.857919606996555,0.3923070366540861,7.105617420854168,13.038759535077224,-0.0846765908867582,0.7092198581560284,0.0197700972622194,0.0182177293934679,5.640343702919386,0.0931219512195121,-0.0404445426425098,0.5595238095238095,282.0,0.0303572869442114,0.0025565447518435,7.733131699714341,1.863076770835517e-12,0.0147156709511524,0.0248245235732865,13,0,0.5294738067805402,0.0677751331342202,0.1326399638293608,7142.857142857203,1378649.1035567983,1859034.449296872,1606198.2813032183,1385791.9606996556,1026257.714730913,753258.1903416895,IL&FSENGG,IL&FS ENG AND CONS CO LTD,BZ,2025-08-20,2026-08-27,252,459284.965,16099.5,0.0,0.0560442205066597,2,0,1.0,LOW,FULL,False,False,gap_fade_100,"{""gap_threshold"":0.01}",INTRADAY_SHORT_ALLOWED_RESEARCH,2025-08-20,2026-08-27,99.12980420594634,99.13850616388687,99.21972443799855,84.65989847715736,99.1211022480058,96.97730239303844,5,ROBUST POSITIVE,LOW LIQUIDITY,301,
146,91,INE360L01017,150,150,2655243.1674250904,1953729.932655494,26.552431674250904,19.53729932655494,0.3949387423905645,7.88940658984414,17.736476230374272,-0.0923500595043185,0.7,0.0207722154453391,0.0186066516420981,6.691073429662725,0.0971636798088411,-0.048875,0.5952380952380952,300.0,0.0294422829582657,0.002403952337013,8.640859939489845,8.029673027822293e-15,0.0160219739488887,0.0255224569417895,13,0,0.4795831648714541,0.1202934812337455,0.1045437519071712,-17928.90262751159,1971658.8352830056,2655243.1674250904,2278936.823516052,1953729.932655494,1429945.7698656006,1039087.4296222172,FMNL,FUTURE MKT NETWORKS LTD,EQ,2025-08-20,2026-08-27,252,356614.33,38044.0,0.0,0.0628287089640878,2,0,1.0,LOW,FULL,False,False,gap_fade_100,"{""gap_threshold"":0.01}",INTRADAY_SHORT_ALLOWED_RESEARCH,2025-08-20,2026-08-27,99.40536620739667,99.5039883973894,99.4575779550399,82.99927483683828,99.39956490210298,96.97345902828138,5,ROBUST POSITIVE,LOW LIQUIDITY,206,
147,275,INE073D01013,112,112,846813.9391061298,659950.4411775446,8.468139391061298,6.599504411775446,0.3402050719860451,6.147901014986313,10.044160672519,-0.0605825973041922,0.7589285714285714,0.0186745277443437,0.0165798254752879,7.151761046688375,0.1380471356055113,-0.0522990559919289,0.4444444444444444,224.0,0.0290356963931388,0.0027436154214221,6.806539866532648,5.340059355250355e-10,0.0132378706311757,0.0241111848575116,13,0,0.4298634254613256,0.012849474765253,0.1350970446798593,-2791.3295868585265,662741.7707644032,846813.9391061298,748297.9208421467,659950.4411775446,509702.4888716899,388947.2303771949,SUNDRMBRAK,SUNDARAMBRAKE LININGS LTD,BE,2025-08-20,2026-08-27,252,969135.525,1364.0,0.0039682539682539,0.0433656661719518,0,0,1.0,LOW,FULL,False,False,gap_fade_100,"{""gap_threshold"":0.01}",INTRADAY_SHORT_ALLOWED_RESEARCH,2025-08-20,2026-08-27,98.14358230601886,98.57287889775199,98.43364757070341,89.3313995649021,98.13197969543147,96.9633067440174,5,ROBUST POSITIVE,LOW LIQUIDITY,641,
148,180,INE691G01015,166,166,1645208.1310187574,1158761.4837157044,16.452081310187573,11.587614837157044,0.33752450215273,7.706057567237483,14.101844416214888,-0.0811609217842685,0.6626506024096386,0.0156685737586874,0.0132721930095887,5.8271936634909896,0.0844864864864866,-0.0442535211267604,0.6587301587301587,332.0,0.0245644121754143,0.0019065681423614,8.218208104159425,5.773010142283847e-14,0.0119041586215398,0.0194329888958349,10,2,0.527990452980174,-0.0399970440648145,0.2091027172246805,134907.23504204105,1023854.2486736634,1645208.1310187574,1382280.076495736,1158761.4837157044,807318.2264940861,553573.8815037832,IMPEXFERRO,IMPEX FERRO TECH LIMITED,BZ,2025-08-20,2026-08-27,222,22489.56,11855.0,0.0,0.0500586861777089,24,0,0.8809523809523809,LOW,PARTIAL,False,True,gap_fade_050,"{""gap_threshold"":0.005}",INTRADAY_SHORT_ALLOWED_RESEARCH,2025-08-20,2026-08-27,98.9238578680203,99.4140681653372,98.90935460478609,85.40246555474982,98.76722262509064,96.95946337926034,5,ROBUST POSITIVE,LIMITED SAMPLE,372,
149,149,INE498E01010,162,162,1908827.6402011083,1360927.012663432,19.08827640201109,13.60927012663432,0.3711232593325135,7.444067711991362,12.010774066758408,-0.085129868955975,0.7839506172839507,0.0170534979750997,0.0152897065861763,5.550755735076973,0.1219682539682539,-0.0586945606694562,0.6428571428571429,324.0,0.0273418431349059,0.0021481780767589,7.938586730588394,3.295395821006837e-13,0.0128112585266069,0.0212957374235925,12,1,0.5369945990473712,-0.0237018794795598,0.1410244235020624,14421.68160478017,1346505.3310586517,1908827.6402011083,1613245.5427490324,1360927.012663432,961797.5528763788,671225.1790137027,SALONA,SALONA COTSPIN LTD.,EQ,2025-08-20,2026-08-27,252,162443.75,605.5,0.0873015873015873,0.0539488103561307,0,0,1.0,LOW,FULL,False,False,gap_fade_050,"{""gap_threshold"":0.005}",INTRADAY_SHORT_ALLOWED_RESEARCH,2025-08-20,2026-08-27,99.10659898477158,99.28353879622915,99.0833937635968,84.57432922407541,99.09209572153735,96.95460478607687,5,ROBUST POSITIVE,LOW LIQUIDITY,309,
150,194,INE760W01023,129,129,1291151.1324688257,980023.8287926436,12.911511324688258,9.800238287926437,0.379131413438902,6.489486186204472,9.487224465042251,-0.0759545163144187,0.7829457364341085,0.0190726206997514,0.018744356314826,5.247657405847484,0.1167759336099586,-0.0586194837635303,0.5119047619047619,258.0,0.0306525430653556,0.0026988059323077,7.067058980206962,9.091099238583863e-11,0.0137325720721825,0.0244126693273202,13,0,0.5969855236478523,0.0270031354999429,0.1529805336673784,1064.3015521065536,978959.527240537,1291151.1324688257,1125831.614850041,980023.8287926436,738061.7081856114,549982.1654208294,RPPL,RAJSHREE POLYPACK LTD,BE,2025-08-20,2026-08-27,252,1408613.825,74296.5,0.0,0.0548339429510178,0,0,1.0,OK,FULL,False,False,gap_fade_100,"{""gap_threshold"":0.01}",INTRADAY_SHORT_ALLOWED_RESEARCH,2025-08-20,2026-08-27,98.71211022480057,98.78752719361856,98.90065264684554,86.57868020304569,98.70340826686005,96.94314720812183,5,ROBUST POSITIVE,COMPARABLE,445,20
151,167,INE839G01010,131,131,1489888.9775006175,1129742.5745526054,14.898889775006175,11.297425745526054,0.3353095665482871,7.683851338563149,8.721590395711768,-0.0830370370370371,0.8549618320610687,0.0196677012347716,0.0180767826798413,8.034227720922562,0.103062082139446,-0.083037037037037,0.5198412698412699,262.0,0.0259667177221764,0.0022687226612037,8.669063685526078,1.5065487623807046e-14,0.0151793047764975,0.0241560976930457,12,1,0.5396128433642302,-0.0390855053983009,0.1499583693050001,-5377.488418680383,1135120.0629712858,1489888.9775006175,1298356.3604000632,1129742.5745526054,850697.4321398644,634598.8936574424,JOCIL,JOCIL LIMITED,BE,2025-08-20,2026-08-27,252,308727.835,2141.0,0.0039682539682539,0.046778798094339,0,0,1.0,LOW,FULL,False,False,gap_fade_100,"{""gap_threshold"":0.01}",INTRADAY_SHORT_ALLOWED_RESEARCH,2025-08-20,2026-08-27,98.89775199419869,99.39376359680928,99.03988397389412,84.99782451051486,98.90355329949239,96.94155184916606,5,ROBUST POSITIVE,LOW LIQUIDITY,381,
152,294,INE071F01012,143,143,857247.891630001,622120.149376047,8.57247891630001,6.22120149376047,0.3067226436523775,6.6191106245517926,9.70657633524021,-0.0599067144353252,0.7762237762237763,0.014197420345385,0.012259429622815,5.631657952434783,0.138250756593169,-0.0478855098389983,0.5674603174603174,286.0,0.0239185691015664,0.0020001712301987,7.0981024679444085,5.552330871700734e-11,0.0102434598684055,0.0181513808223645,13,0,0.4761180797142332,0.034058555513017,0.135120351454779,-30234.4827586208,652354.6321346677,857247.891630001,731471.0234645496,622120.149376047,444443.2373067313,310254.0651616703,APCL,ANJANI PORTLAND CEM LTD,EQ,2025-08-20,2026-08-27,252,692044.44,5783.0,0.0,0.0488550859634296,0,0,1.0,LOW,FULL,False,False,gap_fade_100,"{""gap_threshold"":0.01}",INTRADAY_SHORT_ALLOWED_RESEARCH,2025-08-20,2026-08-27,98.03915881073242,98.87454677302394,98.11167512690355,89.41551849166063,98.1087744742567,96.94111675126905,5,ROBUST POSITIVE,LOW LIQUIDITY,677,
153,534,INE586E01020,61,61,338318.8948596719,289055.78998630296,3.383188948596719,2.8905578998630297,0.2327959651774741,5.9638745542371865,19.331042139829847,-0.0137647058823529,0.8360655737704918,0.0227600972631315,0.023022610792885,20.96063417530392,0.0774520547945205,-0.0137647058823529,0.242063492063492,122.0,0.0223713394785511,0.0028643565067533,7.945972231274268,6.059019865725329e-11,0.0170305311812005,0.0284896633450625,5,0,0.4336516269419661,0.0,0.1749963445875615,5909.090909090868,283146.6990772121,338318.8948596719,312965.4260451246,289055.78998630296,245248.76058419945,206302.49167538725,IWP,INDIAN WOOD PRODUCTS CO L,EQ,2026-04-20,2026-08-27,91,130247.42,3834.0,0.0,0.0566944978987569,0,0,0.3611111111111111,LOW,PARTIAL,True,True,gap_fade_050,"{""gap_threshold"":0.005}",INTRADAY_SHORT_ALLOWED_RESEARCH,2025-08-20,2026-08-27,96.49021029731689,98.38723712835387,97.49963741841916,95.76939811457578,96.35097897026832,96.93553299492386,5,ROBUST POSITIVE,LIMITED SAMPLE,1211,
154,150,INE018401013,136,136,1696892.332222962,1276321.6813175029,16.96892332222962,12.76321681317503,0.3641618625231181,7.413217482872868,7.644904315978101,-0.0854174285714286,0.8455882352941176,0.019850081513617,0.0175472923498137,7.343503316588691,0.160962962962963,-0.0813103448275862,0.5396825396825397,272.0,0.0282082670672686,0.0024188389456793,8.20645026783395,1.6028301749778388e-13,0.0150663624109013,0.0246338006163328,13,0,0.5553420299566001,0.0890266377892166,0.1277016629066039,-45323.74100719433,1321645.4223246973,1696892.332222962,1472712.7404121673,1276321.6813175029,953634.9977518106,706179.7164687893,SUVIDHAA,SUVIDHAA INFOSERVE LTD,EQ,2025-08-20,2026-08-27,252,278459.48,86948.5,0.0,0.0562378339959923,0,0,1.0,LOW,FULL,False,False,gap_fade_100,"{""gap_threshold"":0.01}",INTRADAY_SHORT_ALLOWED_RESEARCH,2025-08-20,2026-08-27,99.03118201595359,99.26903553299492,99.13850616388687,84.52791878172589,99.06018854242204,96.93052936910804,5,ROBUST POSITIVE,LOW LIQUIDITY,335,
155,39,INE497D01022,170,170,5302050.265190122,3773707.013182701,53.02050265190122,37.73707013182701,0.4019621187452966,9.360275013143545,11.017989278783634,-0.1017316984282135,0.8235294117647058,0.0221322116254225,0.0198496176280472,7.88470322739693,0.099000322684737,-0.0907550200803213,0.6746031746031746,340.0,0.028141229140957,0.0021583337494245,10.254304567735874,1.7288957917733698e-19,0.0178714440050588,0.0263929792457863,13,0,0.7220605213991338,0.0989534563186425,0.1899250619248907,-23278.960464473348,3796985.9736471744,5302050.265190122,4474862.454549598,3773707.013182701,2675949.723304158,1887979.881574738,DAMODARIND,DAMODAR INDUSTRIES LTD,BE,2025-08-20,2026-08-27,252,148791.87,5237.5,0.0079365079365079,0.0549688643697935,3,0,1.0,LOW,FULL,False,False,gap_fade_100,"{""gap_threshold"":0.01}",INTRADAY_SHORT_ALLOWED_RESEARCH,2025-08-20,2026-08-27,99.75634517766497,99.85206671501088,99.7505438723713,80.77447425670776,99.7505438723713,96.9258883248731,5,ROBUST POSITIVE,LOW LIQUIDITY,85,
156,279,INE303A01010,176,176,1103502.972092691,750236.8385982596,11.035029720926913,7.502368385982596,0.2937025750158467,7.462591149629074,12.280001758507636,-0.0689231730802671,0.7102272727272727,0.012453308164412,0.0110014307142213,4.762858843214409,0.0674072088173964,-0.0610961761297799,0.6984126984126984,352.0,0.0210695567819382,0.0015881775987449,7.841256654327197,4.202969831018966e-13,0.0093188610637394,0.0155877552650847,13,0,0.4375635162643281,0.0099762799901674,0.1121371571715274,2427.391193254458,747809.4474050051,1103502.972092691,911651.198938984,750236.8385982596,500252.550497178,323475.4816144155,DICIND,DIC INDIA LIMITED,EQ,2025-08-20,2026-08-27,252,842196.85,1621.0,0.0039682539682539,0.0463213721805239,0,0,1.0,LOW,FULL,False,False,gap_fade_050,"{""gap_threshold"":0.005}",INTRADAY_SHORT_ALLOWED_RESEARCH,2025-08-20,2026-08-27,98.35532994923858,99.2922407541697,98.16678752719362,87.86366932559827,98.32632342277012,96.92545322697606,5,ROBUST POSITIVE,LOW LIQUIDITY,568,
157,77,INE341R01014,251,251,1002874.0375832404,570417.3996009998,10.028740375832404,5.704173996009998,0.2512116809207498,7.724948161893352,14.647966642515623,-0.0520973418026404,0.7131474103585658,0.0077314629991031,0.0045578770779319,4.442832368563587,0.1244653873862073,-0.041628393090434,0.996031746031746,502.0,0.0158489551059325,0.0010003771757812,7.728547977981257,2.64547883516747e-13,0.0057612217585874,0.0097017042396188,13,0,0.3901640499494494,0.0476144347582772,0.0946490430111891,-12513.831606478212,582931.231207478,1002874.0375832404,759981.6767049833,570417.3996009998,307131.7445129887,146997.9042036678,DTIL,DHUNSERI TEA & IND. LTD.,EQ,2025-08-20,2026-08-27,252,490149.205,3163.5,0.0,0.041968767804688,0,0,1.0,LOW,FULL,False,False,close_to_open,{},LONG_ONLY,2025-08-20,2026-08-27,97.84771573604061,99.42277012327774,96.90210297316895,90.83103698332124,97.86511965192169,96.92458303118202,5,ROBUST POSITIVE,LOW LIQUIDITY,743,
158,77,INE506Z01015,167,167,3525219.9942075983,2513049.575374936,35.25219994207598,25.13049575374936,0.4716259873163612,7.189598746853191,11.83099192225252,-0.0950383652985802,0.7245508982035929,0.0203042012418749,0.0186561360874848,5.350318416662334,0.1816893203883496,-0.0876666666666666,0.6626984126984127,334.0,0.0345649407789856,0.0026747154205945,7.591163189002532,2.173646609810317e-12,0.0150233560856638,0.025585046398086,13,0,0.6939923450142047,0.0627183652277991,0.1683411471529973,-60585.231193926906,2573634.806568864,3525219.9942075983,2978051.557156095,2513049.575374936,1782267.426632978,1254984.401138561,DHRUV,DHRUV CONSULTANCY SER LTD,EQ,2025-08-20,2026-08-27,251,449827.14,11115.0,0.0,0.0588328171422306,2,0,0.996031746031746,LOW,FULL,False,True,gap_fade_050,"{""gap_threshold"":0.005}",INTRADAY_SHORT_ALLOWED_RESEARCH,2025-08-20,2026-08-27,99.55620014503263,99.18201595358956,99.55910079767948,82.36403190717911,99.56490210297318,96.90485859318346,5,ROBUST POSITIVE,LOW LIQUIDITY,154,
159,325,INE559N01010,125,125,717416.7389902007,539061.1710315725,7.174167389902006,5.390611710315725,0.3034094913923851,6.283990638767909,8.023711111478095,-0.0542807017543858,0.744,0.0152529792289846,0.0140433683747847,4.906795860034097,0.1035403412681692,-0.0542807017543858,0.496031746031746,250.0,0.02492501225025,0.0022293608692629,6.841861916248368,3.1833720448072545e-10,0.0108404495877716,0.0196655088701976,13,0,0.3938306309390678,0.0053236745741125,0.0983467079135928,-14834.901922059056,553896.0729536315,717416.7389902007,622801.9378452356,539061.1710315725,399379.0098181798,290037.3979135707,SRGHFL,SRG HOUSING FINANCE L,EQ,2025-08-20,2026-08-27,251,530511.3,1856.0,0.0358565737051792,0.0470731696784921,0,0,0.996031746031746,LOW,FULL,False,True,gap_fade_100,"{""gap_threshold"":0.01}",INTRADAY_SHORT_ALLOWED_RESEARCH,2025-08-20,2026-08-27,97.76359680928209,98.67730239303843,97.99564902102973,90.45685279187818,97.76939811457578,96.89789702683105,5,ROBUST POSITIVE,LOW LIQUIDITY,772,
160,53,INE615R01029,192,192,4893493.847382177,3325865.793731248,48.93493847382177,33.25865793731248,0.4246578180163372,8.587793886006878,13.542264610133715,-0.1005033880236737,0.7239583333333334,0.0189941344437798,0.0190334022355931,5.531182357779599,0.103614973262032,-0.0815180722891566,0.7619047619047619,384.0,0.0292243516083601,0.0021090859084973,9.005860959600358,2.1868442093167878e-16,0.0148340426561211,0.0231542262314384,13,0,0.742557423521272,0.0546989337284768,0.1899157826540475,-58901.32248219733,3384767.1162134456,4893493.847382177,4036448.342197407,3325865.793731248,2248627.5897714924,1508920.8728805357,TRU,TRUCAP FINANCE LIMITED,EQ,2025-08-20,2026-08-27,252,896939.5900000001,131867.5,0.0,0.0585754103832327,10,0,1.0,LOW,FULL,False,False,gap_fade_050,"{""gap_threshold"":0.005}",INTRADAY_SHORT_ALLOWED_RESEARCH,2025-08-20,2026-08-27,99.68963016678752,99.71573604060914,99.64902102973168,81.05873821609862,99.69543147208122,96.89325598259609,5,ROBUST POSITIVE,LOW LIQUIDITY,108,
161,81,INE849L01019,158,158,3299574.2511430257,2394685.869212896,32.99574251143026,23.94685869212896,0.4463767399532248,7.467648547361358,16.522512283034928,-0.0957178409283702,0.6392405063291139,0.0210973709727063,0.0103840196303964,6.348423457984805,0.0957443609022554,-0.0439161676646705,0.626984126984127,316.0,0.0331209832333631,0.0026349639470364,8.006701949920314,2.468757955987901e-13,0.0158928187394427,0.0263019232059698,12,0,0.677551629673177,0.0,0.2448447278626033,69587.44289867108,2325098.4263142245,3299574.2511430257,2812414.2164469543,2394685.869212896,1729545.180615963,1240927.5260867607,ORTEL,ORTEL COMMUNICATIONS LTD,BZ,2025-08-20,2026-08-24,213,11886.16,7053.0,0.0187793427230046,0.0657027376486345,14,0,0.8452380952380952,LOW,PARTIAL,False,True,gap_fade_050,"{""gap_threshold"":0.005}",INTRADAY_SHORT_ALLOWED_RESEARCH,2025-08-20,2026-08-27,99.53879622915156,99.29514140681654,99.55039883973895,82.18999274836838,99.51849166062364,96.88600435097898,5,ROBUST POSITIVE,LIMITED SAMPLE,160,
162,372,INE926K01017,155,155,756965.0681118787,530990.5216313096,7.569650681118787,5.309905216313097,0.2897012517855016,6.523347842235165,10.2085824079798,-0.0532922580480352,0.7096774193548387,0.0121924002305017,0.0113342222814853,4.553199200624035,0.0975241332426921,-0.0418773006134969,0.6150793650793651,310.0,0.0220278213113872,0.0017693171850916,6.891020068778774,1.333278562334086e-10,0.0086971352601394,0.0156876652008641,13,0,0.3454274987582473,0.0339840039614032,0.0858232705017996,-13176.276352552712,544166.7979838623,756965.0681118787,635403.69955147,530990.5216313096,364322.1148553249,241469.30816183565,AHLEAST,ASIAN HOTELS (EAST) LTD,EQ,2025-08-20,2026-08-27,252,440464.455,3030.5,0.0158730158730158,0.0386488129903476,0,0,1.0,LOW,FULL,False,False,gap_fade_050,"{""gap_threshold"":0.005}",INTRADAY_SHORT_ALLOWED_RESEARCH,2025-08-20,2026-08-27,97.7258883248731,98.81073241479332,97.74619289340102,90.61638868745467,97.73168963016678,96.88165337200871,5,ROBUST POSITIVE,LOW LIQUIDITY,785,
163,155,INE748T01016,170,170,1869979.470561725,1309883.2232684589,18.69979470561725,13.098832232684588,0.3408181028054573,7.971372444339575,14.537174550397612,-0.088381993485925,0.6941176470588235,0.0159811060778559,0.0141799697166342,5.392353058638706,0.0785223068552773,-0.0450672268907563,0.6746031746031746,340.0,0.0245152041289701,0.0018802303261366,8.499547026609548,9.605973618714766e-15,0.0122693425498265,0.0196928696058854,12,0,0.559945836423325,0.0,0.187922275174256,-25847.33762106585,1335730.5608895246,1869979.470561725,1566702.8423654048,1309883.2232684589,908365.513480518,620717.5392014614,SIMBHALS,SIMBHAOLI SUGARS LTD.,BZ,2025-08-20,2026-08-27,233,134152.76,14192.0,0.0042918454935622,0.050876893236122,8,0,0.9246031746031746,LOW,PARTIAL,False,True,gap_fade_050,"{""gap_threshold"":0.005}",INTRADAY_SHORT_ALLOWED_RESEARCH,2025-08-20,2026-08-27,99.06598984771574,99.5416968817984,99.01377810007251,83.89557650471356,99.08629441624366,96.8791878172589,5,ROBUST POSITIVE,LIMITED SAMPLE,323,
164,243,INE356B01024,118,118,959596.33078949,740490.3925438578,9.595963307894898,7.404903925438578,0.3740081115945398,5.893072502370723,9.855796218141124,-0.0674540076385392,0.7203389830508474,0.0186784484584863,0.0145951711356773,6.098204264352044,0.1995261627906975,-0.065846273051294,0.4682539682539682,236.0,0.0316816248100478,0.0029165299653907,6.40433963653228,3.272395920440955e-09,0.0129024136921381,0.0244544832248344,10,1,0.5361443526457628,-0.0018848801481595,0.1732123539002263,-58632.03834871578,799122.4308925736,959596.33078949,843759.4439343688,740490.3925438578,566387.7182706012,428107.52526551,SYSTMTXC,SYSTEMATIX CORP SERVICE L,BE,2025-10-06,2026-08-27,221,6019093.62,70973.0,0.0,0.0550860123742948,0,0,0.876984126984127,OK,PARTIAL,True,True,gap_fade_100,"{""gap_threshold"":0.01}",INTRADAY_SHORT_ALLOWED_RESEARCH,2025-08-20,2026-08-27,98.34082668600435,98.31472081218274,98.58448150833937,88.14793328498912,98.41914430746918,96.87106598984771,5,ROBUST POSITIVE,LIMITED SAMPLE,573,
165,6,INE185E01021,151,151,15358925.394623691,11438034.933411838,153.58925394623694,114.38034933411838,0.4991650651149953,9.843363402879865,14.889313253786735,-0.1072631578947366,0.7086092715231788,0.0325394909533052,0.0343636363636363,15.773342052213316,0.1313333333333333,-0.1072631578947367,0.5992063492063492,302.0,0.0350330780242292,0.0028509514571347,11.413554893006888,4.120917718399184e-22,0.0269062807710528,0.0381727011355575,13,0,0.7701050168892221,0.1352808381474499,0.2482244631387676,-67857.14285714288,11505892.076268982,15358925.394623691,13256306.545897916,11438034.933411838,8506716.465650659,6316456.852956331,FILATFASH,FILATEX FASHIONS LIMITED,EQ,2025-08-20,2026-08-27,252,14146219.52,40314658.5,0.0,0.0654445688970291,16,0,1.0,OK,FULL,False,False,gap_fade_050,"{""gap_threshold"":0.005}",INTRADAY_SHORT_ALLOWED_RESEARCH,2025-08-20,2026-08-27,99.96664249456127,99.90572878897753,99.97534445250182,79.36620739666425,99.96664249456127,96.86613488034808,5,ROBUST POSITIVE,COMPARABLE,12,21
166,6,INE185E01021,151,151,15358925.394623691,11438034.933411838,153.58925394623694,114.38034933411838,0.4991650651149953,9.843363402879865,14.889313253786735,-0.1072631578947366,0.7086092715231788,0.0325394909533052,0.0343636363636363,15.773342052213316,0.1313333333333333,-0.1072631578947367,0.5992063492063492,302.0,0.0350330780242292,0.0028509514571347,11.413554893006888,4.120917718399184e-22,0.0269062807710528,0.0381727011355575,13,0,0.7701050168892221,0.1352808381474499,0.2482244631387676,-67857.14285714288,11505892.076268982,15358925.394623691,13256306.545897916,11438034.933411838,8506716.465650659,6316456.852956331,FILATFASH,FILATEX FASHIONS LIMITED,EQ,2025-08-20,2026-08-27,252,14146219.52,40314658.5,0.0,0.0654445688970291,16,0,1.0,OK,FULL,False,False,gap_fade_100,"{""gap_threshold"":0.01}",INTRADAY_SHORT_ALLOWED_RESEARCH,2025-08-20,2026-08-27,99.96664249456127,99.90572878897753,99.97534445250182,79.36620739666425,99.96664249456127,96.86613488034808,5,ROBUST POSITIVE,COMPARABLE,12,22
167,54,INE615R01029,167,167,4054109.706334546,2895214.7335100896,40.54109706334546,28.952147335100896,0.408043577748798,8.58656482600743,12.83061611576431,-0.100503388023674,0.7365269461077845,0.0209801954022518,0.0196867469879518,6.871322913264879,0.103614973262032,-0.0815180722891566,0.6626984126984127,334.0,0.0291490179504455,0.0022556187295609,9.301303951459792,7.91124813483192e-17,0.0165267970517039,0.0254335937527997,13,0,0.7893003597043942,0.0142643013539358,0.2158104868559752,-58901.32248219733,2954116.055992287,4054109.706334546,3427668.506463677,2895214.7335100896,2058236.2092531344,1454139.133554428,TRU,TRUCAP FINANCE LIMITED,EQ,2025-08-20,2026-08-27,252,896939.5900000001,131867.5,0.0,0.0585754103832327,10,0,1.0,LOW,FULL,False,False,gap_fade_100,"{""gap_threshold"":0.01}",INTRADAY_SHORT_ALLOWED_RESEARCH,2025-08-20,2026-08-27,99.643219724438,99.7128353879623,99.62871646120377,81.05583756345177,99.643219724438,96.86613488034808,5,ROBUST POSITIVE,LOW LIQUIDITY,124,
168,359,INE962C01035,89,89,572322.7628924464,464674.8848109344,5.723227628924463,4.646748848109344,0.3469641055162438,5.172424834769132,12.541426470975694,-0.0382318840579711,0.5280898876404494,0.0201645590578165,0.0047340067340067,7.574316589532646,0.0926700507614212,-0.038231884057971,0.3531746031746032,178.0,0.0331146258120185,0.0035101433157943,5.74465406215282,1.2973676323779913e-07,0.0131888868222336,0.0271402312933995,7,2,0.4851754659110228,-0.009960079920032,0.186040731119555,102145.54697548522,362529.3378354492,572322.7628924464,516178.7733434262,464674.8848109344,374100.1785690979,297916.70212623564,EASTSILK,EASTERN SILK INDUSTRIES L,BE,2025-08-20,2026-08-27,161,44408.21,710.0,0.1180124223602484,0.0410540620975754,41,0,0.6388888888888888,LOW,PARTIAL,False,True,gap_fade_100,"{""gap_threshold"":0.01}",INTRADAY_SHORT_ALLOWED_RESEARCH,2025-08-20,2026-08-27,97.502538071066,97.6243654822335,98.05366207396663,92.92820884699057,96.98912255257433,96.84829586656998,5,ROBUST POSITIVE,LIMITED SAMPLE,862,
169,440,INE458F01011,91,91,437498.6649353013,349456.9330759495,4.374986649353013,3.4945693307594947,0.2518266087654336,6.107295811660952,8.558361670779814,-0.0354923158452571,0.8461538461538461,0.0169008746481089,0.0140493827160493,9.361910737329742,0.0894660831509848,-0.0354923158452571,0.3611111111111111,182.0,0.0227445282013772,0.0023842744031897,7.088477159129934,2.945702614292785e-10,0.0121640973932401,0.0216376519029777,13,0,0.4016696610894295,0.0328777251527629,0.1019343945015194,-10435.125024611045,359892.05810056056,437498.6649353013,391532.0444981887,349456.9330759495,275703.88292813726,213942.1178274761,UNITEDTEA,UNITED NILGIRI TEA LTD,EQ,2025-08-20,2026-08-27,252,854767.6000000001,1824.5,0.0,0.0317442485181177,0,0,1.0,LOW,FULL,False,False,gap_fade_100,"{""gap_threshold"":0.01}",INTRADAY_SHORT_ALLOWED_RESEARCH,2025-08-20,2026-08-27,96.92530819434373,98.535170413343,97.54314720812182,93.30819434372734,96.96591733139957,96.8364031907179,5,ROBUST POSITIVE,LOW LIQUIDITY,1061,
170,7,INE440L01017,147,147,14904693.722717514,11187963.766494034,149.04693722717514,111.87963766494032,0.5486777049363195,8.95506234222629,14.10298568667315,-0.1075097726457742,0.8095238095238095,0.0334247826768325,0.0295533980582524,11.190886172401118,0.2225862884160754,-0.1006964618249535,0.5833333333333334,294.0,0.0398131858546102,0.0032837362243508,10.178887825693218,1.0082607723333538e-18,0.0269349848590409,0.0399145804946241,13,0,1.359418404159726,0.0846959598969983,0.3423770929812426,-24968.31432192652,11212932.08081596,14904693.722717514,12915214.52740443,11187963.766494034,8387190.133553227,6277804.069096513,TIJARIA,TIJARIA POLYPIPES LTD,EQ,2025-08-20,2026-08-27,252,181799.35,36431.5,0.0,0.0743208386276572,5,0,1.0,LOW,FULL,False,False,gap_fade_100,"{""gap_threshold"":0.01}",INTRADAY_SHORT_ALLOWED_RESEARCH,2025-08-20,2026-08-27,99.962291515591,99.78825235678028,99.96519216823785,79.30964467005076,99.962291515591,96.83016678752719,5,ROBUST POSITIVE,LOW LIQUIDITY,14,
171,227,INE452O01016,134,134,1063879.7994208578,794267.5485908793,10.63879799420858,7.942675485908794,0.3755669135280251,6.040523233961899,13.081409483378676,-0.0711610505430863,0.6716417910447762,0.0169300049781596,0.0141290322580645,4.273421816942864,0.0932380952380951,-0.0444242424242423,0.5317460317460317,268.0,0.0303496165207928,0.0026218075440815,6.457379000368443,1.839037405997209e-09,0.0117441712139101,0.0221158387424091,11,1,0.3793428647683541,-0.008829716535696,0.1150553808139185,-23841.059602649024,818108.6081935284,1063879.7994208578,920271.9712609196,794267.5485908793,586753.8879713479,427118.4342747482,FLFL,FUT LIFESTYLE FASH LTD,BZ,2025-08-25,2026-08-27,246,55349.265,40705.0,0.0,0.0652803972933032,2,0,0.9761904761904762,LOW,FULL,True,True,gap_fade_100,"{""gap_threshold"":0.01}",INTRADAY_SHORT_ALLOWED_RESEARCH,2025-08-20,2026-08-27,98.44815083393763,98.47135605511241,98.57868020304569,87.42712110224801,98.45395213923133,96.8269035532995,5,ROBUST POSITIVE,LOW LIQUIDITY,536,
172,355,INE926K01017,110,110,611756.3245866691,473270.44945039,6.117563245866691,4.732704494503899,0.2748604168292379,6.508796087645868,7.985805895986788,-0.0532922580480351,0.7818181818181819,0.0162637309609714,0.0165552942811507,6.5982493460613085,0.0975241332426921,-0.0418773006134969,0.4365079365079365,220.0,0.0232365376000444,0.002215516930524,7.340829012362412,4.042625376920793e-11,0.0118726484318182,0.0206548134901245,13,0,0.3383665568393961,0.0562204121553475,0.0892958650549089,-13176.276352552712,486446.7258029426,611756.3245866691,538805.377410807,473270.44945039,361532.68973720056,271414.911872402,AHLEAST,ASIAN HOTELS (EAST) LTD,EQ,2025-08-20,2026-08-27,252,440464.455,3030.5,0.0158730158730158,0.0386488129903476,0,0,1.0,LOW,FULL,False,False,gap_fade_100,"{""gap_threshold"":0.01}",INTRADAY_SHORT_ALLOWED_RESEARCH,2025-08-20,2026-08-27,97.54314720812182,98.80203045685279,97.89992748368383,90.61928934010153,97.53444525018129,96.82596084118927,5,ROBUST POSITIVE,LOW LIQUIDITY,848,
173,163,INE369I01014,160,160,1760191.2112522984,1258010.46252918,17.601912112522985,12.5801046252918,0.4109906316549619,6.579845880195095,12.267749528675935,-0.0846765908867582,0.66875,0.0169015938405855,0.0153164343050275,4.166690186754385,0.0931219512195121,-0.0432307692307694,0.6349206349206349,320.0,0.0308737142372708,0.0024407814204736,6.924665067839618,1.0213356300708064e-10,0.0120810597789746,0.0217221279021963,12,1,0.5431688125274732,-0.0330886659233919,0.1477410550401152,7142.857142857203,1250867.6053863228,1760191.2112522984,1489512.60337932,1258010.46252918,890784.3136929052,622411.3166565304,IL&FSENGG,IL&FS ENG AND CONS CO LTD,BZ,2025-08-20,2026-08-27,252,459284.965,16099.5,0.0,0.0560442205066597,2,0,1.0,LOW,FULL,False,False,gap_fade_050,"{""gap_threshold"":0.005}",INTRADAY_SHORT_ALLOWED_RESEARCH,2025-08-20,2026-08-27,99.01667875271937,98.84844089920232,99.01957940536622,84.65989847715736,98.98767222625091,96.82429296591734,5,ROBUST POSITIVE,LOW LIQUIDITY,340,
174,525,INE586E01020,56,56,312529.8588947544,269804.63131565886,3.125298588947544,2.6980463131565884,0.2306662581499406,5.795633570562596,19.74537315887357,-0.0137647058823529,0.8392857142857143,0.0238724483808902,0.0238528660942213,24.57853408463312,0.0774520547945205,-0.0137647058823529,0.2222222222222222,112.0,0.0226329379291954,0.0030244535495417,7.893144328338885,1.3025582117931302e-10,0.0178113080226306,0.0299335887391498,5,0,0.4523243688268832,0.0,0.1678261067451711,5909.090909090868,263895.540406568,312529.8588947544,290593.9036996877,269804.63131565886,231433.47698210948,196979.9329833692,IWP,INDIAN WOOD PRODUCTS CO L,EQ,2026-04-20,2026-08-27,91,130247.42,3834.0,0.0,0.0566944978987569,0,0,0.3611111111111111,LOW,PARTIAL,True,True,gap_fade_100,"{""gap_threshold"":0.01}",INTRADAY_SHORT_ALLOWED_RESEARCH,2025-08-20,2026-08-27,96.30746918056563,98.23350253807106,97.43582306018854,95.76939811457578,96.21754894851342,96.8196519216824,5,ROBUST POSITIVE,LIMITED SAMPLE,1274,
175,197,INE691G01015,143,143,1316185.243641658,969150.1223043668,13.16185243641658,9.691501223043666,0.3199716210462707,7.595463504244113,15.197271564742262,-0.0811609217842685,0.6573426573426573,0.0169953340562991,0.0151428571428571,7.390636932956007,0.0844864864864866,-0.03325,0.5674603174603174,286.0,0.0243376779779187,0.002035218875116,8.350617353295908,5.517961075525482e-14,0.0129720910095466,0.0210185771030515,10,2,0.527990452980174,-0.0399970440648145,0.1963168177314431,134907.23504204105,834242.8872623256,1316185.243641658,1130578.6950918967,969150.1223043668,706708.6716636464,508349.5909721985,IMPEXFERRO,IMPEX FERRO TECH LIMITED,BZ,2025-08-20,2026-08-27,222,22489.56,11855.0,0.0,0.0500586861777089,24,0,0.8809523809523809,LOW,PARTIAL,False,True,gap_fade_100,"{""gap_threshold"":0.01}",INTRADAY_SHORT_ALLOWED_RESEARCH,2025-08-20,2026-08-27,98.68890500362582,99.35315445975344,98.82523567802755,85.40246555474982,98.5032632342277,96.81892675852067,5,ROBUST POSITIVE,LIMITED SAMPLE,453,
176,171,INE847C01020,132,132,1468174.0955222151,1110500.5720957897,14.681740955222152,11.105005720957896,0.3189724728345459,8.010749892945253,9.732899039691612,-0.0878175005395285,0.8484848484848485,0.0193576416864531,0.0182546379682996,8.840918550168622,0.1345151515151514,-0.0718181818181817,0.5238095238095238,264.0,0.0243677257194588,0.0021209382871073,9.12692359043312,1.1012587113942816e-15,0.0151619198276086,0.0235533635452977,13,0,0.5325511747820522,0.0017385694089158,0.136010101379038,-15357.195900787176,1125857.7679965766,1468174.0955222151,1277866.7326294102,1110500.5720957897,833930.7388606179,620182.2548850571,ROSSELLIND,ROSSELL INDIA LIMITED,EQ,2025-08-20,2026-08-27,252,1377094.355,24982.0,0.0,0.0477349937081642,0,0,1.0,OK,FULL,False,False,gap_fade_100,"{""gap_threshold"":0.01}",INTRADAY_SHORT_ALLOWED_RESEARCH,2025-08-20,2026-08-27,98.87454677302394,99.55910079767948,99.01087744742567,84.03625815808556,98.89485134155184,96.81704133430023,5,ROBUST POSITIVE,COMPARABLE,389,23
177,326,INE080A01014,116,116,699345.1352510167,536280.1648062402,6.993451352510167,5.362801648062402,0.2625661245953638,7.202041246721235,9.297601436029716,-0.0623108915669027,0.8362068965517241,0.0163018280976513,0.01818738613392,6.438443759358298,0.0752902932484654,-0.0411561913018349,0.4603174603174603,232.0,0.0212706423403781,0.0019749295613198,8.254384569927158,2.884574745397304e-13,0.0123898727295125,0.0202137834657901,13,0,0.3461712801678034,0.0155863615971287,0.0966749923177725,-30540.242557883088,566820.4073641233,699345.1352510167,613207.2217494857,536280.1648062402,406252.3785823389,302614.7111359672,WEIZMANIND,WEIZMANN LTD,EQ,2025-08-20,2026-08-27,252,152143.60499999998,1656.0,0.0158730158730158,0.0422137609621021,1,0,1.0,LOW,FULL,False,False,gap_fade_100,"{""gap_threshold"":0.01}",INTRADAY_SHORT_ALLOWED_RESEARCH,2025-08-20,2026-08-27,97.75489485134156,99.19071791153009,98.07686729514141,89.02393038433648,97.83031182015954,96.81189267585206,5,ROBUST POSITIVE,LOW LIQUIDITY,775,
178,3,INE210A01017,251,251,7013652.474132695,4239513.48906552,70.13652474132695,42.39513489065519,0.4961316157022556,7.8952208640551484,22.403162391162667,-0.1030473298051818,0.5737051792828686,0.0156058513291228,0.0081010101010101,4.4739169537353805,0.1474252873563217,-0.0450422064354367,0.996031746031746,502.0,0.0313003023499291,0.0019756575658544,7.8990669227507,8.914704365434593e-14,0.0117147969272237,0.019496905731022,12,1,0.7608750795741885,-0.0101013768506681,0.2601810759468808,-30427.25173210162,4269940.740797621,7013652.474132695,5456735.509496337,4239513.48906552,2544633.825432,1510143.1274131166,WILLAMAGOR,WILLIAMSON MAGOR,EQ,2025-08-20,2026-08-27,252,82845.125,2824.5,0.0198412698412698,0.0629149460776457,0,0,1.0,LOW,FULL,False,False,close_to_open,{},LONG_ONLY,2025-08-20,2026-08-27,99.80565627266135,99.50688905003626,99.65192168237853,80.43799854967368,99.80565627266135,96.81000725163163,5,ROBUST POSITIVE,LOW LIQUIDITY,68,
179,198,INE652F01027,165,165,1490250.631689445,1049057.9105768823,14.902506316894453,10.490579105768823,0.375052089248289,6.7214742978465445,12.1765830241665,-0.0816354989092501,0.7272727272727273,0.0152781998680971,0.011974287311347,5.150973383820084,0.1720707162284678,-0.06528125,0.6547619047619048,330.0,0.0278069435691256,0.0021647676208923,7.057662781282402,4.5371107290334566e-11,0.0110037913519597,0.0195526083842344,13,0,0.4621184192961536,0.0425645477204299,0.1234529697121688,-27955.182072829164,1077013.0926497118,1490250.631689445,1251881.1493194625,1049057.9105768823,729735.3327323691,498766.47301552224,CCHHL,COUNTRY CLUB HOSP HOL LTD,EQ,2025-08-20,2026-08-27,252,368603.28,25791.5,0.0,0.0562396874864976,0,0,1.0,LOW,FULL,False,False,gap_fade_050,"{""gap_threshold"":0.005}",INTRADAY_SHORT_ALLOWED_RESEARCH,2025-08-20,2026-08-27,98.82233502538071,98.92675852066715,98.77882523567803,85.2922407541697,98.84554024655547,96.80964467005077,5,ROBUST POSITIVE,LOW LIQUIDITY,407,
180,249,INE546V01010,147,147,1197393.742751489,871476.3977284024,11.973937427514889,8.714763977284024,0.3372104418161609,6.93736793802891,7.616709112606384,-0.0773932381124571,0.8163265306122449,0.0159139653566258,0.0129014084507043,6.123766746319259,0.0896988416988417,-0.0773932381124571,0.5833333333333334,294.0,0.0258748069864834,0.0021341181112679,7.456928120614008,7.250350206270466e-12,0.0116962103010551,0.0201317204121965,12,1,0.3927476907651201,-0.0028205557115464,0.1355809988411034,24085.750315258483,847390.6474131439,1197393.742751489,1022749.715106042,871476.3977284024,627017.3960601458,443761.5128002806,EIFFL,EURO (I) FRESH FOODS LTD,BE,2025-08-20,2026-08-27,252,4495659.07,18788.0,0.0,0.048165741222328,3,0,1.0,OK,FULL,False,False,gap_fade_050,"{""gap_threshold"":0.005}",INTRADAY_SHORT_ALLOWED_RESEARCH,2025-08-20,2026-08-27,98.54677302393038,99.03988397389412,98.62799129804206,86.22625090645396,98.52066715010878,96.80833937635968,5,ROBUST POSITIVE,COMPARABLE,502,24
181,187,INE847C01020,151,151,1552845.2380203777,1128362.7576111234,15.528452380203774,11.283627576111234,0.3265600015381811,7.87748502580459,11.006880302182315,-0.0878175005395285,0.7947019867549668,0.017036235245985,0.0171219512195121,6.780312184487844,0.1345151515151514,-0.0718181818181817,0.5992063492063492,302.0,0.0243109550578949,0.0019783974647819,8.611128728808255,9.20439022371437e-15,0.0131271091487093,0.0209453613432608,12,1,0.555373011326854,-0.0050493937072934,0.1459697562104018,-15357.195900787176,1143719.9535119105,1552845.2380203777,1324987.670249052,1128362.7576111234,812361.7384059487,577255.3697653073,ROSSELLIND,ROSSELL INDIA LIMITED,EQ,2025-08-20,2026-08-27,252,1377094.355,24982.0,0.0,0.0477349937081642,0,0,1.0,OK,FULL,False,False,gap_fade_050,"{""gap_threshold"":0.005}",INTRADAY_SHORT_ALLOWED_RESEARCH,2025-08-20,2026-08-27,98.89485134155184,99.50108774474256,98.95866569978246,84.03625815808556,98.91515591007976,96.80413343002175,5,ROBUST POSITIVE,COMPARABLE,382,25
182,16,INE568Z01015,170,170,9543023.643372629,6822592.44766025,95.4302364337263,68.2259244766025,0.4310975133349325,10.120843040585,15.621033759258518,-0.1078010173322012,0.8058823529411765,0.0256651192214667,0.027808352402746,10.35418422382028,0.148995670995671,-0.0855900424610773,0.6746031746031746,340.0,0.0296598134314699,0.0022748038477682,11.282343858634745,2.310395648347484e-22,0.0211744279278547,0.0301558105150788,12,1,0.6960778137456312,-0.0334136936610688,0.2166625188309228,-78333.33333333333,6900925.780993583,9543023.643372629,8071016.879865473,6822592.44766025,4866413.423203728,3460692.2763474025,URAVIDEF,URAVI DEFENCE &TECH LTD,BE,2025-08-20,2026-08-27,252,1462833.08,8423.5,0.0,0.0567582653615095,1,0,1.0,OK,FULL,False,False,gap_fade_100,"{""gap_threshold"":0.01}",INTRADAY_SHORT_ALLOWED_RESEARCH,2025-08-20,2026-08-27,99.89557650471356,99.92168237853517,99.90137781000725,79.21972443799855,99.8984771573604,96.80116026105874,5,ROBUST POSITIVE,COMPARABLE,37,26
183,283,INE03RS01027,140,140,887539.9451991679,649486.8463163403,8.87539945199168,6.494868463163403,0.3410020283002559,6.098504299979265,6.714207643811968,-0.0644609618988131,0.7642857142857142,0.0148543023992197,0.0163877646908314,3.938185288048581,0.0740479041916166,-0.0644609618988132,0.5555555555555556,280.0,0.0271011419348949,0.0022904645414277,6.4852793529648425,1.4389265406626403e-09,0.0103256469292062,0.0193829578692331,12,1,0.3149843916539487,-0.0139075590873607,0.1025759679377106,-28547.486033519497,678034.3323498598,887539.9451991679,760377.1471959273,649486.8463163403,468508.1668357665,330994.5830185791,DRCSYSTEMS,DRC SYSTEMS INDIA LIMITED,EQ,2025-08-20,2026-08-27,252,797595.775,49599.0,0.0,0.0525998996389396,1,0,1.0,LOW,FULL,False,False,gap_fade_100,"{""gap_threshold"":0.01}",INTRADAY_SHORT_ALLOWED_RESEARCH,2025-08-20,2026-08-27,98.10297316896302,98.52356780275562,98.20159535895576,88.62654097171864,98.17548948513416,96.79985496736766,5,ROBUST POSITIVE,LOW LIQUIDITY,655,
184,15,INE568Z01015,195,195,10847795.60440249,7377273.174258451,108.47795604402488,73.77273174258451,0.4607508124723594,9.66875464568744,14.304826517797354,-0.1078010173322008,0.7743589743589744,0.022845572095366,0.0255929686952868,7.005837877601215,0.148995670995671,-0.0855900424610773,0.7738095238095238,390.0,0.0311653784668259,0.0022317991075162,10.236392701487782,6.139651111643082e-20,0.018443867176372,0.0272472770143601,12,1,0.7495100918398472,-0.0162082043575734,0.2228640521355705,-78333.33333333333,7455606.507591784,10847795.60440249,8948476.669509461,7377273.174258451,5003112.261675072,3380174.561316781,URAVIDEF,URAVI DEFENCE &TECH LTD,BE,2025-08-20,2026-08-27,252,1462833.08,8423.5,0.0,0.0567582653615095,1,0,1.0,OK,FULL,False,False,gap_fade_050,"{""gap_threshold"":0.005}",INTRADAY_SHORT_ALLOWED_RESEARCH,2025-08-20,2026-08-27,99.91007976794779,99.88397389412617,99.88687454677302,79.2226250906454,99.91298042059464,96.79767947788253,5,ROBUST POSITIVE,COMPARABLE,32,27
185,172,INE075B01020,166,166,1712187.2448688983,1207122.508311846,17.121872448688986,12.07122508311846,0.3906072925865425,6.803830398311827,11.757903480606329,-0.0858564125829511,0.6566265060240963,0.0160097938018228,0.0114034497174072,4.793471503057752,0.097098154362416,-0.0463579766536963,0.6587301587301587,332.0,0.0288620796992554,0.0022401318331555,7.146808756907409,2.722325370932117e-11,0.0115867752930316,0.0204328123106141,11,1,0.5404503338535103,-0.046894467600146,0.1794486606484197,21212.384000848226,1185910.1243109978,1712187.2448688983,1439198.4409211862,1207122.508311846,842213.8772218684,578737.0720003514,SICALLOG,SICAL LOGISTICS LIMITED,BE,2025-08-20,2026-08-27,227,960424.56,11575.0,0.0044052863436123,0.0496383808100882,13,0,0.9007936507936508,LOW,PARTIAL,False,True,gap_fade_050,"{""gap_threshold"":0.005}",INTRADAY_SHORT_ALLOWED_RESEARCH,2025-08-20,2026-08-27,98.95866569978246,98.98767222625091,98.96446700507614,84.44089920232052,98.94416243654823,96.78506163886875,5,ROBUST POSITIVE,LIMITED SAMPLE,360,
186,112,INE123B01028,155,155,2186596.182735311,1586828.069758812,21.865961827353107,15.86828069758812,0.3718386994834038,7.823990163268974,8.625723053047212,-0.0952452276064612,0.8129032258064516,0.0187694343682637,0.0200806794055201,5.640901286573144,0.090836676217765,-0.0952452276064612,0.6150793650793651,310.0,0.0275276343139088,0.0022110727959891,8.488836008615987,1.6360506993430505e-14,0.0144014864639192,0.0231373822726082,13,0,0.4764781853425319,0.0445057497707161,0.1222391743043141,-14242.19345011421,1601070.2632089262,2186596.182735311,1864095.4262024488,1586828.069758812,1143632.7567156765,816331.1448949983,NAGREEKEXP,NAGREEKA EXPORTS LTD.,EQ,2025-08-20,2026-08-27,252,240397.22,9286.5,0.0,0.0605870232762763,0,0,1.0,LOW,FULL,False,False,gap_fade_100,"{""gap_threshold"":0.01}",INTRADAY_SHORT_ALLOWED_RESEARCH,2025-08-20,2026-08-27,99.26903553299492,99.47498187092096,99.27483683828862,82.32632342277012,99.26613488034808,96.7693981145758,5,ROBUST POSITIVE,LOW LIQUIDITY,253,
187,202,INE652F01027,125,125,1229601.2026676242,940464.4436350263,12.296012026676244,9.404644436350264,0.3568196371527965,6.765078025787315,12.21316446015702,-0.0816354989092501,0.792,0.0193113014917742,0.0159190751445088,7.52506861796622,0.1720707162284678,-0.047977011494253,0.496031746031746,250.0,0.0288659489667419,0.0025818489649869,7.47964027085201,1.18626905991655e-11,0.0142010991713637,0.0244215038121848,13,0,0.4278727931234394,0.0451285266070482,0.1245668307460046,-27955.182072829164,968419.6257078554,1229601.2026676242,1076252.2156173866,940464.4436350263,713811.1031534388,536223.4540957875,CCHHL,COUNTRY CLUB HOSP HOL LTD,EQ,2025-08-20,2026-08-27,252,368603.28,25791.5,0.0,0.0562396874864976,0,0,1.0,LOW,FULL,False,False,gap_fade_100,"{""gap_threshold"":0.01}",INTRADAY_SHORT_ALLOWED_RESEARCH,2025-08-20,2026-08-27,98.65119651921682,98.9557650471356,98.88905003625815,85.2922407541697,98.68310369833212,96.76221899927484,5,ROBUST POSITIVE,LOW LIQUIDITY,466,
188,254,INE696K01024,143,143,1159103.9795617266,850348.7558421611,11.591039795617265,8.503487558421611,0.3039575781278569,7.588611597629375,7.308490667563593,-0.0811366906474821,0.8531468531468531,0.0161301818361426,0.0152839506172839,7.402117033443516,0.1444566929133858,-0.0811366906474821,0.5674603174603174,286.0,0.0231240456869527,0.0019337298444753,8.341486729507045,5.81150128400636e-14,0.0123075634208925,0.0199528002513926,13,0,0.3272743230233732,0.0338694462016528,0.0900860368314094,-32871.97231833928,883220.7281605004,1159103.9795617266,993962.3217892636,850348.7558421611,616908.06094045,440507.8468166945,PRAKASHSTL,PRAKASH STEELAGE LTD,EQ,2025-08-20,2026-08-27,252,633015.635,137925.5,0.0,0.0438482885972281,0,0,1.0,LOW,FULL,False,False,gap_fade_050,"{""gap_threshold"":0.005}",INTRADAY_SHORT_ALLOWED_RESEARCH,2025-08-20,2026-08-27,98.51776649746193,99.3502538071066,98.61348803480783,85.40681653372009,98.56997824510515,96.74720812182743,5,ROBUST POSITIVE,LOW LIQUIDITY,512,
189,5,INE874F01027,159,159,16061324.507144418,11771765.274476357,160.61324507144417,117.71765274476356,0.4902221086879376,10.07376413663336,13.104371239699413,-0.1107719298245615,0.8742138364779874,0.0310590056445618,0.0306797385620914,10.714652303076914,0.1383508771929824,-0.1107719298245615,0.6309523809523809,318.0,0.0340103387040965,0.0026971953040094,11.515297241690757,1.1546060903869428e-22,0.0257317965810765,0.036386214708047,13,0,0.7803655129623244,0.1324953674062354,0.2299717479198512,-19302.94906166221,11791068.223538017,16061324.507144418,13752515.581939427,11771765.274476357,8615513.376869693,6294534.732526411,RADAAN,RADAAN MEDIAWORKS (I) LTD,EQ,2025-08-20,2026-08-27,252,88370.965,27905.0,0.0,0.0717050075920911,0,0,1.0,LOW,FULL,False,False,gap_fade_100,"{""gap_threshold"":0.01}",INTRADAY_SHORT_ALLOWED_RESEARCH,2025-08-20,2026-08-27,99.97679477882524,99.91878172588832,99.9680928208847,78.52936910804931,99.97679477882524,96.74633792603336,5,ROBUST POSITIVE,LOW LIQUIDITY,9,
190,169,INE748T01016,149,149,1530545.54508115,1116618.47549655,15.3054554508115,11.1661847549655,0.3256415884220543,7.869850892959333,15.61344693987865,-0.0896472295397849,0.697986577181208,0.0171996694324026,0.0155824175824176,6.270290550463182,0.0785223068552773,-0.0392413793103447,0.5912698412698413,298.0,0.0243295841622255,0.0019931571958649,8.62935922369063,8.913149038496481e-15,0.0132609466643665,0.0211383922004388,12,0,0.5647488623430303,0.0,0.1898071804948914,-25847.33762106585,1142465.8131176156,1530545.54508115,1308558.6418877807,1116618.47549655,807246.4837257735,576152.4143528957,SIMBHALS,SIMBHAOLI SUGARS LTD.,BZ,2025-08-20,2026-08-27,233,134152.76,14192.0,0.0042918454935622,0.050876893236122,8,0,0.9246031746031746,LOW,PARTIAL,False,True,gap_fade_100,"{""gap_threshold"":0.01}",INTRADAY_SHORT_ALLOWED_RESEARCH,2025-08-20,2026-08-27,98.88324873096447,99.49818709209572,98.9557650471356,83.62291515591008,98.91225525743292,96.73749093546049,5,ROBUST POSITIVE,LIMITED SAMPLE,386,
191,5,INE874F01027,174,174,16276770.356123893,11574235.747500114,162.76770356123893,115.74235747500114,0.5083403936968335,9.699256467986018,13.325158969780588,-0.1107719298245614,0.8390804597701149,0.0283363439741527,0.0293882669055082,7.829546007061213,0.1383508771929824,-0.1107719298245615,0.6904761904761905,348.0,0.035182432343818,0.0026671733128195,10.62411049104168,1.2957962309961833e-20,0.0230719537388107,0.0336007342094946,13,0,0.8242888207821297,0.1080119308331415,0.2412381399345214,-19302.94906166221,11593538.696561776,16276770.356123893,13728152.051849771,11574235.747500114,8216523.177405802,5820619.6914199935,RADAAN,RADAAN MEDIAWORKS (I) LTD,EQ,2025-08-20,2026-08-27,252,88370.965,27905.0,0.0,0.0717050075920911,0,0,1.0,LOW,FULL,False,False,gap_fade_050,"{""gap_threshold"":0.005}",INTRADAY_SHORT_ALLOWED_RESEARCH,2025-08-20,2026-08-27,99.97099347353155,99.88687454677302,99.95939086294416,78.53226976069617,99.97099347353155,96.73604060913706,5,ROBUST POSITIVE,LOW LIQUIDITY,11,
192,306,INE291W01037,105,105,755113.2878049398,595877.5440615964,7.551132878049398,5.958775440615964,0.3886734225982682,5.189233751324123,8.97054499036238,-0.0563121149897329,0.7428571428571429,0.0192087356456152,0.0171596638655462,6.518617928451019,0.2595196078431372,-0.0563121149897331,0.4166666666666667,210.0,0.035064200210068,0.0034219155542887,5.613445259203026,1.658108951500644e-07,0.0124229486892101,0.0259945226020203,13,0,0.4009070807911752,0.0298879075554117,0.1076216924598155,73514.69668542876,522362.84737616766,755113.2878049398,671436.5529510009,595877.5440615964,466064.4038662528,360279.92199058965,GLOBAL,GLOBAL EDUCATION LIMITED,EQ,2025-08-20,2026-08-27,252,6033292.79,64412.5,0.0,0.0492167107965279,0,0,1.0,OK,FULL,False,False,gap_fade_100,"{""gap_threshold"":0.01}",INTRADAY_SHORT_ALLOWED_RESEARCH,2025-08-20,2026-08-27,97.93183466279913,97.6620739666425,98.32342277012329,90.07396664249457,97.6620739666425,96.72356780275562,5,ROBUST POSITIVE,COMPARABLE,714,28
193,229,INE341R01014,182,182,1389832.3273538756,940357.3296523336,13.898323273538756,9.403573296523335,0.3568245280580737,6.765383006547604,8.706713853501212,-0.0806044943133593,0.7857142857142857,0.0132640362551838,0.0114609553882728,4.987454766404946,0.1939749796029372,-0.0753333333333332,0.7222222222222222,364.0,0.0255247703878395,0.0018920218607917,7.010508985151586,4.547791621752027e-11,0.0095307799966506,0.016997292513717,13,0,0.3956093289824764,0.0392362284033585,0.112374107600911,-12513.831606478212,952871.1612588116,1389832.3273538756,1145083.4172636974,940357.3296523336,625970.8238711546,406227.9007424584,DTIL,DHUNSERI TEA & IND. LTD.,EQ,2025-08-20,2026-08-27,252,490149.205,3163.5,0.0,0.041968767804688,0,0,1.0,LOW,FULL,False,False,gap_fade_050,"{""gap_threshold"":0.005}",INTRADAY_SHORT_ALLOWED_RESEARCH,2025-08-20,2026-08-27,98.64829586656998,98.95866569978246,98.51486584481508,85.52864394488759,98.6686004350979,96.71979695431472,5,ROBUST POSITIVE,LOW LIQUIDITY,467,
194,148,INE728Z01015,188,188,2053540.648975428,1386906.6812114457,20.53540648975428,13.869066812114454,0.4002534393161481,6.974691491926286,11.077277128239174,-0.0909753766714194,0.6808510638297872,0.0148491715841094,0.012095353639508,4.489759759122331,0.1346154677717219,-0.0909753766714194,0.746031746031746,376.0,0.0282312064833872,0.0020589723468372,7.211933471043768,1.3293581694437168e-11,0.0107873729385793,0.0189109702296395,13,0,0.4888483353815493,0.0259306189341466,0.1258770877375455,10528.39636315714,1376378.2848482884,2053540.648975428,1689608.538511039,1386906.6812114457,925879.9114376416,607278.1678958943,SOFTTECH,SOFTTECH ENGINEERS LTD,EQ,2025-08-20,2026-08-27,252,1263331.025,3732.0,0.0198412698412698,0.0473311279598903,9,0,1.0,OK,FULL,False,False,gap_fade_050,"{""gap_threshold"":0.005}",INTRADAY_SHORT_ALLOWED_RESEARCH,2025-08-20,2026-08-27,99.13270485859317,99.07179115300943,98.9934735315446,83.27193618564178,99.11530094271211,96.71007976794779,5,ROBUST POSITIVE,COMPARABLE,300,29
195,156,INE863I01016,128,128,1635244.5039937976,1250442.861661517,16.352445039937976,12.50442861661517,0.394122231874844,6.826910217695298,9.203804924623206,-0.0905545814591153,0.8125,0.0210206022797441,0.0183206927394978,7.27878399030045,0.1556053756872328,-0.0635384615384615,0.5079365079365079,256.0,0.031608506888111,0.0027938236954706,7.523954469218276,8.54213585294956e-12,0.0154921293746935,0.0265490751847947,13,0,0.6011015510710982,0.0247781829381334,0.1824354696766645,-34649.98044583497,1285092.842107352,1635244.5039937976,1430894.0278231744,1250442.861661517,950455.9940870224,716704.1922602674,BANG,BANG OVERSEAS LTD.,EQ,2025-08-20,2026-08-27,252,471006.42,11258.5,0.0,0.0570658056555725,0,0,1.0,LOW,FULL,False,False,gap_fade_100,"{""gap_threshold"":0.01}",INTRADAY_SHORT_ALLOWED_RESEARCH,2025-08-20,2026-08-27,99.00217548948514,98.99637418419144,99.15881073241479,83.40826686004351,99.02538071065989,96.69789702683104,5,ROBUST POSITIVE,LOW LIQUIDITY,345,
196,110,INE561M01018,143,143,2171020.8898017183,1616037.3828130718,21.710208898017186,16.16037382813072,0.3841831260784016,7.628523963283018,8.691716710489503,-0.0971347380530058,0.8111888111888111,0.0204947565285179,0.0213870967741935,6.064126998465258,0.1202222222222222,-0.0811770573566084,0.5674603174603174,286.0,0.029194644536706,0.0024413788228817,8.394746581903387,4.2941599331814044e-14,0.015668612031854,0.0253209010251818,13,0,0.4945149269546252,0.0704128996664041,0.1399243798678419,-28768.010361016622,1644805.3931740886,2171020.8898017183,1874257.3766020543,1616037.3828130718,1195964.8705059132,878181.942378959,ISHANCH,ISHAN DYES N CHEMICALS L,EQ,2025-08-20,2026-08-27,252,919304.845,15197.5,0.0,0.0614483897945231,0,0,1.0,LOW,FULL,False,False,gap_fade_100,"{""gap_threshold"":0.01}",INTRADAY_SHORT_ALLOWED_RESEARCH,2025-08-20,2026-08-27,99.27773749093546,99.37345902828136,99.32124728063815,81.82451051486585,99.27773749093546,96.68759970993474,5,ROBUST POSITIVE,LOW LIQUIDITY,250,
197,162,INE731U01028,133,133,1580363.9731084371,1194608.5059064806,15.80363973108437,11.946085059064806,0.4041410784978513,6.565274662953221,7.884848212371561,-0.0885817091454274,0.7368421052631579,0.0199496028791017,0.0165779816513762,5.827680662698588,0.1125238095238095,-0.0885817091454272,0.5277777777777778,266.0,0.0322966955095834,0.0028004786659044,7.123640369764662,6.121687345381312e-11,0.0144099792732944,0.025489226484909,10,2,0.8895145229880204,-0.0117893780671192,0.2833677467993814,27463.41181988221,1167145.0940865984,1580363.9731084371,1375022.6855635557,1194608.5059064806,896898.1411566734,667254.5509332828,DIGJAMLMTD,DIGJAM LTD,EQ,2025-08-20,2026-08-27,224,259402.36,5620.0,0.0,0.0596193784457037,5,0,0.8888888888888888,LOW,PARTIAL,False,True,gap_fade_100,"{""gap_threshold"":0.01}",INTRADAY_SHORT_ALLOWED_RESEARCH,2025-08-20,2026-08-27,98.94996374184191,98.83683828861494,99.07759245830312,83.8535170413343,98.92675852066715,96.68375634517767,5,ROBUST POSITIVE,LIMITED SAMPLE,363,
198,387,INE369C01017,156,156,710638.7821218024,495615.9017317981,7.106387821218025,4.95615901731798,0.3064802961300646,5.991205672907917,16.493463015957964,-0.0523176203597479,0.4743589743589743,0.0117704262103137,-0.002,5.656468255650922,0.0929707602339182,-0.0426626506024094,0.6190476190476191,312.0,0.0234622585798589,0.0018784840752451,6.2659174839038165,3.4967473451052567e-09,0.0080596929421978,0.0154811594784295,12,1,0.5198006718721022,-0.0070006845690129,0.1496475273041172,80535.78581627744,415080.11591552064,710638.7821218024,594912.1546669097,495615.9017317981,337360.9934317976,220957.5633093884,NORBTEAEXP,NORBEN TEA & EXPORTS LTD,EQ,2025-08-20,2026-08-27,251,163754.63,2481.0,0.0199203187250996,0.0356430852000316,44,0,0.996031746031746,LOW,FULL,False,True,gap_fade_050,"{""gap_threshold"":0.005}",INTRADAY_SHORT_ALLOWED_RESEARCH,2025-08-20,2026-08-27,97.64176939811458,98.41624365482234,97.5982596084119,90.78607686729514,97.26178390137781,96.68361131254534,5,ROBUST POSITIVE,LOW LIQUIDITY,814,
199,220,INE105C01023,161,161,1369487.2802270276,970190.473773718,13.694872802270275,9.70190473773718,0.3378331504671034,7.214425395643558,9.591009982256102,-0.085384522082658,0.7577639751552795,0.0151383357777648,0.0130617283950617,5.547334462510797,0.0980286615075953,-0.0710437601296597,0.6388888888888888,322.0,0.0250442973267193,0.0019737671340133,7.669767885425941,1.582143653274109e-12,0.0112403399857374,0.0190363315697922,13,0,0.4265198027084163,0.0386546116690877,0.1214392526726529,-34972.45460110192,1005162.92837482,1369487.2802270276,1154143.917587418,970190.473773718,678904.8936342954,466545.5196938885,3PLAND,3P LAND HOLDINGS LIMITED,EQ,2025-08-20,2026-08-27,252,132589.84999999998,3841.5,0.0,0.0523146244298501,0,0,1.0,LOW,FULL,False,False,gap_fade_050,"{""gap_threshold"":0.005}",INTRADAY_SHORT_ALLOWED_RESEARCH,2025-08-20,2026-08-27,98.6947063089195,99.19651921682379,98.7063089195069,84.53372008701959,98.73531544597535,96.68136330674403,5,ROBUST POSITIVE,LOW LIQUIDITY,451,
200,38,INE529F01035,251,251,1584837.4239107464,925010.0735667289,15.848374239107464,9.250100735667289,0.3095507643510248,7.705347827751867,16.538991459273372,-0.0802060846586194,0.601593625498008,0.0095027741421159,0.0062023239917976,3.643486653916613,0.0716889692585893,-0.0447350427350426,0.996031746031746,502.0,0.0195296171588833,0.001232698504533,7.708919989090102,2.995686346212534e-13,0.0070749764178664,0.0119305718663654,12,1,0.3785668491960168,-0.0351233784047352,0.1225124482331186,36599.31376286698,888410.7598038617,1584837.4239107464,1214306.0384449044,925010.0735667289,522974.0096717896,278252.3900240646,SIGIND,SIGNET INDUSTRIES LIMITED,BE,2025-08-20,2026-08-27,252,622637.7949999999,12465.0,0.0,0.0576950843716374,0,0,1.0,LOW,FULL,False,False,close_to_open,{},LONG_ONLY,2025-08-20,2026-08-27,98.61928934010152,99.41116751269035,97.93473531544598,85.60696156635242,98.57287889775199,96.6796229151559,5,ROBUST POSITIVE,LOW LIQUIDITY,477,
201,309,INE539B01017,127,127,789895.0994955774,593070.1643276114,7.898950994955774,5.930701643276114,0.2817302687479596,7.035948181196574,9.00311897485947,-0.0703509044416837,0.7559055118110236,0.0156081856061828,0.0141149825783972,6.166204556624162,0.0765425101214574,-0.0596271186440677,0.503968253968254,254.0,0.0224863572704315,0.0019953415496973,7.8223127306450735,1.805981840005239e-12,0.0116594633384477,0.019556907873918,12,1,0.3335656580685959,-0.0046666666666665,0.1096405187846339,-49158.24915824924,642228.4134858607,789895.0994955774,685388.8519479785,593070.1643276114,439512.3426497566,319769.1436010519,VIRINCHI,VIRINCHI LIMITED,EQ,2025-08-20,2026-08-27,252,1625693.9449999998,82394.5,0.0,0.046470005638985,1,0,1.0,OK,FULL,False,False,gap_fade_100,"{""gap_threshold"":0.01}",INTRADAY_SHORT_ALLOWED_RESEARCH,2025-08-20,2026-08-27,97.91443074691806,99.0891950688905,98.15228426395939,87.5736040609137,98.07396664249455,96.67773749093547,5,ROBUST POSITIVE,COMPARABLE,720,30
202,73,INE689O01013,90,90,712316.400162247,581132.1887766292,7.12316400162247,5.811321887766292,0.3729904924706663,5.343080573261275,7.255153766554675,-0.0612842026920034,0.6888888888888889,0.0221435361592352,0.0190907927268221,5.28068968705987,0.1130546021840872,-0.0594030087094221,0.3571428571428571,180.0,0.0351881595907076,0.0037091576992044,5.969963521363481,4.7610380837015125e-08,0.0147735188178062,0.0295135535006642,5,0,1.2294257694713968,0.0,0.3557752692891154,11809.95475113114,569322.234025498,712316.400162247,643870.0056244307,581132.1887766292,470935.98647438665,378401.6507766858,MERCANTILE,MERCANTILE VENTURES LTD.,EQ,2026-04-20,2026-08-27,91,74522.62,2980.0,0.0,0.087954993197946,0,0,0.3611111111111111,LOW,PARTIAL,True,True,close_to_open,{},LONG_ONLY,2025-08-20,2026-08-27,97.88832487309645,97.81290790427846,98.38143582306019,89.20087019579405,97.83321247280638,96.65772298767223,5,ROBUST POSITIVE,LIMITED SAMPLE,729,
203,181,INE688Y01022,137,137,1370285.5482097622,1023436.5070928904,13.702855482097622,10.234365070928904,0.3946063592158455,6.3495675204545785,8.722313958250341,-0.0856940383443372,0.781021897810219,0.0182889030791369,0.0157664974619289,5.44328289261204,0.1220875912408758,-0.0787045454545454,0.5436507936507936,274.0,0.0314109830278138,0.0026836213886223,6.81500868813889,2.795579446294294e-10,0.0129818786819052,0.0235959274763687,13,0,0.4896859705405065,0.0123050016493577,0.1398419578609422,-32786.885245901634,1056223.392338792,1370285.5482097622,1185297.976492085,1023436.5070928904,757956.3982209736,554863.5732969588,DANGEE,DANGEE DUMS LIMITED,EQ,2025-08-20,2026-08-27,252,253990.48,70445.5,0.0,0.0577575369143864,0,0,1.0,LOW,FULL,False,False,gap_fade_100,"{""gap_threshold"":0.01}",INTRADAY_SHORT_ALLOWED_RESEARCH,2025-08-20,2026-08-27,98.78752719361856,98.71501087744743,98.91225525743292,84.46990572878897,98.81363306744018,96.6555474981871,5,ROBUST POSITIVE,LOW LIQUIDITY,419,
204,221,INE828O01033,127,127,1095440.6505290412,831565.9973926644,10.954406505290413,8.315659973926644,0.3114954262016869,7.348242652741475,10.653661400657915,-0.0833400942787481,0.8031496062992126,0.0180231809208592,0.0183193033381713,6.178418543731474,0.0894728682170542,-0.0529647959935188,0.503968253968254,254.0,0.0245888483058338,0.0021819074603227,8.260286583461959,1.702507800117673e-13,0.0137052502006672,0.0223411116410511,13,0,0.3881113453737468,0.0202685284630406,0.1005050261866994,9388.928828181291,822177.0685644832,1095440.6505290412,955352.2199562072,831565.9973926644,625581.1388359647,464864.4564577708,MITCON,MITCON CON & ENG SER LTD,BE,2025-08-20,2026-08-27,252,360715.54,5396.0,0.0079365079365079,0.0564059148381934,1,0,1.0,LOW,FULL,False,False,gap_fade_100,"{""gap_threshold"":0.01}",INTRADAY_SHORT_ALLOWED_RESEARCH,2025-08-20,2026-08-27,98.5032632342277,99.24583031182016,98.6947063089195,84.91950688905004,98.45685279187816,96.64321972443801,5,ROBUST POSITIVE,LOW LIQUIDITY,517,
205,73,INE382T01030,179,179,3823070.800556642,2661102.063708865,38.23070800556642,26.611020637088654,0.4482378435787062,7.666027441828514,9.250476956851664,-0.1037488076311605,0.8156424581005587,0.0191966682086055,0.0201300138312586,5.734177551211231,0.2371713747645951,-0.1037488076311605,0.7103174603174603,358.0,0.0318891472993939,0.0023835067769502,8.053959986288767,1.1119999018527338e-13,0.0144931014872551,0.023900234929956,13,0,0.8010821505496211,0.0969362216242211,0.190118674054165,-25223.43594836144,2686325.499657227,3823070.800556642,3191484.0458842493,2661102.063708865,1841952.3804671625,1264876.347685752,GVPTECH,GVP INFOTECH LIMITED,EQ,2025-08-20,2026-08-27,252,346636.06,42740.5,0.0,0.0635767947675569,0,0,1.0,LOW,FULL,False,False,gap_fade_050,"{""gap_threshold"":0.005}",INTRADAY_SHORT_ALLOWED_RESEARCH,2025-08-20,2026-08-27,99.5794053662074,99.38506163886875,99.56490210297318,80.25380710659898,99.58230601885424,96.63937635968092,5,ROBUST POSITIVE,LOW LIQUIDITY,146,
206,295,INE544A01019,177,177,1051934.6324988592,712097.7154318215,10.519346324988591,7.120977154318215,0.3129193634149281,6.875178549535328,8.702393269560062,-0.0754725444702242,0.7344632768361582,0.0121546694637545,0.0109676553882842,4.283024922434702,0.0827577572128469,-0.0754725444702242,0.7023809523809523,354.0,0.0225815997001163,0.0016973369720542,7.161023216883208,2.0967611995343827e-11,0.008804916581888,0.0155044223456211,13,0,0.4359964908989742,0.0323590557865576,0.1162139065345324,-9294.199860237728,721391.9152920593,1051934.6324988592,867287.4687673014,712097.7154318215,472121.34651537647,302778.4554709216,HARRMALAYA,HARRISON MALAYALAM LTD,EQ,2025-08-20,2026-08-27,252,2061908.69,10797.0,0.0,0.0401468614832617,0,0,1.0,OK,FULL,False,False,gap_fade_050,"{""gap_threshold"":0.005}",INTRADAY_SHORT_ALLOWED_RESEARCH,2025-08-20,2026-08-27,98.26250906453951,99.01667875271937,98.07976794778826,86.65554749818709,98.25960841189267,96.63517041334302,5,ROBUST POSITIVE,COMPARABLE,600,31
207,85,INE538A01037,251,251,906461.4412733116,511692.2755924872,9.064614412733116,5.116922755924872,0.2724546325408959,6.803706394126118,13.94731896173621,-0.0547579350297171,0.5896414342629482,0.0073852642451305,0.0055284318436648,3.630767409327447,0.1221527525210779,-0.0459536409359282,0.996031746031746,502.0,0.0171910013147895,0.0010850863813542,6.806153290684183,7.385219604058657e-11,0.005248188360331,0.00952234012993,13,0,0.2822856728295499,0.0356930571573854,0.0945323388378782,-11633.145615446352,523325.4212079336,906461.4412733116,684727.2161907011,511692.2755924872,271397.3714708596,125274.95702776764,GFLLIMITED,GFL LIMITED,EQ,2025-08-20,2026-08-27,252,2622645.335,50785.5,0.0,0.0448395242281124,0,0,1.0,OK,FULL,False,False,close_to_open,{},LONG_ONLY,2025-08-20,2026-08-27,97.67367657722987,98.98477157360406,96.63814358230603,90.32632342277013,97.66497461928934,96.62494561276289,5,ROBUST POSITIVE,COMPARABLE,803,32
208,409,INE962C01035,91,91,547168.9684376037,441334.2560283741,5.471689684376036,4.41334256028374,0.3503027002485869,5.005173834447673,10.623207834870607,-0.0431805812317176,0.5274725274725275,0.0192673176859405,0.0029484536082473,6.5722535025799775,0.0926700507614212,-0.0416746347941567,0.3611111111111111,182.0,0.0334401882385422,0.003505484226759,5.49633558150508,3.5813677010081205e-07,0.0123030614197997,0.0262315739520814,7,2,0.4851754659110228,-0.009960079920032,0.1863706950757409,102145.54697548522,339188.70905288885,547168.9684376037,491916.7635747979,441334.2560283741,352648.09715258057,278357.76200147555,EASTSILK,EASTERN SILK INDUSTRIES L,BE,2025-08-20,2026-08-27,161,44408.21,710.0,0.1180124223602484,0.0410540620975754,41,0,0.6388888888888888,LOW,PARTIAL,False,True,gap_fade_050,"{""gap_threshold"":0.005}",INTRADAY_SHORT_ALLOWED_RESEARCH,2025-08-20,2026-08-27,97.3952139231327,97.42422044960117,97.93763596809282,92.2233502538071,96.79187817258882,96.6130529369108,5,ROBUST POSITIVE,LIMITED SAMPLE,899,
209,184,INE731U01028,157,157,1587560.7290278983,1139164.6528668443,15.875607290278982,11.391646528668444,0.4114332531080696,6.348731915598128,8.649247308814928,-0.0885817091454274,0.7006369426751592,0.0166374485678061,0.0108092647832953,4.689653438118546,0.1125238095238095,-0.0885817091454272,0.623015873015873,314.0,0.0312375598921946,0.0024930286852732,6.673588902561157,4.11955744478381e-10,0.0117130001494594,0.0215618969861528,12,0,0.8996899924152093,0.0,0.2876289543204496,27463.41181988221,1111701.241046962,1587560.7290278983,1346196.2354137588,1139164.6528668443,809356.1247609952,566919.3248414337,DIGJAMLMTD,DIGJAM LTD,EQ,2025-08-20,2026-08-27,224,259402.36,5620.0,0.0,0.0596193784457037,5,0,0.8888888888888888,LOW,PARTIAL,False,True,gap_fade_050,"{""gap_threshold"":0.005}",INTRADAY_SHORT_ALLOWED_RESEARCH,2025-08-20,2026-08-27,98.90935460478609,98.71211022480057,98.94126178390138,83.8535170413343,98.86874546773024,96.6097897026831,5,ROBUST POSITIVE,LIMITED SAMPLE,377,
210,69,INE382T01030,155,155,3259978.223524709,2380446.2915071165,32.59978223524709,23.804462915071166,0.4394410841905615,7.563304246959577,8.457001379335045,-0.1037488076311605,0.832258064516129,0.0214427523764322,0.0220615976900866,6.563998958178229,0.2371713747645951,-0.1037488076311605,0.6150793650793651,310.0,0.0327237307864571,0.0026284333081484,8.157997507472418,1.122106654510701e-13,0.016250313764342,0.0266351909885224,13,0,0.7584012197926824,0.0738039959048759,0.1848011405339339,-25223.43594836144,2405669.727455478,3259978.223524709,2787124.000151192,2380446.2915071165,1730055.881444503,1249394.7417526434,GVPTECH,GVP INFOTECH LIMITED,EQ,2025-08-20,2026-08-27,252,346636.06,42740.5,0.0,0.0635767947675569,0,0,1.0,LOW,FULL,False,False,gap_fade_100,"{""gap_threshold"":0.01}",INTRADAY_SHORT_ALLOWED_RESEARCH,2025-08-20,2026-08-27,99.53589557650471,99.33865119651921,99.55329949238578,80.25380710659898,99.53879622915156,96.60819434372732,5,ROBUST POSITIVE,LOW LIQUIDITY,161,
211,261,INE546V01010,107,107,872886.0263894171,688784.120257239,8.728860263894171,6.88784120257239,0.3166584678437124,6.702527971306699,6.871605202558881,-0.0773932381124571,0.8504672897196262,0.0198356283932112,0.0161481481481481,8.863151872723206,0.0896988416988417,-0.0773932381124571,0.4246031746031746,214.0,0.0267149220385493,0.0025826289936675,7.680401808330496,8.333147324835952e-12,0.0147153152223523,0.0249559415640702,12,1,0.3353924619385617,-0.0481187318303186,0.1334664143681615,24085.750315258483,664698.3699419805,872886.0263894171,776057.0795359925,688784.120257239,539256.6724007056,417860.2689669739,EIFFL,EURO (I) FRESH FOODS LTD,BE,2025-08-20,2026-08-27,252,4495659.07,18788.0,0.0,0.048165741222328,3,0,1.0,OK,FULL,False,False,gap_fade_100,"{""gap_threshold"":0.01}",INTRADAY_SHORT_ALLOWED_RESEARCH,2025-08-20,2026-08-27,98.21609862218999,98.9180565627266,98.5409717186367,86.22625090645396,98.13488034807831,96.60674401740393,5,ROBUST POSITIVE,COMPARABLE,616,33
212,64,INE258Y01016,170,170,3655595.824464727,2591138.643002317,36.55595824464727,25.911386430023168,0.4010902541669642,8.458553509410564,11.26778784229609,-0.1062805009043588,0.7764705882352941,0.0199567257469079,0.0196683208155201,6.667464532598946,0.0911287525016677,-0.0902692307692307,0.6746031746031746,340.0,0.0285967340652814,0.0021932693823449,9.099076432449351,2.4663185530765993e-16,0.0156269916779659,0.0242864598158499,13,0,0.5963689030938202,0.090395883582256,0.1644702181463166,-37225.13780471702,2628363.7808070336,3655595.824464727,3079383.8131557363,2591138.643002317,1827119.9525346449,1279099.9793983153,LGHL,LAXMI GOLDORNA HOUSE LTD,EQ,2025-08-20,2026-08-27,252,13105123.05,45447.5,0.0,0.0547196551722712,0,1,1.0,OK,FULL,False,False,gap_fade_100,"{""gap_threshold"":0.01}",INTRADAY_SHORT_ALLOWED_RESEARCH,2025-08-20,2026-08-27,99.57070340826687,99.68092820884699,99.57070340826687,79.605511240029,99.57070340826687,96.59796954314723,5,ROBUST POSITIVE,COMPARABLE,149,34
213,586,INE194D01017,47,47,279532.1392587375,246351.39014482108,2.795321392587375,2.463513901448211,0.2395118396800578,5.314728197750063,12.242002490332364,-0.0166874999999998,0.851063829787234,0.0270838367668637,0.019048632218845,27.199158507753467,0.0894454277286135,-0.0166874999999999,0.1865079365079365,94.0,0.025148359146093,0.0036682651930308,7.383282107934522,2.432524500406572e-09,0.0197000019041425,0.0344676716295848,5,0,0.7525228113806004,0.0,0.2130976063133605,-11928.58250107862,258279.9726458997,279532.1392587375,262570.4616269421,246351.39014482108,216015.05900961667,188284.1631527704,ASTAR,ASIAN STAR CO. LTD.,EQ,2026-04-20,2026-08-26,80,42660.0,69.0,0.575,0.0508173875612742,4,0,0.3174603174603174,LOW,PARTIAL,True,True,gap_fade_050,"{""gap_threshold"":0.005}",INTRADAY_SHORT_ALLOWED_RESEARCH,2025-08-20,2026-08-27,96.08121827411168,97.78100072516315,97.34010152284263,95.43437273386513,96.16243654822335,96.59216823785351,5,ROBUST POSITIVE,LIMITED SAMPLE,1352,
214,278,INE117B01020,182,182,1118505.5531308376,750502.626277615,11.185055531308375,7.50502626277615,0.442815765727812,5.062198223409032,17.795267519927986,-0.0688184037881022,0.3461538461538461,0.0123165999042024,-0.002,5.089630578118655,0.2276825396825397,-0.0471513596716265,0.7222222222222222,364.0,0.0321974635625739,0.0023866347863978,5.160655486293239,6.431156391062561e-07,0.0076073946683685,0.0170258051400363,10,3,0.6331765427713862,-0.063208891133883,0.2446774752005645,-77474.33008179504,827976.95635941,1118505.5531308376,918099.3980775044,750502.626277615,493218.1559322061,313468.67267413606,CURAA,CURA TECHNOLOGIES LIMITED,EQ,2025-08-20,2026-08-27,250,33872.315,349.5,0.24,0.0328788865565662,83,0,0.992063492063492,LOW,FULL,False,True,gap_fade_050,"{""gap_threshold"":0.005}",INTRADAY_SHORT_ALLOWED_RESEARCH,2025-08-20,2026-08-27,98.35823060188542,97.48223350253808,98.12327773749094,87.88687454677302,98.48295866569978,96.59028281363307,5,ROBUST POSITIVE,LOW LIQUIDITY,567,
215,148,INE728Z01015,160,160,1790593.7911553285,1280272.7690489646,17.905937911553284,12.802727690489649,0.3895994324368838,6.961458657724593,10.247604946085623,-0.0940287451993733,0.7125,0.0169511271373895,0.0136074292162677,5.250176434884879,0.1346154677717219,-0.0909753766714194,0.6349206349206349,320.0,0.0290738637772525,0.0022984907479396,7.374894657542019,8.544999546145239e-12,0.0124116166151444,0.0214906376596347,13,0,0.4164524006984307,0.0259306189341466,0.1248331070795874,10528.39636315714,1269744.3726858075,1790593.7911553285,1515530.5813132678,1280272.7690489646,907075.9014135568,634326.182170119,SOFTTECH,SOFTTECH ENGINEERS LTD,EQ,2025-08-20,2026-08-27,252,1263331.025,3732.0,0.0198412698412698,0.0473311279598903,9,0,1.0,OK,FULL,False,False,gap_fade_100,"{""gap_threshold"":0.01}",INTRADAY_SHORT_ALLOWED_RESEARCH,2025-08-20,2026-08-27,99.03988397389412,99.0572878897752,99.03698332124729,82.63379260333575,99.01667875271937,96.57722987672227,5,ROBUST POSITIVE,COMPARABLE,332,35
216,199,INE268H01044,171,171,1389463.0100741372,963230.9838000974,13.894630100741372,9.632309838000973,0.3891576015821073,6.291654155797879,14.353298805485991,-0.0849520764508717,0.543859649122807,0.0143183920541193,0.0083092783505154,4.086494865323356,0.0880900900900901,-0.0414736842105262,0.6785714285714286,342.0,0.0286535178781526,0.0021911892773298,6.534529993487027,7.130493792733837e-10,0.0099929478110996,0.0186438362971389,11,2,0.3906036693172767,-0.0433907368421051,0.1303785022843193,-63320.46332046326,1026551.4471205608,1389463.0100741372,1158533.4917148943,963230.9838000974,658466.0050431769,440697.1290060376,NAVKARURB,NAVKAR URBANSTRUCTURE LTD,BE,2025-08-20,2026-08-27,252,1020673.17,789537.0,0.0,0.0506762580060222,21,0,1.0,OK,FULL,False,False,gap_fade_100,"{""gap_threshold"":0.01}",INTRADAY_SHORT_ALLOWED_RESEARCH,2025-08-20,2026-08-27,98.67440174039159,98.68310369833212,98.61638868745469,84.6178390137781,98.77012327773748,96.57519941986946,5,ROBUST POSITIVE,COMPARABLE,458,36
217,26,INE106I01010,187,187,8052758.220210561,5555173.377202419,80.5275822021056,55.551733772024185,0.4007512035006682,10.34465617016136,21.56534088210892,-0.1134888918589632,0.7807486631016043,0.0221691626202822,0.0212558139534884,8.261956388125796,0.0889090909090908,-0.0414736842105263,0.7420634920634921,374.0,0.0270660788015572,0.001979267705683,11.20068930373993,1.3790356221159257e-22,0.0182644630648897,0.0260738621756747,13,0,0.542353811508705,0.0388761188331014,0.1301930395755726,-4761.904761904705,5559935.281964324,8052758.220210561,6690693.250985075,5555173.377202419,3819906.603686385,2615143.1009971686,ANKITMETAL,ANKIT MET & POW LTD,BZ,2025-08-20,2026-08-27,252,36059.705,21027.0,0.0,0.0565145449198417,2,0,1.0,LOW,FULL,False,False,gap_fade_050,"{""gap_threshold"":0.005}",INTRADAY_SHORT_ALLOWED_RESEARCH,2025-08-20,2026-08-27,99.85206671501088,99.9361856417694,99.85206671501088,77.80420594633793,99.85206671501088,96.56171138506166,5,ROBUST POSITIVE,LOW LIQUIDITY,52,
218,164,INE805A01014,126,126,1531065.6550927726,1174266.1943702437,15.310656550927725,11.742661943702435,0.433069708711557,6.1126219213351485,9.409683619563976,-0.090626292466765,0.7222222222222222,0.0210094555153689,0.0165830825281165,5.767194139382399,0.1970389946405468,-0.0906262924667651,0.5,252.0,0.0356647842147003,0.0031772715072531,6.612420583953274,9.882405833507955e-10,0.0147212408732558,0.0272976701574821,13,0,0.5012735287951302,0.0121079555817278,0.1477150405055322,-29233.9832869081,1203500.1776571518,1531065.6550927726,1341757.0672593731,1174266.1943702437,895034.5793883876,676612.9855776882,GOLDTECH,AION-TECH SOLUTIONS LTD,BE,2025-08-20,2026-08-27,252,1537453.02,30602.5,0.0,0.0592890667654573,1,0,1.0,OK,FULL,False,False,gap_fade_100,"{""gap_threshold"":0.01}",INTRADAY_SHORT_ALLOWED_RESEARCH,2025-08-20,2026-08-27,98.93836113125454,98.5409717186367,99.0891950688905,83.3821609862219,98.9557650471356,96.55910079767949,5,ROBUST POSITIVE,COMPARABLE,367,37
219,211,INE976T01013,156,156,1397704.713995595,1001772.1083509708,13.97704713995595,10.017721083509707,0.3134103411447414,7.84514824394978,12.40017120144301,-0.0919966652091868,0.7884615384615384,0.0157612217145344,0.0147466709929443,6.510012689859489,0.0946165413533834,-0.058078431372549,0.6190476190476191,312.0,0.0231507321033127,0.0018535419954698,8.50329895575926,1.4534413431779596e-14,0.0120997587098283,0.0194226847192404,13,0,0.5230350194945004,0.0510536782710806,0.1142499459550531,-18303.57142857148,1020075.6797795424,1397704.713995595,1184670.6520297918,1001772.1083509708,710017.29558294,495158.5961675021,SAGARDEEP,SAGARDEEP ALLOYS LIMITED,EQ,2025-08-20,2026-08-27,252,168509.745,6599.5,0.0,0.0496680635085542,0,0,1.0,LOW,FULL,False,False,gap_fade_050,"{""gap_threshold"":0.005}",INTRADAY_SHORT_ALLOWED_RESEARCH,2025-08-20,2026-08-27,98.75562001450326,99.48658448150834,98.76722262509064,83.08629441624366,98.75562001450326,96.55373459028282,5,ROBUST POSITIVE,LOW LIQUIDITY,430,
220,161,INE251C01025,139,139,1640902.7187379105,1225271.5520055909,16.409027187379106,12.252715520055908,0.4668173699200686,5.786515803760948,13.614868958729229,-0.0894225612289258,0.5683453237410072,0.0194334250972129,0.0030000000000001,5.541095001055197,0.1403076923076923,-0.0596190476190476,0.5515873015873016,278.0,0.0374470173571435,0.0031762145571862,6.118423282597257,9.193401400372429e-09,0.0131530848030955,0.0257137653913303,11,2,0.7121388289715929,-0.045081937462064,0.2519375367647201,38215.24139923867,1187056.3106063523,1640902.7187379105,1419038.5238183297,1225271.5520055909,908328.4039707758,666769.7283288252,ABMINTLLTD,ABM INTERNATIONAL LTD,BE,2025-08-20,2026-08-27,238,21474.295,501.5,0.1848739495798319,0.0500531015354362,28,0,0.9444444444444444,LOW,PARTIAL,False,True,gap_fade_100,"{""gap_threshold"":0.01}",INTRADAY_SHORT_ALLOWED_RESEARCH,2025-08-20,2026-08-27,98.97026831036983,98.23060188542422,99.07469180565627,83.65917331399565,98.95286439448876,96.54307469180564,5,ROBUST POSITIVE,LIMITED SAMPLE,356,
221,271,INE117B01020,165,165,958417.7567262978,664139.7162770319,9.584177567262978,6.641397162770319,0.4197945881171473,5.059284360525775,27.18730153469751,-0.0669523084049118,0.3333333333333333,0.0128718799654208,-0.002,6.612500146421962,0.2276825396825397,-0.0326072648678799,0.6547619047619048,330.0,0.0318236409605868,0.0024774670887192,5.195580608933625,5.992867820245634e-07,0.0079800355382086,0.017763724392633,10,3,0.5964264624036013,-0.063208891133883,0.2148657920001594,-77474.33008179504,741614.0463588269,958417.7567262978,799393.8075786356,664139.7162770319,451325.7662496076,297523.2694900173,CURAA,CURA TECHNOLOGIES LIMITED,EQ,2025-08-20,2026-08-27,250,33872.315,349.5,0.24,0.0328788865565662,83,0,0.992063492063492,LOW,FULL,False,True,gap_fade_100,"{""gap_threshold"":0.01}",INTRADAY_SHORT_ALLOWED_RESEARCH,2025-08-20,2026-08-27,98.16098622189993,97.47643219724438,98.04786076867296,88.20884699057288,98.3118201595359,96.53879622915156,5,ROBUST POSITIVE,LOW LIQUIDITY,635,
222,452,INE350Z01018,163,163,571761.4742621223,386539.65455308656,5.717614742621223,3.8653965455308654,0.2481648720640759,6.5168235507123695,10.911838259197728,-0.0507480310167024,0.7055214723926381,0.0099217587897343,0.00761681824959,4.599774782590761,0.0765278949835911,-0.0483768115942029,0.6468253968253969,326.0,0.0185383153659127,0.0014520329235523,6.833012274584716,1.5994584043396408e-10,0.007054406453924,0.0127891111255446,13,0,0.2505674307525591,0.0334944550526601,0.0588744440941456,-7675.857328343322,394215.5118814299,571761.4742621223,471743.6324813184,386539.65455308656,252162.81084179733,154735.65435515583,GLOSTERLTD,GLOSTER LIMITED,EQ,2025-08-20,2026-08-27,252,1182378.55,1872.5,0.0,0.0348898277217757,0,0,1.0,OK,FULL,False,False,gap_fade_050,"{""gap_threshold"":0.005}",INTRADAY_SHORT_ALLOWED_RESEARCH,2025-08-20,2026-08-27,97.13125453226976,98.80783176214648,97.00072516316172,91.06744017403916,97.16026105873821,96.5366932559826,5,ROBUST POSITIVE,COMPARABLE,990,38
223,45,INE141D01018,178,178,5047868.728481846,3532417.9174077883,50.478687284818456,35.324179174077884,0.4168247967031072,8.881489174573934,15.699834006930397,-0.1111215766005068,0.7415730337078652,0.0207978928068125,0.0203891017149404,7.448598997249127,0.1383940886699508,-0.0534403292181069,0.7063492063492064,356.0,0.0291541793502947,0.0021851981289714,9.51762338209656,1.3279106085784786e-17,0.0164854978222937,0.0251102877913313,12,1,0.575248360128416,-0.061303029755842,0.163389985781639,-40875.91240875899,3573293.829816547,5047868.728481846,4224627.899696352,3532417.9174077883,2461336.8443175,1704841.0270046482,TNTELE,TAMILNADU TELECOMMUNICATI,EQ,2025-08-20,2026-08-27,252,237177.705,24768.0,0.0,0.0614621999153734,6,0,1.0,LOW,FULL,False,False,gap_fade_050,"{""gap_threshold"":0.005}",INTRADAY_SHORT_ALLOWED_RESEARCH,2025-08-20,2026-08-27,99.71863669325597,99.7708484408992,99.71863669325597,78.41334300217548,99.72153734590283,96.53386511965194,5,ROBUST POSITIVE,LOW LIQUIDITY,98,
224,462,INE099F01013,114,114,432461.9685199797,325206.39620009257,4.324619685199798,3.2520639620009257,0.217438106747917,6.782421058836376,9.421947326439057,-0.0449999999999998,0.7982456140350878,0.0129364631070226,0.012913354287861,5.832010258264946,0.0715372735372734,-0.0449999999999999,0.4523809523809524,228.0,0.0180079045423079,0.0016865947890643,7.67016665229918,6.543943247764892e-12,0.0095950146367049,0.0162779115773404,12,1,0.2277750824951925,-0.0205088859991331,0.0738064990653783,11608.581361824792,313597.81483826775,432461.9685199797,375848.0487387475,325206.39620009257,239404.6509794917,170795.74063677678,SREEL,SREELEATHERS LIMITED,EQ,2025-08-20,2026-08-27,252,1186314.8450000002,6036.5,0.0,0.0339761604386485,0,0,1.0,OK,FULL,False,False,gap_fade_100,"{""gap_threshold"":0.01}",INTRADAY_SHORT_ALLOWED_RESEARCH,2025-08-20,2026-08-27,96.74836838288616,98.97026831036983,97.20087019579405,91.93328498912255,96.60043509789703,96.5313995649021,5,ROBUST POSITIVE,COMPARABLE,1122,39
225,380,INE369C01017,146,146,622354.5905367462,441361.41866141546,6.2235459053674616,4.413614186614154,0.2947537413544681,5.89145394530199,19.48502033858364,-0.0523176203597479,0.4589041095890411,0.0118940280301048,-0.002,6.237987448709895,0.0929707602339182,-0.0263400112338514,0.5793650793650794,292.0,0.023170593939614,0.0019176119986838,6.202520654995896,5.4917777669661766e-09,0.0081039454579084,0.0156841106023011,13,0,0.4573767537488875,0.0011505028303575,0.1370551561792326,80535.78581627744,360825.632845138,622354.5905367462,525388.39411162,441361.41866141546,305486.21155327995,203539.9229452983,NORBTEAEXP,NORBEN TEA & EXPORTS LTD,EQ,2025-08-20,2026-08-27,251,163754.63,2481.0,0.0199203187250996,0.0356430852000316,44,0,0.996031746031746,LOW,FULL,False,True,gap_fade_100,"{""gap_threshold"":0.01}",INTRADAY_SHORT_ALLOWED_RESEARCH,2025-08-20,2026-08-27,97.39811457577954,98.3118201595359,97.48513415518491,90.78607686729514,96.98042059463378,96.52291515591008,5,ROBUST POSITIVE,LOW LIQUIDITY,898,
226,276,INE320X01016,122,122,857569.9838477337,653363.8186290313,8.575699838477338,6.533638186290313,0.3448361994847194,6.0450577608856175,11.24117975534102,-0.0743646253228195,0.7377049180327869,0.0170865142945033,0.0127967435487005,5.330395296715634,0.1545492957746479,-0.0416155453405766,0.4841269841269841,244.0,0.0287574471458107,0.0026035769316242,6.562707668424345,1.3805509125253231e-09,0.0119320470324527,0.0222409815565539,13,0,0.4926441636907515,0.0537224973972567,0.1190096559928292,36096.98930685927,617266.8293221721,857569.9838477337,749401.9611204251,653363.8186290313,492425.3661401602,365646.5321274952,HALEOSLABS,HALEOS LABS LIMITED,EQ,2025-08-20,2026-08-27,251,1034902.8,792.0,0.0398406374501992,0.0466492988335168,0,0,0.996031746031746,OK,FULL,False,True,gap_fade_100,"{""gap_threshold"":0.01}",INTRADAY_SHORT_ALLOWED_RESEARCH,2025-08-20,2026-08-27,98.12907904278462,98.47715736040608,98.33212472806382,86.86874546773024,97.97534445250182,96.51950688905004,5,ROBUST POSITIVE,COMPARABLE,646,40
227,374,INE640B01021,58,58,602174.5695446009,527486.3276747691,6.021745695446009,5.274863276747691,0.5706238351295378,3.468220650382197,7.90286706871407,-0.0444096385542168,0.7413793103448276,0.0341215408378715,0.0237342052280404,8.46182445192765,0.4600802620802622,-0.0444096385542168,0.2301587301587301,116.0,0.0691214854691171,0.0090760956909149,3.759495492321317,0.0004030654609662,0.0159469727115944,0.0522961089641486,5,0,1.2638824123427437,0.0,0.3661995550272026,14555.052790346774,512931.2748844223,602174.5695446009,563798.9392204738,527486.3276747691,460619.5990970073,400768.2106242437,HBESD,H B ESTATE DEVELOPERS L,EQ,2026-04-20,2026-08-27,91,95704.75,1284.0,0.0329670329670329,0.0705473078117521,1,0,0.3611111111111111,LOW,PARTIAL,True,True,gap_fade_050,"{""gap_threshold"":0.005}",INTRADAY_SHORT_ALLOWED_RESEARCH,2025-08-20,2026-08-27,97.71428571428571,95.28063814358231,98.49166062364031,92.01450326323423,97.6301667875272,96.51124002900653,5,ROBUST POSITIVE,LIMITED SAMPLE,789,
228,332,INE521J01018,124,124,695603.68864638,523222.91976010136,6.956036886463799,5.232229197601014,0.298768717314619,6.291496736689295,8.817442837687182,-0.0677858923150013,0.7580645161290323,0.0151588904033046,0.0153546500542397,5.24871732793858,0.1155521183591123,-0.0636048317515098,0.492063492063492,248.0,0.0246000996955942,0.0022091541678579,6.861852660107823,2.9481253151555927e-10,0.0107860051821693,0.0195317756244399,12,1,0.4207876628199594,-0.014749813284926,0.1461465157377542,-19627.83402252977,542850.7537826311,695603.68864638,604200.3295444328,523222.91976010136,387955.9961726243,281863.09351206454,CPCAP,CP CAPITAL LIMITED,EQ,2025-08-20,2026-08-27,252,1714204.0099999998,15494.0,0.0,0.0467562022831044,1,0,1.0,OK,FULL,False,False,gap_fade_100,"{""gap_threshold"":0.01}",INTRADAY_SHORT_ALLOWED_RESEARCH,2025-08-20,2026-08-27,97.70268310369833,98.68020304568527,97.96664249456127,88.0638143582306,97.72878897751994,96.51036983321247,5,ROBUST POSITIVE,COMPARABLE,793,41
229,93,INE662A01027,145,145,2575320.3332057586,1914091.9205276105,25.753203332057588,19.140919205276106,0.399195007663476,7.760564972280692,10.289338489923647,-0.1047464761904761,0.7241379310344828,0.0213653709902241,0.0187823960880195,8.723391859059227,0.1022553191489362,-0.102952380952381,0.5753968253968254,290.0,0.0301178275204544,0.0025011494385883,8.542220892760023,1.715280825564799e-14,0.0164216613740244,0.0263090806064237,12,1,0.5273497658409447,-0.0237514351415948,0.1801805523746601,-39516.12903225795,1953608.0495598684,2575320.3332057586,2221441.4826752017,1914091.9205276105,1415446.7963471825,1039617.3614919046,SUPERSPIN,SUPER SPINNING MILLS LTD,BE,2025-08-20,2026-08-27,252,215380.475,28942.5,0.0039682539682539,0.0609706715016539,16,0,1.0,LOW,FULL,False,False,gap_fade_100,"{""gap_threshold"":0.01}",INTRADAY_SHORT_ALLOWED_RESEARCH,2025-08-20,2026-08-27,99.39376359680928,99.44017403915882,99.46047860768672,79.98839738941261,99.39666424945612,96.50616388687455,5,ROBUST POSITIVE,LOW LIQUIDITY,210,
230,219,INE750D01016,131,131,1113233.349033118,837928.2295753479,11.13233349033118,8.379282295753478,0.2937930371273058,7.795977375100352,12.663644978459464,-0.0899120827929057,0.816793893129771,0.0174839990107365,0.0165106382978724,7.6780731535474045,0.0911666666666667,-0.0410007457121552,0.5198412698412699,262.0,0.0226586159313315,0.0019796924657528,8.831674269209001,6.084233680199522e-15,0.0135674142277193,0.0214005837937538,13,0,0.4354766571839625,0.0472500292347686,0.1235957334269767,-32839.62320042668,870767.8527757745,1113233.349033118,966803.5120322998,837928.2295753479,624727.4911529085,459704.5733011967,RELCHEMQ,RELIANCE CHEMOTEX IND LTD,EQ,2025-08-20,2026-08-27,252,442576.125,3354.0,0.0,0.045530456712777,0,0,1.0,LOW,FULL,False,False,gap_fade_100,"{""gap_threshold"":0.01}",INTRADAY_SHORT_ALLOWED_RESEARCH,2025-08-20,2026-08-27,98.50906453952139,99.46047860768672,98.68600435097898,83.56490210297316,98.54967367657723,96.5012327773749,5,ROBUST POSITIVE,LOW LIQUIDITY,515,
231,282,INE696K01024,104,104,819234.7338192664,649702.3329584938,8.192347338192665,6.497023329584938,0.2895082183762336,7.126288023290559,5.548600069880262,-0.081136690647482,0.903846153846154,0.0198376822044109,0.0183179402602161,10.02734471762077,0.1444566929133858,-0.0811366906474821,0.4126984126984127,208.0,0.0240237796209131,0.0023557254053324,8.421050331038535,2.329852655418225e-13,0.0151656564732333,0.0245097079355886,13,0,0.2982338642204027,0.0302511899677571,0.0939937475081363,-32871.97231833928,682574.3052768331,819234.7338192664,730193.5413063376,649702.3329584938,511191.5026584342,398070.79437043634,PRAKASHSTL,PRAKASH STEELAGE LTD,EQ,2025-08-20,2026-08-27,252,633015.635,137925.5,0.0,0.0438482885972281,0,0,1.0,LOW,FULL,False,False,gap_fade_100,"{""gap_threshold"":0.01}",INTRADAY_SHORT_ALLOWED_RESEARCH,2025-08-20,2026-08-27,98.10587382160986,99.15010877447426,98.48005801305294,85.40971718636693,98.18419144307468,96.50079767947788,5,ROBUST POSITIVE,LOW LIQUIDITY,654,
232,69,INE699B01027,163,163,3839149.7223050543,2762652.1906377617,38.39149722305054,27.62652190637762,0.4651488487017772,7.480118491756827,11.36846805709134,-0.1076910569105691,0.7484662576687117,0.0213458190465862,0.0180501253132832,7.009806891670466,0.2339374999999999,-0.1076910569105691,0.6468253968253969,326.0,0.0341813066165417,0.0026772865601648,7.972930266109309,2.632232781819116e-13,0.0160589390128047,0.0266326990803677,13,0,0.5915955995224678,0.0939522038716009,0.1414265145737323,-7305.936073059303,2769958.126710821,3839149.7223050543,3258300.151961795,2762652.1906377617,1979037.707958588,1408977.4832939608,SAMBHAAV,SAMBHAAV MEDIA LTD,EQ,2025-08-20,2026-08-27,252,302150.57499999995,41994.0,0.0,0.0598474284482981,1,0,1.0,LOW,FULL,False,False,gap_fade_050,"{""gap_threshold"":0.005}",INTRADAY_SHORT_ALLOWED_RESEARCH,2025-08-20,2026-08-27,99.60551124002902,99.30674401740391,99.61131254532269,79.25018129079042,99.59680928208847,96.49187817258884,5,ROBUST POSITIVE,LOW LIQUIDITY,137,
233,240,INE392B01011,138,138,1226140.2526589062,911057.7075446688,12.26140252658906,9.110577075446686,0.3965796109562117,6.053878504530307,8.343805241306864,-0.0862172108097809,0.7246376811594203,0.0173974259572666,0.0149577439516731,4.248466686349722,0.1247753813782219,-0.07212987012987,0.5476190476190477,276.0,0.0317099073363784,0.0026993265709846,6.445098619882915,1.8249636116445087e-09,0.01205969334363,0.0227351585709033,13,0,0.4130229872948401,0.0387172283479508,0.1156268454898048,-37491.03942652325,948548.746971192,1226140.2526589062,1058008.315785058,911057.7075446688,670424.6248664564,486747.398637841,PNC,PRITISH NANDY COMMUNICATI,EQ,2025-08-20,2026-08-27,252,134804.88,5670.5,0.0,0.0666325360022215,0,0,1.0,LOW,FULL,False,False,gap_fade_050,"{""gap_threshold"":0.005}",INTRADAY_SHORT_ALLOWED_RESEARCH,2025-08-20,2026-08-27,98.60768672951414,98.48585931834663,98.74401740391589,84.394488759971,98.65989847715736,96.48905003625818,5,ROBUST POSITIVE,LOW LIQUIDITY,481,
234,565,INE194D01017,41,41,251134.7007029305,224259.631378872,2.511347007029305,2.24259631378872,0.2328716223030913,5.175303574432529,11.712657757937484,-0.0157499999999999,0.902439024390244,0.029394666811929,0.0206421241244502,46.743032161569445,0.0894454277286135,-0.0157499999999999,0.1626984126984127,82.0,0.0246737875513082,0.003853398221928,7.6282452835153,2.539788078347993e-09,0.0216066584965402,0.0371826751273178,5,0,0.7525228113806004,0.0,0.2102667817763641,-11928.58250107862,236188.21387995055,251134.7007029305,237436.23528094165,224259.631378872,199395.1025537896,176394.18999044533,ASTAR,ASIAN STAR CO. LTD.,EQ,2026-04-20,2026-08-26,80,42660.0,69.0,0.575,0.0508173875612742,4,0,0.3174603174603174,LOW,PARTIAL,True,True,gap_fade_100,"{""gap_threshold"":0.01}",INTRADAY_SHORT_ALLOWED_RESEARCH,2025-08-20,2026-08-27,95.94198694706309,97.62726613488036,97.24147933284989,95.55329949238579,95.94488759970994,96.48121827411167,5,ROBUST POSITIVE,LIMITED SAMPLE,1400,
235,176,INE251C01025,145,145,1589195.1093689497,1170472.0719974935,15.891951093689496,11.704720719974937,0.4728398013448294,5.628638658778041,12.5640505729587,-0.0894225612289258,0.5655172413793104,0.0183547888638512,0.0030000000000001,4.8802591752020605,0.1403076923076923,-0.0596190476190476,0.5753968253968254,290.0,0.0374488813058418,0.0031099603180293,5.901936676633134,2.4637016218985813e-08,0.0122077188435493,0.0245018588841532,11,2,0.7121388289715929,-0.045081937462064,0.2564797837461116,38215.24139923867,1132256.830598255,1589195.1093689497,1365051.4889956885,1170472.0719974935,855007.0913153857,617469.2169099172,ABMINTLLTD,ABM INTERNATIONAL LTD,BE,2025-08-20,2026-08-27,238,21474.295,501.5,0.1848739495798319,0.0500531015354362,28,0,0.9444444444444444,LOW,PARTIAL,False,True,gap_fade_050,"{""gap_threshold"":0.005}",INTRADAY_SHORT_ALLOWED_RESEARCH,2025-08-20,2026-08-27,98.93546047860768,98.08556925308194,99.00797679477883,83.65917331399565,98.89775199419869,96.48100072516317,5,ROBUST POSITIVE,LIMITED SAMPLE,368,
236,47,INE972X01022,251,251,1362338.1701462332,789408.6461708952,13.623381701462332,7.894086461708952,0.2872115736818201,7.78378639345295,14.6782361413699,-0.0825982616624684,0.5856573705179283,0.0089067471683934,0.007421265141319,3.6443618078107063,0.0724500846023687,-0.0466320868516283,0.996031746031746,502.0,0.018120058444415,0.0011437279473919,7.787470078617283,1.8194636454431914e-13,0.0066541768134949,0.011159317523292,12,1,0.4620067933070937,-0.0001680624487195,0.1295853202758935,-33783.78378378383,823192.429954679,1362338.1701462332,1040586.0954093754,789408.6461708952,440413.3850281695,228035.13307467735,VAISHALI,VAISHALI PHARMA LIMITED,EQ,2025-08-20,2026-08-27,252,1145079.475,137791.0,0.0,0.0554871909304387,0,0,1.0,OK,FULL,False,False,close_to_open,{},LONG_ONLY,2025-08-20,2026-08-27,98.42494561276287,99.4517766497462,97.64467005076142,85.0761421319797,98.46265409717186,96.47947788252355,5,ROBUST POSITIVE,COMPARABLE,544,42
237,131,INE156C01018,126,126,1799000.705328765,1384082.345472088,17.990007053287652,13.840823454720878,0.3863944309661495,7.205059945415792,8.49720657170042,-0.1006425339366516,0.8015873015873016,0.0220951987117931,0.0216032151891847,7.535918053637176,0.14284126984127,-0.1006425339366515,0.5,252.0,0.0307182983349981,0.0027366035208159,8.073949530403613,4.859925111858808e-13,0.0166791207058783,0.0275112767177078,13,0,0.6829831373606634,0.0887318323597428,0.178632350218169,-42760.41666666664,1426842.7621387546,1799000.705328765,1578872.7174902952,1384082.345472088,1059259.8256938052,805091.861235349,PIONEEREMB,PIONEER EMBROIDERIES LTD,EQ,2025-08-20,2026-08-27,252,334047.02,11940.0,0.0,0.0546628377995954,0,0,1.0,LOW,FULL,False,False,gap_fade_100,"{""gap_threshold"":0.01}",INTRADAY_SHORT_ALLOWED_RESEARCH,2025-08-20,2026-08-27,99.1269035532995,99.19361856417694,99.26323422770123,81.01522842639594,99.15010877447426,96.45540246555476,5,ROBUST POSITIVE,LOW LIQUIDITY,302,
238,449,INE350Z01018,113,113,445269.2889366424,336324.9871861467,4.452692889366423,3.363249871861467,0.2300907771921012,6.533752432477785,8.353473248877714,-0.0507480310167024,0.7964601769911505,0.0133040369484035,0.011052438745134,7.238883079352785,0.0765278949835911,-0.0483768115942029,0.4484126984126984,226.0,0.0192955268383813,0.0018151704763321,7.329359485444472,3.842847981693004e-11,0.0097075093274795,0.0169005645693274,13,0,0.2505674307525591,0.046289435358843,0.0604528361871023,-7675.857328343322,344000.84451449005,445269.2889366424,387791.7345779355,336324.9871861467,248993.8276655043,179018.6695537725,GLOSTERLTD,GLOSTER LIMITED,EQ,2025-08-20,2026-08-27,252,1182378.55,1872.5,0.0,0.0348898277217757,0,0,1.0,OK,FULL,False,False,gap_fade_100,"{""gap_threshold"":0.01}",INTRADAY_SHORT_ALLOWED_RESEARCH,2025-08-20,2026-08-27,96.83828861493836,98.81943437273387,97.27338651196519,91.06744017403916,96.83538796229152,96.45532994923857,5,ROBUST POSITIVE,COMPARABLE,1091,43
239,216,INE558D01021,170,170,1421341.8259317705,988257.7607506826,14.213418259317704,9.882577607506825,0.3182844942802182,7.691808195841265,12.189838081773589,-0.0937642001602667,0.7647058823529411,0.014401078127728,0.0143907018152539,4.923659022317401,0.0779382716049383,-0.0461120061373225,0.6746031746031746,340.0,0.0230038161237517,0.00176431215768,8.162432064552977,7.229336232505262e-14,0.0109181487079099,0.0178840075475462,13,0,0.3845394124107435,0.0267703463211441,0.106178078175697,-24872.193820849177,1013129.9545715316,1421341.8259317705,1186812.1357535266,988257.7607506826,677945.7320622054,455748.4442187401,CORALFINAC,CORAL INDIA FIN & HOUS LT,EQ,2025-08-20,2026-08-27,252,638252.115,16792.5,0.0,0.0537635999853742,0,0,1.0,LOW,FULL,False,False,gap_fade_050,"{""gap_threshold"":0.005}",INTRADAY_SHORT_ALLOWED_RESEARCH,2025-08-20,2026-08-27,98.72951414068166,99.40536620739667,98.6686004350979,82.70050761421321,98.74401740391589,96.45105148658449,5,ROBUST POSITIVE,LOW LIQUIDITY,439,
240,227,INE210C01013,153,153,1309120.8499847434,942657.8626907616,13.091208499847436,9.426578626907617,0.4146638431712428,5.878268402886789,8.984285168150665,-0.0867189015498635,0.7516339869281046,0.015931407628321,0.015578125,4.246834927757775,0.1772490916431166,-0.0724191616766466,0.6071428571428571,306.0,0.0320369850191464,0.0025900367286327,6.151035408957663,6.5063630529957e-09,0.0108142877907662,0.0210485274658758,13,0,0.5919456764966387,0.0037543811028102,0.1576375650058838,-28956.135480288824,971613.9981710506,1309120.8499847434,1112208.2895947497,942657.8626907616,671040.4322583275,469840.36272629176,AROGRANITE,ARO GRANITE IND. LTD.,EQ,2025-08-20,2026-08-27,252,292151.66000000003,9467.5,0.0,0.0577384820315246,0,0,1.0,LOW,FULL,False,False,gap_fade_050,"{""gap_threshold"":0.005}",INTRADAY_SHORT_ALLOWED_RESEARCH,2025-08-20,2026-08-27,98.65699782451051,98.30021754894851,98.70920957215374,84.29586656997824,98.69180565627266,96.44887599709935,5,ROBUST POSITIVE,LOW LIQUIDITY,464,
241,316,INE844K01012,162,162,924538.4143848912,644129.4608385988,9.245384143848913,6.441294608385988,0.3177237204942713,6.497791806530583,8.748051757526163,-0.0781460989866087,0.7037037037037037,0.0127438431343709,0.0120495806843714,4.219495627797812,0.1046135997967652,-0.0656388863194893,0.6428571428571429,324.0,0.0237940769054743,0.0018694392368816,6.8169335932139,1.7718773528845742e-10,0.0090520594023514,0.0164356268663904,13,0,0.31133656892526,0.0119536615384618,0.0999541276887015,-23739.661992089168,667869.1228306879,924538.4143848912,773217.9601097358,644129.4608385988,440124.5459098848,291799.07071228046,BEDMUTHA,BEDMUTHA INDUST LTD,EQ,2025-08-20,2026-08-27,252,669599.55,5902.5,0.0,0.0456908750092884,1,0,1.0,LOW,FULL,False,False,gap_fade_050,"{""gap_threshold"":0.005}",INTRADAY_SHORT_ALLOWED_RESEARCH,2025-08-20,2026-08-27,98.09427121102247,98.7962291515591,98.01015228426397,86.06816533720088,98.14068165337201,96.42320522117478,5,ROBUST POSITIVE,LOW LIQUIDITY,658,
242,235,INE268H01044,185,185,1381765.450454401,928480.3558076378,13.817654504544011,9.284803558076378,0.4027522932497286,6.00948744408387,12.85727364152081,-0.0872090609953919,0.5405405405405406,0.0130828910776228,0.0083092783505154,3.489627766909492,0.0880900900900901,-0.0436666666666667,0.7341269841269841,370.0,0.0288499546564449,0.0021210908510161,6.168001276963288,4.287218241710211e-09,0.0088981049435693,0.0172676772116763,11,2,0.398087742760804,-0.0433907368421051,0.1383618071111264,-63320.46332046326,991800.8191281012,1381765.450454401,1134601.7543854308,928480.3558076378,613343.4209960549,394408.80439816014,NAVKARURB,NAVKAR URBANSTRUCTURE LTD,BE,2025-08-20,2026-08-27,252,1020673.17,789537.0,0.0,0.0506762580060222,21,0,1.0,OK,FULL,False,False,gap_fade_050,"{""gap_threshold"":0.005}",INTRADAY_SHORT_ALLOWED_RESEARCH,2025-08-20,2026-08-27,98.62799129804206,98.4394488759971,98.45975344452502,84.18564176939812,98.71211022480057,96.40710659898477,5,ROBUST POSITIVE,COMPARABLE,474,44
243,315,INE263W01010,116,116,752067.1273933996,578320.9832071131,7.520671273933996,5.783209832071131,0.3005045218090043,6.5396620175687135,7.8462146704863,-0.0764366744366744,0.7758620689655172,0.0169413621326034,0.016336376170812,7.174609925199216,0.1571858986007631,-0.0764366744366744,0.4603174603174603,232.0,0.025017715630801,0.0023228365822394,7.293393888376838,4.1592437224234667e-11,0.0123402699138367,0.02154245435137,13,0,0.3671208672654724,0.0204808054826193,0.1098727440426323,20947.42146816726,557373.5617389459,752067.1273933996,660289.3075158375,578320.9832071131,439760.9930945332,329310.7590391443,MAHESHWARI,MAHESHWARI LOGISTICS LTD.,BE,2025-08-20,2026-08-27,252,633661.6599999999,11717.0,0.0,0.0434394442661276,0,0,1.0,LOW,FULL,False,False,gap_fade_100,"{""gap_threshold"":0.01}",INTRADAY_SHORT_ALLOWED_RESEARCH,2025-08-20,2026-08-27,97.88252356780276,98.8281363306744,98.19289340101523,86.46845540246555,97.79260333575054,96.40362581580857,5,ROBUST POSITIVE,LOW LIQUIDITY,731,
244,85,INE699B01027,144,144,2867655.767194929,2139033.9079006286,28.67655767194929,21.390339079006285,0.4523496178948106,7.129052639066861,10.051228426579044,-0.1076910569105691,0.75,0.0223946127585686,0.0205758966728923,7.416231409962162,0.2339374999999999,-0.1076910569105691,0.5714285714285714,288.0,0.0347676930693357,0.0028973077557779,7.729455979920663,1.744249772600058e-12,0.0166675271227565,0.0281216983943807,13,0,0.4693461416091511,0.0880087530712414,0.1208564016056746,-7305.936073059303,2146339.843973688,2867655.767194929,2477905.8457868285,2139033.9079006286,1588370.334120683,1172429.428113038,SAMBHAAV,SAMBHAAV MEDIA LTD,EQ,2025-08-20,2026-08-27,252,302150.57499999995,41994.0,0.0,0.0598474284482981,1,0,1.0,LOW,FULL,False,False,gap_fade_100,"{""gap_threshold"":0.01}",INTRADAY_SHORT_ALLOWED_RESEARCH,2025-08-20,2026-08-27,99.46918056562727,99.15300942712109,99.5155910079768,79.25018129079042,99.46627991298041,96.38179840464106,5,ROBUST POSITIVE,LOW LIQUIDITY,184,
245,409,INE0L0L01012,93,93,484726.68859115685,387063.3827109399,4.847266885911568,3.8706338271094,0.3084069613171264,5.296935449726832,9.475154376267724,-0.0542152131848546,0.7419354838709677,0.017565717917669,0.010787356321839,6.860213474151895,0.1426927374301676,-0.0504,0.369047619047619,186.0,0.0288609635177348,0.0029927425031268,5.86943844962151,6.848162182450369e-08,0.0116218729820507,0.0235095628532872,10,0,0.3212408614553332,0.0,0.124267579423701,-3739.383952338685,390802.76666327857,484726.68859115685,433689.56144742586,387063.3827109399,305566.1115693492,237583.20616604248,MODIS,MODIS NAVNIRMAN LTD,EQ,2025-11-14,2026-08-27,194,6202989.55,17727.0,0.0,0.04682706138545,0,0,0.7698412698412699,OK,PARTIAL,True,True,gap_fade_100,"{""gap_threshold"":0.01}",INTRADAY_SHORT_ALLOWED_RESEARCH,2025-08-20,2026-08-27,97.1399564902103,97.75489485134156,97.71138506163886,90.46845540246555,97.13705583756345,96.37592458303118,5,ROBUST POSITIVE,LIMITED SAMPLE,987,
246,116,INE287Z01012,176,176,2207901.325259264,1532426.6584361251,22.079013252592635,15.32426658436125,0.4257281889447725,6.80089076445674,18.1576933243286,-0.1022632859317291,0.5340909090909091,0.0164507437975193,0.0056304052743843,5.301648821017992,0.1054380165289254,-0.0397358490566037,0.6984126984126984,352.0,0.0308137778897669,0.002322675900766,7.082668654758768,3.3098832714881195e-11,0.0118666816946967,0.0210348059003418,12,1,0.6908225038070237,-0.0293178148172087,0.1943582342757498,-6030.150753769049,1538456.8091898942,2207901.325259264,1841165.095726492,1532426.6584361251,1053860.7653009295,715033.098811747,GAYAHWS,GAYATRI HIGHWAYS LIMITED,EQ,2025-08-20,2026-08-27,252,628837.6799999999,274512.5,0.0,0.0521566777656196,32,0,1.0,LOW,FULL,False,False,gap_fade_100,"{""gap_threshold"":0.01}",INTRADAY_SHORT_ALLOWED_RESEARCH,2025-08-20,2026-08-27,99.23132704858592,98.97897026831038,99.14720812182742,80.65844815083393,99.21392313270486,96.3746192893401,5,ROBUST POSITIVE,LOW LIQUIDITY,266,
247,594,INE784B01035,128,128,338464.38444242073,240337.818512946,3.3846438444242075,2.40337818512946,0.1894973046723499,6.571757305841439,22.94756084056624,-0.0238966818673361,0.515625,0.0097291429407638,0.0028664393293549,6.986940286681241,0.0410622009569376,-0.0170753768844221,0.5079365079365079,256.0,0.015319405636639,0.0013540569511768,7.185180012042991,5.0549596357490266e-11,0.0070497085947051,0.0124085772868226,12,0,0.3310985524009004,0.0,0.1088281035823105,39174.8059675603,201163.0125453857,338464.38444242073,286322.04635299335,240337.818512946,164038.86458584457,104741.74092095182,WINSOME,WINSOME YARNS LIMITED,BZ,2025-08-20,2026-07-30,213,9137.67,4778.0,0.0422535211267605,0.0206978799876288,43,0,0.8452380952380952,LOW,PARTIAL,False,True,gap_fade_050,"{""gap_threshold"":0.005}",INTRADAY_SHORT_ALLOWED_RESEARCH,2025-08-20,2026-08-27,96.04641044234953,98.84554024655547,96.31036983321248,94.70920957215372,95.56780275562001,96.36272661348804,5,ROBUST POSITIVE,LIMITED SAMPLE,1364,
248,433,INE923A01015,111,111,469292.4899141373,357414.2758974795,4.692924899141373,3.574142758974795,0.2337401958844988,6.638953556646763,6.669642079262195,-0.0579925644472967,0.8378378378378378,0.0139800928360243,0.0149745958429561,6.50624838466469,0.0738268351707449,-0.0529192200557102,0.4404761904761904,222.0,0.0196050247800121,0.0018608266026874,7.512840162449331,1.6400331411843407e-11,0.0102923712788354,0.0176678143932133,13,0,0.3305610046143277,0.0152500901647252,0.0979747634668843,-1891.0585752314216,359305.3344727109,469292.4899141373,410324.0173602323,357414.2758974795,267363.6812589929,194913.20682060748,SILINV,SIL INVESTMENTS LIMITED,EQ,2025-08-20,2026-08-27,250,1075595.875,2155.5,0.0,0.0400151190839786,0,0,0.992063492063492,OK,FULL,False,True,gap_fade_100,"{""gap_threshold"":0.01}",INTRADAY_SHORT_ALLOWED_RESEARCH,2025-08-20,2026-08-27,96.96011602610587,98.88034807831762,97.41261783901378,89.7577955039884,96.95721537345902,96.35373459028281,5,ROBUST POSITIVE,COMPARABLE,1049,45
249,233,INE235C01036,130,130,1034921.6865292272,778958.2712195893,10.34921686529227,7.789582712195893,0.4199019444454108,5.400091122924656,10.890118099344644,-0.0828784955056801,0.6076923076923076,0.0174423750976805,0.0135833131215134,4.028647222768892,0.1537603686635944,-0.051129593810445,0.5158730158730159,260.0,0.0348274139185352,0.0030545662668976,5.710262464004639,7.386792490421041e-08,0.0113988409278401,0.0234859092675208,11,0,0.4954885979923085,0.0,0.1781661837724584,-65869.67945349443,844827.9506730838,1034921.6865292272,898836.4538701237,778958.2712195893,580380.289629894,426399.45153657673,SUMEETINDS,SUMEET IND LIMITED,EQ,2025-10-03,2026-08-27,222,4281419.005,147613.0,0.0,0.0520674194299541,16,1,0.8809523809523809,OK,PARTIAL,True,True,gap_fade_100,"{""gap_threshold"":0.01}",INTRADAY_SHORT_ALLOWED_RESEARCH,2025-08-20,2026-08-27,98.4133430021755,97.87672226250906,98.57577955039883,85.03553299492386,98.51486584481508,96.35213923132704,5,ROBUST POSITIVE,LIMITED SAMPLE,548,
250,122,INE662A01027,165,165,2309287.0941877617,1642224.2994453618,23.092870941877617,16.42224299445362,0.4237296468592973,6.989625019209107,8.449213505416868,-0.1047464761904762,0.703030303030303,0.0179497657034447,0.0165995623632384,5.437404672555449,0.1022553191489362,-0.102952380952381,0.6547619047619048,330.0,0.0312816444796398,0.0024352727199035,7.370741501245693,7.917309286900098e-12,0.0131412355163653,0.0227582958905241,12,1,0.5026941513893579,-0.030884020485471,0.1661152812538615,-39516.12903225795,1681740.4284776198,2309287.0941877617,1948947.9096016611,1642224.2994453618,1159047.6798370392,809288.6891978546,SUPERSPIN,SUPER SPINNING MILLS LTD,BE,2025-08-20,2026-08-27,252,215380.475,28942.5,0.0039682539682539,0.0609706715016539,16,0,1.0,LOW,FULL,False,False,gap_fade_050,"{""gap_threshold"":0.005}",INTRADAY_SHORT_ALLOWED_RESEARCH,2025-08-20,2026-08-27,99.28934010152284,99.08049311094996,99.26613488034808,79.98549673676577,99.29804205946337,96.34909354604787,5,ROBUST POSITIVE,LOW LIQUIDITY,246,
251,8,INE0US801024,156,156,14615730.236613411,10772375.41760072,146.15730236613413,107.7237541760072,0.5585619193476793,8.737641721299097,13.23329967602396,-0.1203946600652173,0.8076923076923077,0.0312853457078281,0.0307594781096893,9.834788853758122,0.2063623693379791,-0.1185217391304347,0.6190476190476191,312.0,0.0403681672716563,0.0032320400488526,9.679751870319285,1.2581747601354833e-17,0.0249008153882964,0.0376698760273597,12,1,1.1689224761297172,-0.00212475,0.3273591491324331,-37714.28571428577,10810089.703315008,14615730.236613411,12549840.78749061,10772375.41760072,7928069.4257002035,5824352.029058644,MFML,MAHALAXMI FABRIC MILLS LT,EQ,2025-08-20,2026-08-27,252,106593.71,4513.5,0.0277777777777777,0.0719568514225393,2,0,1.0,LOW,FULL,False,False,gap_fade_100,"{""gap_threshold"":0.01}",INTRADAY_SHORT_ALLOWED_RESEARCH,2025-08-20,2026-08-27,99.95939086294416,99.73894126178389,99.962291515591,76.13633067440175,99.95939086294416,96.3424220449601,5,ROBUST POSITIVE,LOW LIQUIDITY,15,
252,470,INE0JPD01013,98,98,403229.6157820123,314892.9956391269,4.032296157820123,3.148929956391269,0.2380400213266741,6.110399664567335,6.460969883862469,-0.0507519637061852,0.8061224489795918,0.0148420374129399,0.0136890294261012,6.7178425459171525,0.0868634232732575,-0.0501310163770472,0.3888888888888889,196.0,0.0211146868633477,0.0021329054662433,6.958600673043732,4.061519904890644e-10,0.0106088104804826,0.0190752643453971,12,0,0.2448069890836719,0.0,0.0719071650922395,-8469.701477734852,323362.69711686176,403229.6157820123,356953.2766543617,314892.9956391269,241932.59393250704,181694.73544068943,SANATHAN,SANATHAN TEXTILES LIMITED,EQ,2025-08-20,2026-08-27,252,10535035.775,22768.5,0.0,0.0401738475592837,0,0,1.0,OK,FULL,False,False,gap_fade_100,"{""gap_threshold"":0.01}",INTRADAY_SHORT_ALLOWED_RESEARCH,2025-08-20,2026-08-27,96.69035532994924,98.53807106598985,97.2994923857868,91.0630891950689,96.66424945612762,96.3324147933285,5,ROBUST POSITIVE,COMPARABLE,1142,46
253,286,INE719F01016,68,68,741756.4117438657,637640.8734056728,7.417564117438657,6.376408734056729,0.4033741633161103,5.162749888205074,7.893942850281268,-0.0766385291616698,0.7352941176470589,0.0306252928906626,0.0212669879017153,13.40736559697109,0.1849090909090909,-0.0698749999999999,0.2698412698412698,136.0,0.0415191258898072,0.0050349335743232,6.082561455595532,6.370704574842467e-08,0.0205755234143509,0.0406750623669744,9,1,0.6502953203674131,-0.0216689166666668,0.2024435193080652,38026.023420390906,599614.8499852819,741756.4117438657,688006.2121276584,637640.8734056728,546236.9596347589,466013.0623987806,SHIVAUM,SHIV AUM STEELS LIMITED,EQ,2025-11-14,2026-08-27,176,23156.0,70.0,0.5625,0.0431438629253087,39,0,0.6984126984126984,LOW,PARTIAL,True,True,gap_fade_100,"{""gap_threshold"":0.01}",INTRADAY_SHORT_ALLOWED_RESEARCH,2025-08-20,2026-08-27,98.07976794778826,97.60406091370558,98.70340826686005,86.43074691805657,97.9231327048586,96.33067440174041,5,ROBUST POSITIVE,LIMITED SAMPLE,663,
254,360,INE640B01021,48,48,519403.1753900055,464574.7793701583,5.194031753900054,4.645747793701584,0.5652128764703416,3.307744061264476,6.686755046398751,-0.0444096385542169,0.7916666666666666,0.0389495736561454,0.0268928858107906,10.228361556458388,0.4600802620802622,-0.0444096385542168,0.1904761904761904,96.0,0.0742693340487468,0.0107198550013945,3.633404896901916,0.0006905997595262,0.0173840070485314,0.0605151402637595,5,0,1.0665647867096544,0.0,0.3134299010651836,14555.052790346774,450019.72657981154,519403.1753900055,491367.1523726928,464574.7793701583,414507.1192263805,368794.88843350793,HBESD,H B ESTATE DEVELOPERS L,EQ,2026-04-20,2026-08-27,91,95704.75,1284.0,0.0329670329670329,0.0705473078117521,1,0,0.3611111111111111,LOW,PARTIAL,True,True,gap_fade_100,"{""gap_threshold"":0.01}",INTRADAY_SHORT_ALLOWED_RESEARCH,2025-08-20,2026-08-27,97.49963741841916,94.97316896301668,98.34952864394488,92.01160261058739,97.42131979695432,96.32545322697607,5,ROBUST POSITIVE,LIMITED SAMPLE,863,
255,146,INE645H01027,173,173,1991661.1314195031,1388137.0984034988,19.91661131419503,13.881370984034987,0.3837350640855043,7.262011905420134,8.950576597486167,-0.1036777563775931,0.7687861271676301,0.0161080266122317,0.014295025728988,4.78836525701901,0.1209437229437229,-0.0657623762376238,0.6865079365079365,346.0,0.0277652341341345,0.0021109516612939,7.630694206592078,1.530737466056019e-12,0.0119413200958989,0.0202747331285645,13,0,0.4428688588139005,0.0579230483047434,0.112471580677675,-1601.830663615663,1389738.9290671144,1991661.1314195031,1664426.3279444317,1388137.0984034988,958041.8070929628,651743.7514532638,SUTLEJTEX,SUTLEJ TEXT & INDUS LTD,BE,2025-08-20,2026-08-27,252,1214132.75,34370.0,0.0,0.0466174186445119,0,0,1.0,OK,FULL,False,False,gap_fade_050,"{""gap_threshold"":0.005}",INTRADAY_SHORT_ALLOWED_RESEARCH,2025-08-20,2026-08-27,99.13850616388687,99.22552574329224,99.05148658448151,80.27266134880348,99.12400290065264,96.3057287889775,5,ROBUST POSITIVE,COMPARABLE,298,47
256,177,INE374B01019,164,164,1645997.2738142542,1164317.2347590702,16.459972738142543,11.643172347590705,0.4140959082151058,6.358690118693928,11.01875207316027,-0.0978422941559644,0.725609756097561,0.0160555339009693,0.0150456476543432,4.029981492573955,0.109043412033511,-0.062243734191768,0.6507936507936508,328.0,0.0309394752343436,0.0024159671191034,6.645592886598467,4.317833351871866e-10,0.0112849057441581,0.0208261620577806,12,1,0.6749884994101512,-0.0278152078384116,0.1961689872354688,-22532.785799443707,1186850.020558514,1645997.2738142542,1385882.0333784388,1164317.2347590702,814938.3578967958,561682.7264114912,MUKTAARTS,MUKTA ARTS LIMITED,BE,2025-08-20,2026-08-27,252,307823.66000000003,5274.0,0.0,0.0567947672304708,0,0,1.0,LOW,FULL,False,False,gap_fade_050,"{""gap_threshold"":0.005}",INTRADAY_SHORT_ALLOWED_RESEARCH,2025-08-20,2026-08-27,98.93255982596084,98.71791153009427,98.9238578680203,81.68237853517041,98.94706308919507,96.3032632342277,5,ROBUST POSITIVE,LOW LIQUIDITY,369,
257,561,INE784B01035,110,110,309600.95076274825,229556.100786804,3.0960095076274827,2.29556100786804,0.1813313559662205,6.681004390909144,61.71132603035739,-0.0281047998073618,0.5272727272727272,0.0110134144129075,0.0031683716965046,11.127114013360254,0.0410622009569376,-0.0080606060606061,0.4365079365079365,220.0,0.0152147312618623,0.0014506677063611,7.591962214788553,1.144787293142218e-11,0.0081382381805588,0.0138885906452561,11,1,0.3217410173740558,-0.0079760319839999,0.1044480758609907,39174.8059675603,190381.2948192437,309600.95076274825,267424.82321817096,229556.100786804,165039.5476032712,113061.11263209346,WINSOME,WINSOME YARNS LIMITED,BZ,2025-08-20,2026-07-30,213,9137.67,4778.0,0.0422535211267605,0.0206978799876288,43,0,0.8452380952380952,LOW,PARTIAL,False,True,gap_fade_100,"{""gap_threshold"":0.01}",INTRADAY_SHORT_ALLOWED_RESEARCH,2025-08-20,2026-08-27,95.98839738941261,98.90065264684554,96.46120377084844,94.25670775924583,95.45467730239304,96.29891225525743,5,ROBUST POSITIVE,LIMITED SAMPLE,1384,
258,196,INE558D01021,141,141,1313581.2991568162,971471.370624647,13.135812991568162,9.71471370624647,0.3027399676878733,8.018808677914793,11.688055963695904,-0.0993954231577707,0.8014184397163121,0.0172171197166465,0.0180108166576526,6.825854273889558,0.0779382716049383,-0.045281807372176,0.5595238095238095,282.0,0.0228156306507813,0.0019214227182899,8.960610048354937,1.824150056687272e-15,0.013418363784444,0.021015875648849,13,0,0.3694341388788673,0.0267703463211441,0.1133439416634246,-24872.193820849177,996343.5644454962,1313581.2991568162,1130779.5105792102,971471.370624647,711714.441979362,514593.4954742143,CORALFINAC,CORAL INDIA FIN & HOUS LT,EQ,2025-08-20,2026-08-27,252,638252.115,16792.5,0.0,0.0537635999853742,0,0,1.0,LOW,FULL,False,False,gap_fade_100,"{""gap_threshold"":0.01}",INTRADAY_SHORT_ALLOWED_RESEARCH,2025-08-20,2026-08-27,98.7005076142132,99.56780275562002,98.83973894126179,81.31399564902104,98.72081218274111,96.29789702683104,5,ROBUST POSITIVE,LOW LIQUIDITY,449,
259,146,INE403Y01018,134,134,1708753.066611476,1290950.8633397864,17.08753066611476,12.909508633397865,0.3947230194661653,6.89570786780796,10.20502460535654,-0.1026817994303934,0.746268656716418,0.0203126464995354,0.0178768754402052,5.576202095983906,0.1165567010309278,-0.0720759860089252,0.5317460317460317,268.0,0.0311796569746006,0.0026935121180815,7.541323598723352,6.490866185004244e-12,0.0149849838654515,0.0256403091336193,13,0,0.3674083371979366,0.0804659236392126,0.0830905442390619,-40656.63733560417,1331607.5006753905,1708753.066611476,1486256.840234909,1290950.8633397864,969104.2804520776,721302.6729243249,INNOVANA,INNOVANA THINKLABS LTD,EQ,2025-08-20,2026-08-27,252,2171131.25,5339.0,0.0,0.0563263607099217,0,0,1.0,OK,FULL,False,False,gap_fade_100,"{""gap_threshold"":0.01}",INTRADAY_SHORT_ALLOWED_RESEARCH,2025-08-20,2026-08-27,99.05148658448151,99.02538071065989,99.16751269035532,80.53081943437273,99.08049311094996,96.29717186366932,5,ROBUST POSITIVE,COMPARABLE,328,48
260,236,INE976T01013,130,130,1027573.1067543392,773317.1066723765,10.27573106754339,7.733171066723765,0.3114574735136789,7.139387747530361,10.69254234973953,-0.0919966652091865,0.7846153846153846,0.0171047359252332,0.0165499949679991,6.4745311190221,0.0946165413533834,-0.058078431372549,0.5158730158730159,260.0,0.0246223184328409,0.0021595201835454,7.920618689078951,9.55972249083241e-13,0.0128320723522893,0.021377399498177,13,0,0.4268666107534369,0.0432235516892005,0.09360214354891,-18303.57142857148,791620.678100948,1027573.1067543392,892397.4039420928,773317.1066723765,576052.6890606197,423081.7608293257,SAGARDEEP,SAGARDEEP ALLOYS LIMITED,EQ,2025-08-20,2026-08-27,252,168509.745,6599.5,0.0,0.0496680635085542,0,0,1.0,LOW,FULL,False,False,gap_fade_100,"{""gap_threshold"":0.01}",INTRADAY_SHORT_ALLOWED_RESEARCH,2025-08-20,2026-08-27,98.39883973894126,99.1646120377085,98.55837563451777,83.0891950688905,98.4075416968818,96.2891950688905,5,ROBUST POSITIVE,LOW LIQUIDITY,553,
261,289,INE412C01023,139,139,863478.5058289189,632684.4221479725,8.63478505828919,6.326844221479725,0.2719325596597857,7.4875216067385875,6.234334715394975,-0.0859316662540232,0.8129496402877698,0.0146482080289811,0.0159864253393665,6.132049815524042,0.0714352966699207,-0.0859316662540232,0.5515873015873016,278.0,0.0209000144753906,0.0017727160908177,8.263143830450565,1.0457232393430399e-13,0.0111430102236238,0.0181534058343383,13,0,0.3062507357969974,0.0447619940841832,0.0829623938124372,4410.279429918068,628274.1427180545,863478.5058289189,740250.5260794153,632684.4221479725,456874.1153647188,323020.4093458827,JMA,JULLUNDUR MOT AGENCY LTD,EQ,2025-08-20,2026-08-27,252,625695.2250000001,7123.5,0.0,0.0410035151120693,0,0,1.0,LOW,FULL,False,False,gap_fade_100,"{""gap_threshold"":0.01}",INTRADAY_SHORT_ALLOWED_RESEARCH,2025-08-20,2026-08-27,98.06526468455402,99.31544597534445,98.16388687454676,84.43219724437998,98.0188542422045,96.28078317621464,5,ROBUST POSITIVE,LOW LIQUIDITY,668,
262,318,INE341R01014,127,127,758367.3466827456,568464.8532743684,7.583673466827456,5.684648532743685,0.2884228764059629,6.753490118101246,5.824132648951075,-0.0806044943133592,0.8346456692913385,0.0153374885483622,0.0131850003564553,5.978520484204578,0.0862312925170067,-0.0753333333333332,0.503968253968254,254.0,0.0232376524672936,0.0020620082180402,7.438131630212016,1.3855837185480118e-11,0.0112568349038454,0.019418142192879,13,0,0.384632208480625,0.0368580643046032,0.0990141896854143,-12513.831606478212,580978.6848808466,758367.3466827456,657534.8610866801,568464.8532743684,420318.9229535452,304804.6274850735,DTIL,DHUNSERI TEA & IND. LTD.,EQ,2025-08-20,2026-08-27,252,490149.205,3163.5,0.0,0.041968767804688,0,0,1.0,LOW,FULL,False,False,gap_fade_100,"{""gap_threshold"":0.01}",INTRADAY_SHORT_ALLOWED_RESEARCH,2025-08-20,2026-08-27,97.84191443074693,98.94996374184191,98.09427121102247,85.53154459753445,97.85931834662799,96.27092095721537,5,ROBUST POSITIVE,LOW LIQUIDITY,745,
263,106,INE801L01010,251,251,805802.5505301044,450392.1760788901,8.058025505301044,4.503921760788901,0.2965989347327393,5.915140376893228,12.57428953570623,-0.0569974332200152,0.5617529880478087,0.0069897383847854,0.0029726989079561,2.912869728058586,0.0851806621606139,-0.0446758938869665,0.996031746031746,502.0,0.0187161079856061,0.0011813502608288,5.916736650044181,1.0758497988175413e-08,0.0046630709440162,0.0093164058255546,11,2,0.3449625876002036,-0.0365972756301978,0.1181059048335892,-19235.73933911772,469627.9154180078,805802.5505301044,606165.6580543498,450392.1760788901,234103.1160803542,102608.02636742184,AIROLAM,AIRO LAM LIMITED,EQ,2025-08-20,2026-08-27,252,262755.295,2669.0,0.0079365079365079,0.04527325208133,1,0,1.0,LOW,FULL,False,False,close_to_open,{},LONG_ONLY,2025-08-20,2026-08-27,97.44742567077593,98.33212472806382,96.28426395939086,89.92023205221174,97.48803480783175,96.27077592458303,5,ROBUST POSITIVE,LOW LIQUIDITY,881,
264,159,INE0PSC01024,177,177,1864647.4695770096,1286480.4729214043,18.6464746957701,12.864804729214043,0.3565361527053504,7.58646485074632,11.11861659669127,-0.1040562033014321,0.7796610169491526,0.0152816327147992,0.014078838174274,5.28543028168766,0.1293494099538223,-0.0531111111111111,0.7023809523809523,354.0,0.0254852513516852,0.0019155887951147,7.977512059879992,1.835512013184383e-13,0.011501152354944,0.0190621130746544,13,0,0.403907194962797,0.0039667517241792,0.1179354784876297,-42990.05453962148,1329470.527461026,1864647.4695770096,1550579.6167927273,1286480.4729214043,877786.4923435983,589087.3512345857,DIGIDRIVE,DIGIDRIVE DISTRIBUTORS L,EQ,2025-08-20,2026-08-27,252,545413.4,21833.5,0.0,0.0530715365730294,0,0,1.0,LOW,FULL,False,False,gap_fade_050,"{""gap_threshold"":0.005}",INTRADAY_SHORT_ALLOWED_RESEARCH,2025-08-20,2026-08-27,99.04568527918781,99.34735315445975,98.97897026831038,80.15663524292967,99.07759245830312,96.26569978245107,5,ROBUST POSITIVE,LOW LIQUIDITY,330,
265,231,INE368U01029,162,162,1121833.8500618115,787674.9632758396,11.218338500618117,7.876749632758395,0.4259636106296527,5.352289053039958,12.801217535173537,-0.0832692226467827,0.5432098765432098,0.0140733356183115,0.0049682758620689,3.886646579389193,0.1196666666666665,-0.0541875,0.6428571428571429,324.0,0.0324243853181722,0.0025475003038094,5.524370535801972,1.303421369286284e-07,0.0090425114046258,0.0191041598319972,11,2,0.5042226343880902,-0.0119401597601919,0.1706917879422451,1683.867463335249,785991.0958125043,1121833.8500618115,941519.2527384508,787674.9632758396,544497.6257779741,367641.5773834621,UNITEDPOLY,UNITED POLYFAB GUJ. LTD.,EQ,2025-08-20,2026-08-27,252,2526799.48,80560.0,0.0,0.0553504552501085,21,0,1.0,OK,FULL,False,False,gap_fade_100,"{""gap_threshold"":0.01}",INTRADAY_SHORT_ALLOWED_RESEARCH,2025-08-20,2026-08-27,98.42204496011603,97.82160986221899,98.3437273386512,84.93401015228427,98.39883973894126,96.25844815083394,5,ROBUST POSITIVE,COMPARABLE,545,49
266,324,INE583R01029,154,154,872861.983163265,617913.4719232608,8.72861983163265,6.179134719232608,0.3585824650731709,5.692362014473741,7.425901349276751,-0.0777009345794391,0.7272727272727273,0.013254423397655,0.0123454932973444,4.052644453908741,0.1469655172413793,-0.0777009345794392,0.6111111111111112,308.0,0.0277182222529799,0.002233598001341,5.934113206448549,1.9032706058298705e-08,0.0088417488186102,0.0176670979766998,13,0,0.3707935197215597,0.0338931146476766,0.101663707353623,-6300.923411189622,624214.3953344504,872861.983163265,735784.371964259,617913.4719232608,429458.3856865023,290237.8412982983,PRITIKAUTO,PRITIKA AUTO INDUS LTD,BE,2025-08-20,2026-08-27,252,2163387.55,149943.5,0.0,0.0453483666869725,2,0,1.0,OK,FULL,False,False,gap_fade_050,"{""gap_threshold"":0.005}",INTRADAY_SHORT_ALLOWED_RESEARCH,2025-08-20,2026-08-27,98.02175489485134,98.13197969543147,97.99854967367658,86.14938361131254,97.99564902102973,96.25308194343727,5,ROBUST POSITIVE,COMPARABLE,683,50
267,272,INE997I01012,47,47,735936.5986392801,663950.8626523312,7.359365986392801,6.6395086265233125,0.4657944492642373,4.598942679897005,6.680480171932376,-0.0778635297891487,0.8297872340425532,0.045577914314477,0.0291720698254364,14.666173634784212,0.1658832116788322,-0.0511400491400491,0.1865079365079365,94.0,0.0545092687867593,0.0079509940281371,5.73235423812233,7.280311474882271e-07,0.0295733934282052,0.0615824352007488,5,0,1.437289395100933,0.0,0.428829605713965,-11598.00819158717,675548.8708439184,735936.5986392801,699150.8622891022,663950.8626523312,598043.116697649,537710.4279268374,SHRIKRISH,SHRI KRISHNA DEVCON LTD.,EQ,2026-04-20,2026-08-27,86,50599.935,1223.5,0.0930232558139534,0.0877846748536369,2,0,0.3412698412698413,LOW,PARTIAL,True,True,gap_fade_100,"{""gap_threshold"":0.01}",INTRADAY_SHORT_ALLOWED_RESEARCH,2025-08-20,2026-08-27,98.15808556925309,96.85569253081944,98.89485134155184,86.13197969543147,98.16968817984046,96.24336475707035,5,ROBUST POSITIVE,LIMITED SAMPLE,636,
268,135,INE215F01023,163,163,2054070.2025400307,1463586.620151872,20.540702025400307,14.63586620151872,0.4206349729971936,6.773955476301115,13.714917890910376,-0.1054507078144636,0.7300613496932515,0.0174807520175344,0.012988048323535,5.376568194976215,0.1381076716016149,-0.0577962802479834,0.6468253968253969,326.0,0.031293156698062,0.0024510691996867,7.131888410073573,3.1171586748912116e-11,0.0126405869765375,0.0223209170585313,13,0,0.4945800684116253,0.0115061878466968,0.1574781207488772,7035.800772301838,1456550.8193795702,2054070.2025400307,1735376.277775476,1463586.620151872,1034252.5877249576,722284.8120972761,WIPL,THE WESTERN INDIA PLY LTD,EQ,2025-08-20,2026-08-27,252,231112.545,1522.0,0.0238095238095238,0.0500667929309656,0,0,1.0,LOW,FULL,False,False,gap_fade_050,"{""gap_threshold"":0.005}",INTRADAY_SHORT_ALLOWED_RESEARCH,2025-08-20,2026-08-27,99.19071791153009,98.96446700507614,99.17041334300217,79.82306018854243,99.17041334300217,96.23219724437999,5,ROBUST POSITIVE,LOW LIQUIDITY,280,
269,28,INE544H01014,251,251,2035684.84183568,1199868.8810102055,20.3568484183568,11.998688810102058,0.3530763594703952,7.47456080210952,14.324428740235795,-0.1010052626268038,0.6215139442231076,0.0105143056440197,0.0083492884864164,3.739357412568812,0.0937642725598528,-0.053123160340821,0.996031746031746,502.0,0.0222762752341633,0.001406066024967,7.477817867241602,1.2766900474645405e-12,0.0077450608668041,0.0132835504212352,13,0,0.4146144842441495,0.0249913057383956,0.1228423542829852,-21834.061135371117,1221702.942145577,2035684.84183568,1566371.014776426,1199868.8810102055,690377.0247778053,380108.88894601614,JHS,JHS SVEND. LAB. LTD,EQ,2025-08-20,2026-08-27,252,687075.25,71571.0,0.0,0.0662400522770973,0,0,1.0,LOW,FULL,False,False,close_to_open,{},LONG_ONLY,2025-08-20,2026-08-27,98.9557650471356,99.30384336475707,98.39593908629442,80.93981145757796,98.96736765772299,96.21334300217549,5,ROBUST POSITIVE,LOW LIQUIDITY,361,
270,23,INE203Y01012,170,170,7835691.852385058,5594647.66219796,78.35691852385058,55.9464766219796,0.4447037458809611,9.380604282654902,10.761842162228294,-0.1233649625030322,0.8058823529411765,0.0245387639007271,0.0275509838199369,7.395212337030648,0.1202879684418145,-0.1169425287356322,0.6746031746031746,340.0,0.0311198478942326,0.0023867833793131,10.281102220423652,1.4571410042737e-19,0.0198270137637933,0.029250514037661,13,0,0.7073420190418507,0.039528875117921,0.2311125909785859,-128.8659793814586,5594776.528177341,7835691.852385058,6622967.721318797,5594647.66219796,3983821.7521438794,2826735.2993893474,SILLYMONKS,SILLY MONKS ENTERTAIN LTD,EQ,2025-08-20,2026-08-27,252,215576.605,12676.0,0.0,0.0640735619806136,0,0,1.0,LOW,FULL,False,False,gap_fade_100,"{""gap_threshold"":0.01}",INTRADAY_SHORT_ALLOWED_RESEARCH,2025-08-20,2026-08-27,99.86076867295142,99.85496736765772,99.85786802030456,75.43147208121827,99.85496736765772,96.1934735315446,5,ROBUST POSITIVE,LOW LIQUIDITY,49,
271,271,INE173A01025,156,156,1080667.7518057795,768145.8016478141,10.806677518057796,7.681458016478141,0.2953022193724482,7.494397433887181,11.004046305097038,-0.0940787863695942,0.75,0.014186616635167,0.0128026602459557,5.660796446570457,0.0790810810810811,-0.0557878787878787,0.6190476190476191,312.0,0.0219819215747802,0.0017599622594288,8.060750484371571,1.9106639581645716e-13,0.010710009836763,0.017663223433571,13,0,0.3489356726616583,0.0092134081919268,0.1028812054939677,5573.770491803385,762572.0311560107,1080667.7518057795,912495.4967200904,768145.8016478141,537960.5107119767,368522.0547371205,SIL,STANDARD INDUSTRIES LTD.,EQ,2025-08-20,2026-08-27,252,385268.115,23505.5,0.0,0.051551354425769,0,0,1.0,LOW,FULL,False,False,gap_fade_050,"{""gap_threshold"":0.005}",INTRADAY_SHORT_ALLOWED_RESEARCH,2025-08-20,2026-08-27,98.39303843364758,99.32124728063815,98.34662799129804,82.6062364031907,98.35242929659174,96.19325598259609,5,ROBUST POSITIVE,LOW LIQUIDITY,555,
272,200,INE06IR01021,179,179,1407705.9898491653,959146.8365870845,14.077059898491653,9.591468365870844,0.4340326821854364,5.671142124813418,14.334602912529917,-0.0931799077418621,0.4469273743016759,0.0137511789245116,-0.002,4.612601672421155,0.1102369446609509,-0.0680714285714284,0.7103174603174603,358.0,0.0316078179941947,0.0023624792374177,5.820655989993864,2.6772507508625963e-08,0.0090891075478078,0.0184132503012154,11,2,0.3636618859792857,-0.0740984694312544,0.1435469180561052,-79052.96950240772,1038199.8060894922,1407705.9898491653,1163788.1216555524,959146.8365870845,643519.3380078994,421583.3763043992,OSIAHYPER,OSIA HYPER RETAIL LIMITED,BE,2025-08-20,2026-08-27,252,3875634.42,418752.0,0.0,0.045408421982212,52,0,1.0,OK,FULL,False,False,gap_fade_100,"{""gap_threshold"":0.01}",INTRADAY_SHORT_ALLOWED_RESEARCH,2025-08-20,2026-08-27,98.67150108774474,98.1087744742567,98.54967367657723,82.82813633067441,98.78752719361856,96.18129079042785,5,ROBUST POSITIVE,COMPARABLE,459,51
273,317,INE997I01012,52,52,718680.6357342757,640695.3340748224,7.186806357342757,6.406953340748224,0.4700691182822486,4.495166052669479,6.389716562974224,-0.0778635297891489,0.7884615384615384,0.0406353604405891,0.0234380489107176,10.597796730905715,0.1658832116788322,-0.052,0.2063492063492063,104.0,0.054582556090292,0.0075692386434398,5.36848715634128,1.962650297597953e-06,0.0254394797863717,0.0558312410948065,5,0,1.4684758118610115,0.0,0.4293291055863681,-11598.00819158717,652293.3422664095,718680.6357342757,678731.1581209109,640695.3340748224,570008.9912107767,505950.65221111465,SHRIKRISH,SHRI KRISHNA DEVCON LTD.,EQ,2026-04-20,2026-08-27,86,50599.935,1223.5,0.0930232558139534,0.0877846748536369,2,0,0.3412698412698413,LOW,PARTIAL,True,True,gap_fade_050,"{""gap_threshold"":0.005}",INTRADAY_SHORT_ALLOWED_RESEARCH,2025-08-20,2026-08-27,98.09137055837563,96.75997099347353,98.80783176214648,86.12907904278462,98.10587382160986,96.17693981145759,5,ROBUST POSITIVE,LIMITED SAMPLE,659,
274,195,INE992I01013,184,184,1603801.4355204275,1085369.2943643709,16.038014355204275,10.85369294364371,0.3014526830154722,8.390369641697415,11.03099345254917,-0.1043841364054344,0.8152173913043478,0.0137461926085937,0.0132039035177194,5.769188555472528,0.0943028169014085,-0.0628695652173912,0.7301587301587301,368.0,0.021055638602385,0.0015522422718131,8.855700465196966,7.136834989748857e-16,0.0106836001111338,0.0168087851060536,13,0,0.4072912963330664,0.0600611629118355,0.1068316310329799,-18858.67846980717,1104227.972834178,1603801.4355204275,1321265.384052508,1085369.2943643709,724094.3463756604,472515.8709540926,STARTECK,STARTECK FINANCE LIMITED,EQ,2025-08-20,2026-08-27,252,2458258.125,8874.0,0.0,0.0429403530139974,0,0,1.0,OK,FULL,False,False,gap_fade_050,"{""gap_threshold"":0.005}",INTRADAY_SHORT_ALLOWED_RESEARCH,2025-08-20,2026-08-27,98.85424220449602,99.66062364031907,98.72081218274111,80.0638143582306,98.86584481508339,96.17258883248732,5,ROBUST POSITIVE,COMPARABLE,396,52
275,369,INE0B9A01018,83,83,645565.6780591056,533899.6756124999,6.455656780591056,5.338996756125,0.3120328329596886,6.091370050913215,8.795214886408987,-0.0809189538450643,0.7590361445783133,0.0229000898023163,0.024463700234192,7.011663819339638,0.0802434050099756,-0.0449115700822138,0.3293650793650793,166.0,0.0287520555390082,0.0031559480994217,7.256168061354498,2.0348710670268557e-10,0.0166219036827767,0.0291782759218558,7,0,0.6561934175804702,0.0,0.2300276040354665,-13612.004287245463,547511.6798997454,645565.6780591056,587496.4352078345,533899.6756124999,438786.8943432431,357799.00587250706,BONLON,BONLON INDUSTRIES LIMITED,EQ,2026-02-20,2026-08-27,127,317709.1,7807.0,0.0,0.0615221563302352,0,0,0.503968253968254,LOW,PARTIAL,True,True,gap_fade_050,"{""gap_threshold"":0.005}",INTRADAY_SHORT_ALLOWED_RESEARCH,2025-08-20,2026-08-27,97.74619289340102,98.52066715010878,98.3118201595359,85.47643219724438,97.74039158810733,96.17258883248732,5,ROBUST POSITIVE,LIMITED SAMPLE,778,
276,321,INE296C01020,160,160,891551.7814308016,623016.7784324487,8.915517814308016,6.230167784324488,0.3071220634114655,6.618402283062794,6.957638570729197,-0.0862306771955015,0.76875,0.0127041085353837,0.014068265068265,4.167174177766688,0.0918976782412163,-0.0862306771955014,0.6349206349206349,320.0,0.0230561496077776,0.0018227486708543,6.969753284433297,7.99377911303282e-11,0.0091041868136326,0.0163040302571348,13,0,0.3341182272971648,0.0321192413804274,0.0932078559075587,-47075.32051282052,670092.0989452692,891551.7814308016,746770.5616674388,623016.7784324487,426877.8069378423,283706.2841768199,FIBERWEB,FIBERWEB INDIA LIMITED,EQ,2025-08-20,2026-08-27,252,912232.31,24749.0,0.0,0.0452638946576484,1,0,1.0,LOW,FULL,False,False,gap_fade_050,"{""gap_threshold"":0.005}",INTRADAY_SHORT_ALLOWED_RESEARCH,2025-08-20,2026-08-27,98.0449601160261,98.8716461203771,97.96954314720813,84.3886874546773,98.14938361131254,96.16765772298768,5,ROBUST POSITIVE,LOW LIQUIDITY,675,
277,230,INE750D01016,162,162,1329991.4550715266,939305.5567007506,13.299914550715268,9.393055567007506,0.309812376730517,7.742991073379113,11.365328459556183,-0.1007057537705291,0.7777777777777778,0.0148078670830046,0.0138945833815885,5.772168670102158,0.0911666666666667,-0.0535374621048072,0.6428571428571429,324.0,0.0226937915208569,0.0017829926528035,8.305063433503905,3.8696192529724944e-14,0.0112867987647264,0.0183289354012829,13,0,0.4756360721983663,0.0515006322946041,0.1280634282349447,-32839.62320042668,972145.1799011772,1329991.4550715266,1119193.0767965545,939305.5567007506,654882.5391828137,447949.7726775443,RELCHEMQ,RELIANCE CHEMOTEX IND LTD,EQ,2025-08-20,2026-08-27,252,442576.125,3354.0,0.0,0.045530456712777,0,0,1.0,LOW,FULL,False,False,gap_fade_050,"{""gap_threshold"":0.005}",INTRADAY_SHORT_ALLOWED_RESEARCH,2025-08-20,2026-08-27,98.64539521392314,99.43147208121827,98.65119651921682,81.00362581580856,98.6947063089195,96.167367657723,5,ROBUST POSITIVE,LOW LIQUIDITY,468,
278,361,INE544A01019,110,110,598337.5526174998,462436.6582369335,5.983375526174998,4.624366582369335,0.2881251500886519,6.156130196726132,6.121258829324519,-0.0754725444702242,0.7909090909090909,0.016124872153609,0.0144944724976294,5.486678303430709,0.0827577572128469,-0.0754725444702242,0.4365079365079365,220.0,0.0247130480674581,0.0023562966798549,6.843311494459925,4.728607482774375e-10,0.0114547687380756,0.0207949755691424,12,0,0.4932427819096643,0.0,0.136379879493798,-9294.199860237728,471730.8580971712,598337.5526174998,526747.5395766412,462436.6582369335,352789.59430201765,264362.0346693599,HARRMALAYA,HARRISON MALAYALAM LTD,EQ,2025-08-20,2026-08-27,252,2061908.69,10797.0,0.0,0.0401468614832617,0,0,1.0,OK,FULL,False,False,gap_fade_100,"{""gap_threshold"":0.01}",INTRADAY_SHORT_ALLOWED_RESEARCH,2025-08-20,2026-08-27,97.4967367657723,98.57868020304569,97.86221899927484,86.65554749818709,97.4967367657723,96.16004350978972,5,ROBUST POSITIVE,COMPARABLE,864,53
279,126,INE737B01033,155,155,2182037.6565937023,1583491.4540233985,21.82037656593702,15.834914540233983,0.3476292080305789,8.336422511201809,13.545658735526104,-0.1128698157084786,0.8129032258064516,0.018696670679854,0.0179556541019956,7.176254552713679,0.115078410311493,-0.0543809523809524,0.6150793650793651,310.0,0.025419914695238,0.0020417766822267,9.157059556318965,3.1074722333968073e-16,0.014663165226551,0.022730176133157,13,0,0.4424710478314442,0.0943115052989533,0.1014704184148163,-7473.30960854092,1590964.7636319394,2182037.6565937023,1860195.063142864,1583491.4540233985,1141192.3119566988,814547.4922970305,ADROITINFO,ADROIT INFOTECH LIMITED,EQ,2025-08-20,2026-08-27,252,320714.13,32009.5,0.0,0.059976336852443,0,0,1.0,LOW,FULL,False,False,gap_fade_050,"{""gap_threshold"":0.005}",INTRADAY_SHORT_ALLOWED_RESEARCH,2025-08-20,2026-08-27,99.26033357505439,99.643219724438,99.27193618564178,77.9550398839739,99.26033357505439,96.14343727338652,5,ROBUST POSITIVE,LOW LIQUIDITY,256,
280,198,INE374B01019,126,126,1267811.401164752,968276.589515092,12.67811401164752,9.68276589515092,0.3630355420193037,6.731098365514018,10.42186856646403,-0.1004425040752987,0.7619047619047619,0.0193938725675367,0.0161347463211069,5.775926080256967,0.109043412033511,-0.062243734191768,0.5,252.0,0.0293361354023027,0.0026134706601768,7.420734758210217,1.5654381696494646e-11,0.0142214897747722,0.0245662553603012,12,1,0.5808849102363389,-0.0342707324854066,0.1826992655837312,-22532.785799443707,990809.3753145358,1267811.401164752,1108874.752888325,968276.589515092,733930.8699864219,550675.4249896279,MUKTAARTS,MUKTA ARTS LIMITED,BE,2025-08-20,2026-08-27,252,307823.66000000003,5274.0,0.0,0.0567947672304708,0,0,1.0,LOW,FULL,False,False,gap_fade_100,"{""gap_threshold"":0.01}",INTRADAY_SHORT_ALLOWED_RESEARCH,2025-08-20,2026-08-27,98.68310369833212,98.93255982596084,98.90355329949239,81.07904278462654,98.70920957215374,96.14169688179841,5,ROBUST POSITIVE,LOW LIQUIDITY,455,
281,39,INE655B01011,251,251,1559465.4186904826,909533.4314421768,15.594654186904826,9.095334314421768,0.3279176117711615,7.243930290351328,16.882110946551673,-0.0956669241672227,0.5617529880478087,0.0094637941061704,0.0046439374071161,3.5574094692548424,0.07297429185753,-0.0458558021226208,0.996031746031746,502.0,0.0206895186923446,0.0013059108401395,7.246891453293456,5.291852043700202e-12,0.0068918048045653,0.0120357834077755,12,1,0.5653887393247488,-0.0436025310384813,0.2015541305218824,12110.694183864907,897422.737258312,1559465.4186904826,1194487.6253178706,909533.4314421768,513542.6793470181,272510.6735145851,BANARBEADS,BANARAS BEADS LTD,EQ,2025-08-20,2026-08-27,252,407841.555,3662.5,0.0,0.0557728755123684,0,0,1.0,LOW,FULL,False,False,close_to_open,{},LONG_ONLY,2025-08-20,2026-08-27,98.60478607686728,99.2168237853517,97.91153009427121,82.2102973168963,98.59318346627991,96.12704858593185,5,ROBUST POSITIVE,LOW LIQUIDITY,482,
282,304,INE778K01012,129,129,803314.5701354457,600697.7419006827,8.033145701354456,6.006977419006827,0.3597607808491272,5.608551028114417,6.785902744399193,-0.0822032554458955,0.6666666666666666,0.0156413697465629,0.0166076772934289,4.004371076898849,0.1025497630331753,-0.0702561307901905,0.5119047619047619,258.0,0.0297791152659531,0.0026219049025483,5.965651054452909,2.2314777307729435e-08,0.0104534829448998,0.020829256548226,13,0,0.4563380214576109,0.0102714186489247,0.1241720041029736,-42252.79890607632,642950.540806759,803314.5701354457,695631.6280338828,600697.7419006827,443256.1010646813,320978.4222271884,EMAMIREAL,EMAMI REALTY LIMITED,EQ,2025-08-20,2026-08-27,252,1135654.85,14262.0,0.0,0.0469432144877556,11,0,1.0,OK,FULL,False,False,gap_fade_100,"{""gap_threshold"":0.01}",INTRADAY_SHORT_ALLOWED_RESEARCH,2025-08-20,2026-08-27,97.95213923132705,98.06526468455402,98.15808556925309,85.15155910079768,98.07976794778826,96.12139231327049,5,ROBUST POSITIVE,COMPARABLE,707,54
283,10,INE440L01017,161,161,12698886.223682191,9259299.80807911,126.98886223682192,92.5929980807911,0.5679321965092943,8.334820710204038,12.84685182337961,-0.1256072273361229,0.7701863354037267,0.0294013231891759,0.0272307692307692,7.423860728174068,0.2225862884160754,-0.1006964618249535,0.6388888888888888,322.0,0.041155921353054,0.0032435409896699,9.064575808603353,4.25897952394396e-16,0.0229956490287729,0.035806997349579,13,0,1.2842072775961952,0.0846959598969983,0.3274409935544439,-24968.31432192652,9284268.122401036,12698886.223682191,10845632.206254164,9259299.80807911,6739893.921924063,4895617.305812626,TIJARIA,TIJARIA POLYPIPES LTD,EQ,2025-08-20,2026-08-27,252,181799.35,36431.5,0.0,0.0743208386276572,5,0,1.0,LOW,FULL,False,False,gap_fade_050,"{""gap_threshold"":0.005}",INTRADAY_SHORT_ALLOWED_RESEARCH,2025-08-20,2026-08-27,99.9361856417694,99.64031907179115,99.94488759970993,74.8600435097897,99.9361856417694,96.1173313995649,5,ROBUST POSITIVE,LOW LIQUIDITY,23,
284,286,INE03RS01027,183,183,1085438.5457398817,725762.8295224443,10.854385457398816,7.257628295224443,0.3554751855178307,6.13933728406808,8.16293476810196,-0.0897851854343464,0.7049180327868853,0.0119255850273805,0.0135077538769383,3.3077133474812737,0.0740479041916166,-0.0644609618988132,0.7261904761904762,366.0,0.0255419232923536,0.0018881132998797,6.316138458502355,2.000196390511928e-09,0.0082001787391885,0.0156509913155725,11,2,0.3223198417960826,-0.0164435475374609,0.1084922578870491,-28547.486033519497,754310.3155559638,1085438.5457398817,889477.657020063,725762.8295224443,474805.0319715758,299828.2753534347,DRCSYSTEMS,DRC SYSTEMS INDIA LIMITED,EQ,2025-08-20,2026-08-27,252,797595.775,49599.0,0.0,0.0525998996389396,1,0,1.0,LOW,FULL,False,False,gap_fade_050,"{""gap_threshold"":0.005}",INTRADAY_SHORT_ALLOWED_RESEARCH,2025-08-20,2026-08-27,98.30891950688905,98.5670775924583,98.06526468455402,83.58230601885424,98.33502538071066,96.108049311095,5,ROBUST POSITIVE,LOW LIQUIDITY,584,
285,23,INE060B01014,251,251,2438547.621987192,1445506.5726951463,24.38547621987192,14.455065726951464,0.4380540304282911,6.495749453368534,15.87759733156584,-0.1056170471149972,0.5577689243027888,0.0113366104729101,0.0029977283053157,3.5826280956952328,0.1117301119622864,-0.0555248041775456,0.996031746031746,502.0,0.0276406838762367,0.0017446644960476,6.497874232319262,4.377953012586709e-10,0.0079004965508867,0.0147727243949336,11,2,0.9238640629977994,-0.0518052804903258,0.2527151183617201,-30172.760144636355,1475679.3328397826,2438547.621987192,1880985.8957715256,1445506.5726951463,840002.8479839806,471161.0137519304,KHANDSE,KHANDWALA SECURITIES LTD,EQ,2025-08-20,2026-08-27,252,63992.49,3285.5,0.0079365079365079,0.0624727943315467,1,0,1.0,LOW,FULL,False,False,close_to_open,{},LONG_ONLY,2025-08-20,2026-08-27,99.17911530094271,98.79332849891226,98.71501087744743,79.78825235678028,99.18491660623641,96.10166787527196,5,ROBUST POSITIVE,LOW LIQUIDITY,284,
286,178,INE356B01024,156,156,1613845.0067819925,1161038.2763023924,16.138450067819925,11.610382763023924,0.4061363937272064,6.465849171022628,10.40702581893826,-0.1039676410525656,0.717948717948718,0.0168334401583536,0.0141339411268043,5.14388076641048,0.1995261627906975,-0.0734285714285715,0.6190476190476191,312.0,0.0308432310627054,0.0024694348237273,6.816717735010023,1.9525823942267829e-10,0.0119553503866036,0.0217115299301037,10,1,0.5621286468635136,-0.0464686099226578,0.2099168820786199,-58632.03834871578,1219670.314651108,1613845.0067819925,1370221.2322485163,1161038.2763023924,827304.1503023063,581478.7339489434,SYSTMTXC,SYSTEMATIX CORP SERVICE L,BE,2025-10-06,2026-08-27,221,6019093.62,70973.0,0.0,0.0550860123742948,0,0,0.876984126984127,OK,PARTIAL,True,True,gap_fade_050,"{""gap_threshold"":0.005}",INTRADAY_SHORT_ALLOWED_RESEARCH,2025-08-20,2026-08-27,98.929659173314,98.77012327773748,98.97316896301668,80.17403915881073,98.9615663524293,96.0994923857868,5,ROBUST POSITIVE,LIMITED SAMPLE,370,
287,252,INE360C01024,169,169,1240308.2536328775,860447.4782190673,12.403082536328776,8.604474782190673,0.305050916625248,7.5985320868355535,8.530579411320575,-0.0997415082846513,0.8402366863905325,0.0137156164384351,0.013068493150685,5.423229104147101,0.120100122100122,-0.0699012345679013,0.6706349206349206,338.0,0.0221219063848648,0.001701685106528,8.060020262161784,1.3592610675425673e-13,0.0103561749011476,0.0170750579757226,13,0,0.455641242528068,0.0521131630222426,0.1479696859524577,-40740.74074074075,901188.218959808,1240308.2536328775,1034683.7832328698,860447.4782190673,587790.939567083,392211.8302834648,DPSCLTD,DPSC LIMITED,BE,2025-08-20,2026-08-27,252,1092888.885,110840.0,0.0,0.04484530546851,0,0,1.0,OK,FULL,False,False,gap_fade_050,"{""gap_threshold"":0.005}",INTRADAY_SHORT_ALLOWED_RESEARCH,2025-08-20,2026-08-27,98.535170413343,99.35605511240028,98.44525018129079,81.23277737490936,98.59898477157361,96.0987672226251,5,ROBUST POSITIVE,COMPARABLE,506,55
288,61,INE256Z01025,251,251,1098642.6449812942,628752.1560721376,10.986426449812942,6.287521560721377,0.2528658599611026,8.010158285327167,18.187852455046563,-0.087387109144524,0.446215139442231,0.0080697034392183,-0.002,4.477944389872015,0.0605,-0.0496190476190475,0.996031746031746,502.0,0.0159527485705059,0.0010069285611729,8.01417672552447,4.245104407248589e-14,0.006086559255699,0.0100528476227376,13,0,0.419070681419234,0.0005473985852673,0.1033253435362959,-17647.058823529485,646399.2148956672,1098642.6449812942,834734.6825056673,628752.1560721376,342629.7310864349,168577.8556167445,AKSHAR,AKSHAR SPINTEX LIMITED,EQ,2025-08-20,2026-08-27,252,500094.505,988965.0,0.0,0.0481130470698446,0,0,1.0,LOW,FULL,False,False,close_to_open,{},LONG_ONLY,2025-08-20,2026-08-27,98.05366207396663,99.55620014503263,97.16896301667876,84.14503263234228,98.09137055837563,96.0984771573604,5,ROBUST POSITIVE,LOW LIQUIDITY,672,
289,161,INE0N0Y01013,173,173,1829207.308268168,1272342.9624009402,18.29207308268168,12.723429624009402,0.3741995928617794,7.220925795746591,8.248673227074288,-0.1078048579662411,0.7687861271676301,0.0156188872419277,0.0180341005967605,4.182701356101596,0.077250720461095,-0.1078048579662411,0.6865079365079365,346.0,0.027091499087586,0.0020597285342382,7.582983379750986,2.017405484822124e-12,0.0115532876060618,0.0196844868777936,12,1,0.4944071920309965,-0.0339389309294214,0.1572958125221316,-37194.22340112013,1309537.1858020604,1829207.308268168,1527260.965363661,1272342.9624009402,875560.9833011521,593031.5915124812,USK,UDAYSHIVAKUMAR INFRA LTD,EQ,2025-08-20,2026-08-27,252,790648.665,31442.5,0.0,0.0536070924737387,0,0,1.0,LOW,FULL,False,False,gap_fade_050,"{""gap_threshold"":0.005}",INTRADAY_SHORT_ALLOWED_RESEARCH,2025-08-20,2026-08-27,99.02828136330675,99.20232052211747,98.98477157360406,79.21537345902829,99.05148658448151,96.08709209572154,5,ROBUST POSITIVE,LOW LIQUIDITY,336,
290,19,INE040M01013,158,158,8944605.61468129,6549941.494770975,89.44605614681291,65.49941494770975,0.4486605984526683,9.649606290870832,12.690723407995232,-0.1272143548668717,0.8607594936708861,0.0274012540081945,0.0266807427324778,10.88051624607257,0.1482645502645503,-0.0921126408010013,0.626984126984127,316.0,0.0315467820384429,0.0025097272242987,10.918020788434866,5.2955890449041175e-21,0.0224440679925007,0.0323584400238883,13,0,0.8899997223740042,0.1547395749456628,0.2074661985832127,-24246.07961399273,6574187.574384968,8944605.61468129,7655972.507974993,6549941.494770975,4786357.672582606,3488317.805321644,TREEHOUSE,TREE HOUSE EDU LTD,EQ,2025-08-20,2026-08-27,252,181882.17,23649.5,0.0,0.0701462075807979,0,0,1.0,LOW,FULL,False,False,gap_fade_100,"{""gap_threshold"":0.01}",INTRADAY_SHORT_ALLOWED_RESEARCH,2025-08-20,2026-08-27,99.88397389412617,99.88107324147933,99.90427846265409,74.45975344452502,99.88397389412617,96.07382160986221,5,ROBUST POSITIVE,LOW LIQUIDITY,41,
291,20,INE040M01013,173,173,9544751.603085317,6782203.935811631,95.44751603085317,67.82203935811631,0.4614215328997111,9.471226850876407,13.225253996854466,-0.1272143548668716,0.8439306358381503,0.0252614335952155,0.0250618556701031,8.267474092087335,0.1482645502645503,-0.0921126408010013,0.6865079365079365,346.0,0.0321204114873639,0.0024420696639232,10.344272306561615,8.330651209194899e-20,0.0204411490910358,0.0300817180993952,13,0,0.8408149274975485,0.1691384969956941,0.2061414163727525,-24246.07961399273,6806450.015425624,9544751.603085317,8047888.277140797,6782203.935811631,4807691.820820702,3397350.498887335,TREEHOUSE,TREE HOUSE EDU LTD,EQ,2025-08-20,2026-08-27,252,181882.17,23649.5,0.0,0.0701462075807979,0,0,1.0,LOW,FULL,False,False,gap_fade_050,"{""gap_threshold"":0.005}",INTRADAY_SHORT_ALLOWED_RESEARCH,2025-08-20,2026-08-27,99.89267585206672,99.86366932559825,99.89557650471356,74.46265409717186,99.89267585206672,96.07295141406817,5,ROBUST POSITIVE,LOW LIQUIDITY,38,
292,242,INE431F01018,111,111,955238.2786324024,748838.677034931,9.552382786324024,7.48838677034931,0.3690758313865545,5.996998398422914,9.826454009699113,-0.0936005639453535,0.6936936936936937,0.019940064592088,0.0148639053254437,5.859886373265975,0.1396332665330661,-0.0683230873059697,0.4404761904761904,222.0,0.0317636502102745,0.0030148722571367,6.613900321941063,1.401783488315963e-09,0.0139652954229686,0.0259148337612074,13,0,0.5459380886998519,0.0254224561574947,0.1503976638381028,19522.035848248808,729316.6411866823,955238.2786324024,846479.1222270661,748838.677034931,582517.6635325411,448549.73584939993,PKTEA,THE P K TEA PROD CO LTD,EQ,2025-08-20,2026-08-27,245,165003.8,222.0,0.3265306122448979,0.0444439357837966,13,0,0.9722222222222222,LOW,FULL,False,True,gap_fade_100,"{""gap_threshold"":0.01}",INTRADAY_SHORT_ALLOWED_RESEARCH,2025-08-20,2026-08-27,98.34662799129804,98.42204496011603,98.65409717186367,82.74111675126903,98.27991298042059,96.06903553299492,5,ROBUST POSITIVE,LOW LIQUIDITY,571,
293,8,INE393A01011,251,251,4784580.273512213,2877619.5288974256,47.84580273512213,28.776195288974257,0.4467969966459355,7.865762954534754,15.111756718037553,-0.1201021994236726,0.6215139442231076,0.0140015906948804,0.0116875072497391,3.798156775859124,0.1231082251082249,-0.0827991513437058,0.996031746031746,502.0,0.0281879489698886,0.00177920756246,7.86956563714304,1.0771102889796785e-13,0.0104974442590539,0.0175057371307068,13,0,0.8106929889958472,0.1062461156496881,0.2126932365604608,-30014.67710371835,2907634.206001144,4784580.273512213,3714180.6088859695,2877619.5288974256,1713368.668798227,1003255.9453677458,DELTAMAGNT,DELTA MANUFACTURING LTD,EQ,2025-08-20,2026-08-27,252,244416.96,3739.0,0.0,0.0590879080368488,0,0,1.0,LOW,FULL,False,False,close_to_open,{},LONG_ONLY,2025-08-20,2026-08-27,99.63161711385061,99.49528643944888,99.42567077592457,76.23205221174764,99.63451776649747,96.05380710659898,5,ROBUST POSITIVE,LOW LIQUIDITY,128,
294,9,INE0US801024,251,251,4755612.725620461,2859568.4883479327,47.55612725620461,28.59568488347933,0.5896799966358567,6.063326068982311,15.315622610863148,-0.1147613709277474,0.5139442231075697,0.0142447095456557,0.0016997885835092,3.486729369462892,0.1971833030852994,-0.0850223880597015,0.996031746031746,502.0,0.0372097052234239,0.0023486557677944,6.065047820538065,4.8467039134440336e-09,0.009619035784287,0.0188703833070244,13,0,0.8095944099178212,0.0072044601837424,0.2570550031397232,-37714.28571428577,2897282.7740622186,4755612.725620461,3691310.000010049,2859568.4883479327,1702134.8196048397,996273.7161107182,MFML,MAHALAXMI FABRIC MILLS LT,EQ,2025-08-20,2026-08-27,252,106593.71,4513.5,0.0277777777777777,0.0719568514225393,2,0,1.0,LOW,FULL,False,False,close_to_open,{},LONG_ONLY,2025-08-20,2026-08-27,99.62871646120377,98.49456127628716,99.42277012327774,77.50833937635969,99.62871646120377,96.04263959390863,5,ROBUST POSITIVE,LOW LIQUIDITY,129,
295,21,INE740X01023,181,181,8892828.891048482,6214224.229657866,88.92828891048482,62.14224229657866,0.4467477464457262,9.57571883587567,10.001445177148092,-0.1278064516129031,0.8397790055248618,0.0236349768537312,0.0237558790593505,7.086056561783899,0.1112352941176469,-0.1278064516129031,0.7182539682539683,362.0,0.0307593300014001,0.0022863229932525,10.3375493854032,5.857941246784993e-20,0.0191235338519569,0.0281464198555054,13,0,0.7361349024635693,0.0862840038653169,0.1875545662649102,-15042.57332071889,6229266.802978585,8892828.891048482,7436083.581523759,6214224.229657866,4330398.093060061,3006443.080796226,LAL,LORENZINI APPARELS LTD,EQ,2025-08-20,2026-08-27,252,265885.55,32299.5,0.0,0.0692051632791852,0,0,1.0,LOW,FULL,False,False,gap_fade_050,"{""gap_threshold"":0.005}",INTRADAY_SHORT_ALLOWED_RESEARCH,2025-08-20,2026-08-27,99.8781725888325,99.8723712835388,99.86947063089195,74.30311820159537,99.8781725888325,96.03901377810007,5,ROBUST POSITIVE,LOW LIQUIDITY,43,
296,104,INE964W01021,251,251,829487.2731450103,464822.3732213458,8.294872731450104,4.6482237322134585,0.2681101285530051,6.609717060668436,17.208014951734413,-0.0719259806291812,0.5896414342629482,0.0070602872144812,0.0027846889952154,4.274754535592989,0.0882474526928676,-0.0475486542443063,0.996031746031746,502.0,0.0169172268439584,0.0010678058899842,6.611957548375635,2.280346099508285e-10,0.0049572452296724,0.0091633291992901,13,0,0.350705450828819,0.0141057348280597,0.0981955663748527,-38195.488721804606,503017.8619431504,829487.2731450103,624655.0927549237,464822.3732213458,242886.2313128928,107948.69395566682,MKPL,M K PROTEINS LIMITED,EQ,2025-08-20,2026-08-27,252,870907.175,151811.0,0.0,0.053218809058557,0,0,1.0,LOW,FULL,False,False,close_to_open,{},LONG_ONLY,2025-08-20,2026-08-27,97.50543872371283,98.86294416243655,96.36838288614939,87.26903553299492,97.61276287164613,96.03553299492386,5,ROBUST POSITIVE,LOW LIQUIDITY,861,
297,127,INE609C01024,119,119,1821558.767915547,1422922.6636431252,18.21558767915547,14.229226636431251,0.4051605068217184,6.951995844210104,11.229809739123816,-0.1115602774982408,0.773109243697479,0.0236695307534676,0.0191290322580645,8.12689580615418,0.1164131736526945,-0.0728376421923475,0.4722222222222222,238.0,0.0329762399113942,0.0030229269564416,7.830004196108406,2.3438366995190445e-12,0.0176833123901444,0.0296557491167907,12,1,0.8064275915765222,-0.0364731111468586,0.2209700494512029,-5904.351767905639,1428827.015411031,1821558.767915547,1610765.353472882,1422922.6636431252,1106435.628241251,855282.4668480982,ORIENTLTD,ORIENT PRESS LIMITED,BE,2025-08-20,2026-08-27,252,225175.9,3297.0,0.0039682539682539,0.0508381790178495,0,0,1.0,LOW,FULL,False,False,gap_fade_100,"{""gap_threshold"":0.01}",INTRADAY_SHORT_ALLOWED_RESEARCH,2025-08-20,2026-08-27,99.15881073241479,99.04568527918781,99.30384336475707,78.28861493836114,99.15591007976795,96.03408266860043,5,ROBUST POSITIVE,LOW LIQUIDITY,291,
298,331,INE00KV01022,145,145,837669.6545896814,604469.3350239793,8.376696545896815,6.044693350239793,0.3740476150746307,5.416227851775487,7.984558332256439,-0.0832324929971989,0.7379310344827587,0.0139719111079821,0.0103456790123456,5.488990234334738,0.1822105263157893,-0.0832324929971988,0.5753968253968254,290.0,0.02973699118465,0.0024695227023357,5.657737462695668,7.999275058584958e-08,0.0090907141100725,0.0188531081058917,13,0,0.4975375624382301,0.0264474188930698,0.1298214250171759,-30905.07726269316,635374.4122866725,837669.6545896814,712805.4641395049,604469.3350239793,428967.1995360192,296961.9095425109,RAJMET,RAJNANDINI METAL LIMITED,EQ,2025-08-20,2026-08-27,252,1268236.735,317565.0,0.0,0.0453170814747105,0,0,1.0,OK,FULL,False,False,gap_fade_050,"{""gap_threshold"":0.005}",INTRADAY_SHORT_ALLOWED_RESEARCH,2025-08-20,2026-08-27,97.97534445250182,97.90282813633068,98.0449601160261,84.9427121102248,98.04205946337926,96.03321247280638,5,ROBUST POSITIVE,COMPARABLE,699,56
299,111,INE997Y01027,251,251,784253.38261564,437271.2001787092,7.8425338261564,4.372712001787092,0.3099707235320674,5.5899353250279065,14.757652255889449,-0.0633118277464606,0.5617529880478087,0.0069032521800651,0.004993006993007,3.388619537386804,0.1627058823529412,-0.0416039603960396,0.996031746031746,502.0,0.0195604812295296,0.0012346466273978,5.591277720180055,5.892345119782137e-08,0.0044716176309631,0.0093348867291672,11,2,0.5738077007911124,-0.0213625106531686,0.1636463475877842,-49101.79640718552,486372.9965858947,784253.38261564,589348.5308429463,437271.2001787092,226121.82747281823,97757.94050413382,MITTAL,MITTAL LIFE STYLE LIMITED,EQ,2025-08-20,2026-08-27,252,631701.9099999999,553904.0,0.0,0.0491824296106703,0,0,1.0,LOW,FULL,False,False,close_to_open,{},LONG_ONLY,2025-08-20,2026-08-27,97.37781000725163,98.03915881073242,96.1914430746918,88.86439448875997,97.53154459753445,96.02654097171865,5,ROBUST POSITIVE,LOW LIQUIDITY,905,
300,370,INE998H01012,101,101,575138.0493218214,453603.4303565856,5.751380493218214,4.536034303565855,0.2802663720491671,6.263507560246628,5.3718639316366525,-0.0806350148367952,0.8415841584158416,0.017380698417949,0.0169035916824196,6.361339210751885,0.1139135559921414,-0.0806350148367951,0.4007936507936508,202.0,0.0244857462944433,0.0024364228193017,7.133695465440646,1.5699925963675008e-10,0.0125469049375535,0.0222144918983444,13,0,0.2740710036988487,0.0387885934780851,0.0724864902272338,-48133.19878910176,501736.6291456873,575138.0493218214,511387.93277762784,453603.4303565856,353769.34560689994,271792.87054435426,ORIENTALTL,ORIENTAL TRIMEX LTD,EQ,2025-08-20,2026-08-27,252,1057296.495,135359.5,0.0,0.0474357525456389,0,0,1.0,OK,FULL,False,False,gap_fade_100,"{""gap_threshold"":0.01}",INTRADAY_SHORT_ALLOWED_RESEARCH,2025-08-20,2026-08-27,97.4590282813633,98.65989847715736,97.90282813633068,85.5228426395939,97.60116026105874,96.02596084118927,5,ROBUST POSITIVE,COMPARABLE,877,57
301,47,INE497D01022,193,193,5147596.3876277385,3493327.5188585613,51.47596387627738,34.93327518858561,0.4284523702625131,8.63003702758188,10.302634445513732,-0.1243313138307621,0.7979274611398963,0.0191583410358585,0.0178697068403909,5.420186924206361,0.099000322684737,-0.0907550200803213,0.7658730158730159,386.0,0.0294266060748184,0.0021181734543731,9.044746074172783,1.6562291595416926e-16,0.0149804631464611,0.023336218925256,13,0,0.6855683924405036,0.0989534563186425,0.1936227796498278,-23278.960464473348,3516606.479323034,5147596.3876277385,4242791.5681281565,3493327.5188585613,2358722.807682676,1581115.0907889314,DAMODARIND,DAMODAR INDUSTRIES LTD,BE,2025-08-20,2026-08-27,252,148791.87,5237.5,0.0079365079365079,0.0549688643697935,3,0,1.0,LOW,FULL,False,False,gap_fade_050,"{""gap_threshold"":0.005}",INTRADAY_SHORT_ALLOWED_RESEARCH,2025-08-20,2026-08-27,99.70993473531544,99.72443799854967,99.6751269035533,75.17621464829587,99.7070340826686,96.02523567802757,5,ROBUST POSITIVE,LOW LIQUIDITY,101,
302,35,INE00CE01017,139,139,5376918.994871333,4078704.35393812,53.76918994871333,40.7870435393812,0.4891113757240314,7.921280871247729,11.954747992683762,-0.1252319105709882,0.7913669064748201,0.0278732991685786,0.0251251931993816,9.715857025758044,0.1461712385702411,-0.0646943005181346,0.5515873015873016,278.0,0.0370913123274455,0.0031460440503441,8.859793036124044,3.563240849854407e-15,0.0216526151245044,0.0340939832126528,13,0,1.395287254128391,0.0331171522297324,0.3741709959424746,5071.135369713782,4073633.2185684056,5376918.994871333,4684291.171925688,4078704.35393812,3086526.652368613,2328640.024121586,SVLL,SHREE VASU LOGISTICS LTD,BE,2025-08-20,2026-08-27,251,576743.9,857.0,0.0597609561752988,0.0553686328153507,1,0,0.996031746031746,LOW,FULL,False,True,gap_fade_100,"{""gap_threshold"":0.01}",INTRADAY_SHORT_ALLOWED_RESEARCH,2025-08-20,2026-08-27,99.78535170413343,99.52429296591733,99.82015953589558,74.94416243654823,99.78535170413343,96.01392313270487,5,ROBUST POSITIVE,LOW LIQUIDITY,75,
303,410,INE498A01018,116,116,510944.2665131702,386044.0649963458,5.109442665131702,3.8604406499634583,0.2964373394338942,5.496009871132401,4.731782120700329,-0.0685217391304348,0.7844827586206896,0.0140450219284561,0.0127461460920019,4.70177671279215,0.0988109794135994,-0.0685217391304348,0.4603174603174603,232.0,0.0255678327040593,0.0023739136702172,5.916399616659406,3.46288618360323e-08,0.0093427558286471,0.018747288028265,13,0,0.2162276434747214,0.0401625509636651,0.0616702015238425,-18613.940483323386,404658.0054796692,510944.2665131702,444958.1018664292,386044.0649963458,286503.4281202788,207208.9986900552,DCM,DCM LIMITED,BE,2025-08-20,2026-08-27,252,784993.12,9621.0,0.0,0.0424980906377685,0,0,1.0,LOW,FULL,False,False,gap_fade_100,"{""gap_threshold"":0.01}",INTRADAY_SHORT_ALLOWED_RESEARCH,2025-08-20,2026-08-27,97.12835387962292,97.97244379985497,97.50833937635967,87.93908629441624,97.20667150108775,96.01044234952865,5,ROBUST POSITIVE,LOW LIQUIDITY,991,
304,511,INE093B01015,63,63,327442.4075954674,277861.06181705627,3.2744240759546743,2.7786106181705628,0.2667713920196509,5.1243321703902565,14.28236190085418,-0.0434379911157564,0.6190476190476191,0.0216988131153347,0.0161818181818182,13.565980510090435,0.0852093023255815,-0.0244719101123596,0.25,126.0,0.0280084803647517,0.0035287368402842,6.14917294699339,6.218581854580054e-08,0.0146449686805001,0.0287526575501692,5,1,0.4760565138722357,-0.002,0.1768225563635025,89502.7624309391,188358.2993861172,327442.4075954674,301899.9777383618,277861.06181705627,233950.1192410923,195070.35597539763,ALPSINDUS,ALPS INDUSTRIES LTD.,BE,2025-08-20,2026-01-01,92,43953.600000000006,24736.5,0.0,0.0616334931197088,13,0,0.365079365079365,LOW,PARTIAL,False,True,gap_fade_100,"{""gap_threshold"":0.01}",INTRADAY_SHORT_ALLOWED_RESEARCH,2025-08-20,2026-08-27,96.38578680203047,97.55765047135606,97.41551849166062,92.16823785351704,95.43727338651196,96.0037708484409,5,ROBUST POSITIVE,LIMITED SAMPLE,1247,
305,105,INE01NE01012,171,171,2687850.6378587764,1892423.5138761248,26.878506378587765,18.924235138761247,0.4604960514509522,6.759104824559376,8.952546783169685,-0.115002840006476,0.7543859649122807,0.0182019946377349,0.018142677297524,4.348238575546282,0.1761609195402299,-0.0848025477707006,0.6785714285714286,342.0,0.0336945411893987,0.0025766859647992,7.064110600359081,3.9687340474893796e-11,0.0131155734929163,0.0232884157825535,12,1,0.5933153366505195,-0.0523805974744089,0.203096460639541,-49054.90549054912,1941478.4193666736,2687850.6378587764,2257010.093995181,1892423.5138761248,1323004.7581884705,915646.198406472,SRD,SHANKAR LAL RAMPAL LTD,EQ,2025-08-20,2026-08-27,252,1437056.42,28099.5,0.0,0.0566319611501914,0,0,1.0,OK,FULL,False,False,gap_fade_050,"{""gap_threshold"":0.005}",INTRADAY_SHORT_ALLOWED_RESEARCH,2025-08-20,2026-08-27,99.3763596809282,98.95286439448876,99.36765772298767,77.44452501812908,99.39086294416244,96.00304568527919,5,ROBUST POSITIVE,COMPARABLE,216,58
306,418,INE545L01039,125,125,503153.4585306834,371269.95148306544,5.031534585306834,3.7126995148306543,0.2827802336136079,5.636451423058808,7.396571121504392,-0.0647271794956148,0.768,0.0127510164013145,0.0137184750733138,4.12285460653486,0.1332470825529461,-0.0418238747553816,0.496031746031746,250.0,0.0236583401408795,0.0021160662715927,6.025811465591295,1.7793586932574594e-08,0.0085627285045861,0.016939304298043,13,0,0.2606363256598842,0.025251444365103,0.0751582413148457,24448.30016808545,346821.65131498,503153.4585306834,433181.7064516388,371269.95148306544,268043.90008524986,187287.41694254364,MANCREDIT,MANGAL CREDIT N FINCORP L,EQ,2025-08-20,2026-08-27,252,7802444.564999999,44205.5,0.0,0.0406821117427462,0,0,1.0,OK,FULL,False,False,gap_fade_100,"{""gap_threshold"":0.01}",INTRADAY_SHORT_ALLOWED_RESEARCH,2025-08-20,2026-08-27,97.0384336475707,98.08846990572879,97.32849891225526,88.5859318346628,96.85859318346628,96.00261058738216,5,ROBUST POSITIVE,COMPARABLE,1022,59
307,379,INE00QT01015,145,145,720792.8686191103,516504.5101730834,7.207928686191103,5.165045101730834,0.3523402990989764,5.34891319552341,8.85441194261576,-0.0773397272462461,0.7034482758620689,0.0129975012080357,0.0107017178552837,4.336781521854964,0.1657553982943205,-0.0691975662133144,0.5753968253968254,290.0,0.0280438832043941,0.0023289177376711,5.58091898129164,1.1517286552160725e-07,0.0083942204774124,0.017600781938659,13,0,0.2988453082063038,0.0319453150298403,0.0929574527938059,10641.25104099205,505863.25913209136,720792.8686191103,611402.8577922607,516504.5101730834,362799.5649221787,247218.3346602503,SGIL,SYNERGY GREEN IND. LTD,EQ,2025-08-20,2026-08-27,252,6887374.15,12666.5,0.0,0.0423277154985158,0,0,1.0,OK,FULL,False,False,gap_fade_050,"{""gap_threshold"":0.005}",INTRADAY_SHORT_ALLOWED_RESEARCH,2025-08-20,2026-08-27,97.6881798404641,97.81870920957215,97.78390137781001,86.24510514865845,97.61566352429296,96.00246555474983,5,ROBUST POSITIVE,COMPARABLE,798,60
308,22,INE203Y01012,187,187,8965097.774952697,6189007.526346559,89.65097774952697,61.89007526346559,0.4618417070898,9.266799659743144,11.812424259076318,-0.1286817896410219,0.786096256684492,0.0228866020006147,0.0242336039975016,6.78594878460774,0.1281059001512859,-0.1169425287356322,0.7420634920634921,374.0,0.0317234753613372,0.0023198502729222,9.865551353788524,9.906916769476996e-19,0.018310001117749,0.0274632028834803,13,0,0.7073420190418507,0.039528875117921,0.2250026292701677,-128.8659793814586,6189136.392325941,8965097.774952697,7451203.088553091,6189007.526346559,4259938.356669366,2920410.5004105144,SILLYMONKS,SILLY MONKS ENTERTAIN LTD,EQ,2025-08-20,2026-08-27,252,215576.605,12676.0,0.0,0.0640735619806136,0,0,1.0,LOW,FULL,False,False,gap_fade_050,"{""gap_threshold"":0.005}",INTRADAY_SHORT_ALLOWED_RESEARCH,2025-08-20,2026-08-27,99.87527193618564,99.83756345177665,99.86366932559825,74.07106598984771,99.87527193618564,95.99477882523567,5,ROBUST POSITIVE,LOW LIQUIDITY,44,
309,485,INE0ECP01024,98,98,383583.4791985737,298657.4086380581,3.8358347919857367,2.986574086380581,0.2738836674197006,5.195871061765487,7.15752054383469,-0.0559130434782609,0.7346938775510204,0.0145210634881247,0.0136430254763331,4.8583199403315,0.1093710809546091,-0.0559130434782608,0.3888888888888889,196.0,0.0252995145851966,0.0025556369034172,5.681974410648175,1.3955966147486165e-07,0.009448831670846,0.0195932953054034,13,0,0.2847380068992031,0.007090909090909,0.0846419987524947,-32926.82926829264,331584.23790635075,383583.4791985737,339092.8040245094,298657.4086380581,228520.53201684525,170619.34165833128,HMAAGRO,HMA AGRO INDUSTRIES LTD,EQ,2025-08-20,2026-08-27,252,5145246.865,203161.5,0.0,0.0401838386589045,0,0,1.0,OK,FULL,False,False,gap_fade_100,"{""gap_threshold"":0.01}",INTRADAY_SHORT_ALLOWED_RESEARCH,2025-08-20,2026-08-27,96.56852791878173,97.66497461928934,97.19216823785352,90.12907904278462,96.73676577229877,95.98027556200145,5,ROBUST POSITIVE,COMPARABLE,1184,61
310,217,INE992I01013,141,141,1155519.811600515,851445.6702548175,11.55519811600515,8.514456702548175,0.2918514954460665,7.8961834758003615,8.73028100180103,-0.1043841364054343,0.8581560283687943,0.0163440635158074,0.0151290262520946,7.126623470987428,0.0943028169014085,-0.0628695652173912,0.5595238095238095,282.0,0.022079193145746,0.0018594034923288,8.789949886206148,4.865834158390551e-15,0.0126679229249807,0.0200202041066341,13,0,0.3645784870141759,0.0755474256517538,0.0881292404548219,-18858.67846980717,870304.3487246246,1155519.811600515,993033.3333493108,851445.6702548175,620621.068970259,445495.9313706989,STARTECK,STARTECK FINANCE LIMITED,EQ,2025-08-20,2026-08-27,252,2458258.125,8874.0,0.0,0.0429403530139974,0,0,1.0,OK,FULL,False,False,gap_fade_100,"{""gap_threshold"":0.01}",INTRADAY_SHORT_ALLOWED_RESEARCH,2025-08-20,2026-08-27,98.52066715010878,99.50978970268311,98.63379260333575,80.06671501087745,98.54677302393038,95.97824510514866,5,ROBUST POSITIVE,COMPARABLE,511,62
311,297,INE173A01025,132,132,828076.9271668964,615672.0112313014,8.280769271668964,6.156720112313013,0.2696343717063625,7.459616164824825,9.528723513567533,-0.0940787863695942,0.7803030303030303,0.0152376433164633,0.0152712301726402,6.460818322931672,0.069522309711286,-0.0557878787878787,0.5238095238095238,264.0,0.0210088417036069,0.0018285849590541,8.333024528619951,9.291741931720117e-14,0.0116202660782405,0.0188550205546862,13,0,0.2916452833433864,0.0093582233651838,0.0906574956024496,5573.770491803385,610098.2407394979,828076.9271668964,715036.0055096988,615672.0112313014,451596.2791686009,324917.8538463048,SIL,STANDARD INDUSTRIES LTD.,EQ,2025-08-20,2026-08-27,252,385268.115,23505.5,0.0,0.051551354425769,0,0,1.0,LOW,FULL,False,False,gap_fade_100,"{""gap_threshold"":0.01}",INTRADAY_SHORT_ALLOWED_RESEARCH,2025-08-20,2026-08-27,98.01305293691081,99.28934010152284,98.16968817984046,82.6062364031907,97.9550398839739,95.97701232777375,5,ROBUST POSITIVE,LOW LIQUIDITY,686,
312,61,INE651C01018,127,127,3901342.509787981,3025151.6084684143,39.01342509787981,30.25151608468414,0.4977864556200501,7.200651079345003,15.389792120119992,-0.1225304848759749,0.6456692913385826,0.0282235163696365,0.0183703703703704,8.140705917849065,0.1010444964871195,-0.0478715596330274,0.503968253968254,254.0,0.0395036168872748,0.0035053791590403,8.051487468009881,5.273336296598246e-13,0.0212864740651464,0.0351605586741265,11,0,0.8415380279070499,0.0,0.2099338432255047,-18375.921752652925,3043527.5302210674,3901342.509787981,3436425.85348358,3025151.6084684143,2339646.2893037326,1803584.8034366008,LAKPRE,LAKSHMI PRE SCRE LTD,BZ,2025-08-25,2026-08-27,215,6200.03,1225.0,0.1302325581395348,0.053343883788115,30,0,0.8531746031746031,LOW,PARTIAL,True,True,gap_fade_050,"{""gap_threshold"":0.005}",INTRADAY_SHORT_ALLOWED_RESEARCH,2025-08-20,2026-08-27,99.65482233502539,99.18491660623641,99.73894126178389,75.62581580855692,99.64902102973168,95.97215373459028,5,ROBUST POSITIVE,LIMITED SAMPLE,120,
313,94,INE142K01011,145,145,2561886.270531176,1903977.785461353,25.61886270531176,19.03977785461353,0.3854090521788776,8.011585035566618,9.089601011054013,-0.1199316369113178,0.8620689655172413,0.021294740655229,0.0213009708737864,7.541332860709445,0.1204806201550388,-0.0738685831622176,0.5753968253968254,290.0,0.0288713554468385,0.0023976355671105,8.881558543482654,2.415288317416278e-15,0.0165556339763585,0.0260338473340995,13,0,0.6081437877793858,0.0800031270713186,0.1547214469320316,-34620.886981401934,1938598.6724427545,2561886.270531176,2209784.1643325025,1903977.785461353,1407836.4423505026,1033894.2170402048,AURUS,AURUS GEM CORP LIMITED,EQ,2025-08-20,2026-08-27,252,137751.735,26086.0,0.0,0.0649818848767413,0,0,1.0,LOW,FULL,False,False,gap_fade_100,"{""gap_threshold"":0.01}",INTRADAY_SHORT_ALLOWED_RESEARCH,2025-08-20,2026-08-27,99.38796229151559,99.56200145032632,99.45467730239304,76.2871646120377,99.38796229151559,95.97099347353154,5,ROBUST POSITIVE,LOW LIQUIDITY,212,
314,334,INE296C01020,131,131,698417.9624280491,516729.19043485227,6.9841796242804906,5.167291904348523,0.2909039958865773,6.420109189732156,5.743063805784733,-0.0862306771955014,0.8015267175572519,0.014256758910849,0.0163391003460207,4.734309726873365,0.0918976782412163,-0.0862306771955014,0.5198412698412699,262.0,0.0234528018659221,0.0020490808130323,6.9576362338539735,1.5248365994396114e-10,0.010202897581209,0.0183106202404889,13,0,0.3204723769470898,0.0318853077088985,0.0919294121050883,-47075.32051282052,563804.5109476728,698417.9624280491,601762.3180275415,516729.19043485227,376142.6999871845,267415.35162401746,FIBERWEB,FIBERWEB INDIA LIMITED,EQ,2025-08-20,2026-08-27,252,912232.31,24749.0,0.0,0.0452638946576484,1,0,1.0,LOW,FULL,False,False,gap_fade_100,"{""gap_threshold"":0.01}",INTRADAY_SHORT_ALLOWED_RESEARCH,2025-08-20,2026-08-27,97.69108049311095,98.74401740391589,97.87382160986222,84.39158810732414,97.81290790427846,95.96765772298768,5,ROBUST POSITIVE,LOW LIQUIDITY,797,
315,129,INE412C01023,251,251,699166.2439090242,385494.3419163218,6.991662439090241,3.8549434191632175,0.2190759003655846,7.342923814206479,12.486523982967412,-0.066491861244622,0.6454183266932271,0.0064089946052317,0.0065643452783412,3.424426422926589,0.0652729704426908,-0.0402310642377756,0.996031746031746,502.0,0.0138221394194268,0.0008724457040379,7.346009700739887,2.884053947363411e-12,0.0046907141927824,0.008127275017681,13,0,0.2308767455895137,0.0381079914745325,0.0510846657051412,4410.279429918068,381084.0624864037,699166.2439090242,522966.0615627355,385494.3419163218,194645.94996568788,78642.30855049062,JMA,JULLUNDUR MOT AGENCY LTD,EQ,2025-08-20,2026-08-27,252,625695.2250000001,7123.5,0.0,0.0410035151120693,0,0,1.0,LOW,FULL,False,False,close_to_open,{},LONG_ONLY,2025-08-20,2026-08-27,97.11965192168238,99.24292965917331,95.85786802030456,88.26976069615664,97.1022480058013,95.96098622189992,5,ROBUST POSITIVE,LOW LIQUIDITY,994,
316,38,INE00CE01017,167,167,5390257.2042150805,3860479.4201215454,53.9025720421508,38.604794201215455,0.5080243752465827,7.537968103401555,13.018347602826172,-0.1252319105709881,0.7365269461077845,0.0229309672835882,0.0202723944349524,6.064964910378188,0.1461712385702411,-0.0646943005181346,0.6626984126984127,334.0,0.0370155434371997,0.0028643487476581,8.005647811683607,1.9666307727629762e-13,0.0172757180958419,0.0285862164713345,13,0,1.3714521116436882,0.0208534124866857,0.3630025946277228,5071.135369713782,3855408.284751832,5390257.2042150805,4563424.454694856,3860479.4201215454,2755121.042279027,1956941.2449803315,SVLL,SHREE VASU LOGISTICS LTD,BE,2025-08-20,2026-08-27,251,576743.9,857.0,0.0597609561752988,0.0553686328153507,1,0,0.996031746031746,LOW,FULL,False,True,gap_fade_050,"{""gap_threshold"":0.005}",INTRADAY_SHORT_ALLOWED_RESEARCH,2025-08-20,2026-08-27,99.76794778825236,99.32994923857869,99.77374909354604,74.94706308919507,99.76794778825236,95.95837563451778,5,ROBUST POSITIVE,LOW LIQUIDITY,81,
317,185,INE877I01016,184,184,1678323.5431306742,1137255.1880139874,16.783235431306743,11.372551880139874,0.3796402456520679,6.846510061357972,8.272879297231155,-0.1075489750402168,0.7554347826086957,0.0141261454432244,0.0158455995370226,3.83831373984287,0.1016102653327533,-0.0801927710843373,0.7301587301587301,368.0,0.0270242826320118,0.0019922565474733,7.090525294616264,2.8148402705891807e-11,0.0101953995370584,0.0180568913493903,13,0,0.3838829459924657,0.0583879560260987,0.0908201021641354,1848.3740239203323,1135406.813990067,1678323.5431306742,1383453.3296782416,1137255.1880139874,760193.8216709675,497613.84369801206,ARCHIDPLY,ARCHIDPLY IND. LTD,EQ,2025-08-20,2026-08-27,252,996273.03,10672.0,0.0,0.0498729613660368,0,0,1.0,LOW,FULL,False,False,gap_fade_050,"{""gap_threshold"":0.005}",INTRADAY_SHORT_ALLOWED_RESEARCH,2025-08-20,2026-08-27,98.90355329949239,99.00507614213197,98.77592458303118,79.29079042784628,98.90645395213923,95.95699782451052,5,ROBUST POSITIVE,LOW LIQUIDITY,379,
318,433,INE458F01011,140,140,561359.073913977,401555.5000065797,5.61359073913977,4.015555000065797,0.2735482610228801,6.047092150930588,7.333590368347044,-0.0742442874747734,0.7857142857142857,0.0118155110152297,0.0108458301730053,5.013447069466427,0.0894660831509848,-0.0692432222330192,0.5555555555555556,280.0,0.0217647820867494,0.0018394598183855,6.423359128116257,1.97065395530298e-09,0.008178572037249,0.0154524499932105,13,0,0.4016696610894295,0.0245906840188319,0.099064252824656,-10435.125024611045,411990.6250311908,561359.073913977,475980.56998273975,401555.5000065797,280156.8287098505,187983.60808870455,UNITEDTEA,UNITED NILGIRI TEA LTD,EQ,2025-08-20,2026-08-27,252,854767.6000000001,1824.5,0.0,0.0317442485181177,0,0,1.0,LOW,FULL,False,False,gap_fade_050,"{""gap_threshold"":0.005}",INTRADAY_SHORT_ALLOWED_RESEARCH,2025-08-20,2026-08-27,97.2298767222625,98.48005801305294,97.3372008701958,86.89195068890501,97.24728063814358,95.95416968817985,5,ROBUST POSITIVE,LOW LIQUIDITY,956,
319,82,INE735M01018,251,251,942413.368949129,533567.1479780449,9.42413368949129,5.33567147978045,0.3223221335855951,5.908065146936226,8.980989122834307,-0.0770119305643741,0.5976095617529881,0.0075868532411281,0.0053260073260073,2.9215437698899263,0.0883176425564484,-0.0742166499498495,0.996031746031746,502.0,0.0203393173714969,0.0012838063287718,5.909655585189374,1.1172110322736098e-08,0.005058398739149,0.0101153077431073,13,0,0.3354015663695378,0.0481154844182147,0.0844989247951633,-20589.14728682168,554156.2952648667,942413.368949129,712774.2879070834,533567.1479780449,284693.91180069785,133349.16331105537,SAMPANN,SAMPANN UTPADAN INDIA LTD,EQ,2025-08-20,2026-08-27,252,1233700.6800000002,40005.0,0.0,0.0621722474903665,0,0,1.0,OK,FULL,False,False,close_to_open,{},LONG_ONLY,2025-08-20,2026-08-27,97.74329224075416,98.32632342277012,96.72806381435824,86.33502538071066,97.77229876722262,95.95141406816532,5,ROBUST POSITIVE,COMPARABLE,779,63
320,335,INE236A01020,149,149,841010.3682244447,601359.1370744448,8.410103682244447,6.013591370744448,0.3327300290634783,6.039005248461021,6.305602149247007,-0.0890967741935485,0.7919463087248322,0.0134856267908384,0.013459723352319,4.380113312953383,0.1519999999999999,-0.0890967741935484,0.5912698412698413,298.0,0.0258888478655481,0.0021208970556918,6.358454199673317,2.3908168593958313e-09,0.0092944744124687,0.0176767791692082,12,1,0.3211401368299234,-0.0071446177551872,0.0906292245906468,-24878.387769284356,626237.5248437291,841010.3682244447,712454.2824443623,601359.1370744448,422437.1175907676,288932.382156018,HCL-INSYS,HCL INFOSYSTEMS LTD,EQ,2025-08-20,2026-08-27,252,2956315.365,213346.5,0.0,0.0438014046702319,0,0,1.0,OK,FULL,False,False,gap_fade_050,"{""gap_threshold"":0.005}",INTRADAY_SHORT_ALLOWED_RESEARCH,2025-08-20,2026-08-27,97.96084118926758,98.46845540246557,97.98404641044235,83.72733865119652,98.00435097897027,95.94068165337201,5,ROBUST POSITIVE,COMPARABLE,704,64
321,284,INE528A01020,152,152,1021591.8202152986,731255.7734925484,10.215918202152986,7.312557734925484,0.2895613977254023,7.486211328291171,9.964137727125989,-0.1000654553648743,0.8092105263157895,0.014261301420314,0.0144072936499288,5.57238186744281,0.0777985781990522,-0.0508825214899713,0.6031746031746031,304.0,0.0217215112872213,0.0017618472150604,8.094516538327937,1.7678870798569506e-13,0.0107802455888824,0.0177423572517455,13,0,0.3501295697983435,0.0499713888951289,0.1107804204704543,-7781.876873414832,739037.6503659632,1021591.8202152986,865643.4952169656,731255.7734925484,515711.81355318753,355787.33192461584,GKWLIMITED,GKW LIMITED,EQ,2025-08-20,2026-08-27,252,651639.1,373.5,0.1269841269841269,0.0378894654896309,0,0,1.0,LOW,FULL,False,False,gap_fade_050,"{""gap_threshold"":0.005}",INTRADAY_SHORT_ALLOWED_RESEARCH,2025-08-20,2026-08-27,98.31472081218274,99.31254532269762,98.30021754894851,81.17186366932559,98.30601885424221,95.9382160986222,5,ROBUST POSITIVE,LOW LIQUIDITY,582,
322,66,INE725L01011,162,162,3505319.239088418,2524959.994366689,35.05319239088418,25.24959994366689,0.3962721008515816,8.493488643573093,12.305676928666497,-0.1244559542059901,0.7716049382716049,0.0207761270885664,0.0214255853592895,5.998535049136208,0.084737400530504,-0.071059405940594,0.6428571428571429,324.0,0.0285720782086673,0.0022448344726601,9.255081985598151,1.284314323661512e-16,0.0163430098073291,0.0252092443698036,12,1,0.5459282238913585,-0.0913822499400643,0.189130148536864,-31478.480100846515,2556438.4744675355,3505319.239088418,2976571.2827572534,2524959.994366689,1809989.2593549096,1288888.4548346987,KARMAENG,KARMA ENERGY LIMITED,EQ,2025-08-20,2026-08-27,252,188294.9,4379.0,0.0039682539682539,0.0570769259411137,0,0,1.0,LOW,FULL,False,False,gap_fade_100,"{""gap_threshold"":0.01}",INTRADAY_SHORT_ALLOWED_RESEARCH,2025-08-20,2026-08-27,99.55910079767948,99.69253081943438,99.57650471356055,75.15010877447426,99.56200145032632,95.92849891225525,5,ROBUST POSITIVE,LOW LIQUIDITY,153,
323,182,INE0N0Y01013,143,143,1386738.9318538476,1022487.199965693,13.867389318538477,10.22487199965693,0.3625237304878777,6.881513951742616,6.9286015946722825,-0.1078048579662411,0.7832167832167832,0.0174455392251056,0.019774193548387,4.644400100178059,0.077250720461095,-0.1078048579662411,0.5674603174603174,286.0,0.0280940467048056,0.0023493422085659,7.425712253198869,9.495275977011988e-12,0.0128013337194367,0.0220897447307745,13,0,0.4694500476926828,0.0166347541368565,0.1431329209396269,-37194.22340112013,1059681.4233668132,1386738.9318538476,1191927.2644815205,1022487.199965693,747008.0617882521,538781.3136524445,USK,UDAYSHIVAKUMAR INFRA LTD,EQ,2025-08-20,2026-08-27,252,790648.665,31442.5,0.0,0.0536070924737387,0,0,1.0,LOW,FULL,False,False,gap_fade_100,"{""gap_threshold"":0.01}",INTRADAY_SHORT_ALLOWED_RESEARCH,2025-08-20,2026-08-27,98.78462654097171,99.02248005801304,98.89775199419869,79.21537345902829,98.81653372008702,95.92581580855693,5,ROBUST POSITIVE,LOW LIQUIDITY,420,
324,212,INE0PSC01024,156,156,1221221.837380547,871692.779386961,12.21221837380547,8.71692779386961,0.328947589119865,7.10448716534224,9.324080382173143,-0.104056203301432,0.7692307692307693,0.0149807943908484,0.0146175413445013,5.076486251437818,0.101277952402335,-0.0531111111111111,0.6190476190476191,312.0,0.0246837958882528,0.0019762853322437,7.580279095549441,2.9477025919062667e-12,0.0110768657782573,0.0188847230034394,13,0,0.3326308456596152,0.0039667517241792,0.0905424485685419,-42990.05453962148,914682.8339265824,1221221.837380547,1033144.3424776684,871692.779386961,614198.0900492477,424618.7719508069,DIGIDRIVE,DIGIDRIVE DISTRIBUTORS L,EQ,2025-08-20,2026-08-27,252,545413.4,21833.5,0.0,0.0530715365730294,0,0,1.0,LOW,FULL,False,False,gap_fade_100,"{""gap_threshold"":0.01}",INTRADAY_SHORT_ALLOWED_RESEARCH,2025-08-20,2026-08-27,98.54967367657723,99.13560551124003,98.56997824510515,80.15953589557651,98.61638868745469,95.92574329224075,5,ROBUST POSITIVE,LOW LIQUIDITY,501,
325,405,INE196Y01018,157,157,643609.9469843238,445185.2399270766,6.436099469843238,4.451852399270766,0.2870665956918064,6.068179697805671,8.379284257914794,-0.0781457109283193,0.7197452229299363,0.0110953610693962,0.0092603713947057,4.194523687157983,0.1087857823777747,-0.0781457109283195,0.623015873015873,314.0,0.021896308948018,0.0017475156989664,6.349219681378899,2.249769352766233e-09,0.0076435151397261,0.0145472069990663,13,0,0.3979940604266023,0.0422309532784572,0.0957247068900011,-750.6147275786789,445935.8546546553,643609.9469843238,536763.2171167429,445185.2399270766,299462.3323750492,192509.0861007996,WORTHPERI,WORTH PERIPHERALS LIMITED,EQ,2025-08-20,2026-08-27,252,1274596.0699999998,9179.5,0.0,0.0411796512029727,0,0,1.0,OK,FULL,False,False,gap_fade_050,"{""gap_threshold"":0.005}",INTRADAY_SHORT_ALLOWED_RESEARCH,2025-08-20,2026-08-27,97.42712110224801,98.50036258158086,97.38361131254533,86.07396664249455,97.39231327048586,95.9231327048586,5,ROBUST POSITIVE,COMPARABLE,888,65
326,415,INE217K01011,124,124,509987.2025871844,377574.3331149888,5.099872025871844,3.775743331149888,0.2868935408172234,5.606028008982456,9.1756944689089,-0.071832210130623,0.717741935483871,0.0129704292372379,0.0083716585689442,4.5605367459530965,0.1018575667655785,-0.0371966873706004,0.492063492063492,248.0,0.0240908404931536,0.0021634213414258,5.9953320182602345,2.0911407130872045e-08,0.0086880693419198,0.017252789132556,11,1,0.4243720679141638,-0.038143136535894,0.1172089035239297,-44285.29092166346,421859.62403665227,509987.2025871844,439767.9371688673,377574.3331149888,273723.97186046315,192314.13955959567,RHFL,RELIANCE HOME FINANCE LTD,BZ,2025-08-20,2026-08-27,228,1771326.455,692411.0,0.0,0.0415733720052799,15,0,0.9047619047619048,OK,PARTIAL,False,True,gap_fade_100,"{""gap_threshold"":0.01}",INTRADAY_SHORT_ALLOWED_RESEARCH,2025-08-20,2026-08-27,97.0645395213923,98.06236403190718,97.38071065989847,87.2922407541697,97.28498912255257,95.90558375634518,5,ROBUST POSITIVE,LIMITED SAMPLE,1013,
327,62,INE524L01026,149,149,3662655.640939684,2711887.0144534507,36.62655640939684,27.118870144534508,0.448998880124683,7.695109709285978,13.791517012435776,-0.1242528432592591,0.7718120805369127,0.0231885613550736,0.0209508196721313,6.902759352460876,0.1569743589743588,-0.0538518518518518,0.5912698412698413,298.0,0.0336970873028633,0.0027605729547022,8.399908908610868,3.3656539898428974e-14,0.0177333310440534,0.0286437916660939,13,0,0.5427170141628481,0.0575892627737952,0.1744205654658297,-47692.30769230769,2759579.322145758,3662655.640939684,3152947.930964201,2711887.0144534507,2000164.134102963,1467687.9202102695,KRIDHANINF,KRIDHAN INFRA LIMITED,BE,2025-08-20,2026-08-27,252,168113.86,52139.0,0.0,0.0644922200027427,7,0,1.0,LOW,FULL,False,False,gap_fade_100,"{""gap_threshold"":0.01}",INTRADAY_SHORT_ALLOWED_RESEARCH,2025-08-20,2026-08-27,99.59100797679477,99.40826686004351,99.63451776649747,75.19361856417694,99.59100797679477,95.90355329949239,5,ROBUST POSITIVE,LOW LIQUIDITY,142,
328,58,INE524L01026,173,173,4450291.166467243,3142034.5230027847,44.50291166467243,31.42034523002785,0.509571242059168,7.116253836137045,14.866134105216284,-0.124252843259259,0.7167630057803468,0.0209609150640963,0.0182312138728322,5.060821642475652,0.2043953488372093,-0.0538518518518518,0.6865079365079365,346.0,0.036947805636758,0.0028090896447436,7.461817782610893,4.052083214709261e-12,0.0154161873745282,0.0265056427536644,13,0,0.5461719058831844,0.0320778220614299,0.1776318338936009,-47692.30769230769,3189726.830695092,4450291.166467243,3741178.7259246297,3142034.5230027847,2208376.718054485,1542499.3142127602,KRIDHANINF,KRIDHAN INFRA LIMITED,BE,2025-08-20,2026-08-27,252,168113.86,52139.0,0.0,0.0644922200027427,7,0,1.0,LOW,FULL,False,False,gap_fade_050,"{""gap_threshold"":0.005}",INTRADAY_SHORT_ALLOWED_RESEARCH,2025-08-20,2026-08-27,99.67222625090646,99.14720812182742,99.66642494561276,75.19651921682379,99.67802755620015,95.89586656997825,5,ROBUST POSITIVE,LOW LIQUIDITY,114,
329,122,INE738V01013,132,132,1935201.830797132,1471649.9240539535,19.35201830797132,14.716499240539536,0.4642267650011724,6.191760768092658,7.392187873093315,-0.1132863257490425,0.7272727272727273,0.0217756141744911,0.0175854922279792,5.001280576245674,0.1392109374999999,-0.1132863257490426,0.5238095238095238,264.0,0.0375637747788149,0.0032695069311719,6.660213491789655,6.852622275625165e-10,0.0153077495590284,0.0282434787899537,13,0,0.4029207392318525,0.0362812491003599,0.11681149906044,-13976.800923869276,1485626.724977823,1935201.830797132,1688583.2635804978,1471649.9240539535,1113063.723666408,835815.025464739,ARTNIRMAN,ART NIRMAN LIMITED,EQ,2025-08-20,2026-08-26,244,56878.555,1217.0,0.0737704918032786,0.051495315856521,6,0,0.9682539682539684,LOW,FULL,False,True,gap_fade_100,"{""gap_threshold"":0.01}",INTRADAY_SHORT_ALLOWED_RESEARCH,2025-08-20,2026-08-27,99.19651921682379,98.60478607686728,99.30094271211023,77.84771573604061,99.18781725888324,95.89499637418419,5,ROBUST POSITIVE,LOW LIQUIDITY,278,
330,87,INE142K01011,162,162,2976560.447425063,2139285.609460836,29.765604474250623,21.39285609460836,0.3951926050771811,8.107173747207518,10.653147947159043,-0.1233460374778875,0.8271604938271605,0.0197771303269893,0.0195780113779201,6.504517624292331,0.1204806201550388,-0.0738685831622176,0.6428571428571429,324.0,0.0287338934062268,0.0022575478752704,8.760447804288386,2.5728273964412908e-15,0.0153189065154034,0.0242353541385751,13,0,0.6303025501096162,0.0800031270713186,0.159247469991872,-34620.886981401934,2173906.496442238,2976560.447425063,2524951.666279656,2139285.609460836,1528854.420287161,1084084.5856035312,AURUS,AURUS GEM CORP LIMITED,EQ,2025-08-20,2026-08-27,252,137751.735,26086.0,0.0,0.0649818848767413,0,0,1.0,LOW,FULL,False,False,gap_fade_050,"{""gap_threshold"":0.005}",INTRADAY_SHORT_ALLOWED_RESEARCH,2025-08-20,2026-08-27,99.47208121827411,99.5852066715011,99.48368382886149,75.43437273386512,99.48078317621464,95.89311094996376,5,ROBUST POSITIVE,LOW LIQUIDITY,183,
331,69,INE378D01032,251,251,1045927.9113720864,596597.7548569429,10.459279113720864,5.9659775485694295,0.3555303907516116,5.656359082369139,8.9038369709661,-0.0819367142278225,0.5657370517928287,0.0080119822899845,0.0029504950495049,2.724215084777033,0.0908689883913764,-0.0605106382978724,0.996031746031746,502.0,0.0224353584272514,0.0014161072670774,5.657750988397762,4.18676188119615e-08,0.0052229613025646,0.0108010032774045,12,1,0.4168232132671388,-0.0036341855954521,0.127865337461152,-20320.00000000001,616917.7548569429,1045927.9113720864,793559.132907306,596597.7548569429,323035.7572442128,156649.6089757586,MADHUCON,MADHUCON PROJECTS LTD.,BE,2025-08-20,2026-08-27,252,145577.28,26278.5,0.0,0.058156807383564,0,0,1.0,LOW,FULL,False,False,close_to_open,{},LONG_ONLY,2025-08-20,2026-08-27,97.93763596809282,98.10007251631617,97.02973168963017,85.21827411167513,97.97244379985497,95.88759970993475,5,ROBUST POSITIVE,LOW LIQUIDITY,712,
332,142,INE731C01018,141,141,1788783.789631023,1332388.1240206212,17.88783789631023,13.323881240206212,0.4051991396879662,6.803149105557207,6.238961651649389,-0.113353895285318,0.7872340425531915,0.0195505685442605,0.020062596203181,5.60463807947977,0.1206946899575475,-0.1133538952853181,0.5595238095238095,282.0,0.0315997201346987,0.00266117650166,7.346588447652589,1.5326842188147122e-11,0.0142892796430258,0.0248118574454952,12,1,0.5134872375234585,-0.0064036697247706,0.1165044593655383,29441.215914170723,1302946.9081064505,1788783.789631023,1544943.4138600964,1332388.1240206212,985682.5136516492,722446.5974511377,KHAITANLTD,KHAITAN (INDIA)LTD.,EQ,2025-08-20,2026-08-27,252,256385.515,2151.5,0.0039682539682539,0.0550408356389496,0,0,1.0,LOW,FULL,False,False,gap_fade_100,"{""gap_threshold"":0.01}",INTRADAY_SHORT_ALLOWED_RESEARCH,2025-08-20,2026-08-27,99.08629441624366,98.98187092095722,99.17331399564902,77.83321247280638,99.04278462654096,95.88614938361133,5,ROBUST POSITIVE,LOW LIQUIDITY,316,
333,261,INE161G01027,118,118,1033959.9753466964,799576.2302793503,10.339599753466963,7.995762302793503,0.4037059243580504,5.658875325726401,10.837623895542032,-0.0978356899771419,0.5847457627118644,0.0193603516457571,0.0068837372058437,5.936591505984462,0.1017868162692847,-0.0425405405405405,0.4682539682539682,236.0,0.0344446867359384,0.0031708904330563,6.1056514106972255,1.3723824539088142e-08,0.0130805693020291,0.025640133989485,9,2,0.5365969087993465,-0.0388841277743087,0.1888367779780694,93297.1183943887,706279.1118849616,1033959.9753466964,910049.2280853444,799576.2302793503,613313.2450193955,465358.4590268027,MORARJEE,MORARJEE TEXTILES LIMITED,BZ,2025-08-20,2026-08-24,184,37319.195,4932.0,0.0326086956521739,0.0538530763316171,28,0,0.7301587301587301,LOW,PARTIAL,False,True,gap_fade_050,"{""gap_threshold"":0.005}",INTRADAY_SHORT_ALLOWED_RESEARCH,2025-08-20,2026-08-27,98.46555474981871,98.10297316896302,98.69760696156635,81.6881798404641,98.2422044960116,95.87817258883248,5,ROBUST POSITIVE,LIMITED SAMPLE,530,
334,193,INE218G01033,124,124,1277574.6122666628,980219.0217568713,12.775746122666629,9.802190217568713,0.3844618546523821,6.40430053984585,12.78451196093619,-0.1066315452614808,0.6451612903225806,0.0198565263169386,0.0141494252873563,6.449501152889183,0.0963415089932258,-0.0479590433015475,0.492063492063492,248.0,0.0315443785601996,0.0028327688192757,7.0095823498985705,1.391126882214764e-10,0.0142492341302122,0.0254638185036649,11,2,0.6461077611530521,-0.0209192695156406,0.1697572437413406,9360.37441497673,970858.6473418945,1277574.6122666628,1119942.5664761658,980219.0217568713,746643.9828898915,563256.2147288002,PALREDTEC,PALRED TECHNOLOGIES LTD,BE,2025-08-20,2026-08-27,252,243773.005,5806.5,0.0238095238095238,0.0536235243943906,11,0,1.0,LOW,FULL,False,False,gap_fade_100,"{""gap_threshold"":0.01}",INTRADAY_SHORT_ALLOWED_RESEARCH,2025-08-20,2026-08-27,98.71501087744743,98.73531544597535,98.929659173314,79.48658448150834,98.68890500362582,95.87251631617114,5,ROBUST POSITIVE,LOW LIQUIDITY,444,
335,556,INE124Y01028,75,75,326946.3990225237,268466.4318661376,3.269463990225237,2.684664318661376,0.2479602756691798,5.390810893735824,3.69200963335444,-0.056450867052023,0.9333333333333332,0.017822759403882,0.0142914356827694,14.970366649724411,0.1522253521126761,-0.0564508670520229,0.2976190476190476,150.0,0.0245243742874469,0.0028318308193129,6.293723227507744,1.975072952207578e-08,0.0121802133254071,0.0234653054823568,5,0,0.3973115034982744,0.0,0.1597106602701049,-15364.504776269474,283830.9366424071,326946.3990225237,296644.4272400982,268466.4318661376,217904.39669473824,174200.77275706147,PASHUPATI,PASHUPATI COTSPIN LIMITED,EQ,2026-04-17,2026-08-27,92,5773120.955,64528.5,0.0,0.0444316101356577,0,1,0.365079365079365,OK,PARTIAL,True,True,gap_fade_050,"{""gap_threshold"":0.005}",INTRADAY_SHORT_ALLOWED_RESEARCH,2025-08-20,2026-08-27,96.29876722262509,97.85641769398114,97.22697606961567,90.04350978970268,96.36258158085569,95.87041334300217,5,ROBUST POSITIVE,LIMITED SAMPLE,1277,
336,253,INE217G01035,147,147,1174767.4031857357,854493.3159048151,11.747674031857358,8.544933159048151,0.3483605778291252,6.67537243921208,12.089997183649857,-0.1043917627436784,0.7006802721088435,0.0158192965996499,0.0152043010752688,4.272043030053788,0.0806859045504995,-0.0459944134078211,0.5833333333333334,294.0,0.026887093071975,0.0022176100604044,7.133488832010714,4.214481273426299e-11,0.0114365325932106,0.0202020606060891,12,1,0.4540288959052545,-0.0052450186286203,0.118990310298844,21615.94963273889,832877.3662720763,1174767.4031857357,1003145.6545274968,854493.3159048151,614277.287072729,434209.7560600498,EQUIPPP,EQUIPPP SOC IMP TECH LTD,BE,2025-08-20,2026-08-27,252,179562.245,9429.5,0.0039682539682539,0.0555302993098166,1,0,1.0,LOW,FULL,False,False,gap_fade_050,"{""gap_threshold"":0.005}",INTRADAY_SHORT_ALLOWED_RESEARCH,2025-08-20,2026-08-27,98.52646845540247,98.89195068890501,98.60188542422044,80.06091370558376,98.497461928934,95.83901377810007,5,ROBUST POSITIVE,LOW LIQUIDITY,509,
337,140,INE738V01013,143,143,1919807.9829892076,1425753.146338489,19.198079829892077,14.257531463384886,0.4734982635174803,6.016477323518106,7.604416285041887,-0.1132863257490427,0.7132867132867133,0.0199216193369099,0.0150230433880008,4.365380146914895,0.1392109374999999,-0.1132863257490426,0.5674603174603174,286.0,0.037413110085187,0.0031286414378253,6.36749839596739,2.494328611379794e-09,0.0137368865475214,0.0261063521262984,13,0,0.4029207392318525,0.0034219590590707,0.1217875343293943,-13976.800923869276,1439729.947262358,1919807.9829892076,1655606.142987773,1425753.146338489,1051910.3810563262,769185.3370362965,ARTNIRMAN,ART NIRMAN LIMITED,EQ,2025-08-20,2026-08-26,244,56878.555,1217.0,0.0737704918032786,0.051495315856521,6,0,0.9682539682539684,LOW,FULL,False,True,gap_fade_050,"{""gap_threshold"":0.005}",INTRADAY_SHORT_ALLOWED_RESEARCH,2025-08-20,2026-08-27,99.1646120377085,98.44525018129079,99.24002900652647,77.84481508339375,99.15881073241479,95.8366932559826,5,ROBUST POSITIVE,LOW LIQUIDITY,289,
338,88,INE542Z01028,249,249,868551.4753863497,490964.432587532,8.685514753863497,4.90964432587532,0.2865053780718742,6.361696977612252,11.540767305424978,-0.0734279459803118,0.6706827309236948,0.0073199212761024,0.0059323109465891,3.602629603910612,0.1389013120365088,-0.050880327474115,0.988095238095238,498.0,0.0181393314969238,0.0011495334257903,6.367732431155626,9.232486838155731e-10,0.0050558282276373,0.0095840143245674,12,1,0.3957155208225291,-0.0105885328591203,0.1087403779670764,188708.34158017175,302256.0910073602,868551.4753863497,656650.3824513353,490964.432587532,260224.5332303125,119359.69691411196,KAPSTON,KAPSTON SERVICES LIMITED,EQ,2025-08-20,2026-08-27,252,4936777.574999999,15529.0,0.0,0.041401059199956,0,1,1.0,OK,FULL,False,False,close_to_open,{},LONG_ONLY,2025-08-20,2026-08-27,97.61276287164613,98.72081218274111,96.57432922407541,87.02248005801306,96.51341551849167,95.81827411167512,5,ROBUST POSITIVE,COMPARABLE,824,66
339,11,INE224E01036,251,251,4243628.412710316,2547497.1766823404,42.43628412710316,25.474971766823405,0.3139880656524734,10.656289740389964,22.655230717432644,-0.1274700712785526,0.5657370517928287,0.0133304693331368,0.0172307692307691,7.186081776108453,0.0831063829787235,-0.0528474576271185,0.996031746031746,502.0,0.019801038851152,0.0012498304898369,10.665821838668728,3.9075979037166993e-22,0.0108689301913551,0.0157920084749185,13,0,0.498938480341117,0.1023668662472381,0.1038404423602871,15555.555555555373,2531941.621126785,4243628.412710316,3291541.3814846603,2547497.1766823404,1512104.6361556046,880672.8323425819,GATECHDVR,GACM TECHNOLOGIES LIMITED,BE,2025-08-20,2026-08-27,252,324798.44499999995,658755.0,0.0,0.0567242607143595,2,0,1.0,LOW,FULL,False,False,close_to_open,{},LONG_ONLY,2025-08-20,2026-08-27,99.56490210297318,99.95939086294416,99.32414793328499,74.39013778100072,99.55620014503263,95.81769398114577,5,ROBUST POSITIVE,LOW LIQUIDITY,151,
340,213,INE227G01018,161,161,1410278.7808965738,999883.3200001832,14.102787808965738,9.998833200001831,0.4353447375575876,5.744025817410481,7.431476377084856,-0.1051426543025785,0.7391304347826086,0.015531872124252,0.0108479657387579,4.120477412304911,0.1573103448275861,-0.0834624759461193,0.6388888888888888,322.0,0.0330480319576141,0.0026045497891518,5.963361571717195,1.5308068693347176e-08,0.0103881426825746,0.0206756015659293,13,0,0.4044222958103018,0.0614781420777637,0.1068424953863592,-48518.72554499721,1048402.0455451806,1410278.7808965738,1188949.2121918134,999883.3200001832,700505.0523988734,482248.56511113455,INDOWIND,INDOWIND ENERGY LTD,EQ,2025-08-20,2026-08-27,252,2570880.685,228907.0,0.0,0.0550101723883838,0,0,1.0,OK,FULL,False,False,gap_fade_050,"{""gap_threshold"":0.005}",INTRADAY_SHORT_ALLOWED_RESEARCH,2025-08-20,2026-08-27,98.74691805656272,98.17839013778101,98.73531544597535,79.90717911530095,98.79332849891226,95.81421319796955,5,ROBUST POSITIVE,COMPARABLE,433,67
341,28,INE289C01025,187,187,7463611.635295338,5145482.441665299,74.63611635295338,51.45482441665299,0.4616228831315512,8.869883666039977,14.755902587710366,-0.1328437509316333,0.7219251336898396,0.0218959426254482,0.0202222222222221,6.532996109104384,0.1252022551092318,-0.0913854748603353,0.7420634920634921,374.0,0.031887324294475,0.0023318320935748,9.39001683945441,2.17117400578152e-17,0.0172957040054332,0.0264961812454632,11,2,1.078855620940891,-0.025137994193594,0.3237810237569019,-11781.291841324462,5157263.733506624,7463611.635295338,6199357.426330987,5145482.441665299,3535211.3857180206,2417449.050199767,TEAMGTY,TEAM INDIA GUARANTY LTD,EQ,2025-08-20,2026-08-27,251,282209.95,1060.0,0.0876494023904382,0.0557442685557014,18,0,0.996031746031746,LOW,FULL,False,True,gap_fade_050,"{""gap_threshold"":0.005}",INTRADAY_SHORT_ALLOWED_RESEARCH,2025-08-20,2026-08-27,99.84626540971718,99.76504713560551,99.82886149383611,73.070340826686,99.84626540971718,95.81015228426396,5,ROBUST POSITIVE,LOW LIQUIDITY,54,
342,363,INE718F01018,152,152,764743.1092284647,540552.5183680047,7.647431092284647,5.405525183680047,0.3191363805674709,5.998040335458656,6.709690984505083,-0.0892759856630823,0.743421052631579,0.0125933742312893,0.0118424459738039,3.918401442156591,0.0908303377444202,-0.0892759856630824,0.6031746031746031,304.0,0.0246670462902288,0.0020007616521496,6.294290085857557,3.184298524871556e-09,0.0086402715121746,0.0165464769504039,12,1,0.4568369881227492,-0.004280009465855,0.139022378921395,-26233.132823931068,566785.6511919358,764743.1092284647,644308.7268879905,540552.5183680047,374203.1006975797,250844.78477805463,CSLFINANCE,CSL FINANCE LIMITED,EQ,2025-08-20,2026-08-27,252,4070007.845,15701.5,0.0,0.0412480683995591,0,0,1.0,OK,FULL,False,False,gap_fade_050,"{""gap_threshold"":0.005}",INTRADAY_SHORT_ALLOWED_RESEARCH,2025-08-20,2026-08-27,97.77229876722262,98.42784626540971,97.80420594633793,83.68963016678754,97.8274111675127,95.80841189267586,5,ROBUST POSITIVE,COMPARABLE,769,68
343,251,INE161G01027,104,104,905237.7242132436,719948.9637321136,9.052377242132437,7.199489637321136,0.3753685731951727,5.807853658790361,15.231341817652016,-0.0978356899771414,0.5865384615384616,0.0209623628964086,0.0076137864806801,9.456362500804287,0.1017868162692847,-0.0363347639484978,0.4126984126984127,208.0,0.033195931693,0.0032551289129711,6.4397949994782255,3.874069387759021e-09,0.014506582436905,0.0274181433559122,9,2,0.4885069744507013,-0.0388841277743087,0.1825842173907561,93297.1183943887,626651.8453377249,905237.7242132436,807923.9833938505,719948.9637321136,568545.5681794323,444879.7545943102,MORARJEE,MORARJEE TEXTILES LIMITED,BZ,2025-08-20,2026-08-24,184,37319.195,4932.0,0.0326086956521739,0.0538530763316171,28,0,0.7301587301587301,LOW,PARTIAL,False,True,gap_fade_100,"{""gap_threshold"":0.01}",INTRADAY_SHORT_ALLOWED_RESEARCH,2025-08-20,2026-08-27,98.29441624365482,98.25670775924583,98.6308919506889,81.69108049311095,98.01015228426397,95.80681653372008,5,ROBUST POSITIVE,LIMITED SAMPLE,589,
344,117,INE863I01016,251,251,762039.4526741387,423752.44616558,7.6203945267413875,4.237524461655799,0.2847207517095376,5.97445829215616,13.318097960386462,-0.0722348028331012,0.5537848605577689,0.0067771006215138,0.0029294577596463,2.898672603771056,0.0887759882869692,-0.0398610460577674,0.996031746031746,502.0,0.0179664653746404,0.0011340332387923,5.976104041474918,7.831593624084214e-09,0.0045436239796269,0.0090105772634007,13,0,0.4647649464324594,0.0164988647557973,0.1193384701935905,-34649.98044583497,458402.4266114149,762039.4526741387,572017.0928805557,423752.44616558,217902.83545049763,92766.00041626608,BANG,BANG OVERSEAS LTD.,EQ,2025-08-20,2026-08-27,252,471006.42,11258.5,0.0,0.0570658056555725,0,0,1.0,LOW,FULL,False,False,close_to_open,{},LONG_ONLY,2025-08-20,2026-08-27,97.32269760696155,98.4017403915881,96.10732414793328,87.22842639593908,97.44742567077593,95.80623640319072,5,ROBUST POSITIVE,LOW LIQUIDITY,924,
345,376,INE073D01013,144,144,729832.1281142192,524552.139216502,7.298321281142192,5.24552139216502,0.3604815513526672,5.273486323353685,8.935981148997689,-0.0841579271023004,0.6666666666666666,0.0132013509088861,0.0113869908743952,3.8501050586476167,0.1380471356055113,-0.0553203125000001,0.5714285714285714,288.0,0.0288080199760744,0.0024006683313395,5.499031555733495,1.7087354276761056e-07,0.0084559685485397,0.0179467332692325,12,1,0.4298634254613256,-0.0222439981904469,0.1364852064427762,-2791.3295868585265,527343.4688033605,729832.1281142192,619962.6102371603,524552.139216502,369789.0731956441,253176.59001355837,SUNDRMBRAK,SUNDARAMBRAKE LININGS LTD,BE,2025-08-20,2026-08-27,252,969135.525,1364.0,0.0039682539682539,0.0433656661719518,0,0,1.0,LOW,FULL,False,False,gap_fade_050,"{""gap_threshold"":0.005}",INTRADAY_SHORT_ALLOWED_RESEARCH,2025-08-20,2026-08-27,97.70848440899202,97.74039158810733,97.8158085569253,84.7454677302393,97.68527918781726,95.78723712835388,5,ROBUST POSITIVE,LOW LIQUIDITY,791,
346,314,INE0I0M01023,126,126,770112.6569348101,578954.423448672,7.701126569348101,5.789544234486721,0.3698670285856562,5.378429220797345,6.772176956846067,-0.0899555198285102,0.7142857142857143,0.0157881240821792,0.0130465643015476,3.971089670638184,0.1189411764705883,-0.0899555198285102,0.5,252.0,0.0310554431892147,0.00276663877163,5.706608410203452,7.91178971835166e-08,0.0103126025872463,0.021263645577112,13,0,0.3387046228362556,0.058800282338119,0.0990385775187548,-23014.514328247154,601968.9377769192,770112.6569348101,668660.5498011569,578954.423448672,429533.0043122314,312792.5761407985,PRABHA,PRABHA ENERGY LIMITED,EQ,2025-08-20,2026-08-27,252,5704844.805,31209.5,0.0,0.0489501762848876,0,0,1.0,OK,FULL,False,False,gap_fade_100,"{""gap_threshold"":0.01}",INTRADAY_SHORT_ALLOWED_RESEARCH,2025-08-20,2026-08-27,97.88542422044961,97.85061638868746,98.11457577955039,83.54749818709209,97.93473531544598,95.78346627991299,5,ROBUST POSITIVE,COMPARABLE,730,69
347,142,INE389K01018,151,151,1940564.0590910509,1416991.9735291093,19.405640590910508,14.169919735291092,0.4529163213664986,6.259426704286763,6.827653019329341,-0.1148728836334318,0.7019867549668874,0.0187748113693297,0.019595744680851,4.358312111978244,0.0959795932157577,-0.1148728836334318,0.5992063492063492,302.0,0.0349271928770616,0.0028423346460627,6.60541903302527,6.47238448131979e-10,0.0131586271900098,0.0243909955486495,12,1,0.7002380760527529,-0.0874796708651289,0.2333468719942363,191564.6720895956,1225427.3014395137,1940564.0590910509,1659536.9919217876,1416991.9735291093,1027100.6064222936,736926.7173012088,WELINV,WELSPUN INV & COMM LTD,BE,2025-08-20,2026-08-27,245,664921.7,483.0,0.1591836734693877,0.0509006619269206,7,0,0.9722222222222222,LOW,FULL,False,True,gap_fade_050,"{""gap_threshold"":0.005}",INTRADAY_SHORT_ALLOWED_RESEARCH,2025-08-20,2026-08-27,99.15300942712109,98.65699782451051,99.20232052211747,77.49093546047861,98.97316896301668,95.77839013778102,5,ROBUST POSITIVE,LOW LIQUIDITY,293,
348,447,INE923A01015,149,149,556738.2912110317,389157.2935359136,5.567382912110317,3.891572935359136,0.2455312869869184,6.606638010257141,8.161554433639198,-0.0799931771961519,0.785234899328859,0.0108868210289606,0.0113393829401089,4.663519644092734,0.0738268351707449,-0.0529192200557102,0.5912698412698413,298.0,0.0188930573708685,0.0015477795674413,7.033831727703984,6.916267596727304e-11,0.0078282190106001,0.013945423047321,12,1,0.3483283800207588,-0.0335072498860195,0.1138337978904678,-1891.0585752314216,391048.352111145,556738.2912110317,466829.0087757852,389157.2935359136,264125.5631266154,170893.90821444674,SILINV,SIL INVESTMENTS LIMITED,EQ,2025-08-20,2026-08-27,250,1075595.875,2155.5,0.0,0.0400151190839786,0,0,0.992063492063492,OK,FULL,False,True,gap_fade_050,"{""gap_threshold"":0.005}",INTRADAY_SHORT_ALLOWED_RESEARCH,2025-08-20,2026-08-27,97.15155910079768,98.8600435097897,97.2037708484409,85.65627266134881,97.1399564902103,95.77708484408991,5,ROBUST POSITIVE,COMPARABLE,983,70
349,112,INE650L01011,251,251,783733.4673791702,436959.5477509649,7.837334673791702,4.369595477509649,0.2836015578272701,6.086098714663861,10.846453290062376,-0.0761998607149821,0.5856573705179283,0.0068766018986821,0.0029783549783548,3.034022167037993,0.0517654552266766,-0.055792281329161,0.996031746031746,502.0,0.0178956505946848,0.0011295634495158,6.087840308244128,4.282492012357261e-09,0.0046519284995941,0.0091012752977701,13,0,0.3397118501691054,0.0110485494251419,0.1108473311950213,-56639.72665746766,493599.2744084325,783733.4673791702,588945.9339141597,436959.5477509649,225935.25220622984,97646.38857423494,BROOKS,BROOKS LAB LIMITED,BE,2025-08-20,2026-08-27,252,3046489.345,36411.5,0.0,0.0535242752193118,4,0,1.0,OK,FULL,False,False,close_to_open,{},LONG_ONLY,2025-08-20,2026-08-27,97.37490935460478,98.51486584481508,96.18564176939812,86.51486584481508,97.56925308194344,95.77490935460479,5,ROBUST POSITIVE,COMPARABLE,906,71
350,414,INE196Y01018,110,110,495396.3303582211,379380.6278892199,4.953963303582211,3.793806278892199,0.2733046915449058,5.8859403890071125,6.117888289158636,-0.0781457109283194,0.8,0.0146241374769935,0.0120359927326438,5.5739044913914215,0.1087857823777747,-0.0781457109283195,0.4365079365079365,220.0,0.0236842346753714,0.0022582031717879,6.476006082931193,2.791255320453366e-09,0.0101484522053983,0.0190998227485887,13,0,0.4212652661999467,0.0431060389450568,0.0978598144251348,-750.6147275786789,380131.2426167986,495396.3303582211,434277.03993284295,379380.6278892199,285805.9170136364,210363.4920203591,WORTHPERI,WORTH PERIPHERALS LIMITED,EQ,2025-08-20,2026-08-27,252,1274596.0699999998,9179.5,0.0,0.0411796512029727,0,0,1.0,OK,FULL,False,False,gap_fade_100,"{""gap_threshold"":0.01}",INTRADAY_SHORT_ALLOWED_RESEARCH,2025-08-20,2026-08-27,97.0761421319797,98.30891950688905,97.51994198694706,86.07106598984771,97.09644670050761,95.76475707034083,5,ROBUST POSITIVE,COMPARABLE,1009,72
351,351,INE00KV01022,106,106,618095.2737316652,483011.9506399786,6.180952737316653,4.830119506399786,0.3588156110545329,5.099169828856896,7.055622279624732,-0.0832324929971987,0.7547169811320755,0.0172609597925672,0.0133441502529329,7.325723023575324,0.1822105263157893,-0.0832324929971988,0.4206349206349206,212.0,0.0323581727434283,0.0031429035717406,5.492042437371919,2.788295580633013e-07,0.0110291625866368,0.0234927569984975,13,0,0.446223279196386,0.029958431272921,0.1280027326834848,-30905.07726269316,513917.0279026718,618095.2737316652,547071.1305106643,483011.9506399786,373145.1628497713,283824.06883237144,RAJMET,RAJNANDINI METAL LIMITED,EQ,2025-08-20,2026-08-27,252,1268236.735,317565.0,0.0,0.0453170814747105,0,0,1.0,OK,FULL,False,False,gap_fade_100,"{""gap_threshold"":0.01}",INTRADAY_SHORT_ALLOWED_RESEARCH,2025-08-20,2026-08-27,97.56345177664974,97.53734590282814,97.97244379985497,84.94561276287165,97.63596809282087,95.76185641769399,5,ROBUST POSITIVE,COMPARABLE,841,73
352,307,INE01EE01011,137,137,811443.1641072552,595795.5430006906,8.114431641072551,5.957955430006907,0.334828437757895,5.97793265624685,8.644988075226415,-0.0937936042338524,0.7737226277372263,0.0146100865132338,0.0158735632183908,4.497191739128039,0.12275935828877,-0.0590340274250889,0.5436507936507936,274.0,0.0268875725714255,0.0022971603523812,6.360063849303729,2.847835160574848e-09,0.0100673123029347,0.0191528607235329,11,2,0.4092873148738194,-0.0206073996218439,0.1431817987607464,18203.580868784527,577591.9621319061,811443.1641072552,696405.99029232,595795.5430006906,430886.92573818937,304845.985116031,BBTCL,B&B TRIPLEWALL CONT LTD,EQ,2025-08-20,2026-08-27,252,755486.655,3791.5,0.0119047619047619,0.0452629941721598,0,0,1.0,LOW,FULL,False,False,gap_fade_100,"{""gap_threshold"":0.01}",INTRADAY_SHORT_ALLOWED_RESEARCH,2025-08-20,2026-08-27,97.92893401015228,98.4075416968818,98.09717186366933,82.69180565627266,97.8535170413343,95.75765047135606,5,ROBUST POSITIVE,LOW LIQUIDITY,715,
353,437,INE00QT01015,90,90,441241.6871021731,353486.0346538115,4.412416871021731,3.5348603465381148,0.3170129656100729,4.933247189274013,6.449446346055189,-0.0691975662133144,0.7555555555555555,0.0173767035728812,0.0143743673552013,6.4353793842510765,0.1657553982943205,-0.0691975662133144,0.3571428571428571,180.0,0.0304698170033729,0.0032118007206395,5.410268283837165,5.254534803471688e-07,0.0109949239539116,0.0237584831918508,12,1,0.3308877533581968,-0.0313182506285428,0.1091879814964664,10641.25104099205,342844.78361281945,441241.6871021731,395446.1633957756,353486.0346538115,279826.4156476911,218019.9640917512,SGIL,SYNERGY GREEN IND. LTD,EQ,2025-08-20,2026-08-27,252,6887374.15,12666.5,0.0,0.0423277154985158,0,0,1.0,OK,FULL,False,False,gap_fade_100,"{""gap_threshold"":0.01}",INTRADAY_SHORT_ALLOWED_RESEARCH,2025-08-20,2026-08-27,96.93981145757795,97.3372008701958,97.57505438723713,87.79115300942712,96.82378535170413,95.75083393763597,5,ROBUST POSITIVE,COMPARABLE,1056,74
354,386,INE262A01018,175,175,742582.6709405566,496034.2735906942,7.425826709405566,4.960342735906941,0.2790922902478825,6.555076103873017,11.25137177195979,-0.0887622986852707,0.6857142857142857,0.0104541211575947,0.0104999999999999,4.145015332756768,0.0973981083404986,-0.0366296296296295,0.6944444444444444,350.0,0.020305073016069,0.0015349192443864,6.810860698911475,1.5173437467949155e-10,0.0074246641842394,0.0134835781309501,13,0,0.3443164296734164,0.0392203966396866,0.0856847164607186,14111.405835543628,481922.86775515054,742582.6709405566,608727.1453285927,496034.2735906942,321339.17654240376,197641.2800755626,HMT,HMT LTD -,BZ,2025-08-20,2026-08-27,252,505716.395,9224.0,0.0,0.0381705716861266,8,0,1.0,LOW,FULL,False,False,gap_fade_050,"{""gap_threshold"":0.005}",INTRADAY_SHORT_ALLOWED_RESEARCH,2025-08-20,2026-08-27,97.64467005076142,98.83103698332125,97.44162436548224,83.79695431472082,97.51994198694706,95.7392313270486,5,ROBUST POSITIVE,LOW LIQUIDITY,813,
355,308,INE360C01024,123,123,785446.6478711595,595144.0582488545,7.854466478711595,5.951440582488544,0.2811376295991873,7.059954536786892,8.030122154590758,-0.0996015393169834,0.8617886178861789,0.0161367388906528,0.0171518467852258,6.928852280718064,0.120100122100122,-0.0512332526230829,0.4880952380952381,246.0,0.0226029844820327,0.0020380424760308,7.91776377599346,1.260902917598055e-12,0.0121022302528072,0.0201712475284983,13,0,0.3890191937947198,0.0261916074584809,0.1173810441177026,-40740.74074074075,635884.7989895953,785446.6478711595,684593.0574066835,595144.0582488545,445481.45335008,327835.77871420945,DPSCLTD,DPSC LIMITED,BE,2025-08-20,2026-08-27,252,1092888.885,110840.0,0.0,0.04484530546851,0,0,1.0,OK,FULL,False,False,gap_fade_100,"{""gap_threshold"":0.01}",INTRADAY_SHORT_ALLOWED_RESEARCH,2025-08-20,2026-08-27,97.9231327048586,99.11530094271211,98.18129079042784,81.25888324873097,98.04786076867296,95.73850616388687,5,ROBUST POSITIVE,COMPARABLE,717,75
356,44,INE05ST01028,179,179,5088266.007240378,3553664.809054208,50.88266007240378,35.53664809054208,0.415183168284535,8.928698185045725,12.980574173413004,-0.1331187911205312,0.8379888268156425,0.0207097497269478,0.0195648327343102,7.1931262242911576,0.1812599118942731,-0.0735388574369531,0.7103174603174603,358.0,0.0289763101224015,0.0021657911043946,9.562210171112865,9.617478557250784e-18,0.0164358189529553,0.0249836805009402,12,1,0.5152049839589092,-0.0163145169245966,0.1250756554338518,-40074.90636704116,3593739.715421249,5088266.007240378,4254244.291142789,3553664.809054208,2471200.840246709,1708185.3798255029,SBGLP,SURATWWALA BUS GROUP LTD,EQ,2025-08-20,2026-08-27,252,1114354.1949999998,37102.5,0.0,0.0645643931943188,0,0,1.0,OK,FULL,False,False,gap_fade_050,"{""gap_threshold"":0.005}",INTRADAY_SHORT_ALLOWED_RESEARCH,2025-08-20,2026-08-27,99.72443799854967,99.77955039883973,99.72153734590283,72.99492385786802,99.72443799854967,95.72545322697607,5,ROBUST POSITIVE,COMPARABLE,96,76
357,133,INE805A01014,157,157,2092971.6276715817,1511065.6723461044,20.929716276715816,15.110656723461044,0.461283889648668,6.279271544490388,10.65873870742373,-0.1187186012038082,0.7133757961783439,0.0184492153006542,0.0147272727272727,4.69293940924035,0.1970389946405468,-0.0906262924667651,0.623015873015873,314.0,0.035063397620252,0.0027983637765596,6.592858103436464,6.311905383176422e-10,0.0129216422908285,0.02397678831048,13,0,0.5755687014052453,0.0796887808973703,0.1479242461161405,-29233.9832869081,1540299.6556330123,2092971.6276715817,1779775.7551404566,1511065.6723461044,1082849.8861421735,767922.8756421974,GOLDTECH,AION-TECH SOLUTIONS LTD,BE,2025-08-20,2026-08-27,252,1537453.02,30602.5,0.0,0.0592890667654573,1,0,1.0,OK,FULL,False,False,gap_fade_050,"{""gap_threshold"":0.005}",INTRADAY_SHORT_ALLOWED_RESEARCH,2025-08-20,2026-08-27,99.21392313270486,98.67150108774474,99.23132704858592,76.59173313995649,99.21972443799855,95.71675126903554,5,ROBUST POSITIVE,COMPARABLE,272,77
358,321,INE450G01024,114,114,719856.411795752,555212.8199574274,7.19856411795752,5.552128199574274,0.3937952786034556,4.975170309023804,6.0146392109265685,-0.0886126546787213,0.7631578947368421,0.0171859524380848,0.015955481173538,4.800726937463684,0.2507950310559006,-0.0693684210526317,0.4523809523809524,228.0,0.0346947029215619,0.0032494566493376,5.288869584269629,6.087267608947335e-07,0.0107481927457778,0.0236237121303917,13,0,0.463179938491963,0.0209455709711847,0.1134306696112893,-44256.01750547047,599468.8374628979,719856.411795752,632966.3656387492,555212.8199574274,423401.4990658847,317921.54949092044,VIPCLOTHNG,VIP CLOTHING LIMITED,EQ,2025-08-20,2026-08-27,252,3362004.765,117748.0,0.0,0.0502013213207463,0,0,1.0,OK,FULL,False,False,gap_fade_100,"{""gap_threshold"":0.01}",INTRADAY_SHORT_ALLOWED_RESEARCH,2025-08-20,2026-08-27,97.80130529369107,97.38941261783901,98.14068165337201,83.83176214648296,97.92023205221176,95.71515591007977,5,ROBUST POSITIVE,COMPARABLE,759,78
359,26,INE289C01025,166,166,6966235.179907649,5010328.949845191,69.66235179907649,50.10328949845191,0.4498908853999581,9.03021650272278,13.674206752605546,-0.1357218534699957,0.7650602409638554,0.0244735668539955,0.0213822706643749,8.334784014215435,0.1252022551092318,-0.0913854748603353,0.6587301587301587,332.0,0.0318773524612598,0.0024741623870932,9.891657468266551,2.08955275288947e-18,0.0195884677406751,0.0293586659673159,12,1,1.0225704820067407,-0.002,0.3045435897473297,-11781.291841324462,5022110.241686516,6966235.179907649,5909700.774291205,5010328.949845191,3593465.7112892587,2567734.780375941,TEAMGTY,TEAM INDIA GUARANTY LTD,EQ,2025-08-20,2026-08-27,251,282209.95,1060.0,0.0876494023904382,0.0557442685557014,18,0,0.996031746031746,LOW,FULL,False,True,gap_fade_100,"{""gap_threshold"":0.01}",INTRADAY_SHORT_ALLOWED_RESEARCH,2025-08-20,2026-08-27,99.8404641044235,99.79985496736766,99.84626540971718,72.39158810732414,99.8346627991298,95.71501087744743,5,ROBUST POSITIVE,LOW LIQUIDITY,56,
360,512,INE008Z01020,97,97,397858.5744185391,311273.95781635767,3.9785857441853913,3.112739578163577,0.266718932409029,5.4443645938914935,22.9105354648875,-0.0676715325251969,0.4948453608247423,0.0149702588879201,-0.002,10.328134624256467,0.1109032258064515,-0.0169253731343284,0.3849206349206349,194.0,0.0244705955485093,0.0024846125348714,6.025188506381956,3.112768010809288e-08,0.0100383419859669,0.0199021757898733,5,1,0.4869854473933903,-0.0430882037979343,0.1983308076799719,20000.00000000013,291273.95781635755,397858.5744185391,352521.31529778935,311273.95781635767,239619.4758723901,180342.84295416783,SRPL,SHREE RAM PROTEINS LTD.,BZ,2025-08-20,2026-08-10,136,173889.325,279537.5,0.0,0.0425164953995564,40,0,0.5396825396825397,LOW,PARTIAL,False,True,gap_fade_050,"{""gap_threshold"":0.005}",INTRADAY_SHORT_ALLOWED_RESEARCH,2025-08-20,2026-08-27,96.66569978245106,97.94488759970994,97.28353879622915,88.10587382160986,96.41914430746918,95.7118201595359,5,ROBUST POSITIVE,LIMITED SAMPLE,1150,
361,473,INE008Z01020,97,97,397858.5744185391,311273.95781635767,3.9785857441853913,3.112739578163577,0.266718932409029,5.4443645938914935,22.9105354648875,-0.0676715325251969,0.4948453608247423,0.0149702588879201,-0.002,10.328134624256467,0.1109032258064515,-0.0169253731343284,0.3849206349206349,194.0,0.0244705955485093,0.0024846125348714,6.025188506381956,3.112768010809288e-08,0.0100383419859669,0.0199021757898733,5,1,0.4869854473933903,-0.0430882037979343,0.1983308076799719,20000.00000000013,291273.95781635755,397858.5744185391,352521.31529778935,311273.95781635767,239619.4758723901,180342.84295416783,SRPL,SHREE RAM PROTEINS LTD.,BZ,2025-08-20,2026-08-10,136,173889.325,279537.5,0.0,0.0425164953995564,40,0,0.5396825396825397,LOW,PARTIAL,False,True,gap_fade_100,"{""gap_threshold"":0.01}",INTRADAY_SHORT_ALLOWED_RESEARCH,2025-08-20,2026-08-27,96.66569978245106,97.94488759970994,97.28353879622915,88.10587382160986,96.41914430746918,95.7118201595359,5,ROBUST POSITIVE,LIMITED SAMPLE,1150,
362,297,INE773I01017,162,162,1015474.1268911434,710298.4369848182,10.154741268911431,7.102984369848182,0.3482541463313848,6.20264285250479,8.201605881559011,-0.1012094906750288,0.7592592592592593,0.0133339264913427,0.0108364472058837,4.128133966058069,0.12810115102895,-0.0798313253012048,0.6428571428571429,324.0,0.0261995504394617,0.0020584310866424,6.477713331220483,1.0795873071218255e-09,0.0092689201251417,0.0173989328575437,12,1,0.4870397235247352,-0.007456211882164,0.1450729430121057,-26712.099206792453,737010.5361916106,1015474.1268911434,850794.1688441932,710298.4369848182,488241.8138173971,326767.25037606945,ALKALI,ALKALI METALS LTD,BE,2025-08-20,2026-08-27,252,436151.515,5962.0,0.0,0.0448149831789622,0,0,1.0,LOW,FULL,False,False,gap_fade_050,"{""gap_threshold"":0.005}",INTRADAY_SHORT_ALLOWED_RESEARCH,2025-08-20,2026-08-27,98.25380710659898,98.61348803480783,98.1725888324873,80.87164612037708,98.30021754894851,95.71145757795504,5,ROBUST POSITIVE,LOW LIQUIDITY,603,
363,199,INE273D01019,130,130,363171.6326795368,258114.3276870384,3.631716326795369,2.581143276870384,0.2181945247430352,5.96754164465746,11.286762217888583,-0.060267035351347,0.6846153846153846,0.0100160377926177,0.0081547550800079,4.922331496211068,0.0971632667173776,-0.0244453632604844,0.5158730158730159,260.0,0.0178508185777527,0.0015656203584812,6.397488215044429,2.666884840342035e-09,0.0069184195690362,0.0131136560161991,7,0,0.2893991016326942,0.0,0.1200540299854831,-31359.51985424157,289473.84754128,363171.6326795368,307295.3644673695,258114.3276870384,176745.05071325146,113754.6491265829,VGL,VARVEE GLOBAL LIMITED,EQ,2025-08-20,2026-02-27,131,3500650.33,23111.0,0.0,0.053128289193108,1,0,0.5198412698412699,OK,PARTIAL,False,True,close_to_open,{},LONG_ONLY,2025-08-20,2026-08-27,96.20594633792604,98.39593908629442,96.46990572878897,89.35460478607686,96.40899202320522,95.70964467005078,5,ROBUST POSITIVE,LIMITED SAMPLE,1309,
364,139,INE250Z01010,190,190,2121439.477500208,1427753.0979375876,21.21439477500208,14.277530979375875,0.4004892692220191,7.038579275730794,9.143399036129798,-0.1196258106310683,0.7684210526315789,0.0148361866868351,0.016932205163079,4.183723243795526,0.1928033508448104,-0.0759983646770237,0.753968253968254,380.0,0.028121598870029,0.0020401552095326,7.272087249790017,9.128298804846214e-12,0.0108117865599176,0.0188605868137525,13,0,0.5494670985732313,0.0252096800604579,0.1493516969500191,-47894.227668493935,1475647.3256060816,2121439.477500208,1742399.8977756612,1427753.0979375876,949906.5712493244,620984.0473125896,INDOUS,INDO US BIOTECH LTD,EQ,2025-08-20,2026-08-27,252,2067101.605,19492.5,0.0,0.0519786911806375,0,0,1.0,OK,FULL,False,False,gap_fade_050,"{""gap_threshold"":0.005}",INTRADAY_SHORT_ALLOWED_RESEARCH,2025-08-20,2026-08-27,99.16751269035532,99.09499637418419,99.01667875271937,76.37418419144308,99.18201595358956,95.70674401740392,5,ROBUST POSITIVE,COMPARABLE,288,79
365,153,INE363A01022,139,139,1682828.7121106044,1257317.5200923712,16.828287121106044,12.573175200923712,0.3979377565222725,6.780877036967646,6.761118843117734,-0.117399740058391,0.8345323741007195,0.0194127121967215,0.0171901122133679,6.159123508542277,0.15075,-0.0999284369114876,0.5515873015873016,278.0,0.0311886539351379,0.0026453870999403,7.338325720708007,1.6850451459018853e-11,0.0141819789140142,0.0246434454794289,13,0,0.5493710532785996,0.042849307703267,0.1480161601156171,-9089.584850691856,1266407.104943063,1682828.7121106044,1455695.5371104472,1257317.5200923712,932809.6427850112,685462.0151507275,ASIANHOTNR,ASIAN HOTELS (NORTH) LTD,EQ,2025-08-20,2026-08-27,252,3934758.375,12819.0,0.0,0.0507321270537022,0,0,1.0,OK,FULL,False,False,gap_fade_100,"{""gap_threshold"":0.01}",INTRADAY_SHORT_ALLOWED_RESEARCH,2025-08-20,2026-08-27,99.01377810007251,98.96736765772299,99.10079767947788,76.89340101522842,99.01377810007251,95.70384336475709,5,ROBUST POSITIVE,COMPARABLE,341,80
366,3,INE802W01023,195,195,22396203.560342424,15285655.617513878,223.96203560342423,152.8565561751388,0.5244393647040768,9.952991561022785,16.97005166846545,-0.1396706126395763,0.7435897435897436,0.0267679003649632,0.0240636259103104,8.05883513977009,0.1358650071804691,-0.0770163078930201,0.7738095238095238,390.0,0.0353437873026857,0.0025310211792339,10.575929029983506,6.231029123313765e-21,0.0217760494688891,0.0317597512610372,13,0,0.9608965153568928,0.1471475368802943,0.2780522713181448,-57266.37845028268,15342921.99596416,22396203.560342424,18505992.817780096,15285655.617513878,10414783.166631246,7080602.90739559,BOHRAIND,BOHRA INDUSTRIES LIMITED,EQ,2025-08-20,2026-08-27,251,235772.64,14069.0,0.0119521912350597,0.0678313660481077,15,0,0.996031746031746,LOW,FULL,False,True,gap_fade_050,"{""gap_threshold"":0.005}",INTRADAY_SHORT_ALLOWED_RESEARCH,2025-08-20,2026-08-27,99.98839738941263,99.91007976794779,99.99129804205947,71.48078317621464,99.98839738941263,95.69717186366934,5,ROBUST POSITIVE,LOW LIQUIDITY,5,
367,2,INE802W01023,185,185,18967901.81768248,13200480.201261563,189.67901817682483,132.00480201261564,0.5148601661178133,9.839976450720629,16.782518738975384,-0.1396706126395764,0.745945945945946,0.0273849292433156,0.0244339152119701,8.719998472353453,0.1358650071804691,-0.0770163078930201,0.7341269841269841,370.0,0.0351350214019389,0.0025831781482284,10.60125460649951,8.472702207747803e-21,0.0222884723464704,0.0324813861401607,13,0,0.9608965153568928,0.1471475368802943,0.2658963679144441,-57266.37845028268,13257746.579711849,18967901.81768248,15826605.844007617,13200480.201261563,9170991.73019484,6357706.872485633,BOHRAIND,BOHRA INDUSTRIES LIMITED,EQ,2025-08-20,2026-08-27,251,235772.64,14069.0,0.0119521912350597,0.0678313660481077,15,0,0.996031746031746,LOW,FULL,False,True,gap_fade_100,"{""gap_threshold"":0.01}",INTRADAY_SHORT_ALLOWED_RESEARCH,2025-08-20,2026-08-27,99.98549673676578,99.90137781000725,99.97969543147208,71.4778825235678,99.98549673676578,95.69137055837564,5,ROBUST POSITIVE,LOW LIQUIDITY,6,
368,51,INE05ST01028,155,155,4247938.608512588,3111500.87641385,42.47938608512588,31.1150087641385,0.4064405187670487,8.78995242349637,10.994686515728707,-0.1331187911205309,0.8709677419354839,0.0230489859544744,0.0217750072484778,8.884906401146768,0.1812599118942731,-0.0735388574369531,0.6150793650793651,310.0,0.0293702531022002,0.0023590754986445,9.770346887040024,7.616416534045609e-18,0.0183886604784489,0.0277093114304999,12,1,0.4569095679562751,-0.0238690810410356,0.1207402763508449,-40074.90636704116,3151575.7827808918,4247938.608512588,3637041.294492732,3111500.87641385,2270690.173112922,1648971.1815704957,SBGLP,SURATWWALA BUS GROUP LTD,EQ,2025-08-20,2026-08-27,252,1114354.1949999998,37102.5,0.0,0.0645643931943188,0,0,1.0,OK,FULL,False,False,gap_fade_100,"{""gap_threshold"":0.01}",INTRADAY_SHORT_ALLOWED_RESEARCH,2025-08-20,2026-08-27,99.66352429296592,99.74764321972444,99.7012327773749,72.99782451051486,99.66352429296592,95.68803480783177,5,ROBUST POSITIVE,COMPARABLE,117,81
369,504,INE570D01018,81,81,348053.1038852514,282082.45094074454,3.480531038852514,2.8208245094074456,0.35114140957927,3.9902303692321768,6.620297194745508,-0.0499498407926147,0.691358024691358,0.0172979643999777,0.014991643454039,5.071155521485968,0.2058947368421053,-0.048875,0.3214285714285714,162.0,0.0364630999419921,0.0040514555491102,4.269567860315441,5.345125692921276e-05,0.0092353109088551,0.0253606178911003,11,2,0.3807188998998903,-0.0441103975286562,0.1103067393094603,22278.413627894493,259804.0373128501,348053.1038852514,313771.2499942162,282082.45094074454,225722.8730603482,177589.1250717051,ARROWGREEN,ARROW GREENTECH LIMITED,BE,2025-08-20,2026-08-27,252,11891594.975,21471.0,0.0,0.0494562726527433,1,0,1.0,OK,FULL,False,False,gap_fade_100,"{""gap_threshold"":0.01}",INTRADAY_SHORT_ALLOWED_RESEARCH,2025-08-20,2026-08-27,96.42349528643945,96.04931109499637,97.25018129079042,91.2226250906454,96.17984046410443,95.68513415518491,5,ROBUST POSITIVE,COMPARABLE,1234,82
370,228,INE0JM501013,177,177,1378043.2004000512,942496.411206082,13.780432004000511,9.42496411206082,0.3420523344944838,7.053139994201424,8.625853504021837,-0.1107921373206385,0.7627118644067796,0.0136301864436893,0.0114910367769358,4.645944162030538,0.1042857142857143,-0.0723487501870978,0.7023809523809523,354.0,0.0246277727072618,0.0018511367533969,7.363143980949449,6.640304275888567e-12,0.0099769044045217,0.0172834684828568,11,2,0.4215169959274489,-0.0349504981745022,0.1480412717088512,78520.42273636098,863975.9884697208,1378043.2004000512,1141418.602277492,942496.411206082,634788.2654133274,417545.8963289352,NRL,NUPUR RECYCLERS LIMITED,BE,2025-08-20,2026-08-27,252,3331162.795,51706.5,0.0,0.0410839035983384,6,0,1.0,OK,FULL,False,False,gap_fade_050,"{""gap_threshold"":0.005}",INTRADAY_SHORT_ALLOWED_RESEARCH,2025-08-20,2026-08-27,98.65409717186367,99.10079767947788,98.53807106598985,78.51196519216825,98.5409717186367,95.67628716461203,5,ROBUST POSITIVE,COMPARABLE,465,83
371,116,INE919I01024,251,251,764730.614832729,425386.2003801583,7.64730614832729,4.253862003801583,0.3004589371242411,5.686874692549494,11.51691608788907,-0.0752398617469918,0.5657370517928287,0.0068074594648691,0.0052046109510086,2.743360343644915,0.0966622073578595,-0.034,0.996031746031746,502.0,0.0189600821609963,0.0011967497742295,5.688289742316251,3.5749835615040976e-08,0.0044504627071978,0.0091644562225404,13,0,0.3762846035845482,0.0113183302638215,0.1205443105254923,-23781.902552204265,449168.1029323625,764730.614832729,574114.186490295,425386.2003801583,218893.6594032368,93366.29910724088,RADIOCITY,MUSIC BROADCAST LIMITED,EQ,2025-08-20,2026-08-27,252,539190.755,77628.0,0.0,0.0469154937413808,0,0,1.0,LOW,FULL,False,False,close_to_open,{},LONG_ONLY,2025-08-20,2026-08-27,97.32559825960841,98.1203770848441,96.11892675852066,86.71501087744743,97.41261783901378,95.66903553299493,5,ROBUST POSITIVE,LOW LIQUIDITY,923,
372,347,INE705C01020,166,166,835264.0496173747,573750.323603902,8.352640496173747,5.73750323603902,0.3127982999761772,6.275921419609903,7.5433471415278595,-0.0955443037974682,0.7409638554216867,0.0118258888604702,0.0101803517948108,4.197863977152759,0.0745753424657534,-0.0955443037974683,0.6587301587301587,332.0,0.0232941408508805,0.0018079759667288,6.540954679760901,7.33843446033464e-10,0.0082561386136612,0.0153956391072791,12,1,0.3402870255246444,-0.0138902045222103,0.1145133358355934,-3543.018335683926,577293.341939586,835264.0496173747,693874.4212036695,573750.323603902,385044.5313503359,248964.2982969352,SHIVATEX,SHIVA TEXYARN LIMITED,EQ,2025-08-20,2026-08-27,252,541093.02,3247.5,0.0039682539682539,0.0437524400010542,0,0,1.0,LOW,FULL,False,False,gap_fade_050,"{""gap_threshold"":0.005}",INTRADAY_SHORT_ALLOWED_RESEARCH,2025-08-20,2026-08-27,97.86511965192169,98.6627991298042,97.79550398839739,82.24510514865845,97.85061638868746,95.66482958665699,5,ROBUST POSITIVE,LOW LIQUIDITY,737,
373,569,INE985A01022,87,87,279417.8525491521,219605.15673284727,2.794178525491521,2.196051567328473,0.2029196696024094,5.838657887038503,5.678364620128584,-0.0564164858993586,0.8275862068965517,0.0136181440156247,0.0140371106693175,6.425810798954702,0.0663496070492976,-0.0508165680473371,0.3452380952380952,174.0,0.0188163548463408,0.0020173249890717,6.750595015377635,1.6383520415998838e-09,0.0096078346647482,0.0176284533665013,11,2,0.3193134056962452,-0.0045445953361179,0.0943466239538635,-18821.73692229553,238426.8936551428,279417.8525491521,248244.39888465533,219605.15673284727,169130.2666326573,126549.68856094552,SINCLAIR,SINCLAIRS HOTELS LIMITED,EQ,2025-08-20,2026-08-27,252,3230565.35,39423.5,0.0,0.0387750119290174,0,0,1.0,OK,FULL,False,False,gap_fade_100,"{""gap_threshold"":0.01}",INTRADAY_SHORT_ALLOWED_RESEARCH,2025-08-20,2026-08-27,95.8984771573604,98.2741116751269,96.65844815083395,90.05366207396665,95.96519216823786,95.66221899927484,5,ROBUST POSITIVE,COMPARABLE,1415,84
374,239,INE505Y01010,171,171,1325286.285755419,917321.2844815276,13.25286285755419,9.173212844815277,0.4005456444276022,6.01286244442729,10.55242784548273,-0.1075750831724093,0.6549707602339181,0.0140843617699278,0.0114115674769488,3.695182194951821,0.1228275862068964,-0.0552846715328468,0.6785714285714286,342.0,0.029595005074318,0.0022631866026758,6.223243701281678,3.6732890703410933e-09,0.0096167936037707,0.0185519299360848,11,2,0.339134320577561,-0.0189161453915364,0.1263502529881738,10509.915014164437,906811.3694673632,1325286.285755419,1104248.8649448007,917321.2844815276,625645.601846651,417249.7232968915,VINEETLAB,VINEET LABORATORIES LTD,EQ,2025-08-20,2026-08-27,252,2274553.19,64055.5,0.0,0.0529017653635574,2,0,1.0,OK,FULL,False,False,gap_fade_050,"{""gap_threshold"":0.005}",INTRADAY_SHORT_ALLOWED_RESEARCH,2025-08-20,2026-08-27,98.61058738216099,98.44234952864394,98.535170413343,79.27483683828862,98.60478607686728,95.6603335750544,5,ROBUST POSITIVE,COMPARABLE,480,85
375,677,INE435C01024,111,111,251852.7684774136,182441.65849602877,2.518527684774136,1.824416584960288,0.1796149231247371,5.880421747935199,9.34957987597936,-0.0384068882493997,0.7387387387387387,0.0095154189206884,0.0088299595141699,5.150802230360625,0.0811339090625324,-0.0274545454545453,0.4404761904761904,222.0,0.0155242096611698,0.0014734927727637,6.457730296729475,2.9717257988641792e-09,0.0065953021002198,0.012435535741157,13,0,0.2027676069344779,0.00720245398773,0.0636364782691447,15880.503144654373,166561.15535137436,251852.7684774136,215259.71850668025,182441.65849602877,126624.67432789528,81758.83882512918,TEXINFRA,TEXMACO INFRA & HOLDG LTD,EQ,2025-08-20,2026-08-27,252,8796093.99,89349.0,0.0,0.0307038783778642,0,0,1.0,OK,FULL,False,False,gap_fade_050,"{""gap_threshold"":0.005}",INTRADAY_SHORT_ALLOWED_RESEARCH,2025-08-20,2026-08-27,95.4401740391588,98.30311820159537,95.9042784626541,92.89340101522842,95.12110224800581,95.65975344452502,5,ROBUST POSITIVE,COMPARABLE,1573,86
376,141,INE867A01022,138,138,1785114.0573104222,1338214.3047964617,17.85114057310422,13.382143047964616,0.4068625420943265,6.78501883460167,8.555966382891784,-0.1202187848101267,0.7318840579710145,0.0200041305159704,0.0179188458070334,6.142271344094174,0.1081449275362319,-0.1184556962025316,0.5476190476190477,276.0,0.0319555451556586,0.002720236650771,7.353819937063304,1.5907976800917536e-11,0.0146250496579126,0.0253832113740281,13,0,0.4187824745631294,0.0356360659099894,0.1205392001882574,-33308.229813664555,1371522.5346101262,1785114.0573104222,1546680.9015342242,1338214.3047964617,996676.3497389836,735798.027313931,MANUGRAPH,MANUGRAPH INDIA LIMITED,BE,2025-08-20,2026-08-27,251,150863.6,9340.0,0.0,0.0564612133894419,1,0,0.996031746031746,LOW,FULL,False,True,gap_fade_100,"{""gap_threshold"":0.01}",INTRADAY_SHORT_ALLOWED_RESEARCH,2025-08-20,2026-08-27,99.09209572153735,98.97316896301668,99.19651921682379,76.18564176939812,99.10949963741842,95.65670775924583,5,ROBUST POSITIVE,LOW LIQUIDITY,314,
377,207,INE345H01024,192,192,1539562.4399318493,1022416.1836203992,15.395624399318493,10.22416183620399,0.3714773987273722,6.723539323267689,9.024056558791296,-0.1129047888934322,0.7447916666666666,0.0130085567606701,0.0142290852476726,3.650702530210008,0.1059569892473119,-0.0745774813652412,0.7619047619047619,384.0,0.0260599358294699,0.0018807138707761,6.9168186414778825,6.768432988609329e-11,0.0092989201369418,0.0167181933843985,12,1,0.5512949224598778,-0.0044491999170169,0.1504305248516764,-40247.767214059335,1062663.9508344585,1539562.4399318493,1256692.9536181712,1022416.1836203992,667810.7760855168,424840.7139510617,CIFL,CAPITAL INDIA FINANCE LTD,EQ,2025-08-20,2026-08-27,252,5478626.915,184218.0,0.0,0.0540492092706572,0,0,1.0,OK,FULL,False,False,gap_fade_050,"{""gap_threshold"":0.005}",INTRADAY_SHORT_ALLOWED_RESEARCH,2025-08-20,2026-08-27,98.78172588832487,98.929659173314,98.57287889775199,77.94633792603337,98.8281363306744,95.65351704133431,5,ROBUST POSITIVE,COMPARABLE,421,87
378,343,INE388G01026,130,130,664908.5621884493,491941.96150449954,6.649085621884494,4.919419615044996,0.39225840822352,4.739841366549589,7.960155331810486,-0.0839544537551233,0.6615384615384615,0.0143018663821133,0.0100085836909871,3.1031884072273868,0.1121513467293715,-0.0597405857740587,0.5158730158730159,260.0,0.0329884676416323,0.0028932800089744,4.943132478623457,2.34270925693715e-06,0.0085774410237099,0.0200262917405167,13,0,0.4744659959846951,0.0189952739180347,0.1269410479430005,-64191.481341877145,556133.4428463767,664908.5621884493,572932.9511846167,491941.96150449954,357855.6077438781,253962.19536047784,TICL,TWAMEV CONS AND INFRA LTD,BE,2025-08-20,2026-08-27,252,7052302.235,338658.0,0.0,0.0591249443539085,4,0,1.0,OK,FULL,False,False,gap_fade_100,"{""gap_threshold"":0.01}",INTRADAY_SHORT_ALLOWED_RESEARCH,2025-08-20,2026-08-27,97.61566352429296,97.04133430021756,97.82160986221899,84.76867295141408,97.78390137781001,95.64858593183466,5,ROBUST POSITIVE,COMPARABLE,823,88
379,210,INE778K01012,176,176,1459245.0690425166,1002047.0500291449,14.592450690425167,10.020470500291449,0.3993989371125882,6.23230072493786,9.226296317401948,-0.1116704237958226,0.6590909090909091,0.014143035711967,0.0135049077528663,3.7164538913871215,0.1074214876033057,-0.0702561307901905,0.6984126984126984,352.0,0.0291076104592074,0.0021940686917503,6.446031414214372,1.0783437692294815e-09,0.0098127943995544,0.0184732770243796,13,0,0.6308114611677991,0.0486567728625542,0.1490205489778376,-42252.79890607632,1044299.8489352212,1459245.0690425166,1210975.0757428312,1002047.0500291449,678373.223983613,449384.5625522636,EMAMIREAL,EMAMI REALTY LIMITED,EQ,2025-08-20,2026-08-27,252,1135654.85,14262.0,0.0,0.0469432144877556,11,0,1.0,OK,FULL,False,False,gap_fade_050,"{""gap_threshold"":0.005}",INTRADAY_SHORT_ALLOWED_RESEARCH,2025-08-20,2026-08-27,98.75852066715011,98.63379260333575,98.65699782451051,78.26250906453951,98.7904278462654,95.64525018129079,5,ROBUST POSITIVE,COMPARABLE,429,89
380,417,INE489G01022,174,174,645469.7923096208,428262.6323140138,6.454697923096208,4.282626323140138,0.2852914618600344,5.995135334956122,6.9260103910877575,-0.08343109218689,0.7528735632183908,0.0098296604813699,0.0128832155048603,3.1820905609109724,0.0657108433734939,-0.069972972972973,0.6904761904761905,348.0,0.0209409354071884,0.0015875282162901,6.191802060904774,4.195198471801022e-09,0.0066962427915638,0.0129630781711761,13,0,0.2358940404893621,0.0416866934210087,0.0680784898288648,-5227.3500396869495,433489.98235370073,645469.7923096208,527591.4194779157,428262.6323140138,274087.27044357685,164726.84646530513,ANUHPHR,ANUH PHARMA LIMITED,EQ,2025-08-20,2026-08-27,252,2952575.975,37033.5,0.0,0.0347668938311938,0,0,1.0,OK,FULL,False,False,gap_fade_050,"{""gap_threshold"":0.005}",INTRADAY_SHORT_ALLOWED_RESEARCH,2025-08-20,2026-08-27,97.3372008701958,98.41914430746918,97.12545322697606,84.89485134155184,97.33430021754896,95.64430746918057,5,ROBUST POSITIVE,COMPARABLE,919,90
381,577,INE01GN01025,94,94,276601.2038086568,212812.9181072935,2.766012038086568,2.128129181072935,0.2056059505950132,5.660031380548256,7.366725002106878,-0.0427027818448024,0.7553191489361702,0.0123801716212258,0.0130711029461795,5.279964387002764,0.053571635311143,-0.0427027818448024,0.373015873015873,188.0,0.0188579679254939,0.0019450508779621,6.364960300779794,7.298172197176308e-09,0.0085176860587737,0.0162426571836779,12,1,0.175483509562119,-0.006661903920504,0.0492393543018533,76777.54043332295,136035.37767397054,276601.2038086568,243244.1061270035,212812.9181072935,159733.6179564863,115581.51891252944,IRISDOREME,IRIS CLOTHINGS LIMITED,EQ,2025-08-20,2026-08-27,252,13524080.23,411693.5,0.0,0.0496160131640749,0,0,1.0,OK,FULL,False,False,gap_fade_100,"{""gap_threshold"":0.01}",INTRADAY_SHORT_ALLOWED_RESEARCH,2025-08-20,2026-08-27,95.83176214648296,98.10587382160986,96.50761421319797,92.31036983321246,94.57868020304568,95.64292965917332,5,ROBUST POSITIVE,COMPARABLE,1438,91
382,312,INE412C01023,174,174,971124.2127330896,659572.0870076664,9.711242127330896,6.595720870076663,0.2984101469847356,6.970212290073899,7.441651951028319,-0.1027631885218284,0.7413793103448276,0.0119539199654928,0.0133980753771268,4.148061674022335,0.0714352966699207,-0.0859316662540232,0.6904761904761905,348.0,0.0216380187657265,0.001640373969322,7.287313861992724,1.0772138606564307e-11,0.0087161968430763,0.0151916430879094,13,0,0.2919174152896906,0.0490883986065038,0.0722904951085132,4410.279429918068,655161.8075777483,971124.2127330896,802072.1848292579,659572.0870076664,438272.9710655042,281188.14949121367,JMA,JULLUNDUR MOT AGENCY LTD,EQ,2025-08-20,2026-08-27,252,625695.2250000001,7123.5,0.0,0.0410035151120693,0,0,1.0,LOW,FULL,False,False,gap_fade_050,"{""gap_threshold"":0.005}",INTRADAY_SHORT_ALLOWED_RESEARCH,2025-08-20,2026-08-27,98.14068165337201,99.06889050036258,97.96374184191443,80.50471356055112,98.11457577955039,95.64031907179115,5,ROBUST POSITIVE,LOW LIQUIDITY,642,
383,574,INE515C01023,55,55,250341.9686694384,214584.80699246272,2.503419686694384,2.1458480699246274,0.2270601318878553,5.1690886259995725,6.043804482893416,-0.0521610261736155,0.8181818181818182,0.0213398899119904,0.0229940490359439,9.293945827672792,0.0717247353224255,-0.0431834319526627,0.2182539682539682,110.0,0.0242562375831054,0.003270710408481,6.524542758862181,2.4332329220897922e-08,0.0147825103563656,0.0278972694676152,5,0,0.4942975564065763,0.0,0.1786764837377077,5350.6447938620695,209234.16219860065,250341.9686694384,231991.0692675162,214584.80699246272,182417.48135035517,153485.60338423302,LAHOTIOV,LAHOTI OVERSEAS LTD.,EQ,2026-04-20,2026-08-27,89,234125.51,5231.0,0.0449438202247191,0.0643093644264308,1,0,0.3531746031746032,LOW,PARTIAL,True,True,gap_fade_100,"{""gap_threshold"":0.01}",INTRADAY_SHORT_ALLOWED_RESEARCH,2025-08-20,2026-08-27,95.85206671501088,97.61856417693981,96.98332124728064,90.81943437273387,95.66642494561276,95.63959390862945,5,ROBUST POSITIVE,LIMITED SAMPLE,1431,
384,132,INE03JI01017,180,180,2214189.9977512965,1523787.4409473557,22.141899977512963,15.237874409473555,0.4509561244522856,6.434772044062584,10.125815080842544,-0.1207767735882239,0.7277777777777777,0.0161211103484687,0.0144015129097688,3.798768111445717,0.1171910499139416,-0.0729677419354838,0.7142857142857143,360.0,0.0325103038877611,0.0024231749820736,6.652887417429901,3.3782716858122164e-10,0.0113394459892037,0.0209027747077336,13,0,0.3735411126364398,0.0260999329638433,0.0948015710002922,-37984.49612403105,1561771.9370713865,2214189.9977512965,1838661.525865832,1523787.4409473557,1038559.0865192148,697768.7052256898,DGCONTENT,DIGICONTENT LIMITED,EQ,2025-08-20,2026-08-27,252,348886.92000000004,11474.5,0.0,0.0673271373415287,0,0,1.0,LOW,FULL,False,False,gap_fade_050,"{""gap_threshold"":0.005}",INTRADAY_SHORT_ALLOWED_RESEARCH,2025-08-20,2026-08-27,99.2226250906454,98.75271936185642,99.12400290065264,76.03480783176214,99.23132704858592,95.63248730964467,5,ROBUST POSITIVE,LOW LIQUIDITY,269,
385,408,INE0BTI01037,114,114,512083.7013563744,388907.1938525768,5.120837013563745,3.889071938525768,0.2905442615356221,5.622770484486729,5.101552664566232,-0.0831200909585935,0.8245614035087719,0.0143303833175393,0.0148285820459733,4.160281799171182,0.0903076923076922,-0.0681764705882352,0.4523809523809524,228.0,0.0251122541038973,0.0023519780890544,6.092906810752042,1.5724947408152447e-08,0.0096706905218253,0.0189900761132533,13,0,0.3576129013697158,0.0281743732489676,0.1062512829992858,-54645.35464535457,443552.5484979313,512083.7013563744,447069.7221114313,388907.1938525768,290345.5180180688,211514.5668174264,KAMOPAINTS,KAMDHENU VENTURES LIMITED,EQ,2025-08-20,2026-08-27,252,2731252.52,449465.0,0.0,0.0476426917116786,0,0,1.0,OK,FULL,False,False,gap_fade_100,"{""gap_threshold"":0.01}",INTRADAY_SHORT_ALLOWED_RESEARCH,2025-08-20,2026-08-27,97.14865844815084,98.0826686004351,97.52574329224075,84.97171863669325,97.38361131254533,95.63132704858594,5,ROBUST POSITIVE,COMPARABLE,984,92
386,78,INE843B01013,249,249,994141.0121019968,567748.6737297578,9.941410121019969,5.677486737297578,0.3032027144805383,6.433064288607568,14.823137253523187,-0.091035220264128,0.6104417670682731,0.0078334239145928,0.0053256184308312,3.4194225052212524,0.1180950118764845,-0.0345123152709359,0.988095238095238,498.0,0.0191960577401142,0.0012165007304378,6.439308845933391,6.173793234711344e-10,0.005437433693305,0.0102294141358806,12,1,0.6465498362610533,-0.0347796679281802,0.1640706314922894,20996.62958830368,546752.0441414542,994141.0121019968,754862.6607991129,567748.6737297578,307123.77509659313,147977.27932069375,MAHAPEXLTD,MAHA RASHTRA APEX COPR. L,EQ,2025-08-20,2026-08-27,252,562779.3899999999,7216.0,0.0,0.0567913757858788,0,1,1.0,LOW,FULL,False,False,close_to_open,{},LONG_ONLY,2025-08-20,2026-08-27,97.83901377810007,98.74981870920956,96.92240754169688,83.26323422770123,97.73749093546049,95.6311820159536,5,ROBUST POSITIVE,LOW LIQUIDITY,746,
387,118,INE613B01010,147,147,2313661.1115646875,1709376.703456311,23.136611115646875,17.09376703456311,0.466729139453965,6.465676602863292,8.11258222957526,-0.1234622641509433,0.7210884353741497,0.0205287052846395,0.0162795698924731,5.405369260825265,0.1583206412825651,-0.1234622641509433,0.5833333333333334,294.0,0.036184384315703,0.002984437717876,6.878583916051589,1.645921947370637e-10,0.0146304247695426,0.0264269857997365,13,0,0.6978664057963389,0.002096585038803,0.1896777280217215,-13711.053297556196,1723087.7567538673,2313661.1115646875,1989937.735628556,1709376.703456311,1255612.5497155474,915067.87025659,ICDSLTD,ICDS LTD,EQ,2025-08-20,2026-08-27,248,30824.405,685.5,0.0524193548387096,0.0577395293695893,1,0,0.984126984126984,LOW,FULL,False,True,gap_fade_050,"{""gap_threshold"":0.005}",INTRADAY_SHORT_ALLOWED_RESEARCH,2025-08-20,2026-08-27,99.31544597534445,98.76722262509064,99.36475707034083,75.40536620739667,99.30964467005076,95.62799129804206,5,ROBUST POSITIVE,LOW LIQUIDITY,237,
388,107,INE613B01010,133,133,2164148.820125363,1645330.9819505443,21.64148820125363,16.453309819505442,0.4592966977961284,6.483487592589055,7.284331783322827,-0.1234622641509431,0.7518796992481203,0.022389807830664,0.0178,6.159301892402401,0.1583206412825651,-0.1234622641509433,0.5277777777777778,266.0,0.0367868239781716,0.0031898221818601,7.019139799701106,1.0569333673030787e-10,0.0160800242668413,0.0286995913944868,13,0,0.6493385587085083,0.002096585038803,0.1757257488315471,-13711.053297556196,1659042.0352481003,2164148.820125363,1888012.294321415,1645330.9819505443,1244710.306964603,935516.210455164,ICDSLTD,ICDS LTD,EQ,2025-08-20,2026-08-27,248,30824.405,685.5,0.0524193548387096,0.0577395293695893,1,0,0.984126984126984,LOW,FULL,False,True,gap_fade_100,"{""gap_threshold"":0.01}",INTRADAY_SHORT_ALLOWED_RESEARCH,2025-08-20,2026-08-27,99.29514140681654,98.77882523567803,99.37926033357506,75.40826686004351,99.28353879622915,95.62335025380712,5,ROBUST POSITIVE,LOW LIQUIDITY,244,
389,154,INE018401013,164,164,1850596.741368736,1312818.8415969678,18.50596741368736,13.128188415969678,0.3806385751889368,7.177753456106179,9.513720552613533,-0.1213496726489106,0.7804878048780488,0.0166593283450592,0.0146484968310575,5.318686653222164,0.160962962962963,-0.0813103448275862,0.6507936507936508,328.0,0.0280683322704529,0.002191768520308,7.600861218098988,2.191964883726349e-12,0.0123314082614141,0.0209872484287044,13,0,0.5750840678379066,0.0890266377892166,0.1340448599772228,-45323.74100719433,1358142.5826041622,1850596.741368736,1560203.976657667,1312818.8415969678,922655.1485201193,639766.3881263146,SUVIDHAA,SUVIDHAA INFOSERVE LTD,EQ,2025-08-20,2026-08-27,252,278459.48,86948.5,0.0,0.0562378339959923,0,0,1.0,LOW,FULL,False,False,gap_fade_050,"{""gap_threshold"":0.005}",INTRADAY_SHORT_ALLOWED_RESEARCH,2025-08-20,2026-08-27,99.06889050036258,99.17331399564902,99.04568527918781,75.91007976794779,99.10079767947788,95.61769398114578,5,ROBUST POSITIVE,LOW LIQUIDITY,322,
390,132,INE823A01017,251,251,695926.0894928428,383508.2860095568,6.959260894928428,3.835082860095568,0.2804904795421871,5.773182917837403,10.969345709922742,-0.0717820083332438,0.5298804780876494,0.0064514854386811,0.0017995031418966,3.1066495770771274,0.1015060762676351,-0.0595342465753424,0.996031746031746,502.0,0.0176998588236722,0.0011172051825123,5.774664797180196,2.27932423677666e-08,0.0042511516266022,0.0086518192507601,12,1,0.2970516335444568,-0.0038535440568473,0.0859690976769508,-13234.18200151244,396742.4680110692,695926.0894928428,520428.9867011488,383508.2860095568,193429.8230819329,77898.38831910485,KOTHARIPRO,KOTHARI PRODUCTS LTD,EQ,2025-08-20,2026-08-27,252,774602.5,10717.5,0.0,0.0479225772533246,0,0,1.0,LOW,FULL,False,False,close_to_open,{},LONG_ONLY,2025-08-20,2026-08-27,97.108049311095,98.21319796954315,95.82596084118927,87.30384336475707,97.1718636693256,95.61479332849892,5,ROBUST POSITIVE,LOW LIQUIDITY,998,
391,509,INE887D01016,64,64,330491.9425962304,279792.3968114072,3.304919425962304,2.797923968114072,0.3105110612154101,4.45779962775512,5.426541799442999,-0.063174551386623,0.765625,0.0216280639546859,0.0203768760128589,5.74888361442939,0.1198832891246683,-0.063174551386623,0.2539682539682539,128.0,0.034202988784102,0.0042753735980127,5.0587541553652695,3.903857741880406e-06,0.0130844115593543,0.0301717163500176,6,0,0.4867339486858599,0.0,0.1533527764189402,-50294.90616621986,330087.302977627,330491.9425962304,304360.7367622795,279792.3968114072,234981.3557689623,195384.5089170908,TCC,TCC CONCEPT LIMITED,EQ,2026-02-25,2026-08-27,124,4877666.925000001,14422.5,0.0,0.0588083006553107,0,0,0.492063492063492,OK,PARTIAL,True,True,gap_fade_100,"{""gap_threshold"":0.01}",INTRADAY_SHORT_ALLOWED_RESEARCH,2025-08-20,2026-08-27,96.40899202320522,96.70485859318346,97.41841914430746,88.88179840464105,96.72516316171138,95.60420594633793,5,ROBUST POSITIVE,LIMITED SAMPLE,1239,
392,397,INE782L01012,102,102,523923.1942821821,410487.6849183135,5.239231942821822,4.1048768491831344,0.3440081493738713,4.918895905333708,11.45072332541516,-0.0797888066319982,0.5098039215686274,0.0165896105623192,0.0015730692664999,5.902756142403936,0.1026511627906976,-0.03325,0.4047619047619047,204.0,0.0316482061646877,0.0031336393573584,5.294039508204141,6.999540438044052e-07,0.0103733130172657,0.0228059081073727,8,1,0.4175143260930702,-0.026945026483204,0.1691657040080868,41939.053455907415,368548.631462406,523923.1942821821,464390.4408666841,410487.6849183135,317510.57025713054,241332.04848223552,SANCO,SANCO INDUSTRIES LIMITED,BZ,2025-08-25,2026-06-04,167,23867.18,9941.0,0.0119760479041916,0.0533308236976417,34,0,0.6626984126984127,LOW,PARTIAL,True,True,gap_fade_100,"{""gap_threshold"":0.01}",INTRADAY_SHORT_ALLOWED_RESEARCH,2025-08-20,2026-08-27,97.26468455402465,97.32559825960841,97.74329224075416,85.69398114575779,97.03553299492386,95.59115300942712,5,ROBUST POSITIVE,LIMITED SAMPLE,944,
393,150,INE156C01018,159,159,1891580.224734059,1357018.483447933,18.91580224734059,13.570184834479331,0.4293902183444018,6.481013344774307,8.602945032136834,-0.1206741530866685,0.7358490566037735,0.0175024134289661,0.0168996220075599,4.4244297502900976,0.14284126984127,-0.1006425339366515,0.6309523809523809,318.0,0.0323811399587999,0.0025679914391687,6.815604274222841,1.8708487115333852e-10,0.0124303938946907,0.0225744329632416,13,0,0.6173288272120965,0.0676945309842522,0.1716433051885028,-42760.41666666664,1399778.9001146,1891580.224734059,1603588.9593796816,1357018.483447933,965282.3246415748,678387.2742089737,PIONEEREMB,PIONEER EMBROIDERIES LTD,EQ,2025-08-20,2026-08-27,252,334047.02,11940.0,0.0,0.0546628377995954,0,0,1.0,LOW,FULL,False,False,gap_fade_050,"{""gap_threshold"":0.005}",INTRADAY_SHORT_ALLOWED_RESEARCH,2025-08-20,2026-08-27,99.10369833212472,98.77592458303118,99.09209572153735,76.08121827411168,99.13270485859317,95.58825235678029,5,ROBUST POSITIVE,LOW LIQUIDITY,310,
394,305,INE01II01013,119,119,784243.2204143369,599751.0404541874,7.842432204143369,5.997510404541874,0.346992056093575,5.797708611758145,6.800357035314315,-0.0983154584211144,0.7647058823529411,0.0169055364018939,0.0155629680054458,4.523236167866126,0.1017037037037037,-0.08219801980198,0.4722222222222222,238.0,0.0293973430573251,0.0026948500197272,6.273275424657931,6.039763503766441e-09,0.0115689996919623,0.0222420731118256,11,2,0.4875539723127309,-0.0106378323725009,0.1512638079659745,24399.260628465752,575351.7798257216,784243.2204143369,686651.993301106,599751.0404541874,453496.6018992773,337607.91075839364,SILGO,SILGO RETAIL LIMITED,EQ,2025-08-20,2026-08-27,252,13909340.82,189751.5,0.0,0.0488332165308237,1,0,1.0,OK,FULL,False,False,gap_fade_100,"{""gap_threshold"":0.01}",INTRADAY_SHORT_ALLOWED_RESEARCH,2025-08-20,2026-08-27,97.94633792603335,98.23930384336475,98.23930384336475,81.58085569253082,97.83901377810007,95.58723712835388,5,ROBUST POSITIVE,COMPARABLE,709,93
395,383,INE385I01010,156,156,713981.7362715575,498077.3430541657,7.139817362715576,4.9807734305416576,0.2958464909266653,6.214747911163961,5.252719329544322,-0.0942983880838663,0.782051282051282,0.0117859702661005,0.0142607199379693,3.929688811024036,0.0705604670558799,-0.0929778225806452,0.6190476190476191,312.0,0.0225649821631905,0.0018066444672182,6.523679938116455,9.20830011710774e-10,0.0082171480351806,0.0153547924970204,13,0,0.3148202206800783,0.0391267259430199,0.087712114281203,-38494.01829697402,536571.3613511397,713981.7362715575,597780.9062454771,498077.3430541657,339172.2672978484,222289.59102724376,ALPA,ALPA LABORATORIES LTD,EQ,2025-08-20,2026-08-27,252,985753.195,13667.5,0.0,0.0420936920683944,0,0,1.0,LOW,FULL,False,False,gap_fade_050,"{""gap_threshold"":0.005}",INTRADAY_SHORT_ALLOWED_RESEARCH,2025-08-20,2026-08-27,97.65337200870195,98.62509064539522,97.60696156635244,82.5612762871646,97.70848440899202,95.58564176939811,5,ROBUST POSITIVE,LOW LIQUIDITY,810,
396,488,INE887D01016,86,86,414708.1513518339,334670.8414433749,4.147081513518339,3.346708414433749,0.3400098725105444,4.498376166035989,5.145181963480507,-0.0716991067230841,0.6976744186046512,0.017784794264167,0.0138772529630408,4.353938699606139,0.1198832891246683,-0.0716991067230841,0.3412698412698413,172.0,0.0338212207126411,0.0036470360225696,4.876506333939649,4.973969559737485e-06,0.0105335095830784,0.0250360789452557,6,0,0.5160696450296403,0.0,0.164880695922928,-50294.90616621986,384965.7476095948,414708.1513518339,373019.2635346224,334670.8414433749,266957.0873012257,209688.2944460432,TCC,TCC CONCEPT LIMITED,EQ,2026-02-25,2026-08-27,124,4877666.925000001,14422.5,0.0,0.0588083006553107,0,0,0.492063492063492,OK,PARTIAL,True,True,gap_fade_050,"{""gap_threshold"":0.005}",INTRADAY_SHORT_ALLOWED_RESEARCH,2025-08-20,2026-08-27,96.82088469905729,96.76577229876723,97.51124002900653,87.32124728063815,97.12545322697606,95.58390137781002,5,ROBUST POSITIVE,LIMITED SAMPLE,1097,
397,323,INE597L01014,174,174,916923.085446435,621039.5204787771,9.16923085446435,6.210395204787771,0.3583323875291209,5.706989512904378,8.512065930714257,-0.0978240585551846,0.7241379310344828,0.0117528688377165,0.0115711239207982,3.5235317426829007,0.1936338028169013,-0.0784912280701755,0.6904761904761905,348.0,0.0263867724631392,0.0020003760580667,5.875329686296584,2.11601176511454e-08,0.0078045839113178,0.0157011537641152,12,1,0.3082675024320258,-0.0216133068867113,0.0901425816918096,-22828.86334610473,643868.3838248819,916923.085446435,756368.132254578,621039.5204787771,410897.9593272674,261753.07155674003,LOVABLE,LOVABLE LINGERIE LTD,EQ,2025-08-20,2026-08-27,252,885167.88,11593.5,0.0,0.043613060657793,0,0,1.0,LOW,FULL,False,False,gap_fade_050,"{""gap_threshold"":0.005}",INTRADAY_SHORT_ALLOWED_RESEARCH,2025-08-20,2026-08-27,98.03045685279189,98.14358230601886,97.85061638868746,81.69978245105149,98.08556925308194,95.57853517041336,5,ROBUST POSITIVE,LOW LIQUIDITY,680,
398,157,INE598C01011,251,251,603820.558534677,327453.301868388,6.038205585346771,3.27453301868388,0.2763567242883569,5.40518457372553,16.613187837074964,-0.0609617658402906,0.5219123505976095,0.0059512314859312,0.0014953207802457,2.988653231174167,0.1282588432289122,-0.0276989550974301,0.996031746031746,502.0,0.0174395750902534,0.0011007762189371,5.406395399491147,1.500910458148675e-07,0.003783254491219,0.0081192084806434,12,1,0.269518865829635,-0.0372823110172574,0.0845456286257798,-19164.725637831278,346618.0275062193,603820.558534677,448566.2850399737,327453.301868388,159348.7422820996,57197.862780678784,HISARMETAL,HISAR METAL IND. LIMITED,EQ,2025-08-20,2026-08-27,252,300625.92000000004,1877.5,0.0119047619047619,0.0386661926556649,1,0,1.0,LOW,FULL,False,False,close_to_open,{},LONG_ONLY,2025-08-20,2026-08-27,96.76287164612037,97.88252356780276,95.26323422770123,89.24728063814358,96.85569253081944,95.57810007251632,5,ROBUST POSITIVE,LOW LIQUIDITY,1117,
399,147,INE737B01033,128,128,1677182.3664071474,1283193.7598193598,16.771823664071473,12.831937598193598,0.3374838992582531,7.988278848251825,12.282164740133773,-0.1247299344908799,0.8203125,0.0210618397974238,0.020338850174216,8.320885777940259,0.115078410311493,-0.0543809523809524,0.5079365079365079,256.0,0.0259471887508351,0.0022934291398053,9.183558119092968,9.982102694053806e-16,0.0165235574141714,0.0256001221806762,13,0,0.4308663012849931,0.0837132001923259,0.1050132249584608,-7473.30960854092,1290667.0694279007,1677182.3664071474,1467957.0675442817,1283193.7598193598,976020.0327194388,736648.7409204177,ADROITINFO,ADROIT INFOTECH LIMITED,EQ,2025-08-20,2026-08-27,252,320714.13,32009.5,0.0,0.059976336852443,0,0,1.0,LOW,FULL,False,False,gap_fade_100,"{""gap_threshold"":0.01}",INTRADAY_SHORT_ALLOWED_RESEARCH,2025-08-20,2026-08-27,99.04278462654096,99.5474981870921,99.19941986947063,75.06598984771573,99.03118201595359,95.57621464829587,5,ROBUST POSITIVE,LOW LIQUIDITY,331,
400,188,INE895W01019,180,180,1647845.8569728683,1125739.6944455716,16.478458569728684,11.257396944455715,0.4318186276155348,6.043660557758739,9.244564391902856,-0.11415864622656,0.6333333333333333,0.0144986955990306,0.0103950145364487,3.607296085484349,0.0974426838596873,-0.0841052631578946,0.7142857142857143,360.0,0.0312599897449864,0.0023299820681912,6.222664026889356,3.369649373851211e-09,0.009900929323125,0.0190964618749362,13,0,0.4733870832808984,0.0034801394197689,0.14713263318296,109616.93548387132,1016122.7589617004,1647845.8569728683,1363823.4485303778,1125739.6944455716,758991.1552152411,501552.0977761827,PANACHE,PANACHE DIGILIFE LIMITED,BE,2025-08-20,2026-08-27,252,3546097.975,9220.0,0.0,0.051715740189685,14,0,1.0,OK,FULL,False,False,gap_fade_050,"{""gap_threshold"":0.005}",INTRADAY_SHORT_ALLOWED_RESEARCH,2025-08-20,2026-08-27,98.89195068890501,98.47425670775924,98.7904278462654,77.65627266134881,98.74981870920956,95.57432922407541,5,ROBUST POSITIVE,COMPARABLE,383,94
401,238,INE877I01016,141,141,1034824.5755668248,759772.3771996695,10.348245755668248,7.597723771996694,0.3585127970348994,6.20318836421495,6.812662827581378,-0.1075489750402168,0.7730496453900709,0.0157724993687166,0.01662660944206,4.107106835062014,0.1016102653327533,-0.0801927710843373,0.5595238095238095,282.0,0.0283562639250892,0.0023880282138783,6.6048211981135,7.670784358005703e-10,0.0110512393058551,0.0204937594315781,13,0,0.4340045165727113,0.0408578264697936,0.106689693635651,1848.3740239203323,757924.0031757492,1034824.5755668248,887838.1538406562,759772.3771996695,551028.9271765836,392695.0332217675,ARCHIDPLY,ARCHIDPLY IND. LTD,EQ,2025-08-20,2026-08-27,252,996273.03,10672.0,0.0,0.0498729613660368,0,0,1.0,LOW,FULL,False,False,gap_fade_100,"{""gap_threshold"":0.01}",INTRADAY_SHORT_ALLOWED_RESEARCH,2025-08-20,2026-08-27,98.38143582306019,98.61638868745469,98.45685279187816,79.29079042784628,98.3437273386512,95.57237128353881,5,ROBUST POSITIVE,LOW LIQUIDITY,559,
402,249,INE227G01018,101,101,913336.4143130818,731529.1527585847,9.133364143130818,7.315291527585847,0.4046213446144956,5.450385631882632,6.079254517482445,-0.1051426543025783,0.7623762376237624,0.0218350729013849,0.0174619347452775,5.894701390313442,0.1573103448275861,-0.0834624759461193,0.4007936507936508,202.0,0.0366353226745672,0.0036453508536537,5.989841246556395,3.321717248744105e-08,0.0146028006329797,0.02906734516979,13,0,0.4314100035170616,0.0064639611775985,0.1178076138726753,-48518.72554499721,780047.878303582,913336.4143130818,817987.1595006504,731529.1527585847,582075.8048475314,459266.0772038169,INDOWIND,INDOWIND ENERGY LTD,EQ,2025-08-20,2026-08-27,252,2570880.685,228907.0,0.0,0.0550101723883838,0,0,1.0,OK,FULL,False,False,gap_fade_100,"{""gap_threshold"":0.01}",INTRADAY_SHORT_ALLOWED_RESEARCH,2025-08-20,2026-08-27,98.31762146482959,97.95213923132705,98.68310369833212,79.91007976794778,98.39013778100073,95.57099347353154,5,ROBUST POSITIVE,COMPARABLE,581,95
403,170,INE389K01018,122,122,1443774.1928053985,1115621.9119006137,14.437741928053985,11.156219119006137,0.4317908009224305,6.026031006691631,5.566584153247701,-0.1148728836334319,0.7377049180327869,0.0213277438914981,0.023148034554416,4.919099750572757,0.0959795932157577,-0.1148728836334318,0.4841269841269841,244.0,0.0360297563739338,0.0032619808730442,6.538279873969268,1.557692962549278e-09,0.0148697923651522,0.0277856954178441,12,1,0.5418241749698036,-0.0874796708651289,0.185662511215996,191564.6720895956,924057.239811018,1443774.1928053985,1269987.4648615168,1115621.9119006137,856773.8564916347,652688.5552392921,WELINV,WELSPUN INV & COMM LTD,BE,2025-08-20,2026-08-27,245,664921.7,483.0,0.1591836734693877,0.0509006619269206,7,0,0.9722222222222222,LOW,FULL,False,True,gap_fade_100,"{""gap_threshold"":0.01}",INTRADAY_SHORT_ALLOWED_RESEARCH,2025-08-20,2026-08-27,98.88034807831762,98.44815083393763,99.05438723712835,77.48803480783177,98.62509064539522,95.5688179840464,5,ROBUST POSITIVE,LOW LIQUIDITY,387,
404,393,INE05X901010,150,150,689512.679340062,487068.55669994815,6.895126793400619,4.870685566999482,0.3136407988215235,5.817268645929876,7.753554489250755,-0.0913676838343494,0.7066666666666667,0.0121635519004589,0.0118696271531449,3.678487139553164,0.0761671159029648,-0.0784925373134328,0.5952380952380952,300.0,0.0244396794307322,0.0019954914694162,6.095516862328272,8.919459821536388e-09,0.0082204344609461,0.0161066693399718,13,0,0.3261574967892628,0.0295415409666153,0.0973652924812508,-4223.717799953534,491292.2744999017,689512.679340062,580856.7560604183,487068.55669994815,336278.42286335595,224028.22372306365,HPIL,HINDPRAKASH INDUSTRY LTD,EQ,2025-08-20,2026-08-27,252,247249.755,1896.0,0.0198412698412698,0.04471282155403,0,0,1.0,LOW,FULL,False,False,gap_fade_050,"{""gap_threshold"":0.005}",INTRADAY_SHORT_ALLOWED_RESEARCH,2025-08-20,2026-08-27,97.5866569978245,98.26540971718637,97.62146482958666,83.21392313270486,97.5605511240029,95.56823785351705,5,ROBUST POSITIVE,LOW LIQUIDITY,833,
405,378,INE236A01020,109,109,572573.0832400981,442723.191979283,5.725730832400981,4.42723191979283,0.3156342031403919,5.530383264958953,4.87608944969128,-0.0890967741935486,0.8165137614678899,0.0160144781183144,0.017047619047619,4.844571688359115,0.1519999999999999,-0.0890967741935484,0.4325396825396825,218.0,0.0277833101482523,0.0026611584750447,6.017859615837066,2.463687760574073e-08,0.0107396003543348,0.021289355882294,13,0,0.3207337572123194,0.0117077702071872,0.0804515678472006,-24878.387769284356,467601.57974856737,572573.0832400981,504201.5931986765,442723.191979283,337757.34284292674,252942.47940033325,HCL-INSYS,HCL INFOSYSTEMS LTD,EQ,2025-08-20,2026-08-27,252,2956315.365,213346.5,0.0,0.0438014046702319,0,0,1.0,OK,FULL,False,False,gap_fade_100,"{""gap_threshold"":0.01}",INTRADAY_SHORT_ALLOWED_RESEARCH,2025-08-20,2026-08-27,97.40971718636693,97.98694706308919,97.81290790427846,83.72443799854967,97.48223350253808,95.56751269035533,5,ROBUST POSITIVE,COMPARABLE,894,96
406,537,INE115S01010,72,72,312779.8312716093,258356.1406152763,3.1277983127160933,2.583561406152763,0.2790238965193922,4.7204532179886005,5.991576120873723,-0.0584403025558807,0.7083333333333334,0.0182933229197317,0.014591434339963,5.63579729897749,0.1196956521739129,-0.0461648590021692,0.2857142857142857,144.0,0.0291511458596233,0.0034354954861162,5.324798997309016,1.1295830713073811e-06,0.0114431394799265,0.0251435063595368,8,0,0.3544952539236472,0.0,0.1185276615628467,10099.93561364038,248256.2050016359,312779.8312716093,284619.8943183729,258356.1406152763,211021.4347474287,169863.65671213414,HALDER,HALDER VENTURE LIMITED,EQ,2026-01-19,2026-08-27,149,517351.88,2025.0,0.0536912751677852,0.0532557388258328,1,0,0.5912698412698413,LOW,PARTIAL,True,True,gap_fade_100,"{""gap_threshold"":0.01}",INTRADAY_SHORT_ALLOWED_RESEARCH,2025-08-20,2026-08-27,96.20884699057288,97.01812907904278,97.18636693255984,89.67947788252357,96.07831762146482,95.56069615663525,5,ROBUST POSITIVE,LIMITED SAMPLE,1308,
407,305,INE610B01024,174,174,1002148.3724388378,681589.7605349949,10.02148372438838,6.8158976053499485,0.3592091247011915,5.922516913843764,10.084717352991731,-0.1021362908241988,0.5747126436781609,0.012226563888792,0.0085624999999999,3.9107330148777417,0.0964204131227217,-0.0791795299216535,0.6904761904761905,348.0,0.0263883977377402,0.0020004992698162,6.111756236689293,6.347419559572339e-09,0.0082780357705737,0.0161750920070103,11,2,0.4142639566765409,-0.0593338028392239,0.148404119500594,6604.264170566792,674985.4963644281,1002148.3724388378,828210.2064526816,681589.7605349949,453888.1280533576,292254.98925192974,GUJRAFFIA,GUJARAT RAFFIA INDUST LTD,EQ,2025-08-20,2026-08-27,252,128598.72,3028.0,0.0079365079365079,0.0465035989217526,32,0,1.0,LOW,FULL,False,False,gap_fade_050,"{""gap_threshold"":0.005}",INTRADAY_SHORT_ALLOWED_RESEARCH,2025-08-20,2026-08-27,98.19869470630891,98.3437273386512,98.01305293691081,80.6816533720087,98.16388687454676,95.55605511240029,5,ROBUST POSITIVE,LOW LIQUIDITY,622,
408,274,INE539B01017,160,160,1078513.9936817344,759635.2977931537,10.785139936817345,7.596352977931536,0.3187002082525419,6.935402377208465,9.652551217189206,-0.1102996991636272,0.73125,0.0138144636370719,0.01240971220947,4.569650929547002,0.0880503778337532,-0.0596271186440677,0.6349206349206349,320.0,0.0237941014894392,0.0018810888895958,7.343865414058232,1.0162294226709216e-11,0.0100993202042548,0.017529607069889,12,1,0.3840452752697787,-0.0046666666666665,0.1271655432496771,-49158.24915824924,808793.5469514029,1078513.9936817344,906603.147202192,759635.2977931537,526646.8550721962,356519.7214595119,VIRINCHI,VIRINCHI LIMITED,EQ,2025-08-20,2026-08-27,252,1625693.9449999998,82394.5,0.0,0.046470005638985,1,0,1.0,OK,FULL,False,False,gap_fade_050,"{""gap_threshold"":0.005}",INTRADAY_SHORT_ALLOWED_RESEARCH,2025-08-20,2026-08-27,98.37853517041334,99.03698332124729,98.30601885424221,78.65989847715737,98.44234952864394,95.55068890500364,5,ROBUST POSITIVE,COMPARABLE,560,97
409,470,INE0JPD01013,158,158,531497.5093063599,361915.1463877456,5.314975093063599,3.619151463877456,0.2766485928488393,5.683936464998307,7.888132846342092,-0.0786496868661791,0.7215189873417721,0.0099522343347087,0.0098161651112787,3.452834631239157,0.0868634232732575,-0.0501310163770472,0.626984126984127,316.0,0.0211746232843712,0.0016845625793558,5.907904198200998,2.0798092766411493e-08,0.0066249045834537,0.0132795640859638,12,1,0.2874352235303579,-0.0427011353495798,0.0848474899412012,-8469.701477734852,370384.84786548046,531497.5093063599,440132.7818419713,361915.1463877456,237662.87990882905,146679.98957277485,SANATHAN,SANATHAN TEXTILES LIMITED,EQ,2025-08-20,2026-08-27,252,10535035.775,22768.5,0.0,0.0401738475592837,0,0,1.0,OK,FULL,False,False,gap_fade_050,"{""gap_threshold"":0.005}",INTRADAY_SHORT_ALLOWED_RESEARCH,2025-08-20,2026-08-27,96.98622189992749,98.11747643219725,96.89920232052212,85.94053662073968,97.04713560551124,95.55039883973896,5,ROBUST POSITIVE,COMPARABLE,1040,98
410,568,INE124Y01028,56,56,257888.21971336787,220730.1162821594,2.578882197133679,2.207301162821594,0.2444779622803662,4.893727651198666,2.5321405584560326,-0.056450867052023,0.9464285714285714,0.0213644386450023,0.0176617016284567,18.93580928882462,0.1522253521126761,-0.0564508670520229,0.2222222222222222,112.0,0.0268503695498319,0.0035880315558478,5.954361970474421,1.906285428263341e-07,0.0141738627232287,0.028555014566776,5,0,0.3741762906859769,0.0,0.1531583020649521,-15364.504776269474,236094.6210584289,257888.21971336787,238809.226655944,220730.1162821594,187368.1597790551,157420.86847646965,PASHUPATI,PASHUPATI COTSPIN LIMITED,EQ,2026-04-17,2026-08-27,92,5773120.955,64528.5,0.0,0.0444316101356577,0,1,0.365079365079365,OK,PARTIAL,True,True,gap_fade_100,"{""gap_threshold"":0.01}",INTRADAY_SHORT_ALLOWED_RESEARCH,2025-08-20,2026-08-27,95.91007976794779,97.2994923857868,97.0442349528644,90.04350978970268,95.94198694706309,95.54118926758521,5,ROBUST POSITIVE,LIMITED SAMPLE,1411,
411,287,INE610B01024,152,152,895520.3135669023,637622.718465302,8.955203135669024,6.37622718465302,0.341898731275026,6.033822946084472,10.511363022503902,-0.1021362908241987,0.5657894736842105,0.0135720816447659,0.0071840101522843,4.890143055818003,0.0964204131227217,-0.0791795299216535,0.6031746031746031,304.0,0.0264099511869902,0.0021421299067738,6.335788320702901,2.5754238101129006e-09,0.0093396636803041,0.0178044996092277,12,1,0.3938318957358635,-0.037927694031423,0.1326175646144647,6604.264170566792,631018.4542947352,895520.3135669023,756987.1976174372,637622.718465302,446211.579627807,304230.38988763845,GUJRAFFIA,GUJARAT RAFFIA INDUST LTD,EQ,2025-08-20,2026-08-27,252,128598.72,3028.0,0.0079365079365079,0.0465035989217526,32,0,1.0,LOW,FULL,False,False,gap_fade_100,"{""gap_threshold"":0.01}",INTRADAY_SHORT_ALLOWED_RESEARCH,2025-08-20,2026-08-27,98.07686729514141,98.45975344452502,98.08846990572879,80.68455402465555,98.03045685279189,95.53763596809281,5,ROBUST POSITIVE,LOW LIQUIDITY,664,
412,320,INE846D01012,124,124,751735.9394754957,567256.341703274,7.517359394754957,5.67256341703274,0.3642762401283638,5.406706820014466,7.2991580955953825,-0.0965594886399834,0.7419354838709677,0.0158833454183165,0.0158324959503821,3.9475477247357142,0.1211996454686461,-0.0768782185107865,0.492063492063492,248.0,0.0307469247300476,0.0027611553512673,5.752427298603885,6.567234165901605e-08,0.0104178077005379,0.0213488831360951,13,0,0.4155798723100734,0.0229634229763968,0.1118333421038371,-29543.15746917333,596799.4991724474,751735.9394754957,653919.4565959844,567256.341703274,422481.78582155873,308921.06142046483,LORDSCHLO,LORDS CHLORO ALKALI LTD,EQ,2025-08-20,2026-08-27,252,2260798.565,14990.0,0.0,0.0504904593162903,0,0,1.0,OK,FULL,False,False,gap_fade_100,"{""gap_threshold"":0.01}",INTRADAY_SHORT_ALLOWED_RESEARCH,2025-08-20,2026-08-27,97.83321247280638,97.89412617839014,98.1087744742567,81.96374184191443,97.91153009427121,95.53575054387237,5,ROBUST POSITIVE,COMPARABLE,748,99
413,215,INE236Y01012,129,129,1131051.383835813,855496.7618041511,11.31051383835813,8.55496761804151,0.3746531394449248,6.235934029672819,6.2210772903641365,-0.1115384615384617,0.7441860465116279,0.0181109477642508,0.0195538847117794,4.683129557283489,0.0956623376623375,-0.1115384615384615,0.5119047619047619,258.0,0.0305106641859523,0.0026863141935118,6.74193205247306,4.819916890645103e-10,0.012795616176101,0.0234262793524007,13,0,0.4240067784837642,0.0522650652344074,0.1209770082746276,53981.65137614662,801515.1104280045,1131051.383835813,984625.3379842942,855496.7618041511,641251.2970369873,474756.72861448326,NGIL,NAKODA GROUP OF IND. LTD,EQ,2025-08-20,2026-08-27,252,599029.97,18887.5,0.0,0.0618966740237736,0,0,1.0,LOW,FULL,False,False,gap_fade_100,"{""gap_threshold"":0.01}",INTRADAY_SHORT_ALLOWED_RESEARCH,2025-08-20,2026-08-27,98.52936910804931,98.63669325598259,98.72661348803481,78.29441624365482,98.42494561276287,95.53415518491661,5,ROBUST POSITIVE,LOW LIQUIDITY,508,
414,330,INE263W01010,147,147,844651.9447651542,606911.2363055866,8.446519447651541,6.069112363055867,0.3171222066331084,6.344541480568903,8.199543609884785,-0.1020435472639524,0.7346938775510204,0.0136870407781857,0.0143198694410445,4.891320736020345,0.1571858986007631,-0.0764366744366744,0.5833333333333334,294.0,0.0246472575621353,0.0020328715411835,6.73286063624905,3.5488088719283955e-10,0.0096693839414427,0.0177046976149286,13,0,0.4016171527591052,0.0256597703263836,0.1153814409993388,20947.42146816726,585963.8148374194,844651.9447651542,717239.6149666267,606911.2363055866,428699.6245984148,295187.4896375132,MAHESHWARI,MAHESHWARI LOGISTICS LTD.,BE,2025-08-20,2026-08-27,252,633661.6599999999,11717.0,0.0,0.0434394442661276,0,0,1.0,LOW,FULL,False,False,gap_fade_050,"{""gap_threshold"":0.005}",INTRADAY_SHORT_ALLOWED_RESEARCH,2025-08-20,2026-08-27,97.98694706308919,98.70920957215374,98.03335750543873,80.70485859318347,97.87382160986222,95.52574329224075,5,ROBUST POSITIVE,LOW LIQUIDITY,695,
415,395,INE995D01025,149,149,686994.1938140134,486325.2108614495,6.869941938140133,4.863252108614494,0.423620674346365,4.391369350596093,6.601144248432359,-0.082,0.6510067114093959,0.0124850660778756,0.0086649111257406,3.071515022603008,0.2053728813559321,-0.082,0.5912698412698413,298.0,0.0338168086904344,0.0027703809129289,4.506624348879149,1.329082829556828e-05,0.0070104540399873,0.017959678115764,13,0,0.4695003067455729,0.035998327889573,0.1167396827585377,959.6370827031204,485365.5737787464,686994.1938140134,579339.1553309832,486325.2108614495,336568.4216056069,224871.61850602087,CHEMBOND,CHEMBOND MATERIALTECH LTD,EQ,2025-08-20,2026-08-27,252,1120344.3250000002,6958.0,0.0,0.0551405436752584,0,0,1.0,OK,FULL,False,False,gap_fade_050,"{""gap_threshold"":0.005}",INTRADAY_SHORT_ALLOWED_RESEARCH,2025-08-20,2026-08-27,97.58085569253082,96.58883248730965,97.63306744017403,85.19796954314721,97.5286439448876,95.52501812907904,5,ROBUST POSITIVE,COMPARABLE,835,100
416,32,INE278G01037,154,154,5693829.729578818,4190134.1880806666,56.93829729578818,41.90134188080667,0.5083916276323964,7.6902401440347505,9.513020907060536,-0.1381310277174079,0.7987012987012987,0.0253873617124014,0.0210961184677874,8.358136198630797,0.2384730617608408,-0.1372941176470588,0.6111111111111112,308.0,0.0378193961584625,0.0030475737910062,8.330351766156618,4.2626062244322446e-14,0.0193666044466524,0.0314081189781504,13,0,0.7813622221664278,0.0858993401466967,0.1904649455375631,13292.307692307775,4176841.880388359,5693829.729578818,4885975.841022999,4190134.1880806666,3074830.7896246724,2248085.170996758,CYBERMEDIA,CYBER MEDIA (INDIA) LTD.,EQ,2025-08-20,2026-08-27,252,132262.885,8411.5,0.0,0.061251982386855,1,0,1.0,LOW,FULL,False,False,gap_fade_100,"{""gap_threshold"":0.01}",INTRADAY_SHORT_ALLOWED_RESEARCH,2025-08-20,2026-08-27,99.79985496736766,99.39956490210298,99.80275562001451,71.81725888324874,99.79115300942712,95.52124728063816,5,ROBUST POSITIVE,LOW LIQUIDITY,70,
417,540,INE951M01037,65,65,336887.71900276106,284676.4147205999,3.368877190027611,2.846764147205999,0.3110262941734363,4.489508299604969,5.023585991939661,-0.0640700212502911,0.8153846153846154,0.0214823866013387,0.0208050171037627,6.909560695208486,0.1914283942963424,-0.0538518518518518,0.2579365079365079,130.0,0.0340252131896819,0.0042203082873234,5.090241076905575,3.374007062041263e-06,0.01305135158539,0.0299134216172874,5,0,0.4829531828859958,0.0,0.1787993437160877,12508.143322475473,272168.2713981244,336887.71900276106,309964.4895370568,284676.4147205999,238620.09841582028,198003.19819567032,RRIL,R R I L LTD.,EQ,2026-04-20,2026-08-27,91,465217.56,26022.0,0.0,0.0630447040564849,0,0,0.3611111111111111,LOW,PARTIAL,True,True,gap_fade_050,"{""gap_threshold"":0.005}",INTRADAY_SHORT_ALLOWED_RESEARCH,2025-08-20,2026-08-27,96.44960116026105,96.75416968817984,97.44452501812908,88.71501087744743,96.27846265409717,95.5150833937636,5,ROBUST POSITIVE,LIMITED SAMPLE,1225,
418,215,INE529D01014,170,170,1423150.3760132664,989564.0020016448,14.231503760132664,9.895640020016447,0.3002404563899195,8.141093926275047,8.869294666705791,-0.1201950050452129,0.7705882352941177,0.0143781515055177,0.0148956289027653,6.038585737105862,0.0747366720516963,-0.1050927835051547,0.6746031746031746,340.0,0.0215316979554504,0.0016514058482267,8.706612926772175,2.7385517562244817e-15,0.0111181104817049,0.0176381925293305,13,0,0.5126862424120218,0.0114165634192449,0.1389264593188107,-15394.566623544524,1004958.5686251894,1423150.3760132664,1188349.2789187704,989564.0020016448,678888.5263988761,456428.4463849915,PATINTLOG,PATEL INT. LOG. LTD,BE,2025-08-20,2026-08-27,252,1072153.14,78792.5,0.0,0.0444540136776462,1,0,1.0,OK,FULL,False,False,gap_fade_050,"{""gap_threshold"":0.005}",INTRADAY_SHORT_ALLOWED_RESEARCH,2025-08-20,2026-08-27,98.73531544597535,99.59100797679477,98.67440174039159,76.20304568527919,98.72951414068166,95.51327048585932,5,ROBUST POSITIVE,COMPARABLE,437,101
419,189,INE895W01019,154,154,1379155.2553943277,992396.7585055982,13.791552553943276,9.923967585055982,0.4050634437420724,6.128070570509223,9.058214612654668,-0.1141586462265602,0.6363636363636364,0.0161185543427591,0.0110505366154697,4.328672477300719,0.0974426838596873,-0.0841052631578946,0.6111111111111112,308.0,0.0310876576967133,0.0025051148469771,6.434257639807883,1.5087370557206072e-09,0.0111694737131171,0.0210676349724011,13,0,0.4961008564352736,0.0034801394197689,0.1371907871628122,109616.93548387132,882779.8230217269,1379155.2553943277,1171245.6981702014,992396.7585055982,706282.4679384063,494748.2505444996,PANACHE,PANACHE DIGILIFE LIMITED,BE,2025-08-20,2026-08-27,252,3546097.975,9220.0,0.0,0.051715740189685,14,0,1.0,OK,FULL,False,False,gap_fade_100,"{""gap_threshold"":0.01}",INTRADAY_SHORT_ALLOWED_RESEARCH,2025-08-20,2026-08-27,98.73821609862219,98.56127628716462,98.76142131979695,77.65337200870196,98.5670775924583,95.51051486584481,5,ROBUST POSITIVE,COMPARABLE,436,102
420,67,INE725L01011,182,182,4009469.8982875394,2775310.662697524,40.09469898287539,27.753106626975235,0.4065042256374596,8.516861851997453,13.53730560174827,-0.1366548184402785,0.7527472527472527,0.0190227490769639,0.0190210009485121,5.2940649378931965,0.084737400530504,-0.071059405940594,0.7222222222222222,364.0,0.02842997245248,0.0021073697653094,9.02677327449008,2.586455864723076e-16,0.0148645775841182,0.0231809205698096,12,1,0.6492257105739108,-0.0824794319111977,0.2123079616373163,-31478.480100846515,2806789.1427983698,4009469.8982875394,3337742.6561711743,2775310.662697524,1910381.8566499515,1304642.947902985,KARMAENG,KARMA ENERGY LIMITED,EQ,2025-08-20,2026-08-27,252,188294.9,4379.0,0.0039682539682539,0.0570769259411137,0,0,1.0,LOW,FULL,False,False,gap_fade_050,"{""gap_threshold"":0.005}",INTRADAY_SHORT_ALLOWED_RESEARCH,2025-08-20,2026-08-27,99.61131254532269,99.69833212472807,99.58230601885424,72.19434372733865,99.60841189267585,95.5097897026831,5,ROBUST POSITIVE,LOW LIQUIDITY,135,
421,502,INE951M01037,61,61,331248.5815757823,282754.3824771416,3.3124858157578227,2.8275438247714164,0.3102776550531904,4.4833568144127,4.784071519738145,-0.0640700212502911,0.819672131147541,0.0228046793302084,0.0239433962264151,7.3062367865134865,0.1914283942963424,-0.0538518518518518,0.242063492063492,122.0,0.0346039438236976,0.0044305810005594,5.147108094249688,3.079434990531941e-06,0.0139421978045316,0.0316671608558852,5,0,0.4787626108950005,0.0,0.1774152438196017,12508.143322475473,270246.23915466614,331248.5815757823,306290.4396617049,282754.3824771416,239633.9112829828,201300.53545404965,RRIL,R R I L LTD.,EQ,2026-04-20,2026-08-27,91,465217.56,26022.0,0.0,0.0630447040564849,0,0,0.3611111111111111,LOW,PARTIAL,True,True,gap_fade_100,"{""gap_threshold"":0.01}",INTRADAY_SHORT_ALLOWED_RESEARCH,2025-08-20,2026-08-27,96.43219724437998,96.73096446700508,97.464829586657,88.71501087744743,96.2668600435098,95.5078317621465,5,ROBUST POSITIVE,LIMITED SAMPLE,1231,
422,689,INE631R01026,49,49,163795.49036231183,139603.07483801682,1.6379549036231182,1.3960307483801682,0.177202334600144,5.025642861371242,5.812967699055867,-0.0288817204301075,0.8571428571428571,0.0181746050592149,0.0172962542565267,15.391762296265748,0.0806446280991735,-0.0288817204301075,0.1944444444444444,98.0,0.0194923833355942,0.0027846261907991,6.526766543842255,3.912701684144269e-08,0.0125757388530033,0.0237734712654265,5,0,0.4904338307263438,0.0,0.1476765829454779,-8764.044943820321,148367.11978183716,163795.49036231183,151414.39005435116,139603.07483801682,117588.13491922645,97558.40457060744,MADHAVIPL,MADHAV INFRA PROJECTS L,EQ,2026-04-20,2026-08-27,91,975774.43,115913.0,0.0,0.0507404915529093,0,0,0.3611111111111111,LOW,PARTIAL,True,True,gap_fade_100,"{""gap_threshold"":0.01}",INTRADAY_SHORT_ALLOWED_RESEARCH,2025-08-20,2026-08-27,94.79332849891226,97.44162436548224,96.17984046410443,94.14358230601886,94.81653372008701,95.50746918056562,5,ROBUST POSITIVE,LIMITED SAMPLE,1796,
423,643,INE939X01013,128,128,288357.9198042897,201366.95151272469,2.883579198042897,2.013669515127247,0.2319455254253914,4.8802470359527765,6.51475188185193,-0.0440301154046971,0.703125,0.0088433708043732,0.0084308215353046,3.367626140259068,0.0821999999999999,-0.0400851063829788,0.5079365079365079,256.0,0.0195741177844088,0.0017301239276374,5.111408878350775,1.1453442654109658e-06,0.005419767778946,0.0122669738298004,13,0,0.2563068674526711,0.0066508921076551,0.0686665567114676,-6417.458945548598,207784.41045827328,288357.9198042897,242130.01901433,201366.95151272469,133743.9412766311,81203.0520147022,MANBA,MANBA FINANCE LIMITED,EQ,2025-08-20,2026-08-27,252,8372497.665,62185.0,0.0,0.0355327132241547,0,0,1.0,OK,FULL,False,False,gap_fade_050,"{""gap_threshold"":0.005}",INTRADAY_SHORT_ALLOWED_RESEARCH,2025-08-20,2026-08-27,95.69543147208121,97.27628716461204,95.8984771573604,92.07831762146483,95.65482233502539,95.50152284263959,5,ROBUST POSITIVE,COMPARABLE,1485,103
424,108,INE01NE01012,140,140,2176708.1050027693,1630631.9721514387,21.76708105002769,16.306319721514388,0.4437004850354875,6.676576206046886,8.213825495647557,-0.1270669325804387,0.7928571428571428,0.0211600007214242,0.0212035162349901,4.942186190818424,0.1761609195402299,-0.0848025477707006,0.5555555555555556,280.0,0.0347891037334562,0.0029402159038522,7.196750651440515,3.5098640657111507e-11,0.0153466713311772,0.0269733301116713,11,2,0.6045471668182476,-0.0387745363164692,0.209268740633303,-49054.90549054912,1679686.8776419878,2176708.1050027693,1885113.00782034,1630631.9721514387,1214825.312187006,898381.2853671054,SRD,SHANKAR LAL RAMPAL LTD,EQ,2025-08-20,2026-08-27,252,1437056.42,28099.5,0.0,0.0566319611501914,0,0,1.0,OK,FULL,False,False,gap_fade_100,"{""gap_threshold"":0.01}",INTRADAY_SHORT_ALLOWED_RESEARCH,2025-08-20,2026-08-27,99.28353879622915,98.89485134155184,99.33865119651921,74.47135605511241,99.29514140681654,95.49731689630167,5,ROBUST POSITIVE,COMPARABLE,248,104
425,353,INE705C01020,126,126,639800.9948161799,477111.4227073492,6.398009948161799,4.771114227073491,0.2953780668811454,6.100442685797601,5.633730965967314,-0.0955443037974684,0.7936507936507936,0.0143010870448422,0.0142643089988476,5.01739597860983,0.0745753424657534,-0.0955443037974683,0.5,252.0,0.0243338695085226,0.0021678333951275,6.596949321375686,1.0677570898271361e-09,0.0100106757073836,0.0185914983823007,12,1,0.3260945904246055,-0.0039745478442939,0.1013889857075484,-3543.018335683926,480654.4410430331,639800.9948161799,553452.2822213456,477111.4227073492,349978.0211407895,250678.3544180329,SHIVATEX,SHIVA TEXYARN LIMITED,EQ,2025-08-20,2026-08-27,252,541093.02,3247.5,0.0039682539682539,0.0437524400010542,0,0,1.0,LOW,FULL,False,False,gap_fade_100,"{""gap_threshold"":0.01}",INTRADAY_SHORT_ALLOWED_RESEARCH,2025-08-20,2026-08-27,97.55474981870921,98.52646845540247,97.80130529369107,82.24220449601161,97.51414068165337,95.49340101522843,5,ROBUST POSITIVE,LOW LIQUIDITY,844,
426,434,INE630Y01024,104,104,460487.55383940914,356674.71026825457,4.604875538394092,3.566747102682545,0.2629742753485177,5.921569931087785,7.392680038032402,-0.0844380264176082,0.7596153846153846,0.0149732746303209,0.0153023013832782,5.077699945791942,0.0827284605961616,-0.0575240793201131,0.4126984126984127,208.0,0.0231472939387313,0.0022697789130857,6.596798720790332,1.847344602650997e-09,0.0104717034955798,0.0194748457650621,13,0,0.3031418280827254,0.0017409887971266,0.0864289086750936,3488.649940262898,353186.06032799167,460487.55383940914,405950.90877916233,356674.71026825457,271939.49912555,202803.7837434248,MEDICO,MEDICO REMEDIES LIMITED,EQ,2025-08-20,2026-08-27,252,8035014.35,177519.0,0.0,0.0516741915072001,0,0,1.0,OK,FULL,False,False,gap_fade_100,"{""gap_threshold"":0.01}",INTRADAY_SHORT_ALLOWED_RESEARCH,2025-08-20,2026-08-27,96.95721537345902,98.34082668600435,97.47643219724438,84.6874546773024,96.91370558375635,95.48861493836114,5,ROBUST POSITIVE,COMPARABLE,1050,105
427,263,INE178C01020,127,127,909653.120203522,686498.8916495512,9.09653120203522,6.864988916495513,0.374199103854126,5.710776280016916,7.993016943160657,-0.1041426648743357,0.7480314960629921,0.0168265146952262,0.0148073676132003,5.514677251870646,0.21832737483734,-0.0920326205146793,0.503968253968254,254.0,0.0310699604356331,0.002757013163986,6.103168064275345,1.1878665073852128e-08,0.0113704666944607,0.0222825626959916,13,0,0.4119317575377941,0.01856211491182,0.1324870039791335,46915.2271059826,639583.6645435686,909653.120203522,791172.6360411075,686498.8916495512,512364.63436846586,376548.7163694158,SMARTLINK,SMARTLINK HOLDINGS LTD,BE,2025-08-20,2026-08-27,252,671272.86,4654.0,0.0,0.044646214395163,0,0,1.0,LOW,FULL,False,False,gap_fade_100,"{""gap_threshold"":0.01}",INTRADAY_SHORT_ALLOWED_RESEARCH,2025-08-20,2026-08-27,98.20739666424946,98.14938361131254,98.36693255982595,80.1276287164612,98.05946337926034,95.48614938361132,5,ROBUST POSITIVE,LOW LIQUIDITY,619,
428,445,INE0OFM01015,85,85,424780.2522005176,344082.6240530156,4.247802522005176,3.440826240530156,0.3421658678524111,4.532915031658024,7.793125256462312,-0.0764923993715533,0.5882352941176471,0.0182471624201,0.009782032400589,5.468048319086236,0.13,-0.0405429902583651,0.3373015873015873,170.0,0.0341316642646769,0.0037020987775245,4.928869680862863,4.106180680039633e-06,0.0108851330030158,0.0256091918371842,5,2,1.0676427732183784,-0.0053417591658473,0.3086123592535389,-43221.0526315789,387303.6766845945,424780.2522005176,382767.9783812721,344082.6240530156,275670.59780975943,217692.67060031224,DSFCL,DCM SHRIRAM FINE CHEM LTD,BE,2026-02-17,2026-08-27,130,1949035.025,79457.5,0.0,0.0509224648379842,16,0,0.5158730158730159,OK,PARTIAL,True,True,gap_fade_100,"{""gap_threshold"":0.01}",INTRADAY_SHORT_ALLOWED_RESEARCH,2025-08-20,2026-08-27,96.88469905728789,96.7831762146483,97.57215373459029,86.44815083393763,97.13125453226976,95.4857142857143,5,ROBUST POSITIVE,LIMITED SAMPLE,1075,
429,388,INE878E01021,155,155,616089.729521737,427060.2064730689,6.16089729521737,4.2706020647306895,0.3382622782781712,5.09407167164905,9.782083686100972,-0.0790622692669965,0.5096774193548387,0.0111169825120277,0.0015643564356435,3.560645570817668,0.090760180995475,-0.0397255330781847,0.6150793650793651,310.0,0.026309072559495,0.0021131955605284,5.2607447789865445,4.731983706522061e-07,0.0069423899175078,0.0152915751065475,12,1,0.3600306275976022,-0.002410756257361,0.1007941662372452,122366.30372223612,304693.9027508328,616089.729521737,514393.7056227895,427060.2064730689,287694.03316831,185005.3834133836,SETCO,SETCO AUTOMOTIVE LTD,BE,2025-08-20,2026-08-27,252,1444025.46,83263.0,0.0,0.0413033258742062,35,1,1.0,OK,FULL,False,False,gap_fade_100,"{""gap_threshold"":0.01}",INTRADAY_SHORT_ALLOWED_RESEARCH,2025-08-20,2026-08-27,97.32849891225526,97.5286439448876,97.31399564902104,85.84771573604061,96.53662073966642,95.48513415518492,5,ROBUST POSITIVE,COMPARABLE,922,106
430,353,INE02AR01019,164,164,817932.43081844,563882.4493436709,8.1793243081844,5.638824493436709,0.3368979664534191,5.806464294771619,5.586511216157883,-0.0983265306122449,0.7195121951219512,0.0119279634950789,0.0103890894739149,4.004858163173603,0.1241904761904761,-0.0983265306122449,0.6507936507936508,328.0,0.0253686561054787,0.0019809592290254,6.0213069104641805,1.1099514546147668e-08,0.0080163126283273,0.0158396143618305,13,0,0.3584552629314823,0.015602766098127,0.1128297324938092,-36166.13418530358,600048.5835289744,817932.43081844,680702.7802500842,563882.4493436709,379836.08818951016,246588.99392295576,ANMOL,ANMOL INDIA LIMITED,EQ,2025-08-20,2026-08-27,252,430556.51,33600.5,0.0,0.04584126421751,0,0,1.0,LOW,FULL,False,False,gap_fade_050,"{""gap_threshold"":0.005}",INTRADAY_SHORT_ALLOWED_RESEARCH,2025-08-20,2026-08-27,97.81870920957215,98.25380710659898,97.77519941986948,81.57505438723713,97.92893401015228,95.48252356780276,5,ROBUST POSITIVE,LOW LIQUIDITY,753,
431,206,INE550H01011,146,146,1225398.0644226968,894431.3737676707,12.253980644226967,8.944313737676707,0.4024017174972925,5.930383387483724,7.850884088779933,-0.1125922749218235,0.6643835616438356,0.0163451812365812,0.0142027224341764,4.321443396707015,0.1262266778724937,-0.1061238525825456,0.5793650793650794,292.0,0.0316093890176779,0.0026160116486153,6.248130143163879,4.365590347514447e-09,0.0111747399977464,0.021515622475416,13,0,0.5166011411897629,0.0284714572694531,0.1492415304530483,-26846.27302461701,921277.6467922876,1225398.0644226968,1048130.6076583806,894431.3737676707,645687.833893715,458845.910104085,SUPREMEINF,SUPREME INFRA. LTD.,EQ,2025-08-20,2026-08-27,252,2114487.3,24478.0,0.0,0.0502923576443042,1,0,1.0,OK,FULL,False,False,gap_fade_100,"{""gap_threshold"":0.01}",INTRADAY_SHORT_ALLOWED_RESEARCH,2025-08-20,2026-08-27,98.58738216098622,98.34952864394488,98.68020304568527,78.03335750543873,98.62218999274836,95.48223350253808,5,ROBUST POSITIVE,COMPARABLE,488,107
432,75,INE542C01019,133,133,3053041.3218290904,2331891.4242786635,30.530413218290903,23.318914242786636,0.5650938184215393,5.955331678784538,8.137512827691674,-0.1290000000000001,0.6992481203007519,0.0253031663032414,0.0237142857142856,4.214795613643297,0.187287152637938,-0.129,0.5277777777777778,266.0,0.0458796652274711,0.0039782715117169,6.360341728491308,3.0418147332432884e-09,0.0174337520331276,0.0331725805733552,13,0,0.6723095054947756,0.0696719404644283,0.1930020992379325,-20276.996687457344,2352168.420966121,3053041.3218290904,2669264.926189209,2331891.4242786635,1774725.1231458397,1344471.7295001128,NKIND,NK INDUSTRIES LTD,EQ,2025-08-20,2026-08-27,247,38400.03,609.0,0.1214574898785425,0.0644841661897237,7,0,0.98015873015873,LOW,FULL,False,True,gap_fade_100,"{""gap_threshold"":0.01}",INTRADAY_SHORT_ALLOWED_RESEARCH,2025-08-20,2026-08-27,99.51849166062364,98.3756345177665,99.59390862944163,73.99274836838289,99.52429296591733,95.47730239303843,5,ROBUST POSITIVE,LOW LIQUIDITY,167,
433,67,INE435D01014,90,90,740286.5903412765,604629.127419732,7.402865903412765,6.04629127419732,0.3891213162726373,5.220229942212291,7.419319198628049,-0.1008016177042813,0.7666666666666667,0.0225700305151053,0.0247192249240121,6.164849144720736,0.1905373134328358,-0.0516463932107497,0.3571428571428571,180.0,0.0369241177925975,0.0038921437605652,5.798868670726495,1.0021389911911712e-07,0.0148364237674459,0.0303036372627647,5,0,0.8776387835613446,0.0,0.2786836137640766,591.7159763313248,604037.4114434007,740286.5903412765,669507.2817738206,604629.127419732,490668.3275083394,394966.8561569287,MCCHRLS-B,MAC CHARLES (INDIA) LTD.,EQ,2026-04-20,2026-08-27,91,77580.0,113.0,0.4395604395604395,0.0600891687420414,2,0,0.3611111111111111,LOW,PARTIAL,True,True,close_to_open,{},LONG_ONLY,2025-08-20,2026-08-27,97.97824510514866,97.69688179840465,98.46265409717186,80.97751994198694,97.94633792603335,95.46236403190719,5,ROBUST POSITIVE,LIMITED SAMPLE,698,
434,587,INE012Q01039,64,64,244038.32860393517,203390.2903368409,2.4403832860393515,2.033902903368409,0.2797045720184899,4.110372294478148,6.179596526711539,-0.0489487277000803,0.578125,0.0179639050541198,0.0113222797644634,6.289585849260664,0.1021666666666667,-0.0392340425531914,0.2539682539682539,128.0,0.0315011862264349,0.0039376482783043,4.562089801950383,2.3970496572760707e-05,0.0100951428573972,0.0258326672508424,5,0,0.4906908166335919,0.0,0.1622446342418966,-51725.914477073646,255116.20481391452,244038.32860393517,223085.6543018853,203390.2903368409,167478.53896772658,135758.95520700893,RNBDENIMS,R&B DENIMS LIMITED,EQ,2026-04-02,2026-08-27,101,3659828.18,331530.0,0.0,0.04314549935953,14,1,0.4007936507936508,OK,PARTIAL,True,True,gap_fade_100,"{""gap_threshold"":0.01}",INTRADAY_SHORT_ALLOWED_RESEARCH,2025-08-20,2026-08-27,95.70993473531544,96.23785351704134,96.75416968817984,91.37926033357505,96.13343002175489,95.45946337926034,5,ROBUST POSITIVE,LIMITED SAMPLE,1480,
435,586,INE910C01018,98,98,268257.1790040858,203431.17197724647,2.682571790040858,2.0343117197724645,0.1850265798510008,6.10351707673932,5.461189025507482,-0.0595470109613398,0.8163265306122449,0.0115236009160332,0.0125289236249528,5.734846254452944,0.0531107184273014,-0.0508757396449703,0.3888888888888889,196.0,0.0164179104067346,0.0016584593973593,6.948376869751329,4.262802075278128e-10,0.0082320180970096,0.0148151837350568,13,0,0.2384493943810905,0.0066732503220265,0.0713792211178478,-5154.096057599338,208585.26803484585,268257.1790040858,234292.38366377095,203431.17197724647,149920.9413200991,105768.04022989517,TTKHLTCARE,TTK HEALTHCARE LIMITED,EQ,2025-08-20,2026-08-27,252,3237425.5,3150.5,0.0,0.0329671571108693,0,0,1.0,OK,FULL,False,False,gap_fade_100,"{""gap_threshold"":0.01}",INTRADAY_SHORT_ALLOWED_RESEARCH,2025-08-20,2026-08-27,95.71283538796229,98.52936910804931,96.32487309644671,89.49963741841914,95.66062364031907,95.45612762871646,5,ROBUST POSITIVE,COMPARABLE,1479,108
436,442,INE995D01025,98,98,442133.4672083508,346999.2294625409,4.421334672083508,3.469992294625409,0.3862022413188939,4.069945781366238,6.219586292214641,-0.071174917491749,0.6428571428571429,0.0160390018654083,0.0093431442053737,4.006880567232851,0.2053728813559321,-0.071174917491749,0.3888888888888889,196.0,0.0370502453406662,0.0037426399607157,4.285478174165841,4.300597376531927e-05,0.0086108975584241,0.0234671061723925,13,0,0.4785280283612485,0.025478476052998,0.117355447130238,959.6370827031204,346039.59237983776,442133.4672083508,392296.9498556179,346999.2294625409,268418.8263206244,203536.3327849175,CHEMBOND,CHEMBOND MATERIALTECH LTD,EQ,2025-08-20,2026-08-27,252,1120344.3250000002,6958.0,0.0,0.0551405436752584,0,0,1.0,OK,FULL,False,False,gap_fade_100,"{""gap_threshold"":0.01}",INTRADAY_SHORT_ALLOWED_RESEARCH,2025-08-20,2026-08-27,96.9166062364032,96.18854242204496,97.48223350253808,87.4198694706309,96.84989122552574,95.4462654097172,5,ROBUST POSITIVE,COMPARABLE,1064,109
437,405,INE112X01025,108,108,513199.3752260454,395707.05647230585,5.1319937522604535,3.9570705647230575,0.3350804611653973,4.955666446582959,6.238551756508479,-0.0844175824175823,0.6944444444444444,0.0153754351694713,0.0145274529457623,3.826847758520164,0.1095789473684211,-0.0844175824175823,0.4285714285714285,216.0,0.0301466601725092,0.0029008637276277,5.300295571638274,6.256740127655896e-07,0.009624811156829,0.0211260591821136,10,0,0.4021184574935688,0.0,0.1283255362976304,-13360.89987471138,409067.9563470172,513199.3752260454,451361.153174264,395707.05647230585,300558.5861384935,223536.89531417345,SIKKO,SIKKO INDUSTRIES LIMITED,BE,2025-11-27,2026-08-27,185,1873791.24,385438.0,0.0,0.0525086009396838,2,2,0.7341269841269841,OK,PARTIAL,True,True,gap_fade_100,"{""gap_threshold"":0.01}",INTRADAY_SHORT_ALLOWED_RESEARCH,2025-08-20,2026-08-27,97.17476432197245,97.3691080493111,97.61566352429296,84.69615663524293,97.2356780275562,95.44220449601161,5,ROBUST POSITIVE,LIMITED SAMPLE,975,
438,275,INE218G01033,147,147,1043168.7599081066,755736.0309244766,10.431687599081066,7.557360309244766,0.4118229480759647,5.434543654102895,10.13957462818678,-0.1066315452614812,0.5918367346938775,0.0152249645515658,0.0065714285714286,3.720165743082454,0.0963415089932258,-0.0479590433015475,0.5833333333333334,294.0,0.0325542129398995,0.0026850262291582,5.670322466957471,7.384213135622625e-08,0.0099184246311284,0.0205315044720032,12,1,0.5241889792018635,-0.0248316761146561,0.1470272991652925,9360.37441497673,746375.6565094999,1043168.7599081066,889136.1756936172,755736.0309244766,540207.5302478663,378687.6706976703,PALREDTEC,PALRED TECHNOLOGIES LTD,BE,2025-08-20,2026-08-27,252,243773.005,5806.5,0.0238095238095238,0.0536235243943906,11,0,1.0,LOW,FULL,False,False,gap_fade_050,"{""gap_threshold"":0.005}",INTRADAY_SHORT_ALLOWED_RESEARCH,2025-08-20,2026-08-27,98.3698332124728,97.92603335750543,98.38433647570703,79.4836838288615,98.32052211747643,95.44118926758522,5,ROBUST POSITIVE,LOW LIQUIDITY,563,
439,578,INE0MIS01010,98,98,278167.56023696205,211608.96010094468,2.7816756023696203,2.1160896010094468,0.2229366155925951,5.218992609391272,5.785832458013303,-0.0560988458123705,0.7959183673469388,0.0118724953993924,0.0113750076020624,4.50521389797605,0.0762477341389727,-0.0560988458123705,0.3888888888888889,196.0,0.0205746822721736,0.0020783567650589,5.712443406729398,1.2208321738533142e-07,0.0077475325389436,0.0159974582598412,13,0,0.2028808740125636,0.0206124349725422,0.0535543101050812,326.0801404652448,211282.87996047945,278167.56023696205,243295.31202997308,211608.96010094468,156666.4627090271,111330.01107803476,PYRAMID,PYRAMID TECHNOPLAST LTD,EQ,2025-08-20,2026-08-27,252,4137451.385,25380.5,0.0,0.0419077334066714,0,0,1.0,OK,FULL,False,False,gap_fade_100,"{""gap_threshold"":0.01}",INTRADAY_SHORT_ALLOWED_RESEARCH,2025-08-20,2026-08-27,95.81435823060188,97.69398114575779,96.43799854967368,90.10442349528644,95.70413343002176,95.43647570703408,5,ROBUST POSITIVE,COMPARABLE,1444,110
440,208,INE336X01012,124,124,1161043.282811402,888632.5451443108,11.61043282811402,8.886325451443108,0.4395484844852004,5.444350222400485,10.119466097902992,-0.1123370379225764,0.7096774193548387,0.0192988378166354,0.0152572437739463,4.756652685357392,0.1998156424581005,-0.0675294117647058,0.492063492063492,248.0,0.0370648805021861,0.0033285245285907,5.798015802757637,5.307775515012687e-08,0.0127102276005482,0.0258874480327226,13,0,0.5756339745013097,0.0061053907742072,0.1530676501977433,-5462.698736241247,894095.243880552,1161043.282811402,1016627.7336094666,888632.5451443108,674696.701163152,506763.6872212165,TOTAL,TOTAL TRANSPORT SYS LTD,EQ,2025-08-20,2026-08-27,252,370140.715,5656.0,0.0079365079365079,0.0563816395658995,0,0,1.0,LOW,FULL,False,False,gap_fade_100,"{""gap_threshold"":0.01}",INTRADAY_SHORT_ALLOWED_RESEARCH,2025-08-20,2026-08-27,98.57577955039883,97.94053662073966,98.81653372008702,78.09717186366932,98.58448150833937,95.42683103698332,5,ROBUST POSITIVE,LOW LIQUIDITY,492,
441,144,INE867A01022,162,162,1980902.0684097167,1413387.0623994262,19.809020684097167,14.133870623994262,0.4233922434980101,6.658082017130721,9.233543792808415,-0.1265103818325984,0.6975308641975309,0.0174011128557205,0.0147522976966915,4.755053049220587,0.1081449275362319,-0.1184556962025316,0.6428571428571429,324.0,0.031625778601214,0.002484755834358,7.003148001548383,6.439570948597757e-11,0.0124941969280196,0.0223080287834214,13,0,0.472882890501076,0.0356360659099894,0.1314372412759364,-33308.229813664555,1446695.2922130907,1980902.0684097167,1674740.440037412,1413387.0623994262,999957.0477487848,698964.8861114238,MANUGRAPH,MANUGRAPH INDIA LIMITED,BE,2025-08-20,2026-08-27,251,150863.6,9340.0,0.0,0.0564612133894419,1,0,0.996031746031746,LOW,FULL,False,True,gap_fade_050,"{""gap_threshold"":0.005}",INTRADAY_SHORT_ALLOWED_RESEARCH,2025-08-20,2026-08-27,99.14720812182742,98.88614938361131,99.12980420594634,74.64539521392314,99.16751269035532,95.42030456852791,5,ROBUST POSITIVE,LOW LIQUIDITY,295,
442,458,INE05X901010,107,107,432325.1218585218,331079.91839629586,4.323251218585218,3.310799183962959,0.2936145400014968,5.134863357869973,5.685819482113315,-0.0784925373134328,0.7289719626168224,0.0140903789045937,0.014,3.905282604636767,0.0761671159029648,-0.0784925373134328,0.4246031746031746,214.0,0.0263581766700848,0.0025481411171683,5.529669769722978,2.3250214812947225e-07,0.0090384413032444,0.019142316505943,12,1,0.3284844969035552,-0.0167870097222488,0.0970494223803883,-4223.717799953534,335303.6361962494,432325.1218585218,379060.0682030608,331079.91839629586,248945.4219286417,182341.93246693772,HPIL,HINDPRAKASH INDUSTRY LTD,EQ,2025-08-20,2026-08-27,252,247249.755,1896.0,0.0198412698412698,0.04471282155403,0,0,1.0,LOW,FULL,False,False,gap_fade_100,"{""gap_threshold"":0.01}",INTRADAY_SHORT_ALLOWED_RESEARCH,2025-08-20,2026-08-27,96.77447425670775,97.57795503988397,97.30239303843365,85.96954314720813,96.76577229876723,95.41827411167512,5,ROBUST POSITIVE,LOW LIQUIDITY,1113,
443,25,INE748Z01013,163,163,6931526.504091424,5015411.62386132,69.31526504091424,50.154116238613206,0.5297737671943602,7.744457256580509,8.621920678615743,-0.1424116176187728,0.7730061349693251,0.0251706153110083,0.0248267223382044,5.633618344277064,0.1485486093391173,-0.1424116176187728,0.6468253968253969,326.0,0.0387357365471829,0.0030340170438561,8.29613510641891,3.9621170618036815e-14,0.0191792939597637,0.0311619366622528,13,0,1.0120052729492608,0.0180036628468338,0.3049285098802411,-47573.506969172966,5062985.130830493,6931526.504091424,5897895.048717505,5015411.62386132,3619126.434819488,2602275.506576323,SUMIT,SUMIT WOODS LIMITED,EQ,2025-08-20,2026-08-27,252,2632031.3,41138.5,0.0,0.0618463902959549,0,0,1.0,OK,FULL,False,False,gap_fade_100,"{""gap_threshold"":0.01}",INTRADAY_SHORT_ALLOWED_RESEARCH,2025-08-20,2026-08-27,99.84336475707035,99.43437273386512,99.84916606236403,70.83683828861493,99.84336475707035,95.41174764321974,5,ROBUST POSITIVE,COMPARABLE,55,111
444,363,INE597L01014,134,134,629884.6192589186,460300.1369837796,6.298846192589186,4.603001369837796,0.3460383010852486,5.162892630581589,6.748802978307481,-0.0913684692308548,0.753731343283582,0.0133325268251642,0.0124445390473488,3.783515694636168,0.1936338028169013,-0.0784912280701755,0.5317460317460317,268.0,0.0285111555118719,0.0024629887023546,5.413149809586341,2.798453036242696e-07,0.0084608305778676,0.0182042230724607,12,1,0.2775591934769215,-0.0438370573976479,0.0932430053097152,-22828.86334610473,483129.0003298844,629884.6192589186,539537.206282825,460300.1369837796,329892.66487675044,229663.7763896585,LOVABLE,LOVABLE LINGERIE LTD,EQ,2025-08-20,2026-08-27,252,885167.88,11593.5,0.0,0.043613060657793,0,0,1.0,LOW,FULL,False,False,gap_fade_100,"{""gap_threshold"":0.01}",INTRADAY_SHORT_ALLOWED_RESEARCH,2025-08-20,2026-08-27,97.48803480783175,97.60696156635244,97.65627266134881,83.21102248005802,97.52574329224075,95.41145757795505,5,ROBUST POSITIVE,LOW LIQUIDITY,867,
445,344,INE02AR01019,118,118,644081.5281270953,489820.78035404906,6.440815281270953,4.89820780354049,0.3169509662649127,5.775256126224258,4.337944710598576,-0.0983265306122448,0.7711864406779662,0.0155124831324926,0.0151649118978778,5.370976429769577,0.1241904761904761,-0.0983265306122449,0.4682539682539682,236.0,0.0269472811234781,0.0024806983023644,6.253272765054533,6.783415988536351e-09,0.0105995901366005,0.0204253761283848,13,0,0.3636324089555605,0.0217827391159137,0.1022601406328467,-36166.13418530358,525986.9145393526,644081.5281270953,562514.1334616116,489820.78035404906,367326.50467109424,270101.4318463194,ANMOL,ANMOL INDIA LIMITED,EQ,2025-08-20,2026-08-27,252,430556.51,33600.5,0.0,0.04584126421751,0,0,1.0,LOW,FULL,False,False,gap_fade_100,"{""gap_threshold"":0.01}",INTRADAY_SHORT_ALLOWED_RESEARCH,2025-08-20,2026-08-27,97.60696156635244,98.21609862218999,97.89702683103698,81.57795503988397,97.67367657722987,95.39579405366207,5,ROBUST POSITIVE,LOW LIQUIDITY,826,
446,452,INE047B01011,133,133,465419.40110308514,334704.4058242628,4.654194011030851,3.347044058242628,0.3084547101047611,4.929799117238839,6.3537205421149,-0.0772316388143201,0.6917293233082706,0.0114332312600196,0.0132808988764043,3.0185901134849527,0.0812323232323232,-0.0532222222222222,0.5277777777777778,266.0,0.0256073033488254,0.0022204348026394,5.149095684515771,9.285847790186284e-07,0.0070409917483913,0.0158254707716479,12,1,0.2518795826977578,-0.026350495249903,0.0988449205739579,-12921.954051588167,347626.35987585096,465419.40110308514,395804.6595192872,334704.4058242628,234034.3204653817,156543.46355004617,GILLANDERS,GILLANDERS ARBUTHNOT LTD,EQ,2025-08-20,2026-08-27,252,599041.95,6104.5,0.0,0.0494761862328765,0,0,1.0,LOW,FULL,False,False,gap_fade_100,"{""gap_threshold"":0.01}",INTRADAY_SHORT_ALLOWED_RESEARCH,2025-08-20,2026-08-27,96.82378535170413,97.33430021754896,97.02393038433648,86.2741116751269,96.87309644670052,95.39332849891227,5,ROBUST POSITIVE,LOW LIQUIDITY,1096,
447,75,INE529D01014,251,251,1009724.2224961432,574576.0646751372,10.09724222496143,5.745760646751371,0.2903096055047895,6.741840990866493,11.291664117185668,-0.1002136104005491,0.6175298804780877,0.0077976940176672,0.0071743119266054,3.6118197290942886,0.1376103896103895,-0.051443757725587,0.996031746031746,502.0,0.018317713959879,0.0011562038529022,6.744220751465268,1.060532410920798e-10,0.0055205523869098,0.0100748356484246,12,1,0.343012739364865,-0.0083908084980452,0.0952933355713831,-15394.566623544524,589970.6312986817,1009724.2224961432,765319.7287716274,574576.0646751372,309653.87296245,148525.96359782194,PATINTLOG,PATEL INT. LOG. LTD,BE,2025-08-20,2026-08-27,252,1072153.14,78792.5,0.0,0.0444540136776462,1,0,1.0,OK,FULL,False,False,close_to_open,{},LONG_ONLY,2025-08-20,2026-08-27,97.86802030456853,98.94416243654823,96.92530819434373,81.12255257432922,97.8912255257433,95.38752719361858,5,ROBUST POSITIVE,COMPARABLE,736,112
448,186,INE363M01019,168,168,1612900.3291875613,1130410.6741849382,16.129003291875613,11.304106741849385,0.414697904390654,6.283832161668313,8.378761167516267,-0.1216936437668739,0.75,0.0155112620773002,0.0129780195632106,4.244490050688863,0.1487494646680943,-0.0973548387096774,0.6666666666666666,336.0,0.0307411791479335,0.0023717334621554,6.540052803068073,7.187281298969404e-10,0.0108288175851685,0.0201937065694319,13,0,0.5050913480938504,0.0635004093165136,0.1439990977513408,12213.207711768278,1118197.46647317,1612900.3291875613,1351865.856100978,1130410.6741849382,783251.3778221699,533626.9914384659,SHEMAROO,SHEMAROO ENTER. LTD.,BE,2025-08-20,2026-08-27,252,940645.895,8915.0,0.0,0.0475357535206299,0,0,1.0,LOW,FULL,False,False,gap_fade_050,"{""gap_threshold"":0.005}",INTRADAY_SHORT_ALLOWED_RESEARCH,2025-08-20,2026-08-27,98.90065264684554,98.67440174039159,98.88324873096447,75.82306018854243,98.88034807831762,95.38622189992749,5,ROBUST POSITIVE,LOW LIQUIDITY,380,
449,299,INE278B01020,137,137,832614.4605249809,611988.7214077212,8.326144605249809,6.119887214077211,0.3355976323192043,6.035245530813244,6.959018235148731,-0.1055334493660327,0.7372262773722628,0.0147840446029633,0.0139755268524812,4.747005193609474,0.1200338983050848,-0.0682209487424387,0.5436507936507936,274.0,0.0269140800762503,0.0022994250413546,6.429452727127682,2.008805723471125e-09,0.0102367918325794,0.0193312973733473,12,1,0.5920251682539939,-0.0208402062173705,0.1657689143438013,5607.476635513813,606381.2447722073,832614.4605249809,714922.8990078884,611988.7214077212,443265.9559568761,314304.22027052403,RAMANEWS,SHREE RAMA NEWSPRINT LTD,EQ,2025-08-20,2026-08-27,252,898382.775,29612.5,0.0,0.0544839842410828,2,0,1.0,LOW,FULL,False,False,gap_fade_100,"{""gap_threshold"":0.01}",INTRADAY_SHORT_ALLOWED_RESEARCH,2025-08-20,2026-08-27,98.00725163161711,98.46555474981871,98.12617839013778,79.8085569253082,97.95213923132705,95.38187092095723,5,ROBUST POSITIVE,LOW LIQUIDITY,688,
450,154,INE236A01020,251,251,617682.8689996662,335893.98962443,6.176828689996662,3.3589398962443,0.2483850880281185,6.067408165213053,9.475690667870216,-0.0754260879694568,0.5697211155378487,0.0060041980526652,0.002724409448819,3.2834481878717714,0.0712484076433119,-0.0690778720123362,0.996031746031746,502.0,0.0156734709092828,0.0009893007115055,6.06913346249168,4.740475601369263e-09,0.0040557718907453,0.007952624214585,12,1,0.2415446841901516,-0.0108424384280665,0.0672015122884722,-24878.387769284356,360772.3773937143,617682.8689996662,459384.61496755295,335893.98962443,164483.16053877684,60318.00318440283,HCL-INSYS,HCL INFOSYSTEMS LTD,EQ,2025-08-20,2026-08-27,252,2956315.365,213346.5,0.0,0.0438014046702319,0,0,1.0,OK,FULL,False,False,close_to_open,{},LONG_ONLY,2025-08-20,2026-08-27,96.82958665699782,98.497461928934,95.35315445975344,86.66569978245106,96.97751994198694,95.37287889775199,5,ROBUST POSITIVE,COMPARABLE,1094,113
451,53,INE835A01029,160,160,4104318.086333191,2974067.1213134485,41.04318086333191,29.740671213134487,0.4787417280148105,7.440788128807749,6.453941203909124,-0.1391527777777776,0.81875,0.0222638485411094,0.0201291573148337,5.374305902157234,0.131903133903134,-0.1391527777777776,0.6349206349206349,320.0,0.0354069067666227,0.0027991617570938,7.953755614403623,3.177851634891388e-13,0.0167355146719457,0.0277921824102731,12,1,0.5361160944170877,-0.0527014264449207,0.1779819703386929,-42211.53846153855,3016278.659774987,4104318.086333191,3495321.7526846905,2974067.1213134485,2146281.348352693,1540389.3063533176,VARDMNPOLY,VARDHMAN POLYTEX LTD.,EQ,2025-08-20,2026-08-27,252,1858819.25,250538.5,0.0,0.0600450918695693,0,0,1.0,OK,FULL,False,False,gap_fade_100,"{""gap_threshold"":0.01}",INTRADAY_SHORT_ALLOWED_RESEARCH,2025-08-20,2026-08-27,99.64612037708484,99.27773749093546,99.66352429296592,71.60116026105874,99.64612037708484,95.36918056562727,5,ROBUST POSITIVE,COMPARABLE,123,114
452,225,INE529D01014,141,141,1104217.576321199,812494.3023987539,11.04217576321199,8.124943023987539,0.285323855304135,7.924288432490733,7.139053250570381,-0.1201950050452126,0.8014184397163121,0.016035379617732,0.0166567164179104,7.378939738204189,0.0747366720516963,-0.1050927835051547,0.5595238095238095,282.0,0.0215666454202922,0.0018162391871659,8.828891993434796,3.8914783651925296e-15,0.0124445771769834,0.0196261820584805,13,0,0.4262898770387588,0.0114165634192449,0.1110820766005962,-15394.566623544524,827888.8690222985,1104217.576321199,948328.0426401384,812494.3023987539,591063.1881618637,423078.43561071856,PATINTLOG,PATEL INT. LOG. LTD,BE,2025-08-20,2026-08-27,252,1072153.14,78792.5,0.0,0.0444540136776462,1,0,1.0,OK,FULL,False,False,gap_fade_100,"{""gap_threshold"":0.01}",INTRADAY_SHORT_ALLOWED_RESEARCH,2025-08-20,2026-08-27,98.48585931834663,99.52719361856418,98.55547498187092,76.20594633792604,98.48005801305294,95.36490210297316,5,ROBUST POSITIVE,COMPARABLE,523,115
453,191,INE597L01014,251,251,509251.6157577316,269914.69237862504,5.092516157577316,2.6991469237862504,0.2581730082705906,5.207215535825316,10.099957826050838,-0.0528443316487274,0.5617529880478087,0.0053560258948102,0.0030852844580995,2.4360832163842745,0.0659928256970487,-0.0379979502946451,0.996031746031746,502.0,0.0162923579376964,0.001028364514354,5.208295132757278,3.983866683752536e-07,0.0033306636359395,0.007381388153681,13,0,0.2965784489362404,0.0155551101407964,0.0843299725110621,-22828.86334610473,292743.5557247298,509251.6157577316,374791.5650047634,269914.69237862504,124375.14057411213,35961.026919919794,LOVABLE,LOVABLE LINGERIE LTD,EQ,2025-08-20,2026-08-27,252,885167.88,11593.5,0.0,0.043613060657793,0,0,1.0,LOW,FULL,False,False,close_to_open,{},LONG_ONLY,2025-08-20,2026-08-27,96.31036983321248,97.67947788252357,94.2799129804206,90.71211022480058,96.43509789702684,95.36330674401741,5,ROBUST POSITIVE,LOW LIQUIDITY,1273,
454,639,INE209A01019,132,132,295734.11707359954,204657.1157462828,2.957341170735996,2.046571157462828,0.1985475625511454,5.720875518674881,8.5503448740793,-0.0585596306640068,0.7121212121212122,0.0086050446203895,0.0083687098222431,3.9086183710235582,0.0572396741460626,-0.0350172413793102,0.5238095238095238,264.0,0.0162542611396329,0.0014147518392395,6.082370336422307,1.2147375548800668e-08,0.0058063280085858,0.0114037612321932,12,1,0.2186421061665504,-0.0229011976535489,0.0638944768988361,-23343.664113209717,228000.7798594925,295734.11707359954,247244.6410430241,204657.1157462828,134419.41253209967,80280.7418107067,SUNDROP,SUNDROP BRANDS LIMITED,EQ,2025-08-20,2026-08-27,252,8626877.2,12171.0,0.0,0.0321316848323467,0,0,1.0,OK,FULL,False,False,gap_fade_050,"{""gap_threshold"":0.005}",INTRADAY_SHORT_ALLOWED_RESEARCH,2025-08-20,2026-08-27,95.72443799854967,98.15518491660625,95.87817258883248,89.66352429296592,95.85206671501088,95.35772298767223,5,ROBUST POSITIVE,COMPARABLE,1475,116
455,274,INE368I01016,145,145,912386.7714829624,660686.7249923047,9.123867714829624,6.606867249923047,0.4227349183163781,5.024539313218926,6.362759808199083,-0.1037234626581464,0.6827586206896552,0.0146486083872485,0.0148869309838471,3.346512231834984,0.1560071174377222,-0.1019999999999999,0.5753968253968254,290.0,0.0338280386953155,0.0028092657059633,5.214390492203425,6.290334326411837e-07,0.0090958838395822,0.0202013329349147,13,0,0.4471114131694504,0.0328053425840373,0.1320616737327348,-41370.81879745536,702057.5437897601,912386.7714829624,777620.5284351393,660686.7249923047,471241.482705562,328733.2728433614,NIRAJ,NIRAJ CEMENT STRUC LTD,EQ,2025-08-20,2026-08-27,252,1636142.63,51631.5,0.0,0.05619275838382,4,0,1.0,OK,FULL,False,False,gap_fade_100,"{""gap_threshold"":0.01}",INTRADAY_SHORT_ALLOWED_RESEARCH,2025-08-20,2026-08-27,98.14938361131254,97.43872371283538,98.18709209572154,80.26395939086295,98.22480058013053,95.34706308919507,5,ROBUST POSITIVE,COMPARABLE,639,117
456,495,INE0ECP01024,134,134,462473.76301664754,331573.5886503211,4.624737630166475,3.3157358865032114,0.2983329363840586,5.061264483059701,6.65327842390684,-0.0798129521001385,0.6940298507462687,0.0112682230973697,0.0095672782874617,3.5371643661271315,0.1093710809546091,-0.0685521683125804,0.5317460317460317,268.0,0.0246299398552167,0.0021277027364889,5.295957421178107,4.768318932458269e-07,0.0070597095029685,0.0154767366917708,12,1,0.2768898981136947,-0.0311243615245382,0.0832537329496792,-32926.82926829264,364500.41791861376,462473.76301664754,392727.7368315935,331573.5886503211,230962.98635575263,153673.4796261924,HMAAGRO,HMA AGRO INDUSTRIES LTD,EQ,2025-08-20,2026-08-27,252,5145246.865,203161.5,0.0,0.0401838386589045,0,0,1.0,OK,FULL,False,False,gap_fade_050,"{""gap_threshold"":0.005}",INTRADAY_SHORT_ALLOWED_RESEARCH,2025-08-20,2026-08-27,96.78027556200145,97.47933284989122,96.98622189992749,85.69108049311095,97.0065264684554,95.34314720812183,5,ROBUST POSITIVE,COMPARABLE,1111,118
457,298,INE439T01012,135,135,829394.2017725797,612363.9852463419,8.293942017725797,6.123639852463419,0.3489611309871883,5.820306301138406,5.73981351738107,-0.1059665866728948,0.7555555555555555,0.015044893848423,0.0153681406499732,4.014747440164015,0.1155081030599352,-0.08214725216934,0.5357142857142857,270.0,0.0282715272524972,0.0024332256493504,6.18310671369063,7.087001273952703e-09,0.010232397483941,0.0198573902129051,12,1,0.499661798457367,-0.0102041264584369,0.1418407902345401,1725.2587888181006,610638.7264575238,829394.2017725797,713728.2998297435,612363.9852463419,445727.4431873569,317850.1589836412,NITIRAJ,NITIRAJ ENGINEERS LTD,EQ,2025-08-20,2026-08-27,252,473425.415,2422.0,0.0039682539682539,0.0545953287187221,0,0,1.0,LOW,FULL,False,False,gap_fade_100,"{""gap_threshold"":0.01}",INTRADAY_SHORT_ALLOWED_RESEARCH,2025-08-20,2026-08-27,98.01015228426397,98.26831036983322,98.13488034807831,79.7070340826686,97.96374184191443,95.33197969543147,5,ROBUST POSITIVE,LOW LIQUIDITY,687,
458,235,INE871K01015,125,125,1016519.7959483588,773433.4196847973,10.165197959483589,7.734334196847973,0.3188028528877793,6.983691012660518,7.279968873789114,-0.1177577459436062,0.808,0.0178113649481833,0.0184640670319046,5.868289074681459,0.0793422818791946,-0.0807931034482758,0.496031746031746,250.0,0.025597187653318,0.0022894820650255,7.779648165964098,2.435807374634389e-12,0.0132798386196125,0.0223428912767541,13,0,0.3899535803937861,0.013031554790591,0.1043873623793991,91.09542245489138,773342.3242623424,1016519.7959483588,887584.6173324664,773433.4196847973,582940.9684339659,433734.997858025,HMVL,HINDUSTAN MEDIA VENT LTD,BE,2025-08-20,2026-08-27,252,1715679.515,22150.0,0.0,0.0429977020277404,0,0,1.0,OK,FULL,False,False,gap_fade_100,"{""gap_threshold"":0.01}",INTRADAY_SHORT_ALLOWED_RESEARCH,2025-08-20,2026-08-27,98.4017403915881,99.07759245830312,98.59898477157361,76.80638143582306,98.37273386511966,95.33125453226977,5,ROBUST POSITIVE,COMPARABLE,552,119
459,349,INE719F01016,84,84,689123.5164403373,569625.2494746697,6.891235164403373,5.696252494746697,0.4163579569026813,4.780837403007239,6.307508854868779,-0.0985583275563536,0.6666666666666666,0.0236969011119049,0.0126877409406321,7.074225646051637,0.1849090909090909,-0.0813154761904761,0.3333333333333333,168.0,0.0412485298655587,0.0045005835812992,5.265295196465136,1.0800455151429405e-06,0.0147454213813839,0.0326483808424259,9,1,0.6472689562671181,-0.040048055918809,0.2057965951935107,38026.023420390906,531599.2260542788,689123.5164403373,626952.1999130565,569625.2494746697,468039.8042437006,381709.5749584548,SHIVAUM,SHIV AUM STEELS LIMITED,EQ,2025-11-14,2026-08-27,176,23156.0,70.0,0.5625,0.0431438629253087,39,0,0.6984126984126984,LOW,PARTIAL,True,True,gap_fade_050,"{""gap_threshold"":0.005}",INTRADAY_SHORT_ALLOWED_RESEARCH,2025-08-20,2026-08-27,97.84481508339377,97.108049311095,98.39883973894126,81.52574329224075,97.69398114575779,95.33023930384336,5,ROBUST POSITIVE,LIMITED SAMPLE,744,
460,78,INE087B01017,155,155,3117372.5459011327,2274993.046885273,31.17372545901133,22.749930468852728,0.4187663230979787,7.814924108276124,13.134157787316347,-0.1388418866933829,0.7741935483870968,0.021113722800726,0.0205728687267148,5.691924429791318,0.1191267605633803,-0.0625616605616605,0.6150793650793651,310.0,0.031008204568104,0.0024906389263663,8.477231515661327,1.7511506891784142e-14,0.0161934953443368,0.0260339502571152,13,0,0.6279200536821843,0.1152130560121496,0.172270536967949,-49951.566031643546,2324944.6129169166,3117372.5459011327,2664484.458546949,2274993.046885273,1652122.1489800273,1191833.2037135789,ANIKINDS,ANIK INDUSTRIES LTD,EQ,2025-08-20,2026-08-27,252,550163.805,11204.5,0.0,0.0629094091015574,0,0,1.0,LOW,FULL,False,False,gap_fade_100,"{""gap_threshold"":0.01}",INTRADAY_SHORT_ALLOWED_RESEARCH,2025-08-20,2026-08-27,99.5039883973894,99.46627991298041,99.52429296591733,71.65482233502539,99.5155910079768,95.32545322697607,5,ROBUST POSITIVE,LOW LIQUIDITY,172,
461,72,INE543V01017,159,159,3681625.545677158,2670141.4829041017,36.81625545677158,26.701414829041017,0.4142622907320729,8.271741633087375,12.819333296850877,-0.1414266538578675,0.779874213836478,0.0215513876557649,0.0212423009877977,6.460083761104233,0.1096838487972509,-0.0609743589743589,0.6309523809523809,318.0,0.0301555309863996,0.0023914891666936,9.011701978796957,6.332986033447585e-16,0.0168279763606693,0.0262747989508606,12,1,0.5890010959581795,-0.0872888637617771,0.1938517179253841,-27643.63030807665,2697785.1132121785,3681625.545677158,3136855.7305364525,2670141.4829041017,1927962.922240157,1383718.9952442944,ACEINTEG,ACE INTEGRATED SOLU. LTD.,EQ,2025-08-20,2026-08-27,252,70296.475,3459.5,0.0039682539682539,0.0637961368919066,0,0,1.0,LOW,FULL,False,False,gap_fade_050,"{""gap_threshold"":0.005}",INTRADAY_SHORT_ALLOWED_RESEARCH,2025-08-20,2026-08-27,99.58230601885424,99.62581580855692,99.59970993473532,71.05438723712835,99.5852066715011,95.31588107324148,5,ROBUST POSITIVE,LOW LIQUIDITY,145,
462,345,INE773I01017,119,119,643779.6087359822,488406.1599588386,6.437796087359822,4.884061599588386,0.3070581776332225,5.942509618779189,6.227201395042193,-0.1012094906750288,0.7899159663865546,0.0153335812950439,0.0128529411764706,4.845124915560477,0.0803298429319372,-0.0798313253012048,0.4722222222222222,238.0,0.0258980755095438,0.0023740726895521,6.458766558633144,2.457167759481524e-09,0.0106322710302435,0.0200348915598444,13,0,0.3967433246617997,0.0212856852601575,0.1061084878572658,-26712.099206792453,515118.259165631,643779.6087359822,561585.2358016544,488406.1599588386,365274.48022863374,267738.8707713408,ALKALI,ALKALI METALS LTD,BE,2025-08-20,2026-08-27,252,436151.515,5962.0,0.0,0.0448149831789622,0,0,1.0,LOW,FULL,False,False,gap_fade_100,"{""gap_threshold"":0.01}",INTRADAY_SHORT_ALLOWED_RESEARCH,2025-08-20,2026-08-27,97.60116026105874,98.3698332124728,97.8796229151559,80.87164612037708,97.63886874546773,95.30870195794054,5,ROBUST POSITIVE,LOW LIQUIDITY,828,
463,302,INE00SW01015,103,103,216247.384599402,157900.9267866641,2.16247384599402,1.579009267866641,0.2139752848698105,4.539170637330956,8.089285885627447,-0.0332116638080004,0.6310679611650486,0.0094298090310249,0.0065063797848388,4.7247195267125885,0.0994786894752102,-0.0258420464423196,0.4087301587301587,206.0,0.0198495213326424,0.0019558314526599,4.821381217793791,4.991780521278102e-06,0.0055504266182567,0.0133091914437931,6,0,0.2682871391944452,0.0,0.1029839085178951,-3956.834532374036,161857.7613190381,216247.384599402,185602.4006598438,157900.9267866641,110234.0549864692,71307.64144453799,BCPL,BCPL RAILWAY INFRA LTD,EQ,2026-03-27,2026-08-27,104,1272564.8050000002,17000.0,0.0,0.0510183002877308,0,0,0.4126984126984127,OK,PARTIAL,True,True,close_to_open,{},LONG_ONLY,2025-08-20,2026-08-27,95.09789702683103,96.788977519942,95.65772298767222,93.5663524292966,95.03988397389412,95.30674401740391,5,ROBUST POSITIVE,LIMITED SAMPLE,1691,
464,78,INE258Y01016,203,203,3731641.466551413,2470050.125092589,37.31641466551413,24.70050125092589,0.4698112428873315,7.186388515637588,9.293089908454974,-0.1380928008140595,0.7241379310344828,0.0166317542876992,0.0167194292229047,3.983854436024705,0.1051428571428572,-0.1003827493261455,0.8055555555555556,406.0,0.0321604964887363,0.0022572243454789,7.368232723969835,4.330943952825347e-12,0.0121810103711622,0.0210824982042361,13,0,0.7137048237913604,0.006874709572106,0.2129001628542054,-37225.13780471702,2507275.2628973057,3731641.466551413,3038382.8749607294,2470050.125092589,1622487.4979986125,1053524.8745764068,LGHL,LAXMI GOLDORNA HOUSE LTD,EQ,2025-08-20,2026-08-27,252,13105123.05,45447.5,0.0,0.0547196551722712,0,1,1.0,OK,FULL,False,False,gap_fade_050,"{""gap_threshold"":0.005}",INTRADAY_SHORT_ALLOWED_RESEARCH,2025-08-20,2026-08-27,99.55329949238578,99.17911530094271,99.46918056562727,71.83176214648296,99.55329949238578,95.30340826686003,5,ROBUST POSITIVE,COMPARABLE,155,120
465,197,INE828A01016,170,170,1508263.3874909475,1050528.424562911,15.082633874909476,10.50528424562911,0.3666864926216747,6.872110586131796,10.489335315257469,-0.1243046464089584,0.7058823529411765,0.0148230007513938,0.0147481216738101,4.881590813704394,0.1188280254777069,-0.0673900709219859,0.6746031746031746,340.0,0.026842846318708,0.0020587523327459,7.199992206747352,1.888057245817345e-11,0.0107588168502473,0.0188871846525403,13,0,0.5224095160055708,0.0439291317421426,0.119338891504975,831.3953488373227,1049697.0292140737,1508263.3874909475,1260388.9991252553,1050528.424562911,722527.0402155648,487644.30443529226,BIL,BHARTIYA INTERNATIONAL,EQ,2025-08-20,2026-08-27,252,2472934.9,3279.0,0.0,0.0499230755981519,0,0,1.0,OK,FULL,False,False,gap_fade_050,"{""gap_threshold"":0.005}",INTRADAY_SHORT_ALLOWED_RESEARCH,2025-08-20,2026-08-27,98.82523567802755,99.01377810007251,98.74691805656272,75.18056562726613,98.80203045685279,95.29593908629442,5,ROBUST POSITIVE,COMPARABLE,406,121
466,259,INE828O01033,169,169,1161809.915769189,804056.653082655,11.618099157691889,8.04056653082655,0.3597752489761935,6.322918123356022,10.49192755764973,-0.1158220429990382,0.7396449704142012,0.0134605292431153,0.0147213114754098,3.495825022118344,0.0915977146698034,-0.0529647959935188,0.6706349206349206,338.0,0.0265965550961003,0.0020458888535461,6.579306211959647,5.755797100145356e-10,0.0094215657657305,0.0174994927205001,12,1,0.3778102577135525,-0.0259345895602225,0.1216857592293972,9388.928828181291,794667.7242544738,1161809.915769189,968145.7671410209,804056.653082655,547307.9349567998,363168.1128573059,MITCON,MITCON CON & ENG SER LTD,BE,2025-08-20,2026-08-27,252,360715.54,5396.0,0.0079365079365079,0.0564059148381934,1,0,1.0,LOW,FULL,False,False,gap_fade_050,"{""gap_threshold"":0.005}",INTRADAY_SHORT_ALLOWED_RESEARCH,2025-08-20,2026-08-27,98.47425670775924,98.69760696156635,98.32632342277012,77.25598259608411,98.4133430021755,95.29441624365484,5,ROBUST POSITIVE,LOW LIQUIDITY,527,
467,303,INE01II01013,172,172,1005383.7388451633,687020.1422810666,10.053837388451631,6.870201422810666,0.3799661784769746,5.638740312329624,6.766812433283,-0.1077953310339303,0.7209302325581395,0.0124565733017438,0.0129010117799954,3.379184666247717,0.1017037037037037,-0.0941929123367972,0.6825396825396826,344.0,0.0281317716779158,0.0021450274809027,5.8071858811345765,3.025889796654337e-08,0.0082224307247165,0.0166907158787712,11,2,0.4321301419769974,-0.0127014330312251,0.1524510445963643,24399.260628465752,662620.8816526008,1005383.7388451633,832794.3520673051,687020.1422810666,459972.18890721526,298156.4389026944,SILGO,SILGO RETAIL LIMITED,EQ,2025-08-20,2026-08-27,252,13909340.82,189751.5,0.0,0.0488332165308237,1,0,1.0,OK,FULL,False,False,gap_fade_050,"{""gap_threshold"":0.005}",INTRADAY_SHORT_ALLOWED_RESEARCH,2025-08-20,2026-08-27,98.2102973168963,98.09137055837563,98.05656272661348,79.2284263959391,98.12907904278462,95.29224075416968,5,ROBUST POSITIVE,COMPARABLE,618,122
468,474,INE910C01018,156,156,512241.7498975888,349612.2106845113,5.122417498975888,3.496122106845113,0.215159540754377,7.113594324297156,9.1826223426891,-0.0916592307915058,0.75,0.0098112672303123,0.0110286572227766,4.651221110931496,0.0531107184273014,-0.0508757396449703,0.6190476190476191,312.0,0.0161423649165497,0.0012924235460675,7.591371466548163,2.7694336574569718e-12,0.0072582303895484,0.0123643040710761,13,0,0.2770646881108705,0.0073039737737765,0.0746138626606637,-5154.096057599338,354766.30674211064,512241.7498975888,424703.1834852622,349612.2106845113,229979.7500103528,142030.14416166386,TTKHLTCARE,TTK HEALTHCARE LIMITED,EQ,2025-08-20,2026-08-27,252,3237425.5,3150.5,0.0,0.0329671571108693,0,0,1.0,OK,FULL,False,False,gap_fade_050,"{""gap_threshold"":0.005}",INTRADAY_SHORT_ALLOWED_RESEARCH,2025-08-20,2026-08-27,96.92820884699057,99.14430746918057,96.85279187817258,83.15010877447425,96.9369108049311,95.29137055837563,5,ROBUST POSITIVE,COMPARABLE,1060,123
469,157,INE319B01014,145,145,1692676.226234302,1248537.986462108,16.92676226234302,12.48537986462108,0.3895662805685329,6.9035641601167255,6.863866350266473,-0.1288605836597776,0.8,0.0185475573277441,0.0191216314639476,5.379894209771043,0.1150454545454545,-0.1010654205607476,0.5753968253968254,290.0,0.0300439168483724,0.0024950114913589,7.433856474000394,8.64107794584802e-12,0.0136159798249933,0.0234791348304949,12,1,0.4003109538891165,-0.097559487012218,0.1316537809749104,-57186.29076838043,1305724.2772304884,1692676.226234302,1454937.3381354765,1248537.986462108,913867.185472594,661823.8160903545,BYKE,THE BYKE HOSPITALITY LTD,BE,2025-08-20,2026-08-27,252,2550689.955,52266.5,0.0,0.0547803053122231,0,0,1.0,OK,FULL,False,False,gap_fade_100,"{""gap_threshold"":0.01}",INTRADAY_SHORT_ALLOWED_RESEARCH,2025-08-20,2026-08-27,98.9992748368383,99.03118201595359,99.06308919506888,74.03335750543873,99.04858593183467,95.28339376359682,5,ROBUST POSITIVE,COMPARABLE,346,124
470,196,INE108E01023,251,251,495687.8586960856,261675.43527159467,4.9568785869608565,2.616754352715947,0.1767641306446507,7.378830890682764,13.343014532881634,-0.0659855279489164,0.6055776892430279,0.0051964646516551,0.0052463768115942,3.618913485342545,0.048,-0.0360909090909091,0.996031746031746,502.0,0.0111525192641589,0.0007039407739977,7.381962863358271,2.311238741658905e-12,0.0038100544282034,0.0065828748751068,12,1,0.1953135167935684,-0.0119313813446081,0.0562658978848896,-38190.95477386946,299866.39004546416,495687.8586960856,364218.81116921344,261675.43527159467,119375.2269301868,32929.91760250178,SUNDARAM,SUNDARAM MULTI PAP LTD,EQ,2025-08-20,2026-08-27,252,595033.195,388139.0,0.0,0.0508321267222179,0,0,1.0,LOW,FULL,False,False,close_to_open,{},LONG_ONLY,2025-08-20,2026-08-27,96.23495286439449,99.2545322697607,94.06526468455402,88.36258158085569,96.49311094996375,95.27570703408269,5,ROBUST POSITIVE,LOW LIQUIDITY,1299,
471,74,INE835A01029,187,187,3839836.7392207617,2628693.636756379,38.39836739220762,26.28693636756379,0.5025540334781177,6.871973429402595,6.784060215043523,-0.1391527777777776,0.7754010695187166,0.0184681174593621,0.0186677265500794,4.05628882459191,0.131903133903134,-0.1391527777777776,0.7420634920634921,374.0,0.0355530084873416,0.002599893470155,7.10341314802432,2.5082541470303003e-11,0.0133390473250728,0.0235971875936515,12,1,0.556400057765984,-0.071362761567456,0.1894235316692317,-42211.53846153855,2670905.1752179177,3839836.7392207617,3179108.0002589007,2628693.636756379,1788499.8750230328,1206061.2049008915,VARDMNPOLY,VARDHMAN POLYTEX LTD.,EQ,2025-08-20,2026-08-27,252,1858819.25,250538.5,0.0,0.0600450918695693,0,0,1.0,OK,FULL,False,False,gap_fade_050,"{""gap_threshold"":0.005}",INTRADAY_SHORT_ALLOWED_RESEARCH,2025-08-20,2026-08-27,99.57650471356055,99.01087744742567,99.53009427121103,71.60116026105874,99.57650471356055,95.2577955039884,5,ROBUST POSITIVE,COMPARABLE,147,125
472,268,INE278B01020,166,166,1122126.2064028347,780849.3292338803,11.221262064028348,7.808493292338802,0.3516863011070277,6.384558165652066,8.294202018519332,-0.1168160619394508,0.7349397590361446,0.0135262749727761,0.0128629723942132,4.476285696150663,0.1200338983050848,-0.0682209487424387,0.6587301587301587,332.0,0.0261496407206989,0.0020296057392402,6.664483998670463,3.7959533022612165e-10,0.0095189287901351,0.0175336211554172,12,1,0.6018862274574239,-0.0208402062173705,0.1599203178962743,5607.476635513813,775241.8525983664,1122126.2064028347,937633.376384013,780849.3292338803,534462.4451992405,356696.6430652135,RAMANEWS,SHREE RAMA NEWSPRINT LTD,EQ,2025-08-20,2026-08-27,252,898382.775,29612.5,0.0,0.0544839842410828,2,0,1.0,LOW,FULL,False,False,gap_fade_050,"{""gap_threshold"":0.005}",INTRADAY_SHORT_ALLOWED_RESEARCH,2025-08-20,2026-08-27,98.41624365482234,98.72661348803481,98.30891950688905,77.03263234227701,98.37853517041334,95.2417693981146,5,ROBUST POSITIVE,LOW LIQUIDITY,547,
473,339,INE540A01017,124,124,666815.2170555738,500608.6085393698,6.6681521705557385,5.006086085393698,0.3544559990857536,5.246506468598568,11.801519439728642,-0.0987761470682724,0.4758064516129032,0.0149972233228788,-0.0004589484589483,5.1679676836176505,0.1017037037037037,-0.0341428571428572,0.492063492063492,248.0,0.0300371457225862,0.0026974153147636,5.559849549602165,1.59851387922272e-07,0.0096578550991431,0.0203365915466144,10,2,0.5995103340795014,-0.0497890199683113,0.2173196929224652,48240.21218093802,452368.3963584318,666815.2170555738,578683.4965583553,500608.6085393698,370200.1474117704,267928.57368409605,GLFL,GUJARAT LEASE FINANCING L,EQ,2025-08-20,2026-08-27,213,16944.56,3043.0,0.0093896713615023,0.0428749357651235,45,0,0.8452380952380952,LOW,PARTIAL,False,True,gap_fade_100,"{""gap_threshold"":0.01}",INTRADAY_SHORT_ALLOWED_RESEARCH,2025-08-20,2026-08-27,97.65627266134881,97.72298767222625,97.88252356780276,81.45322697606962,97.43002175489485,95.23915881073242,5,ROBUST POSITIVE,LIMITED SAMPLE,809,
474,329,INE0B1K01014,120,120,701495.6831216628,532847.2484158238,7.014956831216628,5.328472484158238,0.4181086081147386,4.6291033799707,5.870153881730668,-0.0975555555555556,0.6916666666666667,0.0161288997584898,0.0161500920483646,3.539401931507202,0.2063788706739525,-0.0975555555555555,0.4761904761904761,240.0,0.0364114388959279,0.0033238944057534,4.852410392632125,3.7362895689026665e-06,0.0095472568564043,0.0227105426605753,13,0,0.417497466497154,0.0207510932464627,0.112876265943106,-30380.108602457927,563227.3570182817,701495.6831216628,612238.2975918078,532847.2484158238,399452.23530430486,293990.34527957084,DJML,DJ MEDIAPRINT & LOG LTD,EQ,2025-08-20,2026-08-27,252,6395899.890000001,80023.0,0.0,0.06052166638825,0,0,1.0,OK,FULL,False,False,gap_fade_100,"{""gap_threshold"":0.01}",INTRADAY_SHORT_ALLOWED_RESEARCH,2025-08-20,2026-08-27,97.73459028281364,96.88759970993473,98.02175489485134,81.7316896301668,97.80710659898477,95.2366932559826,5,ROBUST POSITIVE,COMPARABLE,782,126
475,86,INE543V01017,136,136,2805307.861615169,2127365.132591567,28.053078616151687,21.27365132591567,0.3999874272633278,8.000264741279004,10.554547257357584,-0.1414266538578678,0.8161764705882353,0.0235294508183066,0.0221454746213036,7.759355074503623,0.1096838487972509,-0.0609743589743589,0.5396825396825397,272.0,0.0303919761805226,0.0026060904573222,9.028639336826105,1.5663898993181264e-15,0.0183754058471164,0.0286834957894968,12,1,0.6013784166367677,-0.1002535500597576,0.1845251212830109,-27643.63030807665,2155008.762899644,2805307.861615169,2444016.928404457,2127365.132591567,1606728.9749933388,1207105.6882164644,ACEINTEG,ACE INTEGRATED SOLU. LTD.,EQ,2025-08-20,2026-08-27,252,70296.475,3459.5,0.0039682539682539,0.0637961368919066,0,0,1.0,LOW,FULL,False,False,gap_fade_100,"{""gap_threshold"":0.01}",INTRADAY_SHORT_ALLOWED_RESEARCH,2025-08-20,2026-08-27,99.46627991298041,99.55329949238578,99.53589557650471,71.05148658448151,99.47208121827411,95.23654822335027,5,ROBUST POSITIVE,LOW LIQUIDITY,185,
476,262,INE414B01021,143,143,1089563.034044651,797724.0753884286,10.89563034044651,7.977240753884287,0.3627144826126627,6.255107775632321,6.590253859143517,-0.1188440464660515,0.6923076923076923,0.0158658614022721,0.016348623853211,4.930193173057777,0.1070909090909091,-0.102,0.5674603174603174,286.0,0.0285160815000944,0.0023846345311164,6.653372328229982,5.762700648190152e-10,0.0111518896453949,0.0205798331591493,12,1,0.4562303729329626,-0.010114714296058,0.1584125952087083,-37391.30434782604,835115.3797362547,1089563.034044651,933463.798537294,797724.0753884286,577106.5146606562,410421.38843126496,ANTGRAPHIC,ANTARCTICA LTD,EQ,2025-08-20,2026-08-27,252,151082.295,164846.0,0.0,0.0567694797045793,0,0,1.0,LOW,FULL,False,False,gap_fade_050,"{""gap_threshold"":0.005}",INTRADAY_SHORT_ALLOWED_RESEARCH,2025-08-20,2026-08-27,98.46265409717186,98.65409717186367,98.52936910804931,76.55112400290065,98.50616388687455,95.23625815808558,5,ROBUST POSITIVE,LOW LIQUIDITY,531,
477,293,INE431F01018,149,149,991792.4404738296,713946.551992596,9.917924404738296,7.13946551992596,0.3972536879200514,5.492250636496103,9.451993091791072,-0.1109223278684644,0.6308724832214765,0.0146430659082505,0.0097699642431465,3.757473301946805,0.1396332665330661,-0.0683230873059697,0.5912698412698413,298.0,0.0312061530321472,0.0025565076680537,5.727761387627054,5.4939178972343415e-08,0.0095910936003401,0.0196950382161609,13,0,0.7248840059159154,0.0106691867129782,0.1914983305601091,19522.035848248808,694424.5161443471,991792.4404738296,842756.2883943703,713946.551992596,506456.3867164613,351596.05790110806,PKTEA,THE P K TEA PROD CO LTD,EQ,2025-08-20,2026-08-27,245,165003.8,222.0,0.3265306122448979,0.0444439357837966,13,0,0.9722222222222222,LOW,FULL,False,True,gap_fade_050,"{""gap_threshold"":0.005}",INTRADAY_SHORT_ALLOWED_RESEARCH,2025-08-20,2026-08-27,98.27121102248006,97.96954314720813,98.28861493836114,78.48875997099347,98.20159535895576,95.23306744017405,5,ROBUST POSITIVE,LOW LIQUIDITY,597,
478,86,INE547B01028,251,251,904990.7780118636,510791.8388171936,9.049907780118636,5.107918388171936,0.2855030040750768,6.500914635172151,10.490179634450868,-0.0995661650371441,0.6653386454183267,0.0073945444524991,0.0076303199751477,3.2214423396545584,0.1249699672911091,-0.068213921901528,0.996031746031746,502.0,0.0180148874933627,0.0011370896158247,6.503044570621601,4.251128113217453e-10,0.0051550482809573,0.0096340406240409,12,1,0.2554465488660937,-0.0088348962560754,0.0789263172123332,-9918.60114561359,520710.4399628072,904990.7780118636,683576.3176926094,510791.8388171936,270846.61189494224,124938.41595578258,XTGLOBAL,XTGLOBAL INFOTECH LIMITED,EQ,2025-08-20,2026-08-27,252,1383072.645,41532.5,0.0,0.0646421555116475,0,0,1.0,OK,FULL,False,False,close_to_open,{},LONG_ONLY,2025-08-20,2026-08-27,97.67077592458303,98.79912980420595,96.63234227701233,81.27048585931834,97.65917331399565,95.22639593908629,5,ROBUST POSITIVE,COMPARABLE,804,127
479,448,INE112X01025,128,128,528241.7688102716,387948.32366277615,5.282417688102717,3.8794832366277614,0.3615410481453598,4.57516255072931,5.366719056847774,-0.0864327176781004,0.6875,0.0129227270627036,0.0129439833252689,3.0350719954295484,0.1095789473684211,-0.0864327176781003,0.5079365079365079,256.0,0.0306972874480338,0.0027132825148171,4.76276502433232,5.124578471498171e-06,0.0075536306192763,0.018291823506131,10,0,0.4021184574935688,0.0,0.1246953057902002,-13360.89987471138,401309.2235374876,528241.7688102716,453703.7054727278,387948.32366277615,278794.38658714,193910.4695434952,SIKKO,SIKKO INDUSTRIES LIMITED,BE,2025-11-27,2026-08-27,185,1873791.24,385438.0,0.0,0.0525086009396838,2,2,0.7341269841269841,OK,PARTIAL,True,True,gap_fade_050,"{""gap_threshold"":0.005}",INTRADAY_SHORT_ALLOWED_RESEARCH,2025-08-20,2026-08-27,97.14575779550398,96.82378535170413,97.39811457577954,84.34517766497463,97.19216823785352,95.22102973168964,5,ROBUST POSITIVE,LIMITED SAMPLE,985,
480,378,INE384C01016,153,153,734898.8971908678,517166.7809013268,7.348988971908678,5.171667809013268,0.3172703878497599,5.912905262230198,6.451065947072419,-0.1034275095455999,0.7450980392156863,0.0122613708880173,0.0112534726647127,4.084061362014843,0.1033240740740741,-0.0843538163963695,0.6071428571428571,306.0,0.0244981835565983,0.0019805607537181,6.190858253148245,5.31964416732056e-09,0.0083483890332452,0.0161743527427895,13,0,0.3053931841823436,0.0053174413919274,0.1120275464169056,-9280.062518315768,526446.8434196425,734898.8971908678,617877.9782906179,517166.7809013268,355943.83943457383,236635.0139754316,YUKEN,YUKEN INDIA LIMITED,EQ,2025-08-20,2026-08-27,252,4237372.85,5422.5,0.0,0.0382914519000257,0,0,1.0,OK,FULL,False,False,gap_fade_050,"{""gap_threshold"":0.005}",INTRADAY_SHORT_ALLOWED_RESEARCH,2025-08-20,2026-08-27,97.69398114575779,98.32922407541696,97.70558375634518,80.3495286439449,97.67657722987673,95.21820159535895,5,ROBUST POSITIVE,COMPARABLE,796,128
481,447,INE262A01018,141,141,485392.80632243294,342951.4246383742,4.85392806322433,3.429514246383742,0.2654963781697237,5.751538738979473,9.206673934832388,-0.088762298685271,0.6595744680851063,0.010829877334056,0.0104999999999999,4.158609207887018,0.0973981083404986,-0.0366296296296295,0.5595238095238095,282.0,0.0212004544737417,0.0017854003462544,6.06579771129519,1.1594309855227416e-08,0.007300044938441,0.0143597097296711,13,0,0.2148671888161797,0.0126096371059822,0.0639093027084357,14111.405835543628,328840.01880283054,485392.80632243294,409250.7608208287,342951.4246383742,234984.56251891283,153193.46901824776,HMT,HMT LTD -,BZ,2025-08-20,2026-08-27,252,505716.395,9224.0,0.0,0.0381705716861266,8,0,1.0,LOW,FULL,False,False,gap_fade_100,"{""gap_threshold"":0.01}",INTRADAY_SHORT_ALLOWED_RESEARCH,2025-08-20,2026-08-27,96.8788977519942,98.18419144307468,96.9746192893401,83.79405366207396,96.71646120377085,95.16388687454678,5,ROBUST POSITIVE,LOW LIQUIDITY,1077,
482,103,INE224E01036,154,154,2601485.58649059,1897438.0650096496,26.0148558649059,18.9743806500965,0.4404911855730282,7.054773149250014,6.751983101244461,-0.1392549019607842,0.7532467532467533,0.0201789960289734,0.0188333333333333,4.954738142448696,0.1915483870967741,-0.1392549019607842,0.6111111111111112,308.0,0.0332229786107379,0.0026771839097856,7.537396274949565,3.927826135501688e-12,0.0148899774253364,0.0254680146326103,13,0,0.4613188343436354,0.0750372522274487,0.1280131405476295,15555.555555555373,1881882.5094540943,2601485.58649059,2223112.0679008653,1897438.0650096496,1375999.132103079,990033.8324596096,GATECHDVR,GACM TECHNOLOGIES LIMITED,BE,2025-08-20,2026-08-27,252,324798.44499999995,658755.0,0.0,0.0567242607143595,2,0,1.0,LOW,FULL,False,False,gap_fade_050,"{""gap_threshold"":0.005}",INTRADAY_SHORT_ALLOWED_RESEARCH,2025-08-20,2026-08-27,99.38361131254533,99.10514865844814,99.41841914430746,71.57795503988397,99.3749093546048,95.16229151559102,5,ROBUST POSITIVE,LOW LIQUIDITY,213,
483,95,INE224E01036,154,154,2601485.58649059,1897438.0650096496,26.0148558649059,18.9743806500965,0.4404911855730282,7.054773149250014,6.751983101244461,-0.1392549019607842,0.7532467532467533,0.0201789960289734,0.0188333333333333,4.954738142448696,0.1915483870967741,-0.1392549019607842,0.6111111111111112,308.0,0.0332229786107379,0.0026771839097856,7.537396274949565,3.927826135501688e-12,0.0148899774253364,0.0254680146326103,13,0,0.4613188343436354,0.0750372522274487,0.1280131405476295,15555.555555555373,1881882.5094540943,2601485.58649059,2223112.0679008653,1897438.0650096496,1375999.132103079,990033.8324596096,GATECHDVR,GACM TECHNOLOGIES LIMITED,BE,2025-08-20,2026-08-27,252,324798.44499999995,658755.0,0.0,0.0567242607143595,2,0,1.0,LOW,FULL,False,False,gap_fade_100,"{""gap_threshold"":0.01}",INTRADAY_SHORT_ALLOWED_RESEARCH,2025-08-20,2026-08-27,99.38361131254533,99.10514865844814,99.41841914430746,71.57795503988397,99.3749093546048,95.16229151559102,5,ROBUST POSITIVE,LOW LIQUIDITY,213,
484,458,INE0NQ801033,162,162,561458.0946208244,379997.0170021473,5.614580946208244,3.7999701700214734,0.34165926230313,4.772898737175284,7.224408407467712,-0.0873609087221093,0.6604938271604939,0.010066080627104,0.0102764785086477,2.7239093346229373,0.1007397260273972,-0.076705882352941,0.6428571428571429,324.0,0.0261867874092884,0.0020574283282887,4.89255469495582,2.396043677904297e-06,0.0060030545162141,0.0141291067379938,13,0,0.3061403744911766,0.0238897088697471,0.0868622334349329,-39964.23781850704,419961.2548206544,561458.0946208244,463514.2690641427,379997.0170021473,248095.4517277765,152278.74772804131,RKSWAMY,R K SWAMY LIMITED,EQ,2025-08-20,2026-08-27,252,4187173.39,38453.0,0.0,0.0428878902678897,0,0,1.0,OK,FULL,False,False,gap_fade_050,"{""gap_threshold"":0.005}",INTRADAY_SHORT_ALLOWED_RESEARCH,2025-08-20,2026-08-27,97.08484408992022,97.09354604786077,96.96301667875272,84.14793328498912,97.28208846990573,95.1611312545323,5,ROBUST POSITIVE,COMPARABLE,1006,129
485,113,INE360L01017,168,168,2508594.446179953,1775345.1666588455,25.085944461799528,17.753451666588457,0.4273392435383577,7.107861469851756,11.954807858766005,-0.1383363435645636,0.6785714285714286,0.018080167522035,0.0177826086956521,4.49066751765647,0.0971636798088411,-0.0817687861271676,0.6666666666666666,336.0,0.0312980814345534,0.0024146994063689,7.487543780541414,3.850650310436494e-12,0.0133128966141015,0.0228474384299685,13,0,0.4702258010719968,0.0827762503063194,0.1113959306346186,-17928.90262751159,1793274.0692863574,2508594.446179953,2111969.406508103,1775345.1666588455,1247328.4892705698,867346.997685887,FMNL,FUTURE MKT NETWORKS LTD,EQ,2025-08-20,2026-08-27,252,356614.33,38044.0,0.0,0.0628287089640878,2,0,1.0,LOW,FULL,False,False,gap_fade_050,"{""gap_threshold"":0.005}",INTRADAY_SHORT_ALLOWED_RESEARCH,2025-08-20,2026-08-27,99.33865119651921,99.14140681653372,99.31834662799129,71.76504713560551,99.32994923857869,95.15736040609136,5,ROBUST POSITIVE,LOW LIQUIDITY,229,
486,136,INE236Y01012,162,162,2032093.5312815176,1450685.8726472785,20.320935312815177,14.506858726472784,0.4290285209999694,6.632962195336783,8.237859077197056,-0.134348558515073,0.7345679012345679,0.0175662343241608,0.0163663430850724,4.627695269124991,0.1720918437285812,-0.1115384615384615,0.6428571428571429,324.0,0.0320599133385688,0.0025188646806616,6.973869798970846,7.557270890331291e-11,0.0125919599707795,0.0225405086775421,13,0,0.4843424460444403,0.0406365857500081,0.1393256491117015,53981.65137614662,1396704.221271132,2032093.5312815176,1718440.3048168535,1450685.8726472785,1027116.5130263418,718728.9011638901,NGIL,NAKODA GROUP OF IND. LTD,EQ,2025-08-20,2026-08-27,252,599029.97,18887.5,0.0,0.0618966740237736,0,0,1.0,LOW,FULL,False,False,gap_fade_050,"{""gap_threshold"":0.005}",INTRADAY_SHORT_ALLOWED_RESEARCH,2025-08-20,2026-08-27,99.18491660623641,98.87744742567077,99.16171138506164,72.7454677302393,99.12980420594634,95.14184191443076,5,ROBUST POSITIVE,LOW LIQUIDITY,282,
487,141,INE731C01018,170,170,2031569.0262776725,1425642.6943743082,20.315690262776727,14.256426943743085,0.4522411925961596,6.278163556463903,7.847485067412149,-0.1326860155333508,0.711764705882353,0.0167014363181704,0.0164213285414859,4.191855639186769,0.1691666666666667,-0.1133538952853181,0.6746031746031746,340.0,0.0333779114407322,0.0025599689475889,6.524077697856543,7.632399448410721e-10,0.0116478004734212,0.0217550721629196,13,0,0.5134872375234585,0.001174759528693,0.1174914387269395,29441.215914170723,1396201.4784601375,2031569.0262776725,1703482.2552211264,1425642.6943743082,991238.4279848732,680007.3928288501,KHAITANLTD,KHAITAN (INDIA)LTD.,EQ,2025-08-20,2026-08-27,252,256385.515,2151.5,0.0039682539682539,0.0550408356389496,0,0,1.0,LOW,FULL,False,False,gap_fade_050,"{""gap_threshold"":0.005}",INTRADAY_SHORT_ALLOWED_RESEARCH,2025-08-20,2026-08-27,99.16171138506164,98.6686004350979,99.09499637418419,73.11094996374185,99.1269035532995,95.135170413343,5,ROBUST POSITIVE,LOW LIQUIDITY,290,
488,642,INE436A01026,185,185,336009.0435739589,201931.7217122459,3.360090435739589,2.019317217122459,0.183813472896399,6.115113980338127,22.8279735074329,-0.0628708899099309,0.427027027027027,0.0060758937182879,-0.002,4.233063651475005,0.039551246537396,-0.0175555555555556,0.7341269841269841,370.0,0.0131540874177258,0.0009671077409812,6.282540673413897,2.345030314774457e-09,0.0041678476472508,0.007983939789325,10,3,0.1944454599121345,-0.0495879308312279,0.0848163051085088,-38380.25081119006,240311.97252343595,336009.0435739589,262862.2172958686,201931.7217122459,108931.6920919502,44471.09486306153,ANSALAPI,ANSAL PROP & INFRA LTD,BZ,2025-08-20,2026-08-27,251,62969.94,16702.0,0.0039840637450199,0.0207463831515508,58,0,0.996031746031746,LOW,FULL,False,True,gap_fade_050,"{""gap_threshold"":0.005}",INTRADAY_SHORT_ALLOWED_RESEARCH,2025-08-20,2026-08-27,95.69833212472805,98.54677302393038,94.70630891950688,88.93691080493112,95.99709934735316,95.11515591007978,5,ROBUST POSITIVE,LOW LIQUIDITY,1484,
489,124,INE129Z01016,142,142,1963621.833336552,1462104.2208382336,19.63621833336552,14.621042208382336,0.4252432875461652,6.705469505234897,8.739257537182198,-0.1362943633775396,0.7535211267605634,0.0200806753306101,0.0167869102356986,5.41496002747189,0.1322047366377636,-0.1099365079365077,0.5634920634920635,284.0,0.0331684064264875,0.0027834308357516,7.214361166329303,3.048033570915082e-11,0.014578023265014,0.0255833273962063,12,1,0.5447757290187845,-0.0451594225401013,0.1800573371991436,-35184.73406414955,1497288.954902383,1963621.833336552,1695559.198978592,1462104.2208382336,1081822.0380093427,793625.2074545465,SINTERCOM,SINTERCOM INDIA LIMITED,EQ,2025-08-20,2026-08-27,252,507979.495,5172.0,0.0,0.0544391704145794,0,0,1.0,LOW,FULL,False,False,gap_fade_100,"{""gap_threshold"":0.01}",INTRADAY_SHORT_ALLOWED_RESEARCH,2025-08-20,2026-08-27,99.18781725888324,98.92095721537346,99.2545322697607,72.27556200145033,99.19361856417694,95.11211022480059,5,ROBUST POSITIVE,LOW LIQUIDITY,281,
490,660,INE214F01026,46,46,176654.94077604834,152816.17247066856,1.7665494077604835,1.5281617247066857,0.2271280219880943,4.200982913380834,3.9913837787825166,-0.0429701737135366,0.8043478260869565,0.0207426291200428,0.0166538931498608,7.060293280637779,0.0854283991558637,-0.0429701737135365,0.1825396825396825,92.0,0.0279695910627485,0.0041238912191441,5.029868155529949,8.327694464180845e-06,0.0124366858401885,0.029048572399897,5,0,0.3707957786192988,0.0,0.1265902769710494,8046.130990095349,144770.0414805732,176654.94077604834,164472.93242699205,152816.17247066856,130990.65387154484,111011.82642775914,GRAVISSHO,GRAVISS HOSPITALITY LTD.,EQ,2026-04-20,2026-08-27,90,75072.725,2532.5,0.0777777777777777,0.0602037905233228,3,0,0.3571428571428571,LOW,PARTIAL,True,True,gap_fade_100,"{""gap_threshold"":0.01}",INTRADAY_SHORT_ALLOWED_RESEARCH,2025-08-20,2026-08-27,95.02248005801304,96.37128353879622,96.42929659173313,92.26395939086295,94.74981870920958,95.10529369108049,5,ROBUST POSITIVE,LIMITED SAMPLE,1717,
491,259,INE414B01021,122,122,911916.8048710524,696202.8961837392,9.119168048710524,6.962028961837392,0.3481733381125814,6.153715315692047,5.996675632511755,-0.1188440464660514,0.7131147540983607,0.0175619639611394,0.0176153846153846,5.815501582693574,0.1070909090909091,-0.102,0.4841269841269841,244.0,0.0289388901650771,0.0026200040107377,6.703029418719956,6.874791728897107e-10,0.0123749749631366,0.0227489529591423,12,1,0.4562303729329626,-0.0039959999999999,0.150112911206261,-37391.30434782604,733594.2005315652,911916.8048710524,797655.8763879172,696202.8961837392,526177.578153855,392226.82291586814,ANTGRAPHIC,ANTARCTICA LTD,EQ,2025-08-20,2026-08-27,252,151082.295,164846.0,0.0,0.0567694797045793,0,0,1.0,LOW,FULL,False,False,gap_fade_100,"{""gap_threshold"":0.01}",INTRADAY_SHORT_ALLOWED_RESEARCH,2025-08-20,2026-08-27,98.23350253807106,98.57577955039883,98.44815083393763,76.55402465554751,98.29151559100796,95.10456852791879,5,ROBUST POSITIVE,LOW LIQUIDITY,610,
492,91,INE08KP01019,169,169,2936913.057957196,2079510.9010728924,29.369130579571955,20.795109010728925,0.4605436921236062,6.952656927376578,9.37077114182026,-0.1414833864549609,0.7810650887573964,0.0189467591207264,0.0168124999999998,5.085978077546594,0.2214326527667556,-0.0820655737704918,0.6706349206349206,338.0,0.0337424635328503,0.0025955741179115,7.299640950330989,1.096860668652826e-11,0.0138226151346448,0.024070903106808,13,0,0.6821697729466101,0.0115714749350446,0.2042937522870526,10221.042303918628,2069289.8587689735,2936913.057957196,2472948.480929088,2079510.9010728924,1463155.092346143,1020367.0075892422,DCMNVL,DCM NOUVELLE LIMITED,EQ,2025-08-20,2026-08-27,252,1418894.5299999998,9961.5,0.0,0.0506724355069143,2,0,1.0,OK,FULL,False,False,gap_fade_050,"{""gap_threshold"":0.005}",INTRADAY_SHORT_ALLOWED_RESEARCH,2025-08-20,2026-08-27,99.44887599709935,99.04858593183467,99.44017403915882,71.03118201595359,99.44017403915882,95.10268310369835,5,ROBUST POSITIVE,COMPARABLE,191,130
493,619,INE012Q01039,76,76,263894.82221167954,213316.1428086711,2.6389482221167957,2.1331614280867117,0.2923258438973359,4.055790024986457,6.033072819123039,-0.0635490985224127,0.5526315789473685,0.0156001610753231,0.0079715099715099,4.804892265135958,0.1021666666666667,-0.0431960132890366,0.3015873015873015,152.0,0.0310263615252606,0.0035589677493255,4.383338702150271,3.749242679280602e-05,0.0085103337558673,0.022689988394779,5,0,0.4771767571038834,0.0,0.167373135806548,-51725.914477073646,265042.0572857448,263894.82221167954,237672.2215391699,213316.1428086711,169687.81393312878,132065.73599143367,RNBDENIMS,R&B DENIMS LIMITED,EQ,2026-04-02,2026-08-27,101,3659828.18,331530.0,0.0,0.04314549935953,14,1,0.4007936507936508,OK,PARTIAL,True,True,gap_fade_050,"{""gap_threshold"":0.005}",INTRADAY_SHORT_ALLOWED_RESEARCH,2025-08-20,2026-08-27,95.8346627991298,96.15953589557651,96.71646120377085,88.8150833937636,96.2291515591008,95.10195794053662,5,ROBUST POSITIVE,LIMITED SAMPLE,1437,
494,282,INE178C01020,160,160,1046113.7365697155,735911.63020541,10.461137365697155,7.359116302054099,0.4090710051348028,5.406177677824342,8.805672920984067,-0.1142352861461908,0.70625,0.0138219408537808,0.0110589355920173,4.011150638847036,0.21832737483734,-0.0920326205146793,0.6349206349206349,320.0,0.0312743518203851,0.0024724546024462,5.590371948631685,9.645920163419145e-08,0.0089388523777279,0.0187050293298338,13,0,0.4913475245966492,0.0147452938821084,0.1645093686831886,46915.2271059826,688996.4030994273,1046113.7365697155,878876.4231275709,735911.63020541,509286.950357332,343824.39378322713,SMARTLINK,SMARTLINK HOLDINGS LTD,BE,2025-08-20,2026-08-27,252,671272.86,4654.0,0.0,0.044646214395163,0,0,1.0,LOW,FULL,False,False,gap_fade_050,"{""gap_threshold"":0.005}",INTRADAY_SHORT_ALLOWED_RESEARCH,2025-08-20,2026-08-27,98.32922407541696,97.8912255257433,98.25670775924583,77.63596809282089,98.19579405366208,95.09644670050761,5,ROBUST POSITIVE,LOW LIQUIDITY,577,
495,266,INE256Z01025,126,126,1042642.9481292265,792097.4139161961,10.426429481292264,7.920974139161961,0.361806244896242,6.25203531050429,5.290884427352561,-0.1225724172335602,0.7698412698412699,0.0179525826877164,0.0186207482993197,5.034812438694476,0.1518461538461538,-0.0889565217391303,0.5,252.0,0.0296755387887578,0.0026437071170345,6.7906851602584535,4.0284789889115706e-10,0.0127203581942019,0.0231848071812309,13,0,0.3683049023791445,0.0875695894180397,0.0820291062500973,-17647.058823529485,809744.4727397256,1042642.9481292265,909689.4819642468,792097.4139161961,596149.0569094798,442974.6862673276,AKSHAR,AKSHAR SPINTEX LIMITED,EQ,2025-08-20,2026-08-27,252,500094.505,988965.0,0.0,0.0481130470698446,0,0,1.0,LOW,FULL,False,False,gap_fade_050,"{""gap_threshold"":0.005}",INTRADAY_SHORT_ALLOWED_RESEARCH,2025-08-20,2026-08-27,98.44089920232052,98.6497461928934,98.62073966642495,75.61566352429297,98.44670050761421,95.0960116026106,5,ROBUST POSITIVE,LOW LIQUIDITY,538,
496,228,INE256Z01025,126,126,1042642.9481292265,792097.4139161961,10.426429481292264,7.920974139161961,0.361806244896242,6.25203531050429,5.290884427352561,-0.1225724172335602,0.7698412698412699,0.0179525826877164,0.0186207482993197,5.034812438694476,0.1518461538461538,-0.0889565217391303,0.5,252.0,0.0296755387887578,0.0026437071170345,6.7906851602584535,4.0284789889115706e-10,0.0127203581942019,0.0231848071812309,13,0,0.3683049023791445,0.0875695894180397,0.0820291062500973,-17647.058823529485,809744.4727397256,1042642.9481292265,909689.4819642468,792097.4139161961,596149.0569094798,442974.6862673276,AKSHAR,AKSHAR SPINTEX LIMITED,EQ,2025-08-20,2026-08-27,252,500094.505,988965.0,0.0,0.0481130470698446,0,0,1.0,LOW,FULL,False,False,gap_fade_100,"{""gap_threshold"":0.01}",INTRADAY_SHORT_ALLOWED_RESEARCH,2025-08-20,2026-08-27,98.44089920232052,98.6497461928934,98.62073966642495,75.61566352429297,98.44670050761421,95.0960116026106,5,ROBUST POSITIVE,LOW LIQUIDITY,538,
497,290,INE689O01013,75,75,846476.254030175,718049.9478544967,8.46476254030175,7.180499478544967,0.3992959180643546,5.479881160941092,4.2969849479540185,-0.1178137745286648,0.8,0.0291745890538871,0.0301083172147003,6.267345539174812,0.1085281566981462,-0.1178137745286649,0.2976190476190476,150.0,0.0392440091079294,0.0045315078445086,6.438163643309453,1.0755242562386558e-08,0.02014536257495,0.0382038155328242,5,0,0.6739341033942741,0.0,0.2781498371525718,11809.95475113114,706239.9931033655,846476.254030175,779954.4403937436,718049.9478544967,606848.5264754524,510588.8167271322,MERCANTILE,MERCANTILE VENTURES LTD.,EQ,2026-04-20,2026-08-27,91,74522.62,2980.0,0.0,0.087954993197946,0,0,0.3611111111111111,LOW,PARTIAL,True,True,gap_fade_050,"{""gap_threshold"":0.005}",INTRADAY_SHORT_ALLOWED_RESEARCH,2025-08-20,2026-08-27,98.28281363306745,97.96084118926758,98.8281363306744,76.7904278462654,98.23930384336475,95.09492385786803,5,ROBUST POSITIVE,LIMITED SAMPLE,593,
498,145,INE129Z01016,171,171,2014293.2215227927,1410230.3695022175,20.14293221522793,14.102303695022176,0.4484251569363859,6.305667018133449,8.904445543831752,-0.1340898825265547,0.7076023391812866,0.016535787849094,0.0131249999999999,3.9962096253264368,0.1322047366377636,-0.1099365079365077,0.6785714285714286,342.0,0.0330114200019501,0.0025244463819522,6.550263046706646,6.555676447756763e-10,0.0115524885136148,0.0215190871845732,12,1,0.5350631200904961,-0.0254500717525328,0.1678023462632737,-35184.73406414955,1445415.103566367,2014293.2215227927,1687064.3233561255,1410230.3695022175,978034.85263738,669011.5858736105,SINTERCOM,SINTERCOM INDIA LIMITED,EQ,2025-08-20,2026-08-27,252,507979.495,5172.0,0.0,0.0544391704145794,0,0,1.0,LOW,FULL,False,False,gap_fade_050,"{""gap_threshold"":0.005}",INTRADAY_SHORT_ALLOWED_RESEARCH,2025-08-20,2026-08-27,99.14430746918057,98.69180565627266,99.08049311094996,72.79477882523567,99.1646120377085,95.09267585206672,5,ROBUST POSITIVE,LOW LIQUIDITY,296,
499,520,INE0VOV01021,90,90,344113.29415879404,271964.9395534864,3.4411329415879406,2.719649395534864,0.280079073832266,4.839725763039559,4.825591870773108,-0.080741146653703,0.7444444444444445,0.0150611767701586,0.0180133511348465,3.9831354997133337,0.0887103825136612,-0.0696767676767676,0.3571428571428571,180.0,0.0270265665534448,0.002848850254767,5.286756208037334,8.80317311042215e-07,0.0094005719958533,0.0207217815444638,10,2,0.2907421527823051,-0.0267729631893858,0.1006027534874281,-45386.41686182667,317351.3564153131,344113.29415879404,306459.108845699,271964.9395534864,211428.37073727543,160652.36717560815,DEVX,DEV ACCELERATOR LIMITED,EQ,2025-09-17,2026-08-27,233,4852026.17,122972.0,0.0,0.0451805803398886,0,0,0.9246031746031746,OK,PARTIAL,True,True,gap_fade_100,"{""gap_threshold"":0.01}",INTRADAY_SHORT_ALLOWED_RESEARCH,2025-08-20,2026-08-27,96.32777374909355,97.19796954314721,97.0819434372734,85.50543872371283,96.62073966642495,95.08788977519943,5,ROBUST POSITIVE,LIMITED SAMPLE,1267,
500,436,INE583R01029,108,108,462212.88328034175,354418.08354440087,4.622128832803417,3.544180835444009,0.3099928743992799,5.049563623318832,5.072528967510267,-0.0915964786870299,0.75,0.0144937846486541,0.0147137849100434,4.189441665020157,0.0922760942760942,-0.0777009345794392,0.4285714285714285,216.0,0.0278094220654313,0.0026759628859141,5.416287619289234,3.7729204346778566e-07,0.0091890003245515,0.0197985689727566,11,2,0.2737901212701636,-0.0444049247276899,0.0977241497677813,-6300.923411189622,360719.0069555905,462212.88328034175,405476.5262268945,354418.08354440087,267136.62914923293,196494.33531017404,PRITIKAUTO,PRITIKA AUTO INDUS LTD,BE,2025-08-20,2026-08-27,252,2163387.55,149943.5,0.0,0.0453483666869725,2,0,1.0,OK,FULL,False,False,gap_fade_100,"{""gap_threshold"":0.01}",INTRADAY_SHORT_ALLOWED_RESEARCH,2025-08-20,2026-08-27,96.94561276287165,97.464829586657,97.42712110224801,83.16171138506164,96.97171863669325,95.0833937635968,5,ROBUST POSITIVE,COMPARABLE,1054,131
