eq_rank,worklist_rank,symbol,current_symbol,company_name,isin,strategy,research_score,eq_screen_pass,worklist_pass,current_series,snapshot_price,broker_listed,mis_margin_percent,budget,notional_cap,cash_cap_shares,illustrative_risk_shares,illustrative_planned_loss,risk_budget,tick_size,recent_median_value,recent_sessions,number_of_trades,audited_trades,short_trades,restricted_trades,unknown_series_trades,non_eq_trades,screen_reasons,worklist_reasons,historical_initial_investment,net_pnl,historical_ending_value,pnl_30bps,sharpe,max_drawdown,original_max_drawdown,excess_pnl,confidence_95_low,coverage_ratio,intraday,execution_validated
266,1,EPL,EPL,EPL LIMITED,INE255A01020,gap_fade_100,94.22362212385076,True,True,EQ,247.1,True,20.0,1000.0,500.0,2,1.0,3.254200000000017,5.0,0.05,640014168.835,20.0,639,639,444,0,0,0,,,100000.0,12664298.59075768,12764298.59075768,904048.3960293666,2.3585087157667504,-0.25968832171374734,-0.2596883217137474,12532198.888875645,0.0059127581370732,1.0,True,False
547,2,NTPC,NTPC,NTPC LTD,INE733E01010,gap_fade_100,92.7178090188257,True,True,EQ,332.5,True,20.0,1000.0,500.0,1,1.0,4.3750000000000115,5.0,0.05,2596856663.35,20.0,278,278,169,0,0,0,,,100000.0,349455.1152884652,449455.1152884652,48349.942809526925,1.358749367129711,-0.11901546517293016,-0.1190154651729302,242059.31459902655,0.0031061870329095,1.0,True,False
691,3,EPL,EPL,EPL LIMITED,INE255A01020,gap_fade_050,91.98107700539961,True,True,EQ,247.1,True,20.0,1000.0,500.0,2,1.0,3.254200000000017,5.0,0.05,640014168.835,20.0,1255,1255,886,0,0,0,,,100000.0,18838272.71620954,18938272.71620954,26255.062673442797,2.025162913509773,-0.3374032147727035,-0.3374032147727035,18706173.014327504,0.0031173646749652,1.0,True,False
829,4,POWERGRID,POWERGRID,POWER GRID CORP. LTD.,INE752E01010,gap_fade_100,91.15094614973002,True,True,EQ,266.0,True,20.0,1000.0,500.0,1,1.0,3.5119999999999774,5.0,0.05,2045111029.025,20.0,294,294,161,0,0,0,,,100000.0,262031.6899103444,362031.68991034443,11975.537747068738,1.187631694678131,-0.1511831512647649,-0.151183151264765,215069.1378992479,0.0022108876326573,1.0,True,False
1092,5,TIMETECHNO,TIMETECHNO,TIME TECHNOPLAST LTD.,INE508G01029,gap_fade_100,89.61302719268377,True,True,EQ,188.49,True,20.0,1000.0,500.0,2,2.0,4.973959999999991,5.0,0.01,603376241.075,20.0,653,653,472,0,0,0,,,100000.0,1335418.6564968645,1435418.6564968645,5748.10428449692,1.103941425074466,-0.2961728933786044,-0.2961728933786044,965181.155436731,0.002039365294294,1.0,True,False
1287,6,MARKSANS,MARKSANS,MARKSANS PHARMA LIMITED,INE750C01026,gap_fade_100,88.39154545896776,True,True,EQ,326.75,True,20.0,1000.0,500.0,1,1.0,4.2935,5.0,0.05,723088181.3,20.0,601,601,436,0,0,0,,,100000.0,985787.9430480592,1085787.9430480592,-1589.244157764202,0.9774661883450464,-0.27152182027577687,-0.2715218202757767,283450.91967782425,0.0016842247954368,1.0,True,False
1326,7,PNB,PNB,PUNJAB NATIONAL BANK,INE160A01022,volume_reversal,88.14296833195505,True,True,EQ,117.0,True,20.0,1000.0,500.0,4,3.0,4.642000000000006,5.0,0.01,1291402376.8049998,20.0,135,135,86,0,0,0,,,100000.0,84096.64561558358,184096.64561558358,7395.785855880546,0.5436146213879153,-0.1553435302361429,-0.155343530236143,120002.17263195652,-0.0007904418256294,1.0,True,False
1351,8,CUB,CUB,CITY UNION BANK LTD,INE491A01021,gap_fade_100,87.89049958651555,True,True,EQ,236.01,True,20.0,1000.0,500.0,2,1.0,3.1320200000000136,5.0,0.01,520786236.12,20.0,396,396,270,0,0,0,,,100000.0,424939.8127934063,524939.8127934063,7991.603598094589,0.9898763425740124,-0.34800211910510725,-0.3480021191051072,350021.84255303966,0.0017190537759427,1.0,True,False
1979,9,REDINGTON,REDINGTON,REDINGTON LIMITED,INE891D01026,gap_fade_100,84.37539524249647,True,True,EQ,371.3,True,20.0,1000.0,500.0,1,1.0,4.902599999999989,5.0,0.05,1285574404.2,20.0,571,571,390,0,0,0,,,100000.0,843661.7247846219,943661.7247846219,-3564.630013548493,1.0211800678108385,-0.5357933530322905,-0.5357933530322905,272092.7994326516,0.0017526300827739,1.0,True,False
2002,10,PETRONET,PETRONET,PETRONET LNG LIMITED,INE347G01014,gap_fade_100,84.24624215595661,True,True,EQ,288.1,True,20.0,1000.0,500.0,1,1.0,3.776200000000023,5.0,0.05,504148000.35,20.0,279,279,157,0,0,0,,,100000.0,149092.4739010929,249092.4739010929,-18313.374671739395,0.7432973339865105,-0.24460094500597473,-0.2446009450059746,75528.05883916671,0.0005747104217622,1.0,True,False
2245,11,CROMPTON,CROMPTON,CROMPT GREA CON ELEC LTD,INE299U01018,gap_fade_100,83.20012647759887,True,True,EQ,232.4,True,20.0,1000.0,500.0,2,1.0,3.074799999999993,5.0,0.01,847721314.9200001,20.0,374,374,243,0,0,0,,,100000.0,196651.0727513136,296651.07275131356,-33486.72826573644,0.7515737010607956,-0.26125000699545164,-0.2612500069954515,152469.25456949556,0.0005486070451442,1.0,True,False
2313,12,ONGC,ONGC,OIL AND NATURAL GAS CORP.,INE213A01029,volume_reversal,82.9170112370482,True,True,EQ,234.65,True,20.0,1000.0,500.0,2,1.0,3.1093000000000033,5.0,0.01,2775082213.085,20.0,96,96,71,0,0,0,,,100000.0,47211.39479364743,147211.39479364743,331.8728469024645,0.4563670265775418,-0.18754465177028923,-0.1875446517702893,2633.4110851442965,-0.00171532119682,1.0,True,False
2336,13,PNB,PNB,PUNJAB NATIONAL BANK,INE160A01022,gap_fade_100,82.83698983314687,True,True,EQ,117.0,True,20.0,1000.0,500.0,4,3.0,4.642000000000006,5.0,0.01,1291402376.8049998,20.0,463,463,302,0,0,0,,,100000.0,298110.4223907431,398110.4223907431,-37465.506395253775,0.7770670352102017,-0.3073023239401895,-0.3073023239401896,334015.94940711604,0.0006726329387873,1.0,True,False
2508,14,NTPC,NTPC,NTPC LTD,INE733E01010,gap_fade_050,82.21822250328356,True,True,EQ,332.5,True,20.0,1000.0,500.0,1,1.0,4.3750000000000115,5.0,0.05,2596856663.35,20.0,851,851,564,0,0,0,,,100000.0,494962.9006860505,594962.9006860505,-80227.3973327304,1.1809976172801795,-0.15303887265943206,-0.1530388726594319,387567.0999966119,0.0010625158335624,1.0,True,False
2679,15,INDUSTOWER,INDUSTOWER,INDUS TOWERS LIMITED,INE121J01017,gap_fade_100,81.55445833536021,True,True,EQ,376.8,True,20.0,1000.0,500.0,1,1.0,4.9636,5.0,0.05,1780856495.225,20.0,434,434,279,0,0,0,,,100000.0,276831.53568792634,376831.53568792634,-33530.098057191935,0.741651827909782,-0.4000479288704696,-0.4000479288704696,264436.91950688773,0.0005593242988763,1.0,True,False
2888,16,POWERGRID,POWERGRID,POWER GRID CORP. LTD.,INE752E01010,gap_fade_050,80.743542345673,True,True,EQ,266.0,True,20.0,1000.0,500.0,1,1.0,3.5119999999999774,5.0,0.05,2045111029.025,20.0,858,858,536,0,0,0,,,100000.0,519650.5563160052,619650.5563160052,-79974.058397225,1.1827498826425922,-0.24581554200662104,-0.245815542006621,472688.0043049087,0.0010819035171564,1.0,True,False
3008,17,CROMPTON,CROMPTON,CROMPT GREA CON ELEC LTD,INE299U01018,gap_fade_050,80.28092620518558,True,True,EQ,232.4,True,20.0,1000.0,500.0,2,1.0,3.074799999999993,5.0,0.01,847721314.9200001,20.0,1059,1059,751,0,0,0,,,100000.0,1195734.632164035,1295734.632164035,-81241.54822896788,1.2746364771087415,-0.3128087584402155,-0.3128087584402156,1151552.813982217,0.0013523216918705,1.0,True,False
3260,18,PETRONET,PETRONET,PETRONET LNG LIMITED,INE347G01014,volume_reversal,79.20392080556502,True,True,EQ,288.1,True,20.0,1000.0,500.0,1,1.0,3.776200000000023,5.0,0.05,504148000.35,20.0,91,91,64,0,0,0,,,100000.0,37615.12103163847,137615.12103163847,-4328.8533234968345,0.5018952555597284,-0.14349618729826874,-0.1434961872982687,-35949.29403028771,-0.0009612126050473,1.0,True,False
3644,19,BANKBARODA,BANKBARODA,BANK OF BARODA,INE028A01039,volume_reversal,77.63803084107603,True,True,EQ,239.0,True,20.0,1000.0,500.0,2,1.0,3.1679999999999864,5.0,0.01,1806686690.8600001,20.0,109,109,77,0,0,0,,,100000.0,23007.88354885601,123007.88354885601,-20479.77901104957,0.2586317764539527,-0.24427978683346518,-0.2442797868334651,8443.797767464232,-0.0034138712354995,1.0,True,False
3656,20,TMPV,TMPV,TATA MOTORS PASS VEH LTD,INE155A01022,volume_reversal,77.56141460329815,True,True,EQ,311.5,True,20.0,1000.0,500.0,1,1.0,4.093000000000023,5.0,0.05,2618626895.5,20.0,102,102,58,0,0,0,,,100000.0,17174.26950404224,117174.26950404224,-22105.05019945455,0.2466671504935319,-0.2425600632149657,-0.2425600632149658,16660.56633610392,-0.002904509943648,1.0,True,False
3850,21,PETRONET,PETRONET,PETRONET LNG LIMITED,INE347G01014,gap_fade_050,76.75730894585786,True,True,EQ,288.1,True,20.0,1000.0,500.0,1,1.0,3.776200000000023,5.0,0.05,504148000.35,20.0,915,915,639,0,0,0,,,100000.0,252563.2005417623,352563.2005417623,-90955.15895799376,0.7495095307942128,-0.2911410450973959,-0.2911410450973959,178998.7854798361,0.0002606999831949,1.0,True,False
3923,22,REDINGTON,REDINGTON,REDINGTON LIMITED,INE891D01026,gap_fade_050,76.4148465242983,True,True,EQ,371.3,True,20.0,1000.0,500.0,1,1.0,4.902599999999989,5.0,0.05,1285574404.2,20.0,1276,1276,939,0,0,0,,,100000.0,2166614.1508420524,2266614.1508420524,-86233.83873797052,1.142300069514683,-0.564769946301482,-0.5647699463014821,1595045.225490082,0.0012923855988574,1.0,True,False
4168,23,TIMETECHNO,TIMETECHNO,TIME TECHNOPLAST LTD.,INE508G01029,gap_fade_050,75.36581213212045,True,True,EQ,188.49,True,20.0,1000.0,500.0,2,2.0,4.973959999999991,5.0,0.01,603376241.075,20.0,1403,1403,1078,0,0,0,,,100000.0,2020495.6577969,2120495.6577969,-92265.7310345751,1.0309913762815663,-0.549935928025215,-0.549935928025215,1650258.1567367665,0.0010446756032565,1.0,True,False
4183,24,TATAPOWER,TATAPOWER,TATA POWER CO LTD,INE245A01021,gap_fade_050,75.33905725543612,True,True,EQ,368.0,True,20.0,1000.0,500.0,1,1.0,4.845999999999977,5.0,0.05,1580684879.8,20.0,1009,1009,771,0,0,0,,,100000.0,485684.0159712484,585684.0159712484,-89674.95785663796,0.8502980741044074,-0.4294481076991955,-0.4294481076991955,122221.21149462076,0.0005411692980729,1.0,True,False
4212,25,MARKSANS,MARKSANS,MARKSANS PHARMA LIMITED,INE750C01026,gap_fade_050,75.23982098555237,True,True,EQ,326.75,True,20.0,1000.0,500.0,1,1.0,4.2935,5.0,0.05,723088181.3,20.0,1378,1378,1080,0,0,0,,,100000.0,1442289.3941048551,1542289.3941048551,-93792.36540482624,0.9020704099845476,-0.4770662832542407,-0.4770662832542407,739952.3707346201,0.0007807361916508,1.0,True,False
4215,26,NTPC,NTPC,NTPC LTD,INE733E01010,volume_reversal,75.23057839178867,True,True,EQ,332.5,True,20.0,1000.0,500.0,1,1.0,4.3750000000000115,5.0,0.05,2596856663.35,20.0,84,84,62,0,0,0,,,100000.0,28322.41478079336,128322.41478079336,-8277.283589064304,0.373295303999141,-0.12823268642292784,-0.1282326864229278,-79073.38590864529,-0.0022975650005341,1.0,True,False
4649,27,IOC,IOC,INDIAN OIL CORP LTD,INE242A01010,gap_fade_100,73.75662791263316,True,True,EQ,137.6,True,20.0,1000.0,500.0,3,2.0,3.6304000000000087,5.0,0.01,1088369458.555,20.0,420,420,277,0,0,0,,,100000.0,48454.804325295176,148454.80432529518,-72393.29157836112,0.3427739884306375,-0.2321135516430045,-0.2321135516430046,2321.8844930871564,-0.001000387455441,1.0,True,False
4735,28,ENGINERSIN,ENGINERSIN,ENGINEERS INDIA LTD,INE510A01028,gap_fade_100,73.53358953154643,True,True,EQ,279.45,True,20.0,1000.0,500.0,1,1.0,3.6489,5.0,0.05,643467907.135,20.0,402,402,262,0,0,0,,,100000.0,103782.2064288152,203782.2064288152,-59228.79705583357,0.4736174911515088,-0.37583237751076093,-0.375832377510761,-4037.7071557246672,-0.0007187661385153,1.0,True,False
4813,29,CUB,CUB,CITY UNION BANK LTD,INE491A01021,gap_fade_050,73.22712458043489,True,True,EQ,236.01,True,20.0,1000.0,500.0,2,1.0,3.1320200000000136,5.0,0.01,520786236.12,20.0,1132,1132,814,0,0,0,,,100000.0,430162.2895779904,530162.2895779904,-94294.12482417596,0.7945792129097383,-0.5521400326603653,-0.5521400326603654,355244.3193376238,0.0003725218970168,1.0,True,False
4854,30,MRPL,MRPL,MRPL,INE103A01014,gap_fade_050,73.0931069708615,True,True,EQ,174.83,True,20.0,1000.0,500.0,2,2.0,4.609320000000018,5.0,0.01,1066722579.155,20.0,1262,1262,943,0,0,0,,,100000.0,1091734.5993370027,1191734.5993370027,-92367.78129530004,0.889686597982504,-0.7131132689268685,-0.7131132689268685,976349.9839523878,0.000731240522237,1.0,True,False
4921,31,SAMMAANCAP,SAMMAANCAP,SAMMAAN CAPITAL LIMITED,INE148I01020,gap_fade_100,72.8467188792139,True,True,EQ,158.39,True,20.0,1000.0,500.0,3,2.0,4.163560000000025,5.0,0.01,963280553.225,20.0,573,573,363,0,0,0,,,100000.0,93289.4653706447,193289.4653706447,-80548.14871691461,0.3669429967851167,-0.5116102388718483,-0.5116102388718484,162099.33551775638,-0.0015213424187175,1.0,True,False
5024,32,MRPL,MRPL,MRPL,INE103A01014,gap_fade_100,72.52201196672667,True,True,EQ,174.83,True,20.0,1000.0,500.0,2,2.0,4.609320000000018,5.0,0.01,1066722579.155,20.0,566,566,389,0,0,0,,,100000.0,169947.97263173113,269947.9726317311,-72002.33158862073,0.5085821814500775,-0.6812587551797253,-0.6812587551797253,54563.35724711619,-0.0005637281097032,1.0,True,False
5073,33,GAIL,GAIL,GAIL (INDIA) LTD,INE129A01019,gap_fade_100,72.33764654375638,True,True,EQ,173.4,True,20.0,1000.0,500.0,2,2.0,4.583600000000036,5.0,0.01,1109878265.1999998,20.0,360,360,237,0,0,0,,,100000.0,35285.0011977439,135285.0011977439,-68015.66120901938,0.2793000918566432,-0.2588484789305322,-0.2588484789305321,-2329.9117547301576,-0.001445862205179,1.0,True,False
5131,34,FEDERALBNK,FEDERALBNK,FEDERAL BANK LTD,INE171A01029,gap_fade_100,72.1272559225568,True,True,EQ,343.0,True,20.0,1000.0,500.0,1,1.0,4.515999999999978,5.0,0.05,1485111743.85,20.0,397,397,268,0,0,0,,,100000.0,249695.0638091014,349695.0638091014,-28460.3015862256,0.7844090281773941,-0.2249947067930086,-0.2249947067930086,-164548.0383534617,0.0007253434516086,1.0,True,False
5452,35,SCI,SCI,SHIPPING CORP OF INDIA LT,INE109A01011,volume_reversal,71.10035511018145,True,True,EQ,295.35,True,20.0,1000.0,500.0,1,1.0,3.8907000000000456,5.0,0.05,569615929.125,20.0,216,216,198,0,0,0,,,100000.0,116846.4508895191,216846.4508895191,-8530.143365540469,0.5618209678605647,-0.2577263574658425,-0.2577263574658424,-224738.45477085668,-0.000488874172371,1.0,True,False
5708,36,ENGINERSIN,ENGINERSIN,ENGINEERS INDIA LTD,INE510A01028,volume_reversal,70.34319210001459,True,True,EQ,279.45,True,20.0,1000.0,500.0,1,1.0,3.6489,5.0,0.05,643467907.135,20.0,170,170,142,0,0,0,,,100000.0,27179.89647412009,127179.89647412009,-35615.09510639166,0.2584905356024959,-0.196797666413419,-0.1967976664134191,-80640.01711041978,-0.0027132068886409,1.0,True,False
5803,37,INDUSTOWER,INDUSTOWER,INDUS TOWERS LIMITED,INE121J01017,gap_fade_050,69.9868657878095,True,True,EQ,376.8,True,20.0,1000.0,500.0,1,1.0,4.9636,5.0,0.05,1780856495.225,20.0,1105,1105,781,0,0,0,,,100000.0,129643.76450407876,229643.76450407878,-97256.01394091304,0.4432534219963605,-0.5234031284577009,-0.523403128457701,117249.14832304014,-0.0004582334149549,1.0,True,False
5949,38,BANKINDIA,BANKINDIA,BANK OF INDIA,INE084A01016,gap_fade_100,69.51111543513159,True,True,EQ,145.0,True,20.0,1000.0,500.0,3,2.0,3.8299999999999774,5.0,0.01,754397260.855,20.0,495,495,328,0,0,0,,,100000.0,29453.80957973516,129453.80957973516,-82198.74738031146,0.2303730527591661,-0.46754239760958416,-0.467542397609584,32626.566401904347,-0.0018595815670029,1.0,True,False
6140,39,ITC,ITC,ITC LTD,INE154A01025,gap_fade_100,68.770248577127,True,True,EQ,264.1,True,20.0,1000.0,500.0,1,1.0,3.458199999999966,5.0,0.05,3504678210.3999996,20.0,208,208,126,0,0,0,,,100000.0,2268.721826164445,102268.72182616444,-55573.50106862002,0.0723612622239388,-0.26325639730774975,-0.2632563973077497,-4139.50602193673,-0.0025728245919903,1.0,True,False
6230,40,GAIL,GAIL,GAIL (INDIA) LTD,INE129A01019,gap_fade_050,68.38497835287251,True,True,EQ,173.4,True,20.0,1000.0,500.0,2,2.0,4.583600000000036,5.0,0.01,1109878265.1999998,20.0,1015,1015,734,0,0,0,,,100000.0,58597.39489641081,158597.3948964108,-97283.89527315396,0.3296183150398772,-0.410242632568557,-0.410242632568557,20982.48194393676,-0.0006030128399016,1.0,True,False
6286,41,GAIL,GAIL,GAIL (INDIA) LTD,INE129A01019,volume_reversal,68.19891034684049,True,True,EQ,173.4,True,20.0,1000.0,500.0,2,2.0,4.583600000000036,5.0,0.01,1109878265.1999998,20.0,109,109,79,0,0,0,,,100000.0,381.0344779494189,100381.03447794942,-35157.418139067566,0.0480312316500431,-0.2054303805824701,-0.2054303805824702,-37233.87847452464,-0.0047729536521819,1.0,True,False
6357,42,MOREPENLAB,MOREPENLAB,MOREPEN LAB. LTD,INE083A01026,gap_fade_050,67.92674028311524,True,True,EQ,113.74,True,20.0,1000.0,500.0,4,3.0,4.502440000000029,5.0,0.01,2521047229.6800003,20.0,1400,1400,1111,0,0,0,,,100000.0,409762.47514830896,509762.47514830896,-98131.62201796749,0.5989373587788273,-0.6619149073467127,-0.6619149073467127,20142.221983749187,-8.710347777107232e-05,1.0,True,False
6370,43,IFCI,IFCI,IFCI LTD,INE039A01010,volume_reversal,67.88660796808873,True,True,EQ,101.38,True,20.0,1000.0,500.0,4,3.0,4.008280000000015,5.0,0.01,3490384221.1400003,20.0,201,201,166,0,0,0,,,100000.0,68850.792615152,168850.792615152,-24481.23564890487,0.3480703069513088,-0.3977907063782963,-0.3977907063782963,-134278.70378772388,-0.0032049719700872,1.0,True,False
6385,44,EDELWEISS,EDELWEISS,EDELWEISS FIN SERV LTD,INE532F01054,volume_reversal,67.82774723938319,True,True,EQ,136.08,True,20.0,1000.0,500.0,3,2.0,3.604320000000027,5.0,0.01,529679119.34000003,20.0,185,185,144,0,0,0,,,100000.0,28364.54946177629,128364.54946177629,-38814.89127265872,0.2391978340652572,-0.36764155346696215,-0.3676415534669621,-68136.33237243873,-0.0032929695281836,1.0,True,False
6456,45,RECLTD,RECLTD,REC LIMITED,INE020B01018,volume_reversal,67.5679817093934,True,True,EQ,318.7,True,20.0,1000.0,500.0,1,1.0,4.157400000000035,5.0,0.05,1931316464.5,20.0,112,112,72,0,0,0,,,100000.0,17723.17752260412,117723.17752260412,-24820.35076035533,0.2078812874806716,-0.19052521009001,-0.1905252100900101,-164390.9772843744,-0.0039827989399328,1.0,True,False
6530,46,WELSPUNLIV,WELSPUNLIV,WELSPUN LIVING LIMITED,INE192B01031,gap_fade_100,67.33083621150946,True,True,EQ,208.51,True,20.0,1000.0,500.0,2,1.0,2.7770200000000127,5.0,0.01,718406604.175,20.0,620,620,436,0,0,0,,,100000.0,253499.33714925943,353499.3371492594,-70442.3590974542,0.5881517157294203,-0.6214420836780086,-0.6214420836780086,-43384.04778366082,-0.0001761584888436,1.0,True,False
6550,47,BANKINDIA,BANKINDIA,BANK OF INDIA,INE084A01016,volume_reversal,67.2590844967651,True,True,EQ,145.0,True,20.0,1000.0,500.0,3,2.0,3.8299999999999774,5.0,0.01,754397260.855,20.0,157,157,118,0,0,0,,,100000.0,-6529.624236506745,93470.37576349326,-50214.12448698762,0.0190914153693038,-0.23094241745594213,-0.2309424174559421,-3356.867414337554,-0.0052511305997584,1.0,True,False
6737,48,WIPRO,WIPRO,WIPRO LTD,INE075A01022,volume_continuation,66.5284331371309,True,True,EQ,176.4,True,20.0,1000.0,500.0,2,2.0,4.655600000000039,5.0,0.01,1251249582.315,20.0,101,101,38,0,0,0,,,100000.0,-2597.79748121358,97402.20251878642,-35033.7577494785,-0.0179136878777629,-0.15623694933764243,-0.1562369493376424,-52662.650201510725,-0.0036605196855587,1.0,True,False
6796,49,ITC,ITC,ITC LTD,INE154A01025,gap_fade_050,66.25772243031571,True,True,EQ,264.1,True,20.0,1000.0,500.0,1,1.0,3.458199999999966,5.0,0.05,3504678210.3999996,20.0,688,688,466,0,0,0,,,100000.0,9013.036715667738,109013.03671566774,-93083.42052784612,0.1328616019918676,-0.28958447565167356,-0.2895844756516735,2604.808867566564,-0.0009683922468411,1.0,True,False
6801,50,TATAPOWER,TATAPOWER,TATA POWER CO LTD,INE245A01021,gap_fade_100,66.247750158097,True,True,EQ,368.0,True,20.0,1000.0,500.0,1,1.0,4.845999999999977,5.0,0.05,1580684879.8,20.0,409,409,286,0,0,0,,,100000.0,167540.92710761912,267540.9271076191,-47895.96971043311,0.6269899366021043,-0.39275198660341504,-0.3927519866034151,-195921.8773690085,3.0218949086079083e-06,1.0,True,False
6824,51,MRPL,MRPL,MRPL,INE103A01014,volume_reversal,66.16651262343727,True,True,EQ,174.83,True,20.0,1000.0,500.0,2,2.0,4.609320000000018,5.0,0.01,1066722579.155,20.0,188,188,163,0,0,0,,,100000.0,15719.504206476922,115719.50420647692,-45531.391737193895,0.1765804539720193,-0.25712601544775326,-0.2571260154477532,-99665.11117813802,-0.00401299858623,1.0,True,False
6840,52,LTF,LTF,L&T FINANCE LIMITED,INE498L01015,volume_reversal,66.07141119813203,True,True,EQ,314.0,True,20.0,1000.0,500.0,1,1.0,4.098000000000023,5.0,0.05,1074454374.875,20.0,135,135,100,0,0,0,,,100000.0,20663.101277215872,120663.10127721587,-29726.019390166868,0.2248120350966601,-0.1944330152176521,-0.194433015217652,-218893.8607480988,-0.0034171372142978,1.0,True,False
6897,53,ITC,ITC,ITC LTD,INE154A01025,volume_reversal,65.89653159507711,True,True,EQ,264.1,True,20.0,1000.0,500.0,1,1.0,3.458199999999966,5.0,0.05,3504678210.3999996,20.0,88,88,60,0,0,0,,,100000.0,-7211.796249659048,92788.20375034095,-34814.580322882095,-0.0905506133075377,-0.2577050537685537,-0.2577050537685538,-13620.024097760224,-0.0050906216712075,1.0,True,False
6906,54,WELSPUNLIV,WELSPUNLIV,WELSPUN LIVING LIMITED,INE192B01031,volume_reversal,65.85104830471371,True,True,EQ,208.51,True,20.0,1000.0,500.0,2,1.0,2.7770200000000127,5.0,0.01,718406604.175,20.0,189,189,152,0,0,0,,,100000.0,46378.70105737698,146378.70105737698,-31292.07082747557,0.3600048785816375,-0.2865105392543509,-0.2865105392543509,-250504.6838755433,-0.0018521696924858,1.0,True,False
7037,55,EPL,EPL,EPL LIMITED,INE255A01020,volume_reversal,65.40375541178187,True,True,EQ,247.1,True,20.0,1000.0,500.0,2,1.0,3.254200000000017,5.0,0.05,640014168.835,20.0,155,155,113,0,0,0,,,100000.0,8629.116831823718,108629.11683182372,-41629.16590674401,0.1339614830535035,-0.21155352362814073,-0.2115535236281407,-123470.58505021063,-0.0032420021521744,1.0,True,False
7253,56,BANKINDIA,BANKINDIA,BANK OF INDIA,INE084A01016,gap_fade_050,64.49676509218271,True,True,EQ,145.0,True,20.0,1000.0,500.0,3,2.0,3.8299999999999774,5.0,0.01,754397260.855,20.0,1206,1206,869,0,0,0,,,100000.0,43193.18367277429,143193.1836727743,-98861.01080465788,0.2729300191289761,-0.6582911608608959,-0.6582911608608959,46365.94049494348,-0.0008684840583699,1.0,True,False
7296,57,MARKSANS,MARKSANS,MARKSANS PHARMA LIMITED,INE750C01026,volume_reversal,64.3126428953641,True,True,EQ,326.75,True,20.0,1000.0,500.0,1,1.0,4.2935,5.0,0.05,723088181.3,20.0,185,185,146,0,0,0,,,100000.0,81794.79013887505,181794.79013887505,-13257.878799904383,0.3995571024524684,-0.3814432882442451,-0.381443288244245,-620542.23323136,-0.0025112689028963,1.0,True,False
7459,58,POWERGRID,POWERGRID,POWER GRID CORP. LTD.,INE752E01010,volume_continuation,63.55061536216374,True,True,EQ,266.0,True,20.0,1000.0,500.0,1,1.0,3.5119999999999774,5.0,0.05,2045111029.025,20.0,85,85,24,0,0,0,,,100000.0,-10243.42172542888,89756.57827457112,-36192.30774991797,-0.1112191857314846,-0.15366258137388078,-0.1536625813738807,-57205.97373652535,-0.0064082500394047,1.0,True,False
7520,59,INDUSTOWER,INDUSTOWER,INDUS TOWERS LIMITED,INE121J01017,volume_reversal,63.302038235151045,True,True,EQ,376.8,True,20.0,1000.0,500.0,1,1.0,4.9636,5.0,0.05,1780856495.225,20.0,128,128,83,0,0,0,,,100000.0,-4602.542150807072,95397.45784919293,-42921.479661491445,0.0383564433931957,-0.4896939038953375,-0.4896939038953375,-16997.158331845683,-0.0065936369382421,1.0,True,False
7557,60,PETRONET,PETRONET,PETRONET LNG LIMITED,INE347G01014,reversal_5d,63.104781826141945,True,True,EQ,288.1,True,20.0,1000.0,500.0,1,1.0,3.776200000000023,5.0,0.05,504148000.35,20.0,393,393,219,0,0,0,,,100000.0,16140.76740185311,116140.76740185311,-75957.18692396674,0.17676464830743,-0.4004366393526919,-0.4004366393526919,-57423.64766007307,-0.0016494832099605,1.0,True,False
7575,61,SAMMAANCAP,SAMMAANCAP,SAMMAAN CAPITAL LIMITED,INE148I01020,volume_continuation,62.98633069027582,True,True,EQ,158.39,True,20.0,1000.0,500.0,3,2.0,4.163560000000025,5.0,0.01,963280553.225,20.0,162,162,46,0,0,0,,,100000.0,-19266.572184654306,80733.4278153457,-57890.05904322783,-0.020848735340857,-0.4946702826719924,-0.4946702826719925,49543.29796245738,-0.0074869752152094,1.0,True,False
7662,62,PETRONET,PETRONET,PETRONET LNG LIMITED,INE347G01014,reversal_1d,62.55849588947803,True,True,EQ,288.1,True,20.0,1000.0,500.0,1,1.0,3.776200000000023,5.0,0.05,504148000.35,20.0,492,492,266,0,0,0,,,100000.0,22882.17344042208,122882.17344042208,-82892.0692394861,0.2075853207114012,-0.4604495626781231,-0.460449562678123,-50682.2416215041,-0.001430520066914,1.0,True,False
7736,63,POWERGRID,POWERGRID,POWER GRID CORP. LTD.,INE752E01010,reversal_5d,62.22697864474389,True,True,EQ,266.0,True,20.0,1000.0,500.0,1,1.0,3.5119999999999774,5.0,0.05,2045111029.025,20.0,308,308,187,0,0,0,,,100000.0,-3627.771918316052,96372.22808168395,-71968.32814291242,0.024956209579843,-0.21456673854321762,-0.2145667385432176,-50590.32392941252,-0.002212554670807,1.0,True,False
7762,64,FEDERALBNK,FEDERALBNK,FEDERAL BANK LTD,INE171A01029,volume_reversal,62.11777010264144,True,True,EQ,343.0,True,20.0,1000.0,500.0,1,1.0,4.515999999999978,5.0,0.05,1485111743.85,20.0,105,105,70,0,0,0,,,100000.0,8442.80458212836,108442.80458212836,-28801.609988706245,0.1275371300385785,-0.19814758302760904,-0.1981475830276091,-405800.2975804348,-0.0053756664533267,1.0,True,False
7791,65,IOC,IOC,INDIAN OIL CORP LTD,INE242A01010,gap_fade_050,61.991778956073354,True,True,EQ,137.6,True,20.0,1000.0,500.0,3,2.0,3.6304000000000087,5.0,0.01,1088369458.555,20.0,1036,1036,739,0,0,0,,,100000.0,15913.68227752723,115913.68227752723,-98177.33058382112,0.1754141353370105,-0.30993847916298867,-0.3099384791629886,-30219.23755468079,-0.0008796928012769,1.0,True,False
7891,66,INDUSTOWER,INDUSTOWER,INDUS TOWERS LIMITED,INE121J01017,reversal_5d,61.57342997519093,True,True,EQ,376.8,True,20.0,1000.0,500.0,1,1.0,4.9636,5.0,0.05,1780856495.225,20.0,611,611,332,0,0,0,,,100000.0,3013.194250697576,103013.19425069758,-91111.61681569932,0.1412523523817967,-0.48508657588701887,-0.4850865758870188,-9381.421930341035,-0.0019742127172332,1.0,True,False
7895,67,CUB,CUB,CITY UNION BANK LTD,INE491A01021,volume_reversal,61.53475701707448,True,True,EQ,236.01,True,20.0,1000.0,500.0,2,1.0,3.1320200000000136,5.0,0.01,520786236.12,20.0,129,129,92,0,0,0,,,100000.0,-6776.16994132039,93223.83005867961,-44441.89614649837,-0.0035948790242102,-0.24992899590350737,-0.2499289959035073,-81694.14018168706,-0.0057327858364132,1.0,True,False
8047,68,ASHOKLEY,ASHOKLEY,ASHOK LEYLAND LTD,INE208A01029,volume_reversal,60.78610692221628,True,True,EQ,169.0,True,20.0,1000.0,500.0,2,2.0,4.485999999999995,5.0,0.01,2510244023.355,20.0,127,127,86,0,0,0,,,100000.0,10293.910561760524,110293.91056176052,-33695.47951957473,0.1442589217906742,-0.33641658561196297,-0.3364165856119629,-296100.1568247508,-0.0043752758205196,1.0,True,False
8055,69,CROMPTON,CROMPTON,CROMPT GREA CON ELEC LTD,INE299U01018,volume_reversal,60.74962299946491,True,True,EQ,232.4,True,20.0,1000.0,500.0,2,1.0,3.074799999999993,5.0,0.01,847721314.9200001,20.0,109,109,69,0,0,0,,,100000.0,-9660.841106381296,90339.1588936187,-41665.3479386612,-0.1184462743619328,-0.3019496041054748,-0.3019496041054746,-53842.6592881993,-0.0046062087000342,1.0,True,False
8218,70,UNIONBANK,UNIONBANK,UNION BANK OF INDIA,INE692A01016,volume_continuation,60.032349078172885,True,True,EQ,187.22,True,20.0,1000.0,500.0,2,2.0,4.948880000000009,5.0,0.01,1686478721.005,20.0,148,148,39,0,0,0,,,100000.0,-20606.25521072264,79393.74478927736,-56185.29981497836,-0.1157759298083811,-0.2851169968159136,-0.2851169968159136,-22959.5324023687,-0.0064539679715528,1.0,True,False
8257,71,BPCL,BPCL,BHARAT PETROLEUM CORP  LT,INE029A01011,volume_continuation,59.894926302476044,True,True,EQ,315.7,True,20.0,1000.0,500.0,1,1.0,4.151400000000034,5.0,0.05,1504042323.325,20.0,101,101,40,0,0,0,,,100000.0,-9286.589448903833,90713.41055109617,-39520.11905332538,-0.053681596606085,-0.3583887988073029,-0.3583887988073029,-70494.22870973393,-0.0064711015500312,1.0,True,False
8287,72,PFC,PFC,POWER FIN CORP LTD.,INE134E01011,volume_reversal,59.79009583110376,True,True,EQ,355.6,True,20.0,1000.0,500.0,1,1.0,4.691200000000012,5.0,0.05,3151134941.3,20.0,114,114,74,0,0,0,,,100000.0,-822.3372362602095,99177.66276373979,-37208.82347699808,0.0339588962555743,-0.26737274852048964,-0.2673727485204897,-212016.0407780193,-0.0045019704865116,1.0,True,False
8370,73,MOREPENLAB,MOREPENLAB,MOREPEN LAB. LTD,INE083A01026,gap_fade_100,59.42890499586516,True,True,EQ,113.74,True,20.0,1000.0,500.0,4,3.0,4.502440000000029,5.0,0.01,2521047229.6800003,20.0,621,621,477,0,0,0,,,100000.0,150928.5815684064,250928.5815684064,-79149.09211918901,0.4450969327072819,-0.5482396313426935,-0.5482396313426936,-238691.67159615335,-0.0010052577561953,1.0,True,False
8512,74,VEDL,VEDL,VEDANTA LIMITED,INE205A01025,volume_reversal,58.90791457897553,True,True,EQ,272.1,True,20.0,1000.0,500.0,1,1.0,3.5842000000000453,5.0,0.05,2725791271.35,20.0,110,110,71,0,0,0,,,100000.0,-247.52263374062025,99752.47736625938,-35825.47037040109,0.0468620539336311,-0.2270651843766961,-0.2270651843766961,-362042.4178918018,-0.0052292959490254,1.0,True,False
8703,75,WIPRO,WIPRO,WIPRO LTD,INE075A01022,gap_fade_100,58.21423359439607,True,True,EQ,176.4,True,20.0,1000.0,500.0,2,2.0,4.655600000000039,5.0,0.01,1251249582.315,20.0,343,343,195,0,0,0,,,100000.0,-5023.640337150253,94976.35966284975,-75992.52757062463,0.0193200769080152,-0.4005149912031052,-0.4005149912031052,-55088.4930574474,-0.0021456995655618,1.0,True,False
8826,76,MANAPPURAM,MANAPPURAM,MANAPPURAM FINANCE LTD,INE522D01027,gap_fade_100,57.71221481733716,True,True,EQ,339.7,True,20.0,1000.0,500.0,1,1.0,4.459400000000023,5.0,0.05,1569912665.4250002,20.0,497,497,322,0,0,0,,,100000.0,53616.28112884931,153616.2811288493,-79028.32863555595,0.3028750327967153,-0.5052666592725803,-0.5052666592725804,-255554.79470889067,-0.001482328631863,1.0,True,False
9213,77,M&MFIN,M&MFIN,M&M FIN. SERVICES LTD,INE774D01024,volume_reversal,56.06654667509851,True,True,EQ,373.65,True,20.0,1000.0,500.0,1,1.0,4.9073000000000455,5.0,0.05,685055156.175,20.0,135,135,86,0,0,0,,,100000.0,-20369.264044564567,79630.73595543543,-53699.95405243716,-0.1394203673377683,-0.2975393334890356,-0.2975393334890356,-83665.11622769973,-0.0066357986969494,1.0,True,False
9240,78,ENGINERSIN,ENGINERSIN,ENGINEERS INDIA LTD,INE510A01028,gap_fade_050,55.939096171620385,True,True,EQ,279.45,True,20.0,1000.0,500.0,1,1.0,3.6489,5.0,0.05,643467907.135,20.0,1053,1053,806,0,0,0,,,100000.0,35284.38533655496,135284.38533655496,-98012.92699850824,0.2490617788720317,-0.7303758973852963,-0.7303758973852963,-72535.52824798491,-0.0009673218259946,1.0,True,False
9268,79,REDINGTON,REDINGTON,REDINGTON LIMITED,INE891D01026,volume_reversal,55.80775404971543,True,True,EQ,371.3,True,20.0,1000.0,500.0,1,1.0,4.902599999999989,5.0,0.05,1285574404.2,20.0,157,157,129,0,0,0,,,100000.0,855.4565271809115,100855.45652718091,-46270.41806450389,0.0848046033739913,-0.3186518931665929,-0.3186518931665929,-570713.4688247894,-0.0053798884375909,1.0,True,False
9285,80,SAIL,SAIL,STEEL AUTHORITY OF INDIA,INE114A01011,volume_continuation,55.7496229994649,True,True,EQ,196.8,True,20.0,1000.0,500.0,2,1.0,2.603600000000008,5.0,0.01,3778441048.885,20.0,105,105,17,0,0,0,,,100000.0,-5379.31235890981,94620.68764109019,-37907.45066715423,-0.0086786683003746,-0.3333264879504524,-0.3333264879504523,-305379.31235890684,-0.0059494945556273,1.0,True,False
9328,81,TATAPOWER,TATAPOWER,TATA POWER CO LTD,INE245A01021,volume_reversal,55.55212336430414,True,True,EQ,368.0,True,20.0,1000.0,500.0,1,1.0,4.845999999999977,5.0,0.05,1580684879.8,20.0,113,113,81,0,0,0,,,100000.0,-5301.2512107886,94698.7487892114,-39819.11260441876,-0.0003605297523376,-0.2998517735795193,-0.2998517735795194,-368764.0556874162,-0.0057715828371785,1.0,True,False
9420,82,IOC,IOC,INDIAN OIL CORP LTD,INE242A01010,volume_continuation,55.129153086539866,True,True,EQ,137.6,True,20.0,1000.0,500.0,3,2.0,3.6304000000000087,5.0,0.01,1088369458.555,20.0,107,107,36,0,0,0,,,100000.0,-22516.68535004577,77483.31464995423,-49597.55467207302,-0.2743029050824887,-0.3104148178293745,-0.3104148178293744,-68649.60518225378,-0.0068472649390826,1.0,True,False
9445,83,CROMPTON,CROMPTON,CROMPT GREA CON ELEC LTD,INE299U01018,reversal_5d,54.97810964634918,True,True,EQ,232.4,True,20.0,1000.0,500.0,2,1.0,3.074799999999993,5.0,0.01,847721314.9200001,20.0,521,521,288,0,0,0,,,100000.0,-8506.909832030651,91493.09016796935,-88673.14970303458,0.0301617597671693,-0.47893369471996583,-0.4789336947199658,-52688.72801384865,-0.0019178318903971,1.0,True,False
9488,84,IOC,IOC,INDIAN OIL CORP LTD,INE242A01010,volume_reversal,54.792771318772196,True,True,EQ,137.6,True,20.0,1000.0,500.0,3,2.0,3.6304000000000087,5.0,0.01,1088369458.555,20.0,107,107,71,0,0,0,,,100000.0,-21312.950260481022,78687.04973951897,-48810.93536412434,-0.2565715412091942,-0.368005120878526,-0.368005120878526,-67445.87009268905,-0.0067128349994781,1.0,True,False
9504,85,WELSPUNLIV,WELSPUNLIV,WELSPUN LIVING LIMITED,INE192B01031,gap_fade_050,54.745098993043726,True,True,EQ,208.51,True,20.0,1000.0,500.0,2,1.0,2.7770200000000127,5.0,0.01,718406604.175,20.0,1315,1315,956,0,0,0,,,100000.0,148290.76858747096,248290.76858747096,-98722.13034640164,0.4382577930626457,-0.7800574204656042,-0.7800574204656042,-148592.61634544932,-0.0005005983693357,1.0,True,False
9539,86,GAIL,GAIL,GAIL (INDIA) LTD,INE129A01019,reversal_5d,54.608162669650255,True,True,EQ,173.4,True,20.0,1000.0,500.0,2,2.0,4.583600000000036,5.0,0.01,1109878265.1999998,20.0,590,590,316,0,0,0,,,100000.0,-8825.080804891928,91174.91919510807,-91440.2690578789,0.0345267506649684,-0.5010066980733348,-0.5010066980733349,-46439.993757365984,-0.0017517859869509,1.0,True,False
9599,87,ITC,ITC,ITC LTD,INE154A01025,volume_continuation,54.34766746120544,True,True,EQ,264.1,True,20.0,1000.0,500.0,1,1.0,3.458199999999966,5.0,0.05,3504678210.3999996,20.0,88,88,28,0,0,0,,,100000.0,-27122.911093909,72877.088906091,-48852.39710720663,-0.4764881701513632,-0.30577710451897444,-0.3057771045189744,-33531.13894201018,-0.0078258210465593,1.0,True,False
9630,88,FEDERALBNK,FEDERALBNK,FEDERAL BANK LTD,INE171A01029,gap_fade_050,54.161842681325105,True,True,EQ,343.0,True,20.0,1000.0,500.0,1,1.0,4.515999999999978,5.0,0.05,1485111743.85,20.0,1038,1038,783,0,0,0,,,100000.0,68980.08942484032,168980.08942484032,-97361.09930382395,0.3405957976877068,-0.47510064807029373,-0.4751006480702938,-345263.01273772283,-0.0006652230599048,1.0,True,False
9700,89,POWERGRID,POWERGRID,POWER GRID CORP. LTD.,INE752E01010,volume_reversal,53.832514471956024,True,True,EQ,266.0,True,20.0,1000.0,500.0,1,1.0,3.5119999999999774,5.0,0.05,2045111029.025,20.0,85,85,61,0,0,0,,,100000.0,-24911.5488717034,75088.4511282966,-46658.00118360637,-0.3545816222638265,-0.30739143828527316,-0.3073914382852731,-71874.10088279987,-0.0085073196447473,1.0,True,False
9706,90,BANKBARODA,BANKBARODA,BANK OF BARODA,INE028A01039,gap_fade_100,53.815975093642066,True,True,EQ,239.0,True,20.0,1000.0,500.0,2,1.0,3.1679999999999864,5.0,0.01,1806686690.8600001,20.0,453,453,275,0,0,0,,,100000.0,-13047.842789735643,86952.15721026435,-85871.57413553869,0.047181435989449,-0.7335769853723979,-0.7335769853723979,-27611.928571127428,-0.0028253106214138,1.0,True,False
9755,91,KTKBANK,KTKBANK,KARNATAKA BANK LIMITED,INE614B01018,volume_reversal,53.5761541080897,True,True,EQ,340.1,True,20.0,1000.0,500.0,1,1.0,4.510200000000034,5.0,0.05,875316394.0,20.0,151,151,118,0,0,0,,,100000.0,-14718.886025547254,85281.11397445275,-53486.43464623435,-0.0566205692807474,-0.45899391562307434,-0.4589939156230744,-133402.04110576125,-0.0058741185202167,1.0,True,False
9788,92,PNB,PNB,PUNJAB NATIONAL BANK,INE160A01022,gap_fade_050,53.388383518995965,True,True,EQ,117.0,True,20.0,1000.0,500.0,4,3.0,4.642000000000006,5.0,0.01,1291402376.8049998,20.0,1118,1118,810,0,0,0,,,100000.0,-23122.932146197607,76877.0678538024,-99131.84557613518,0.0457455427979789,-0.6112245695590219,-0.611224569559022,12782.594870175344,-0.0014390795573947,1.0,True,False
9986,93,POWERGRID,POWERGRID,POWER GRID CORP. LTD.,INE752E01010,reversal_1d,52.565792674028316,True,True,EQ,266.0,True,20.0,1000.0,500.0,1,1.0,3.5119999999999774,5.0,0.05,2045111029.025,20.0,407,407,227,0,0,0,,,100000.0,-16527.196086361044,83472.80391363896,-83683.76203036931,-0.0662101055712833,-0.49250675740854366,-0.4925067574085436,-63489.74809745752,-0.0022922563523776,1.0,True,False
10083,94,TIMETECHNO,TIMETECHNO,TIME TECHNOPLAST LTD.,INE508G01029,volume_continuation,52.179306319015424,True,True,EQ,188.49,True,20.0,1000.0,500.0,2,2.0,4.973959999999991,5.0,0.01,603376241.075,20.0,178,178,28,0,0,0,,,100000.0,-5574.268940790746,94425.73105920925,-53764.54769573269,0.0314396589181971,-0.44972550197823835,-0.4497255019782383,-375811.7700009241,-0.0047922733893964,1.0,True,False
10176,95,IFCI,IFCI,IFCI LTD,INE039A01010,gap_fade_050,51.722284380016546,True,True,EQ,101.38,True,20.0,1000.0,500.0,4,3.0,4.008280000000015,5.0,0.01,3490384221.1400003,20.0,1302,1302,944,0,0,0,,,100000.0,34842.94898367004,134842.94898367004,-99271.53148660967,0.287256119352218,-0.7080164136599135,-0.7080164136599135,-168286.54741920583,-0.0010816697653314,1.0,True,False
10277,96,MANAPPURAM,MANAPPURAM,MANAPPURAM FINANCE LTD,INE522D01027,gap_fade_050,51.20494235540205,True,True,EQ,339.7,True,20.0,1000.0,500.0,1,1.0,4.459400000000023,5.0,0.05,1569912665.4250002,20.0,1223,1223,875,0,0,0,,,100000.0,69425.53227467404,169425.53227467404,-98740.22116757308,0.3269529166100251,-0.7891664722550948,-0.7891664722550948,-239745.54356306596,-0.000730945941604,1.0,True,False
10307,97,HINDPETRO,HINDPETRO,HINDUSTAN PETROLEUM CORP,INE094A01015,volume_reversal,51.079437661137334,True,True,EQ,356.5,True,20.0,1000.0,500.0,1,1.0,4.693000000000011,5.0,0.05,1550322480.175,20.0,127,127,82,0,0,0,,,100000.0,-22908.64894189025,77091.35105810975,-53723.2020068873,-0.1630216798909954,-0.4459556156895008,-0.4459556156895008,-140975.10651971042,-0.0073196406986189,1.0,True,False
10323,98,IOC,IOC,INDIAN OIL CORP LTD,INE242A01010,reversal_1d,51.005253684876195,True,True,EQ,137.6,True,20.0,1000.0,500.0,3,2.0,3.6304000000000087,5.0,0.01,1088369458.555,20.0,573,573,297,0,0,0,,,100000.0,-20043.507746031333,79956.49225396867,-91967.81972315285,-0.0557179624184215,-0.46491391443687635,-0.4649139144368763,-66176.42757823935,-0.0019384131408886,1.0,True,False
10333,99,REDINGTON,REDINGTON,REDINGTON LIMITED,INE891D01026,reversal_1d,50.97485041591673,True,True,EQ,371.3,True,20.0,1000.0,500.0,1,1.0,4.902599999999989,5.0,0.05,1285574404.2,20.0,800,800,410,0,0,0,,,100000.0,32580.61525665666,132580.61525665666,-94633.4451022974,0.2451104731909378,-0.5853701360045027,-0.5853701360045028,-538988.3100953136,-0.0013774856579516,1.0,True,False
10340,100,BPCL,BPCL,BHARAT PETROLEUM CORP  LT,INE029A01011,gap_fade_100,50.95782458529941,True,True,EQ,315.7,True,20.0,1000.0,500.0,1,1.0,4.151400000000034,5.0,0.05,1504042323.325,20.0,436,436,269,0,0,0,,,100000.0,-17842.97355381034,82157.02644618966,-85707.89040984523,-0.0237506206576641,-0.5514416951893155,-0.5514416951893155,-79050.61281464044,-0.0025907943269536,1.0,True,False
10402,101,SAMMAANCAP,SAMMAANCAP,SAMMAAN CAPITAL LIMITED,INE148I01020,volume_reversal,50.7024371260398,True,True,EQ,158.39,True,20.0,1000.0,500.0,3,2.0,4.163560000000025,5.0,0.01,963280553.225,20.0,162,162,116,0,0,0,,,100000.0,-54616.84571843513,45383.15428156487,-76384.11308340033,-0.3274073326883671,-0.5875228599877544,-0.5875228599877544,14193.024428676552,-0.0110094068830445,1.0,True,False
10436,102,WIPRO,WIPRO,WIPRO LTD,INE075A01022,gap_fade_050,50.54434012745051,True,True,EQ,176.4,True,20.0,1000.0,500.0,2,2.0,4.655600000000039,5.0,0.01,1251249582.315,20.0,965,965,635,0,0,0,,,100000.0,-14830.779815297705,85169.2201847023,-98221.61245039733,-0.0157822873427923,-0.439958407804257,-0.439958407804257,-64895.63253559485,-0.0010805901731746,1.0,True,False
10447,103,PFC,PFC,POWER FIN CORP LTD.,INE134E01011,gap_continuation_100,50.51661234615946,True,True,EQ,355.6,True,20.0,1000.0,500.0,1,1.0,4.691200000000012,5.0,0.05,3151134941.3,20.0,343,343,142,0,0,0,,,100000.0,-8108.449234764834,91891.55076523517,-76783.43665833745,0.0424987725062397,-0.5155684578132002,-0.5155684578132002,-219302.152776524,-0.0030146045519226,1.0,True,False
10489,104,NTPC,NTPC,NTPC LTD,INE733E01010,reversal_5d,50.32057206790874,True,True,EQ,332.5,True,20.0,1000.0,500.0,1,1.0,4.3750000000000115,5.0,0.05,2596856663.35,20.0,345,345,212,0,0,0,,,100000.0,-23618.248518931345,76381.75148106866,-80864.29458045456,-0.1441885535346936,-0.33526706498046976,-0.3352670649804697,-131014.04920837,-0.0028819402819788,1.0,True,False
10566,105,MOTHERSON,MOTHERSON,SAMVRDHNA MTHRSN INTL LTD,INE775A01035,volume_continuation,49.95086831736148,True,True,EQ,160.7,True,20.0,1000.0,500.0,3,2.0,4.222800000000046,5.0,0.01,1970325383.705,20.0,147,147,53,0,0,0,,,100000.0,-32185.42558752141,67814.57441247859,-62447.48031591889,-0.2563014146580948,-0.376443866667467,-0.376443866667467,-106670.54591077787,-0.0073915554243868,1.0,True,False
10569,106,ITC,ITC,ITC LTD,INE154A01025,reversal_1d,49.94089604514277,True,True,EQ,264.1,True,20.0,1000.0,500.0,1,1.0,3.458199999999966,5.0,0.05,3504678210.3999996,20.0,303,303,165,0,0,0,,,100000.0,-33958.9063832275,66041.0936167725,-80430.37157147493,-0.3714803135701032,-0.3688218171980743,-0.3688218171980743,-40367.13423132867,-0.0032447878724505,1.0,True,False
10623,107,BPCL,BPCL,BHARAT PETROLEUM CORP  LT,INE029A01011,volume_reversal,49.64075497397481,True,True,EQ,315.7,True,20.0,1000.0,500.0,1,1.0,4.151400000000034,5.0,0.05,1504042323.325,20.0,101,101,61,0,0,0,,,100000.0,-32920.84000877534,67079.15999122466,-55331.25923896775,-0.3708497384485856,-0.3712810996748477,-0.3712810996748477,-94128.47926960544,-0.0094650672411335,1.0,True,False
10635,108,MOTHERSON,MOTHERSON,SAMVRDHNA MTHRSN INTL LTD,INE775A01035,volume_reversal,49.584569732937695,True,True,EQ,160.7,True,20.0,1000.0,500.0,3,2.0,4.222800000000046,5.0,0.01,1970325383.705,20.0,147,147,94,0,0,0,,,100000.0,-29764.188127297515,70235.81187270248,-61102.44005743166,-0.2246529380520232,-0.47632272518021856,-0.4763227251802185,-104249.308450554,-0.0071273880345499,1.0,True,False
10690,109,UNIONBANK,UNIONBANK,UNION BANK OF INDIA,INE692A01016,volume_reversal,49.36104489954761,True,True,EQ,187.22,True,20.0,1000.0,500.0,2,2.0,4.948880000000009,5.0,0.01,1686478721.005,20.0,148,148,109,0,0,0,,,100000.0,-41074.88442384573,58925.11557615427,-67520.45558582435,-0.3472798222119675,-0.448880235224581,-0.4488802352245808,-43428.16161549179,-0.0084587811789161,1.0,True,False
10768,110,WIPRO,WIPRO,WIPRO LTD,INE075A01022,momentum_5d,48.974558544534716,True,True,EQ,176.4,True,20.0,1000.0,500.0,2,2.0,4.655600000000039,5.0,0.01,1251249582.315,20.0,358,358,176,0,0,0,,,100000.0,-28989.196527148622,71010.80347285137,-83116.53025991579,-0.2550321848393894,-0.4058849437323727,-0.4058849437323727,-79054.04924744577,-0.0027145153790668,1.0,True,False
10797,111,UNIONBANK,UNIONBANK,UNION BANK OF INDIA,INE692A01016,gap_fade_100,48.82716349661916,True,True,EQ,187.22,True,20.0,1000.0,500.0,2,2.0,4.948880000000009,5.0,0.01,1686478721.005,20.0,508,508,342,0,0,0,,,100000.0,-30183.54200111174,69816.45799888826,-90907.72664282522,-0.062668179299449,-0.7514894522440084,-0.7514894522440084,-32536.8191927578,-0.0028614200226611,1.0,True,False
10821,112,CROMPTON,CROMPTON,CROMPT GREA CON ELEC LTD,INE299U01018,volume_continuation,48.673687794911714,True,True,EQ,232.4,True,20.0,1000.0,500.0,2,1.0,3.074799999999993,5.0,0.01,847721314.9200001,20.0,109,109,40,0,0,0,,,100000.0,-31640.91331750402,68359.08668249598,-55907.99737854357,-0.5303339328458592,-0.37901427253954234,-0.3790142725395424,-75822.73149932202,-0.0071594983584461,1.0,True,False
10828,113,MOREPENLAB,MOREPENLAB,MOREPEN LAB. LTD,INE083A01026,volume_reversal,48.639636133677094,True,True,EQ,113.74,True,20.0,1000.0,500.0,4,3.0,4.502440000000029,5.0,0.01,2521047229.6800003,20.0,213,213,164,0,0,0,,,100000.0,-15935.431004744025,84064.56899525598,-64268.06753839305,0.0433304622187909,-0.4844776942979322,-0.4844776942979323,-405555.6841693038,-0.00629335391219,1.0,True,False
10922,114,NTPC,NTPC,NTPC LTD,INE733E01010,reversal_1d,48.22834071119327,True,True,EQ,332.5,True,20.0,1000.0,500.0,1,1.0,4.3750000000000115,5.0,0.05,2596856663.35,20.0,439,439,244,0,0,0,,,100000.0,-20235.119276881236,79764.88072311877,-86288.14724151735,-0.0921171143123703,-0.5193514296588082,-0.5193514296588082,-127630.91996631988,-0.0022826023760063,1.0,True,False
10982,115,MANAPPURAM,MANAPPURAM,MANAPPURAM FINANCE LTD,INE522D01027,volume_continuation,47.91384929707642,True,True,EQ,339.7,True,20.0,1000.0,500.0,1,1.0,4.459400000000023,5.0,0.05,1569912665.4250002,20.0,145,145,40,0,0,0,,,100000.0,-24833.812516279635,75166.18748372036,-58023.29183487219,-0.1829239434242915,-0.36134762524576214,-0.3613476252457621,-334004.8883540196,-0.0066362091049557,1.0,True,False
11003,116,SAIL,SAIL,STEEL AUTHORITY OF INDIA,INE114A01011,turn_of_month,47.840638225422005,True,True,EQ,196.8,True,20.0,1000.0,500.0,2,1.0,2.603600000000008,5.0,0.01,3778441048.885,20.0,723,723,0,0,0,0,,,100000.0,-835.8536940345366,99164.14630596546,-94537.30673292612,0.1085670983971225,-0.6120136998221517,-0.6120136998221517,-300835.8536940316,-0.0015728861339867,1.0,True,False
11013,117,SAMMAANCAP,SAMMAANCAP,SAMMAAN CAPITAL LIMITED,INE148I01020,gap_fade_050,47.78688524590164,True,True,EQ,158.39,True,20.0,1000.0,500.0,3,2.0,4.163560000000025,5.0,0.01,963280553.225,20.0,1333,1333,975,0,0,0,,,100000.0,-49144.63661602101,50855.36338397899,-99758.30574760056,0.0540910392099505,-0.7525519629869714,-0.7525519629869714,19665.23353109067,-0.0018105070923585,1.0,True,False
11025,118,HINDPETRO,HINDPETRO,HINDUSTAN PETROLEUM CORP,INE094A01015,volume_continuation,47.74432066935837,True,True,EQ,356.5,True,20.0,1000.0,500.0,1,1.0,4.693000000000011,5.0,0.05,1550322480.175,20.0,127,127,45,0,0,0,,,100000.0,-32171.119163526837,67828.88083647317,-59304.28173858536,-0.2721225713265125,-0.441439975848273,-0.441439975848273,-150237.576741347,-0.0083258016872954,1.0,True,False
11153,119,M&MFIN,M&MFIN,M&M FIN. SERVICES LTD,INE774D01024,volume_continuation,47.18879213893078,True,True,EQ,373.65,True,20.0,1000.0,500.0,1,1.0,4.9073000000000455,5.0,0.05,685055156.175,20.0,135,135,49,0,0,0,,,100000.0,-36322.01590427024,63677.98409572976,-63010.62788391713,-0.3256965131659832,-0.4901721190285403,-0.4901721190285403,-99617.8680874054,-0.0082427806553438,1.0,True,False
11259,120,WIPRO,WIPRO,WIPRO LTD,INE075A01022,volume_reversal,46.67388237583306,True,True,EQ,176.4,True,20.0,1000.0,500.0,2,2.0,4.655600000000039,5.0,0.01,1251249582.315,20.0,101,101,63,0,0,0,,,100000.0,-33709.769990609566,66290.23000939043,-55853.62407348729,-0.6824477426595028,-0.36900060033375104,-0.369000600333751,-83774.62271090671,-0.0074602646216156,1.0,True,False
11308,121,GAIL,GAIL,GAIL (INDIA) LTD,INE129A01019,volume_continuation,46.39660456292261,True,True,EQ,173.4,True,20.0,1000.0,500.0,2,2.0,4.583600000000036,5.0,0.01,1109878265.1999998,20.0,109,109,30,0,0,0,,,100000.0,-40640.71350557768,59359.28649442232,-61738.04442450942,-0.5342625714656828,-0.40640713505577675,-0.4064071350557767,-78255.62645805173,-0.0095525995028526,1.0,True,False
11314,122,EPL,EPL,EPL LIMITED,INE255A01020,reversal_5d,46.36157999708128,True,True,EQ,247.1,True,20.0,1000.0,500.0,2,1.0,3.254200000000017,5.0,0.05,640014168.835,20.0,599,599,329,0,0,0,,,100000.0,-20305.293785995484,79694.70621400452,-92790.0089360313,0.0114716171647966,-0.6166531028806643,-0.6166531028806643,-152404.99566802985,-0.0022918513755122,1.0,True,False
11316,123,ITC,ITC,ITC LTD,INE154A01025,reversal_5d,46.351121272559226,True,True,EQ,264.1,True,20.0,1000.0,500.0,1,1.0,3.458199999999966,5.0,0.05,3504678210.3999996,20.0,259,259,151,0,0,0,,,100000.0,-41749.11661104977,58250.88338895023,-79420.35206425606,-0.4898417535966144,-0.4240780353373399,-0.4240780353373398,-48157.34445915095,-0.0043085128724246,1.0,True,False
11432,124,PNB,PNB,PUNJAB NATIONAL BANK,INE160A01022,reversal_1d,45.82332052342267,True,True,EQ,117.0,True,20.0,1000.0,500.0,4,3.0,4.642000000000006,5.0,0.01,1291402376.8049998,20.0,820,820,410,0,0,0,,,100000.0,-48524.80655740829,51475.19344259171,-98083.07975214809,-0.1598828015319952,-0.6581415603905829,-0.6581415603905828,-12619.279541035345,-0.0022800494482828,1.0,True,False
11522,125,KTKBANK,KTKBANK,KARNATAKA BANK LIMITED,INE614B01018,gap_fade_100,45.44194191759498,True,True,EQ,340.1,True,20.0,1000.0,500.0,1,1.0,4.510200000000034,5.0,0.05,875316394.0,20.0,404,404,256,0,0,0,,,100000.0,-27614.21165864612,72385.78834135388,-85691.91976862823,-0.0914238267705826,-0.6320089055864087,-0.6320089055864087,-146297.36673886012,-0.0031681458696175,1.0,True,False
11535,126,NATIONALUM,NATIONALUM,NATIONAL ALUMINIUM CO LTD,INE139A01034,volume_reversal,45.36751471518218,True,True,EQ,374.1,True,20.0,1000.0,500.0,1,1.0,4.908200000000045,5.0,0.05,2075946057.05,20.0,140,140,108,0,0,0,,,100000.0,-25753.603984517496,74246.3960154825,-57696.1756598348,-0.2614644442301873,-0.318029764222694,-0.318029764222694,-761161.3293064026,-0.006117343784017,1.0,True,False
11579,127,MOTHERSON,MOTHERSON,SAMVRDHNA MTHRSN INTL LTD,INE775A01035,gap_fade_050,45.18898671985211,True,True,EQ,160.7,True,20.0,1000.0,500.0,3,2.0,4.222800000000046,5.0,0.01,1970325383.705,20.0,1183,1183,853,0,0,0,,,100000.0,-17925.108050292154,82074.89194970785,-99285.5245503534,0.0669605798523568,-0.7321632739746107,-0.7321632739746108,-92410.22837354864,-0.0012787962070515,1.0,True,False
11748,128,BANKBARODA,BANKBARODA,BANK OF BARODA,INE028A01039,gap_fade_050,44.29002286325826,True,True,EQ,239.0,True,20.0,1000.0,500.0,2,1.0,3.1679999999999864,5.0,0.01,1806686690.8600001,20.0,1109,1109,757,0,0,0,,,100000.0,-34755.187368851,65244.812631149,-99236.66921785164,-0.0098899309784479,-0.7475144719355349,-0.7475144719355349,-49319.27315024279,-0.0016149987833274,1.0,True,False
11828,129,MOTHERSON,MOTHERSON,SAMVRDHNA MTHRSN INTL LTD,INE775A01035,gap_fade_100,43.89940166366688,True,True,EQ,160.7,True,20.0,1000.0,500.0,3,2.0,4.222800000000046,5.0,0.01,1970325383.705,20.0,481,481,307,0,0,0,,,100000.0,-36677.37069573552,63322.62930426448,-90814.9913895416,-0.1049089584182555,-0.6895129858534408,-0.6895129858534408,-111162.491018992,-0.0032273267411663,1.0,True,False
11849,130,ONGC,ONGC,OIL AND NATURAL GAS CORP.,INE213A01029,reversal_5d,43.83689254268619,True,True,EQ,234.65,True,20.0,1000.0,500.0,2,1.0,3.1093000000000033,5.0,0.01,2775082213.085,20.0,532,532,274,0,0,0,,,100000.0,-40841.72493549495,59158.27506450505,-93004.51288151996,-0.2296339534974009,-0.5620875181946317,-0.5620875181946317,-85419.70864399808,-0.0026872309923649,1.0,True,False
11863,131,INDUSTOWER,INDUSTOWER,INDUS TOWERS LIMITED,INE121J01017,volume_continuation,43.808678309091796,True,True,EQ,376.8,True,20.0,1000.0,500.0,1,1.0,4.9636,5.0,0.05,1780856495.225,20.0,128,128,45,0,0,0,,,100000.0,-48976.11966459369,51023.88033540631,-69549.0023349199,-0.3978048729246173,-0.7012694280107064,-0.7012694280107064,-61370.7358456323,-0.0114419228456545,1.0,True,False
11870,132,IFCI,IFCI,IFCI LTD,INE039A01010,gap_fade_100,43.786787955440964,True,True,EQ,101.38,True,20.0,1000.0,500.0,4,3.0,4.008280000000015,5.0,0.01,3490384221.1400003,20.0,636,636,446,0,0,0,,,100000.0,-21812.0304653982,78187.9695346018,-93909.08287341968,0.0907247862064998,-0.7278565851602439,-0.7278565851602439,-224941.5268682741,-0.0027088522081361,1.0,True,False
11931,133,BANKINDIA,BANKINDIA,BANK OF INDIA,INE084A01016,volume_continuation,43.51632047477745,True,True,EQ,145.0,True,20.0,1000.0,500.0,3,2.0,3.8299999999999774,5.0,0.01,754397260.855,20.0,157,157,39,0,0,0,,,100000.0,-52651.47824376305,47348.52175623695,-74849.18944876177,-0.4834546712438365,-0.6024282163962184,-0.6024282163962184,-49478.72142159386,-0.0095776932460777,1.0,True,False
11937,134,ITC,ITC,ITC LTD,INE154A01025,momentum_5d,43.494186894974945,True,True,EQ,264.1,True,20.0,1000.0,500.0,1,1.0,3.458199999999966,5.0,0.05,3504678210.3999996,20.0,259,259,108,0,0,0,,,100000.0,-45013.9561963546,54986.0438036454,-80578.2678244507,-0.5471839495587355,-0.5485469089569135,-0.5485469089569135,-51422.184044455775,-0.0045317180400723,1.0,True,False
11956,135,REDINGTON,REDINGTON,REDINGTON LIMITED,INE891D01026,reversal_5d,43.42584034635404,True,True,EQ,371.3,True,20.0,1000.0,500.0,1,1.0,4.902599999999989,5.0,0.05,1285574404.2,20.0,755,755,438,0,0,0,,,100000.0,-10574.485571706073,89425.51442829393,-95671.37456289033,0.1048126578058349,-0.606612926032055,-0.606612926032055,-582143.4109236763,-0.0019593913426291,1.0,True,False
11982,136,CUB,CUB,CITY UNION BANK LTD,INE491A01021,volume_continuation,43.315658899644895,True,True,EQ,236.01,True,20.0,1000.0,500.0,2,1.0,3.1320200000000136,5.0,0.01,520786236.12,20.0,129,129,37,0,0,0,,,100000.0,-44315.08219516537,55684.91780483463,-66884.31292891788,-0.4386337446106459,-0.5221631096262644,-0.5221631096262644,-119233.05243553204,-0.0096682019986604,1.0,True,False
11996,137,ENGINERSIN,ENGINERSIN,ENGINEERS INDIA LTD,INE510A01028,reversal_5d,43.25460913557426,True,True,EQ,279.45,True,20.0,1000.0,500.0,1,1.0,3.6489,5.0,0.05,643467907.135,20.0,734,734,396,0,0,0,,,100000.0,-32344.91295783395,67655.08704216605,-96439.75705069587,-0.0471121541449292,-0.6264496170795592,-0.626449617079559,-140164.8265423738,-0.0021518760319717,1.0,True,False
12001,138,TMPV,TMPV,TATA MOTORS PASS VEH LTD,INE155A01022,volume_continuation,43.22785425888991,True,True,EQ,311.5,True,20.0,1000.0,500.0,1,1.0,4.093000000000023,5.0,0.05,2618626895.5,20.0,102,102,44,0,0,0,,,100000.0,-46623.37518118676,53376.62481881324,-64628.587619682345,-0.7625305814038518,-0.5603894197842207,-0.5603894197842207,-47137.07834912509,-0.0105934258025149,1.0,True,False
12024,139,KTKBANK,KTKBANK,KARNATAKA BANK LIMITED,INE614B01018,gap_fade_050,43.1354283212531,True,True,EQ,340.1,True,20.0,1000.0,500.0,1,1.0,4.510200000000034,5.0,0.05,875316394.0,20.0,1069,1069,789,0,0,0,,,100000.0,-26797.843928120277,73202.15607187973,-98993.7505334846,-0.0096063960587041,-0.5840778154276824,-0.5840778154276824,-145480.99900833427,-0.0014179017994951,1.0,True,False
12054,140,MANAPPURAM,MANAPPURAM,MANAPPURAM FINANCE LTD,INE522D01027,volume_reversal,42.97635841805711,True,True,EQ,339.7,True,20.0,1000.0,500.0,1,1.0,4.459400000000023,5.0,0.05,1569912665.4250002,20.0,145,145,105,0,0,0,,,100000.0,-35464.162662227725,64535.837337772275,-63983.02100233148,-0.3082614375764276,-0.4543416992460927,-0.4543416992460927,-344635.23849996773,-0.0076605777287938,1.0,True,False
12058,141,ONGC,ONGC,OIL AND NATURAL GAS CORP.,INE213A01029,gap_fade_100,42.93573965072725,True,True,EQ,234.65,True,20.0,1000.0,500.0,2,1.0,3.1093000000000033,5.0,0.01,2775082213.085,20.0,461,461,314,0,0,0,,,100000.0,-42033.460254162725,57966.539745837275,-90890.66048321204,-0.2150400757123765,-0.6994724125627525,-0.6994724125627526,-86611.44396266586,-0.0032434915740326,1.0,True,False
12105,142,UNIONBANK,UNIONBANK,UNION BANK OF INDIA,INE692A01016,gap_fade_050,42.709296103517055,True,True,EQ,187.22,True,20.0,1000.0,500.0,2,2.0,4.948880000000009,5.0,0.01,1686478721.005,20.0,1225,1225,890,0,0,0,,,100000.0,-39998.6777860484,60001.3222139516,-99559.27388324836,-0.0212805431377655,-0.8037875391162981,-0.8037875391162981,-42351.95497769446,-0.0015637751420593,1.0,True,False
12135,143,BANKBARODA,BANKBARODA,BANK OF BARODA,INE028A01039,reversal_5d,42.599114656807906,True,True,EQ,239.0,True,20.0,1000.0,500.0,2,1.0,3.1679999999999864,5.0,0.01,1806686690.8600001,20.0,745,745,395,0,0,0,,,100000.0,-47602.93216780931,52397.06783219069,-97364.2916086618,-0.1530090900949047,-0.6817469424371774,-0.6817469424371774,-62167.01794920109,-0.0024881947949825,1.0,True,False
12186,144,SAIL,SAIL,STEEL AUTHORITY OF INDIA,INE114A01011,volume_reversal,42.3918859755801,True,True,EQ,196.8,True,20.0,1000.0,500.0,2,1.0,2.603600000000008,5.0,0.01,3778441048.885,20.0,105,105,88,0,0,0,,,100000.0,-36991.89470713753,63008.10529286247,-58720.93015523688,-0.4217496408282494,-0.4155188358958799,-0.4155188358958799,-336991.8947071346,-0.0097894521467525,1.0,True,False
12200,145,NATIONALUM,NATIONALUM,NATIONAL ALUMINIUM CO LTD,INE139A01034,volume_continuation,42.32159361774578,True,True,EQ,374.1,True,20.0,1000.0,500.0,1,1.0,4.908200000000045,5.0,0.05,2075946057.05,20.0,140,140,32,0,0,0,,,100000.0,-29992.37237231924,70007.62762768076,-60120.64185844509,-0.3226956992510749,-0.40971302337272686,-0.4097130233727269,-765400.0976942043,-0.006538969466814,1.0,True,False
12301,146,BANKBARODA,BANKBARODA,BANK OF BARODA,INE028A01039,volume_continuation,41.7981709393394,True,True,EQ,239.0,True,20.0,1000.0,500.0,2,1.0,3.1679999999999864,5.0,0.01,1806686690.8600001,20.0,109,109,32,0,0,0,,,100000.0,-52569.05067325744,47430.94932674256,-69455.63629360963,-0.6865399776783264,-0.5302306813809284,-0.5302306813809284,-67133.13645464921,-0.0121138184513924,1.0,True,False
12302,147,PFC,PFC,POWER FIN CORP LTD.,INE134E01011,reversal_1d,41.79792771318772,True,True,EQ,355.6,True,20.0,1000.0,500.0,1,1.0,4.691200000000012,5.0,0.05,3151134941.3,20.0,770,770,409,0,0,0,,,100000.0,-28867.48816014234,71132.51183985766,-96758.57814007348,-0.04077916605817,-0.5831986881963105,-0.5831986881963104,-240061.19170190144,-0.0019400440367266,1.0,True,False
12329,148,ASHOKLEY,ASHOKLEY,ASHOK LEYLAND LTD,INE208A01029,reversal_1d,41.68093593423165,True,True,EQ,169.0,True,20.0,1000.0,500.0,2,2.0,4.485999999999995,5.0,0.01,2510244023.355,20.0,691,691,367,0,0,0,,,100000.0,-28056.23107742876,71943.76892257124,-95501.10744888148,-0.0132463086511446,-0.5626538361438752,-0.5626538361438752,-334450.2984639401,-0.0022524464769373,1.0,True,False
12460,149,KTKBANK,KTKBANK,KARNATAKA BANK LIMITED,INE614B01018,volume_continuation,41.03346791847059,True,True,EQ,340.1,True,20.0,1000.0,500.0,1,1.0,4.510200000000034,5.0,0.05,875316394.0,20.0,151,151,33,0,0,0,,,100000.0,-45974.57793242367,54025.42206757633,-70587.14210939984,-0.4110878212046401,-0.587214005379015,-0.587214005379015,-164657.73301263765,-0.0089099547569571,1.0,True,False
12479,150,PFC,PFC,POWER FIN CORP LTD.,INE134E01011,volume_continuation,40.93301551782848,True,True,EQ,355.6,True,20.0,1000.0,500.0,1,1.0,4.691200000000012,5.0,0.05,3151134941.3,20.0,114,114,40,0,0,0,,,100000.0,-40749.84912444427,59250.15087555573,-62565.39546660161,-0.5612484031733634,-0.41888282427105683,-0.4188828242710568,-251943.55266620335,-0.0090100973133728,1.0,True,False
12483,151,RECLTD,RECLTD,REC LIMITED,INE020B01018,gap_continuation_100,40.91258452108771,True,True,EQ,318.7,True,20.0,1000.0,500.0,1,1.0,4.157400000000035,5.0,0.05,1931316464.5,20.0,354,354,144,0,0,0,,,100000.0,-42743.48893908928,57256.51106091072,-86185.05582500373,-0.2059661681795,-0.5677663510540043,-0.5677663510540043,-224857.64374606783,-0.0043756486658724,1.0,True,False
12529,152,BPCL,BPCL,BHARAT PETROLEUM CORP  LT,INE029A01011,gap_fade_050,40.71095004134845,True,True,EQ,315.7,True,20.0,1000.0,500.0,1,1.0,4.151400000000034,5.0,0.05,1504042323.325,20.0,1068,1068,725,0,0,0,,,100000.0,-37618.028474325125,62381.971525674875,-99139.52307605711,-0.0903663293322511,-0.7394620848466247,-0.7394620848466247,-98825.66773515522,-0.0015292738359502,1.0,True,False
12579,153,TATAPOWER,TATAPOWER,TATA POWER CO LTD,INE245A01021,volume_continuation,40.42929415770784,True,True,EQ,368.0,True,20.0,1000.0,500.0,1,1.0,4.845999999999977,5.0,0.05,1580684879.8,20.0,113,113,32,0,0,0,,,100000.0,-39740.58176548527,60259.41823451473,-61774.80809559669,-0.4370516514401609,-0.4575060702625532,-0.4575060702625532,-403203.3862421129,-0.009765041237359,1.0,True,False
12681,154,ENGINERSIN,ENGINERSIN,ENGINEERS INDIA LTD,INE510A01028,reversal_1d,39.94332830665954,True,True,EQ,279.45,True,20.0,1000.0,500.0,1,1.0,3.6489,5.0,0.05,643467907.135,20.0,772,772,397,0,0,0,,,100000.0,-49158.14707451879,50841.85292548121,-97705.49958862818,-0.1426620392996165,-0.5500743219767341,-0.5500743219767341,-156978.06065905865,-0.0024945023798529,1.0,True,False
12716,155,VEDL,VEDL,VEDANTA LIMITED,INE205A01025,volume_continuation,39.77696161891327,True,True,EQ,272.1,True,20.0,1000.0,500.0,1,1.0,3.5842000000000453,5.0,0.05,2725791271.35,20.0,110,110,39,0,0,0,,,100000.0,-41519.8644461127,58480.1355538873,-62458.723345383216,-0.4924165767424522,-0.4357095642030193,-0.4357095642030193,-403314.7597041739,-0.010061163553594,1.0,True,False
12755,156,IOC,IOC,INDIAN OIL CORP LTD,INE242A01010,reversal_5d,39.60475750352678,True,True,EQ,137.6,True,20.0,1000.0,500.0,3,2.0,3.6304000000000087,5.0,0.01,1088369458.555,20.0,515,515,277,0,0,0,,,100000.0,-51393.27498677386,48606.72501322614,-93851.09641874714,-0.4037187852207883,-0.5672027724670419,-0.5672027724670419,-97526.19481898188,-0.0030095086804014,1.0,True,False
12792,157,NTPC,NTPC,NTPC LTD,INE733E01010,volume_continuation,39.393150751568804,True,True,EQ,332.5,True,20.0,1000.0,500.0,1,1.0,4.3750000000000115,5.0,0.05,2596856663.35,20.0,84,84,22,0,0,0,,,100000.0,-47460.683147864125,52539.316852135875,-62581.38948685384,-0.8032195049473926,-0.47776265713765387,-0.477762657137654,-154856.48383730277,-0.0128720140810307,1.0,True,False
12843,158,TMPV,TMPV,TATA MOTORS PASS VEH LTD,INE155A01022,gap_continuation_100,39.16378849053851,True,True,EQ,311.5,True,20.0,1000.0,500.0,1,1.0,4.093000000000023,5.0,0.05,2618626895.5,20.0,565,565,192,0,0,0,,,100000.0,-60938.8356667298,39061.1643332702,-95961.34810000332,-0.337617871290724,-0.7011825858692515,-0.7011825858692515,-61452.53883466812,-0.0036097460676567,1.0,True,False
12915,159,LTF,LTF,L&T FINANCE LIMITED,INE498L01015,gap_fade_100,38.79919248917644,True,True,EQ,314.0,True,20.0,1000.0,500.0,1,1.0,4.098000000000023,5.0,0.05,1074454374.875,20.0,428,428,276,0,0,0,,,100000.0,-49143.985557620894,50856.014442379106,-90884.93157024076,-0.2114923005253951,-0.5340337303748146,-0.5340337303748146,-288700.9475829356,-0.0041557282006625,1.0,True,False
12958,160,ONGC,ONGC,OIL AND NATURAL GAS CORP.,INE213A01029,reversal_1d,38.58466702339835,True,True,EQ,234.65,True,20.0,1000.0,500.0,2,1.0,3.1093000000000033,5.0,0.01,2775082213.085,20.0,552,552,286,0,0,0,,,100000.0,-56144.83619209766,43855.16380790234,-95219.41217783894,-0.3938641784192053,-0.5724339942229734,-0.5724339942229734,-100722.8199006008,-0.0031756443728626,1.0,True,False
12977,161,CROMPTON,CROMPTON,CROMPT GREA CON ELEC LTD,INE299U01018,reversal_1d,38.45673006761687,True,True,EQ,232.4,True,20.0,1000.0,500.0,2,1.0,3.074799999999993,5.0,0.01,847721314.9200001,20.0,607,607,322,0,0,0,,,100000.0,-53612.32568883232,46387.67431116768,-95943.0833350506,-0.3328442025185091,-0.6799607514262674,-0.6799607514262676,-97794.14387065032,-0.0028670474177083,1.0,True,False
13036,162,RECLTD,RECLTD,REC LIMITED,INE020B01018,reversal_5d,38.18577613465,True,True,EQ,318.7,True,20.0,1000.0,500.0,1,1.0,4.157400000000035,5.0,0.05,1931316464.5,20.0,788,788,437,0,0,0,,,100000.0,-42234.35608750893,57765.64391249107,-97552.76376513862,-0.153858742120935,-0.641860840351127,-0.641860840351127,-224348.51089448747,-0.0020841965571905,1.0,True,False
13066,163,NATIONALUM,NATIONALUM,NATIONAL ALUMINIUM CO LTD,INE139A01034,turn_of_month,38.03838108673445,True,True,EQ,374.1,True,20.0,1000.0,500.0,1,1.0,4.908200000000045,5.0,0.05,2075946057.05,20.0,723,723,0,0,0,0,,,100000.0,-30384.252088396053,69615.74791160395,-96170.20636015138,-0.0640527048522558,-0.5966687198955595,-0.5966687198955594,-765791.9774102811,-0.002012858979871,1.0,True,False
13106,164,SAMMAANCAP,SAMMAANCAP,SAMMAAN CAPITAL LIMITED,INE148I01020,momentum_1d,37.85377243761249,True,True,EQ,158.39,True,20.0,1000.0,500.0,3,2.0,4.163560000000025,5.0,0.01,963280553.225,20.0,1022,1022,511,0,0,0,,,100000.0,-76188.41554482195,23811.584455178046,-99607.31792842374,-0.1892432352235721,-0.9301278212751244,-0.9301278212751244,-7378.545397710273,-0.0029974524744566,1.0,True,False
13124,165,ASHOKLEY,ASHOKLEY,ASHOK LEYLAND LTD,INE208A01029,gap_fade_100,37.7662110230092,True,True,EQ,169.0,True,20.0,1000.0,500.0,2,2.0,4.485999999999995,5.0,0.01,2510244023.355,20.0,482,482,314,0,0,0,,,100000.0,-39974.56355318214,60025.43644681786,-91330.7728358839,-0.1106086880588149,-0.7831223688426537,-0.7831223688426537,-346368.6309396935,-0.0034504570656767,1.0,True,False
13132,166,FEDERALBNK,FEDERALBNK,FEDERAL BANK LTD,INE171A01029,volume_continuation,37.73215936177458,True,True,EQ,343.0,True,20.0,1000.0,500.0,1,1.0,4.515999999999978,5.0,0.05,1485111743.85,20.0,105,105,35,0,0,0,,,100000.0,-46729.71114694214,53270.28885305786,-65127.00090285124,-0.5006308391745959,-0.4920822176295271,-0.4920822176295271,-460972.8133095053,-0.0120718224646882,1.0,True,False
13170,167,ONGC,ONGC,OIL AND NATURAL GAS CORP.,INE213A01029,volume_continuation,37.54365909422581,True,True,EQ,234.65,True,20.0,1000.0,500.0,2,1.0,3.1093000000000033,5.0,0.01,2775082213.085,20.0,96,96,25,0,0,0,,,100000.0,-57891.96861519887,42108.03138480113,-71446.54973677236,-0.8417474269842005,-0.5848082501153977,-0.5848082501153977,-102469.952323702,-0.0146792859488956,1.0,True,False
13180,168,KTKBANK,KTKBANK,KARNATAKA BANK LIMITED,INE614B01018,reversal_5d,37.51374227756969,True,True,EQ,340.1,True,20.0,1000.0,500.0,1,1.0,4.510200000000034,5.0,0.05,875316394.0,20.0,700,700,385,0,0,0,,,100000.0,-52738.82641752106,47261.17358247894,-97153.47606107131,-0.2396176902587243,-0.630404874099269,-0.630404874099269,-171421.98149773508,-0.0026525171714203,1.0,True,False
13188,169,PETRONET,PETRONET,PETRONET LNG LIMITED,INE347G01014,volume_continuation,37.46412414262782,True,True,EQ,288.1,True,20.0,1000.0,500.0,1,1.0,3.776200000000023,5.0,0.05,504148000.35,20.0,91,91,27,0,0,0,,,100000.0,-51973.4334331481,48026.5665668519,-66752.75467859539,-0.993006811234122,-0.5432657704620951,-0.5432657704620951,-125537.84849507429,-0.0125034214719614,1.0,True,False
13226,170,ASHOKLEY,ASHOKLEY,ASHOK LEYLAND LTD,INE208A01029,gap_fade_050,37.3023787517634,True,True,EQ,169.0,True,20.0,1000.0,500.0,2,2.0,4.485999999999995,5.0,0.01,2510244023.355,20.0,1114,1114,812,0,0,0,,,100000.0,-30504.701026510276,69495.29897348973,-99202.94591213786,0.0173970122586794,-0.7777281180791052,-0.7777281180791052,-336898.76841302164,-0.0015480681408703,1.0,True,False
13308,171,RECLTD,RECLTD,REC LIMITED,INE020B01018,volume_continuation,36.96259181787226,True,True,EQ,318.7,True,20.0,1000.0,500.0,1,1.0,4.157400000000035,5.0,0.05,1931316464.5,20.0,112,112,40,0,0,0,,,100000.0,-51592.00470761674,48407.99529238326,-69197.46908759122,-0.6271946664881423,-0.5558549163232351,-0.5558549163232351,-233706.1595145953,-0.0118618664029531,1.0,True,False
13332,172,SAMMAANCAP,SAMMAANCAP,SAMMAAN CAPITAL LIMITED,INE148I01020,turn_of_month,36.873571046358904,True,True,EQ,158.39,True,20.0,1000.0,500.0,3,2.0,4.163560000000025,5.0,0.01,963280553.225,20.0,722,722,0,0,0,0,,,100000.0,-77394.33468563904,22605.66531436096,-98757.53160606787,-0.4505629540511017,-0.8397879771659307,-0.8397879771659307,-8584.464538527362,-0.0038235794225065,1.0,True,False
13381,173,ITC,ITC,ITC LTD,INE154A01025,momentum_1d,36.68920562338863,True,True,EQ,264.1,True,20.0,1000.0,500.0,1,1.0,3.458199999999966,5.0,0.05,3504678210.3999996,20.0,303,303,138,0,0,0,,,100000.0,-59233.56205904531,40766.43794095469,-87943.30641970357,-0.8539477123198874,-0.6156541326454591,-0.6156541326454591,-65641.78990714648,-0.0048339650605452,1.0,True,False
13424,174,ITC,ITC,ITC LTD,INE154A01025,gap_continuation_100,36.46495111154351,True,True,EQ,264.1,True,20.0,1000.0,500.0,1,1.0,3.458199999999966,5.0,0.05,3504678210.3999996,20.0,208,208,82,0,0,0,,,100000.0,-61342.97288037455,38657.02711962545,-83272.68784066103,-0.9239510554699676,-0.6259691944635906,-0.6259691944635906,-67751.20072847573,-0.007238996943502,1.0,True,False
13486,175,GAIL,GAIL,GAIL (INDIA) LTD,INE129A01019,reversal_1d,36.226103030597855,True,True,EQ,173.4,True,20.0,1000.0,500.0,2,2.0,4.583600000000036,5.0,0.01,1109878265.1999998,20.0,632,632,323,0,0,0,,,100000.0,-61688.81479920348,38311.18520079652,-96971.362768667,-0.4191723861872951,-0.6628991540318823,-0.6628991540318823,-99303.72775167754,-0.0030925704298583,1.0,True,False
13539,176,M&MFIN,M&MFIN,M&M FIN. SERVICES LTD,INE774D01024,gap_continuation_100,36.041251155324225,True,True,EQ,373.65,True,20.0,1000.0,500.0,1,1.0,4.9073000000000455,5.0,0.05,685055156.175,20.0,422,422,171,0,0,0,,,100000.0,-63200.60426443196,36799.39573556804,-93252.63336322104,-0.3596448044284197,-0.7473237766561639,-0.7473237766561638,-126496.45644756712,-0.0049997127494307,1.0,True,False
13548,177,WIPRO,WIPRO,WIPRO LTD,INE075A01022,momentum_1d,35.96122975142288,True,True,EQ,176.4,True,20.0,1000.0,500.0,2,2.0,4.655600000000039,5.0,0.01,1251249582.315,20.0,395,395,198,0,0,0,,,100000.0,-56815.61487911056,43184.38512088944,-91165.39256304863,-0.694746782472439,-0.5879943505087697,-0.5879943505087697,-106880.46759940773,-0.0037312196378585,1.0,True,False
13609,178,PNB,PNB,PUNJAB NATIONAL BANK,INE160A01022,volume_continuation,35.65184608649122,True,True,EQ,117.0,True,20.0,1000.0,500.0,4,3.0,4.642000000000006,5.0,0.01,1291402376.8049998,20.0,135,135,49,0,0,0,,,100000.0,-73291.26980989784,26708.730190102156,-84540.6004635909,-0.948695365289702,-0.7359999995892036,-0.7359999995892035,-37385.74279352489,-0.0150034608591668,1.0,True,False
13610,179,HINDPETRO,HINDPETRO,HINDUSTAN PETROLEUM CORP,INE094A01015,gap_fade_100,35.649170598822785,True,True,EQ,356.5,True,20.0,1000.0,500.0,1,1.0,4.693000000000011,5.0,0.05,1550322480.175,20.0,501,501,314,0,0,0,,,100000.0,-59231.76853886527,40768.23146113473,-94550.99255825454,-0.3415132140145833,-0.6793893658696675,-0.6793893658696675,-177298.22611668543,-0.0039014232410229,1.0,True,False
13628,180,ASHOKLEY,ASHOKLEY,ASHOK LEYLAND LTD,INE208A01029,volume_continuation,35.522206547648004,True,True,EQ,169.0,True,20.0,1000.0,500.0,2,2.0,4.485999999999995,5.0,0.01,2510244023.355,20.0,127,127,41,0,0,0,,,100000.0,-52285.41227417446,47714.58772582554,-71412.6033983173,-0.5852060358278341,-0.5604554747493826,-0.5604554747493826,-358679.4796606858,-0.0109515049930415,1.0,True,False
13655,181,M&MFIN,M&MFIN,M&M FIN. SERVICES LTD,INE774D01024,gap_fade_050,35.40837670866372,True,True,EQ,373.65,True,20.0,1000.0,500.0,1,1.0,4.9073000000000455,5.0,0.05,685055156.175,20.0,1144,1144,790,0,0,0,,,100000.0,-55270.18639104536,44729.81360895464,-99545.89095816958,-0.143761631046202,-0.8497201500773867,-0.8497201500773867,-118566.03857418052,-0.0018819677185572,1.0,True,False
13671,182,EPL,EPL,EPL LIMITED,INE255A01020,volume_continuation,35.3371114462227,True,True,EQ,247.1,True,20.0,1000.0,500.0,2,1.0,3.254200000000017,5.0,0.05,640014168.835,20.0,155,155,42,0,0,0,,,100000.0,-55455.34031958528,44544.65968041472,-76150.01520912317,-0.7376837512359231,-0.6028279466131179,-0.6028279466131179,-187555.04220161965,-0.0089831480906068,1.0,True,False
13692,183,HINDPETRO,HINDPETRO,HINDUSTAN PETROLEUM CORP,INE094A01015,reversal_5d,35.2485771270127,True,True,EQ,356.5,True,20.0,1000.0,500.0,1,1.0,4.693000000000011,5.0,0.05,1550322480.175,20.0,756,756,402,0,0,0,,,100000.0,-57643.40989194948,42356.59010805052,-97962.52484177845,-0.3052557836772893,-0.6759007523983904,-0.6759007523983905,-175709.86746976964,-0.0025735250634191,1.0,True,False
13703,184,WIPRO,WIPRO,WIPRO LTD,INE075A01022,reversal_1d,35.20576932431775,True,True,EQ,176.4,True,20.0,1000.0,500.0,2,2.0,4.655600000000039,5.0,0.01,1251249582.315,20.0,395,395,197,0,0,0,,,100000.0,-58037.19121310095,41962.80878689905,-91416.25827951184,-0.7205626905864438,-0.6160900897212769,-0.616090089721277,-108102.04393339808,-0.0038049505135699,1.0,True,False
13719,185,INDUSTOWER,INDUSTOWER,INDUS TOWERS LIMITED,INE121J01017,reversal_1d,35.13377438342171,True,True,EQ,376.8,True,20.0,1000.0,500.0,1,1.0,4.9636,5.0,0.05,1780856495.225,20.0,732,732,392,0,0,0,,,100000.0,-71007.04699659515,28992.95300340485,-98467.87582351411,-0.321019084186916,-0.7734900448512823,-0.7734900448512823,-83401.66317763376,-0.003480903020591,1.0,True,False
13743,186,IFCI,IFCI,IFCI LTD,INE039A01010,reversal_1d,34.999027095393295,True,True,EQ,101.38,True,20.0,1000.0,500.0,4,3.0,4.008280000000015,5.0,0.01,3490384221.1400003,20.0,1014,1014,470,0,0,0,,,100000.0,-54210.72069711491,45789.27930288509,-99218.188749281,-0.0166076236655889,-0.7723286643336479,-0.7723286643336479,-257340.2170999908,-0.0023804514369867,1.0,True,False
13843,187,UNIONBANK,UNIONBANK,UNION BANK OF INDIA,INE692A01016,reversal_1d,34.51525027971008,True,True,EQ,187.22,True,20.0,1000.0,500.0,2,2.0,4.948880000000009,5.0,0.01,1686478721.005,20.0,878,878,442,0,0,0,,,100000.0,-71164.79477032155,28835.205229678453,-99151.2335222102,-0.3132989366319657,-0.8258840956857842,-0.8258840956857842,-73518.07196196761,-0.0029448157176677,1.0,True,False
13896,188,PNB,PNB,PUNJAB NATIONAL BANK,INE160A01022,reversal_5d,34.223378897699085,True,True,EQ,117.0,True,20.0,1000.0,500.0,4,3.0,4.642000000000006,5.0,0.01,1291402376.8049998,20.0,758,758,386,0,0,0,,,100000.0,-75978.38457993777,24021.615420062226,-98856.613840176,-0.480260628229108,-0.82158910986487,-0.82158910986487,-40072.85756356482,-0.0034669409331595,1.0,True,False
13901,189,ASHOKLEY,ASHOKLEY,ASHOK LEYLAND LTD,INE208A01029,reversal_5d,34.18105754730749,True,True,EQ,169.0,True,20.0,1000.0,500.0,2,2.0,4.485999999999995,5.0,0.01,2510244023.355,20.0,671,671,379,0,0,0,,,100000.0,-57022.81107495806,42977.18892504194,-97094.13221571234,-0.2340295800699567,-0.6320780504707992,-0.6320780504707993,-363416.87846146943,-0.0030540327857348,1.0,True,False
13956,190,LTF,LTF,L&T FINANCE LIMITED,INE498L01015,volume_continuation,33.921292017317704,True,True,EQ,314.0,True,20.0,1000.0,500.0,1,1.0,4.098000000000023,5.0,0.05,1074454374.875,20.0,135,135,35,0,0,0,,,100000.0,-57740.98684012654,42259.01315987346,-75491.93137955773,-0.692318816946308,-0.5806781192398803,-0.5806781192398803,-297297.94886544126,-0.0111800236397564,1.0,True,False
14036,191,TMPV,TMPV,TATA MOTORS PASS VEH LTD,INE155A01022,reversal_1d,33.52240112856934,True,True,EQ,311.5,True,20.0,1000.0,500.0,1,1.0,4.093000000000023,5.0,0.05,2618626895.5,20.0,729,729,373,0,0,0,,,100000.0,-72742.18067275983,27257.81932724017,-98541.58950655298,-0.5056021045802684,-0.7443085364562005,-0.7443085364562005,-73255.88384069815,-0.0032897809870818,1.0,True,False
14046,192,TIMETECHNO,TIMETECHNO,TIME TECHNOPLAST LTD.,INE508G01029,volume_reversal,33.464756530622175,True,True,EQ,188.49,True,20.0,1000.0,500.0,2,2.0,4.973959999999991,5.0,0.01,603376241.075,20.0,178,178,150,0,0,0,,,100000.0,-57823.82073105386,42176.17926894614,-79415.86780222069,-0.529101130226223,-0.6204904582121968,-0.6204904582121968,-428061.3217911873,-0.0092938317927766,1.0,True,False
14047,193,M&MFIN,M&MFIN,M&M FIN. SERVICES LTD,INE774D01024,gap_fade_100,33.44602811694313,True,True,EQ,373.65,True,20.0,1000.0,500.0,1,1.0,4.9073000000000455,5.0,0.05,685055156.175,20.0,422,422,251,0,0,0,,,100000.0,-68607.62592804451,31392.37407195549,-94248.06973072398,-0.43022973041898,-0.8143255981093774,-0.8143255981093774,-131903.47811117966,-0.0053582292811321,1.0,True,False
14102,194,TATAPOWER,TATAPOWER,TATA POWER CO LTD,INE245A01021,reversal_5d,33.1867490392567,True,True,EQ,368.0,True,20.0,1000.0,500.0,1,1.0,4.845999999999977,5.0,0.05,1580684879.8,20.0,599,599,329,0,0,0,,,100000.0,-55700.95532132948,44299.04467867052,-96001.23569682588,-0.2857950494653797,-0.6820257921908287,-0.6820257921908287,-419163.7597979571,-0.0031626442433426,1.0,True,False
14115,195,CUB,CUB,CITY UNION BANK LTD,INE491A01021,momentum_5d,33.12959089361288,True,True,EQ,236.01,True,20.0,1000.0,500.0,2,1.0,3.1320200000000136,5.0,0.01,520786236.12,20.0,595,595,267,0,0,0,,,100000.0,-67324.84634299055,32675.153657009447,-97006.27589121278,-0.4628060424356059,-0.7076180363555256,-0.7076180363555254,-142242.81658335723,-0.0036251194939324,1.0,True,False
14121,196,BPCL,BPCL,BHARAT PETROLEUM CORP  LT,INE029A01011,momentum_5d,33.08872890013134,True,True,EQ,315.7,True,20.0,1000.0,500.0,1,1.0,4.151400000000034,5.0,0.05,1504042323.325,20.0,569,569,257,0,0,0,,,100000.0,-65428.41392946591,34571.58607053409,-96483.02341652031,-0.5371803840447322,-0.7205779147213478,-0.7205779147213478,-126636.053190296,-0.0034801880822244,1.0,True,False
14126,197,MOREPENLAB,MOREPENLAB,MOREPEN LAB. LTD,INE083A01026,reversal_1d,33.06878435569393,True,True,EQ,113.74,True,20.0,1000.0,500.0,4,3.0,4.502440000000029,5.0,0.01,2521047229.6800003,20.0,1030,1030,505,0,0,0,,,100000.0,-55060.41228098112,44939.58771901888,-99280.67323056584,0.0010063079745284,-0.784917720708662,-0.784917720708662,-444680.6654455409,-0.002402903518094,1.0,True,False
14135,198,BANKBARODA,BANKBARODA,BANK OF BARODA,INE028A01039,reversal_1d,33.028408814515736,True,True,EQ,239.0,True,20.0,1000.0,500.0,2,1.0,3.1679999999999864,5.0,0.01,1806686690.8600001,20.0,821,821,419,0,0,0,,,100000.0,-71508.59638409645,28491.403615903546,-98945.7546989198,-0.4033269950380942,-0.819416309336101,-0.819416309336101,-86072.68216548824,-0.0030090727585486,1.0,True,False
14231,199,REDINGTON,REDINGTON,REDINGTON LIMITED,INE891D01026,volume_continuation,32.63876051953106,True,True,EQ,371.3,True,20.0,1000.0,500.0,1,1.0,4.902599999999989,5.0,0.05,1285574404.2,20.0,157,157,28,0,0,0,,,100000.0,-58646.36848469673,41353.63151530327,-78048.29319034537,-0.4890034522632403,-0.6488264506965801,-0.6488264506965801,-630215.293836667,-0.0110445676467732,1.0,True,False
14239,200,MRPL,MRPL,MRPL,INE103A01014,volume_continuation,32.59254755071265,True,True,EQ,174.83,True,20.0,1000.0,500.0,2,2.0,4.609320000000018,5.0,0.01,1066722579.155,20.0,188,188,25,0,0,0,,,100000.0,-69405.06786264433,30594.932137355674,-85674.80945274673,-0.6245037466873447,-0.7027519145712988,-0.7027519145712988,-184789.6832472593,-0.0111286874621034,1.0,True,False
14299,201,ENGINERSIN,ENGINERSIN,ENGINEERS INDIA LTD,INE510A01028,volume_continuation,32.31721554701562,True,True,EQ,279.45,True,20.0,1000.0,500.0,1,1.0,3.6489,5.0,0.05,643467907.135,20.0,170,170,28,0,0,0,,,100000.0,-66048.87040400461,33951.129595995386,-82903.12749802058,-0.7958448645996216,-0.6989448347818694,-0.6989448347818694,-173868.78398854448,-0.0104745669262734,1.0,True,False
14358,202,VEDL,VEDL,VEDANTA LIMITED,INE205A01025,reversal_1d,32.01075059590407,True,True,EQ,272.1,True,20.0,1000.0,500.0,1,1.0,3.5842000000000453,5.0,0.05,2725791271.35,20.0,837,837,463,0,0,0,,,100000.0,-57811.84731652767,42188.15268347233,-98533.50623595584,-0.2600670449916176,-0.6844099708829061,-0.6844099708829061,-419606.74257458886,-0.0024259456226441,1.0,True,False
14364,203,EPL,EPL,EPL LIMITED,INE255A01020,reversal_1d,31.988373789949897,True,True,EQ,247.1,True,20.0,1000.0,500.0,2,1.0,3.254200000000017,5.0,0.05,640014168.835,20.0,719,719,379,0,0,0,,,100000.0,-65763.01319586125,34236.98680413875,-98091.62459816654,-0.3833424753754217,-0.7397974914200183,-0.7397974914200183,-197862.7150778956,-0.0030448814305096,1.0,True,False
14387,204,PFC,PFC,POWER FIN CORP LTD.,INE134E01011,turn_of_month,31.914676265992124,True,True,EQ,355.6,True,20.0,1000.0,500.0,1,1.0,4.691200000000012,5.0,0.05,3151134941.3,20.0,723,723,0,0,0,0,,,100000.0,-60763.14256612236,39236.85743387764,-97846.17476217674,-0.3792810591823656,-0.6879119482820435,-0.6879119482820435,-271956.84610788146,-0.0027100457590221,1.0,True,False
14424,205,EDELWEISS,EDELWEISS,EDELWEISS FIN SERV LTD,INE532F01054,volume_continuation,31.69723208639393,True,True,EQ,136.08,True,20.0,1000.0,500.0,3,2.0,3.604320000000027,5.0,0.01,529679119.34000003,20.0,185,185,41,0,0,0,,,100000.0,-71104.72390237992,28895.27609762008,-86309.96153872975,-0.70745411027776,-0.7327765584999644,-0.7327765584999644,-167605.60573659494,-0.0113123613652285,1.0,True,False
14474,206,ONGC,ONGC,OIL AND NATURAL GAS CORP.,INE213A01029,gap_fade_050,31.443303984044363,True,True,EQ,234.65,True,20.0,1000.0,500.0,2,1.0,3.1093000000000033,5.0,0.01,2775082213.085,20.0,1096,1096,771,0,0,0,,,100000.0,-67505.1716026811,32494.828397318895,-99600.38234603836,-0.3999579266792478,-0.8065554259797015,-0.8065554259797015,-112083.15531118424,-0.0020505266932457,1.0,True,False
14505,207,BPCL,BPCL,BHARAT PETROLEUM CORP  LT,INE029A01011,momentum_1d,31.314880575959528,True,True,EQ,315.7,True,20.0,1000.0,500.0,1,1.0,4.151400000000034,5.0,0.05,1504042323.325,20.0,611,611,282,0,0,0,,,100000.0,-71036.36201936475,28963.63798063525,-97512.09684511687,-0.5716281858065553,-0.7406669669413848,-0.7406669669413848,-132244.00128019485,-0.0036420931122833,1.0,True,False
14624,208,MOTHERSON,MOTHERSON,SAMVRDHNA MTHRSN INTL LTD,INE775A01035,reversal_1d,30.702923578343142,True,True,EQ,160.7,True,20.0,1000.0,500.0,3,2.0,4.222800000000046,5.0,0.01,1970325383.705,20.0,794,794,420,0,0,0,,,100000.0,-71006.57366140187,28993.426338598132,-98804.4719262738,-0.4104157575249179,-0.8422980694662223,-0.8422980694662223,-145491.69398465834,-0.0030499547259021,1.0,True,False
14712,209,M&MFIN,M&MFIN,M&M FIN. SERVICES LTD,INE774D01024,momentum_5d,30.31181592644841,True,True,EQ,373.65,True,20.0,1000.0,500.0,1,1.0,4.9073000000000455,5.0,0.05,685055156.175,20.0,798,798,350,0,0,0,,,100000.0,-74587.32377802819,25412.676221971808,-98969.4266579393,-0.4345834788391767,-0.8128905752236071,-0.8128905752236071,-137883.17596116336,-0.0032588950062192,1.0,True,False
14731,210,TMPV,TMPV,TATA MOTORS PASS VEH LTD,INE155A01022,momentum_5d,30.178527995330057,True,True,EQ,311.5,True,20.0,1000.0,500.0,1,1.0,4.093000000000023,5.0,0.05,2618626895.5,20.0,746,746,370,0,0,0,,,100000.0,-78692.54178162615,21307.458218373853,-98936.19613542625,-0.5873331869939257,-0.8292955733816729,-0.8292955733816729,-79206.24494956447,-0.0035915343851855,1.0,True,False
14743,211,MOREPENLAB,MOREPENLAB,MOREPEN LAB. LTD,INE083A01026,volume_continuation,30.127207277326455,True,True,EQ,113.74,True,20.0,1000.0,500.0,4,3.0,4.502440000000029,5.0,0.01,2521047229.6800003,20.0,213,213,49,0,0,0,,,100000.0,-70379.0078651852,29620.992134814805,-87461.34593974618,-0.4154870546504542,-0.8047777662212445,-0.8047777662212445,-459999.261029745,-0.0112210629067365,1.0,True,False
14744,212,WIPRO,WIPRO,WIPRO LTD,INE075A01022,reversal_5d,30.125504694264727,True,True,EQ,176.4,True,20.0,1000.0,500.0,2,2.0,4.655600000000039,5.0,0.01,1251249582.315,20.0,358,358,182,0,0,0,,,100000.0,-70343.5556479124,29656.444352087594,-92973.65743611568,-1.0347774951286,-0.7141596819312588,-0.7141596819312588,-120408.40836820957,-0.0051477658418922,1.0,True,False
14782,213,TATAPOWER,TATAPOWER,TATA POWER CO LTD,INE245A01021,reversal_1d,29.994162572359784,True,True,EQ,368.0,True,20.0,1000.0,500.0,1,1.0,4.845999999999977,5.0,0.05,1580684879.8,20.0,620,620,324,0,0,0,,,100000.0,-64318.33485358291,35681.66514641709,-97041.66848950434,-0.3894976222545105,-0.7210456465081285,-0.7210456465081285,-427781.1393302105,-0.0034068378689809,1.0,True,False
14800,214,RECLTD,RECLTD,REC LIMITED,INE020B01018,gap_fade_100,29.943814758962883,True,True,EQ,318.7,True,20.0,1000.0,500.0,1,1.0,4.157400000000035,5.0,0.05,1931316464.5,20.0,354,354,210,0,0,0,,,100000.0,-70334.30382101379,29665.69617898621,-92861.40466951903,-0.5554561321870343,-0.7657220418952277,-0.7657220418952277,-252448.4586279923,-0.0062166303322094,1.0,True,False
14819,215,CUB,CUB,CITY UNION BANK LTD,INE491A01021,momentum_1d,29.86695529503332,True,True,EQ,236.01,True,20.0,1000.0,500.0,2,1.0,3.1320200000000136,5.0,0.01,520786236.12,20.0,662,662,310,0,0,0,,,100000.0,-74961.07305312468,25038.92694687532,-98248.36797192652,-0.5307079584270794,-0.7790473629552098,-0.7790473629552098,-149879.04329349136,-0.0037613055904375,1.0,True,False
14820,216,HINDPETRO,HINDPETRO,HINDUSTAN PETROLEUM CORP,INE094A01015,reversal_1d,29.86598239042662,True,True,EQ,356.5,True,20.0,1000.0,500.0,1,1.0,4.693000000000011,5.0,0.05,1550322480.175,20.0,796,796,415,0,0,0,,,100000.0,-70559.21275544088,29440.78724455912,-98795.56325450732,-0.4259022217602308,-0.8072391508832837,-0.8072391508832837,-188625.67033326105,-0.002982688857839,1.0,True,False
14836,217,CUB,CUB,CITY UNION BANK LTD,INE491A01021,turn_of_month,29.754584812959088,True,True,EQ,236.01,True,20.0,1000.0,500.0,2,1.0,3.1320200000000136,5.0,0.01,520786236.12,20.0,723,723,0,0,0,0,,,100000.0,-71466.29920552243,28533.70079447757,-98435.466361911,-0.613455425348104,-0.7478539258071902,-0.7478539258071902,-146384.2694458891,-0.0030507714412013,1.0,True,False
14875,218,BANKINDIA,BANKINDIA,BANK OF INDIA,INE084A01016,momentum_5d,29.565841319258645,True,True,EQ,145.0,True,20.0,1000.0,500.0,3,2.0,3.8299999999999774,5.0,0.01,754397260.855,20.0,896,896,433,0,0,0,,,100000.0,-82363.89492911151,17636.105070888487,-99517.97804133604,-0.4998482449941809,-0.8336651057919885,-0.8336651057919885,-79191.13810694232,-0.0034088737827022,1.0,True,False
14897,219,GAIL,GAIL,GAIL (INDIA) LTD,INE129A01019,turn_of_month,29.491657342997517,True,True,EQ,173.4,True,20.0,1000.0,500.0,2,2.0,4.583600000000036,5.0,0.01,1109878265.1999998,20.0,723,723,0,0,0,0,,,100000.0,-73077.8828572371,26922.1171427629,-98524.01681013047,-0.7304649713664337,-0.7618131079412069,-0.7618131079412069,-110692.79580971116,-0.0030238543364699,1.0,True,False
14899,220,M&MFIN,M&MFIN,M&M FIN. SERVICES LTD,INE774D01024,turn_of_month,29.486549593812327,True,True,EQ,373.65,True,20.0,1000.0,500.0,1,1.0,4.9073000000000455,5.0,0.05,685055156.175,20.0,723,723,0,0,0,0,,,100000.0,-73690.87022881937,26309.129771180626,-98558.09922440477,-0.5840688253702881,-0.7915443111567839,-0.7915443111567839,-136986.72241195454,-0.0032679676482682,1.0,True,False
14913,221,UNIONBANK,UNIONBANK,UNION BANK OF INDIA,INE692A01016,reversal_5d,29.444957921875762,True,True,EQ,187.22,True,20.0,1000.0,500.0,2,2.0,4.948880000000009,5.0,0.01,1686478721.005,20.0,910,910,462,0,0,0,,,100000.0,-81341.19451190127,18658.805488098733,-99517.71378956652,-0.4825101835231391,-0.8550540930578562,-0.8550540930578562,-83694.47170354733,-0.0033016915406822,1.0,True,False
14923,222,POWERGRID,POWERGRID,POWER GRID CORP. LTD.,INE752E01010,momentum_5d,29.396069465388916,True,True,EQ,266.0,True,20.0,1000.0,500.0,1,1.0,3.5119999999999774,5.0,0.05,2045111029.025,20.0,308,308,121,0,0,0,,,100000.0,-73500.94237984969,26499.057620150314,-92332.21142783866,-1.0992191504383144,-0.7416170572031879,-0.7416170572031879,-120463.49439094616,-0.0063951797355916,1.0,True,False
15021,223,FEDERALBNK,FEDERALBNK,FEDERAL BANK LTD,INE171A01029,reversal_5d,28.970423699956218,True,True,EQ,343.0,True,20.0,1000.0,500.0,1,1.0,4.515999999999978,5.0,0.05,1485111743.85,20.0,550,550,319,0,0,0,,,100000.0,-67797.16008465877,32202.839915341232,-96466.70140038998,-0.4488715369337252,-0.7016095739386117,-0.7016095739386117,-482040.2622472219,-0.0040091500090493,1.0,True,False
15034,224,RECLTD,RECLTD,REC LIMITED,INE020B01018,reversal_1d,28.89648294984677,True,True,EQ,318.7,True,20.0,1000.0,500.0,1,1.0,4.157400000000035,5.0,0.05,1931316464.5,20.0,787,787,406,0,0,0,,,100000.0,-72194.3384279508,27805.661572049197,-98820.92276690442,-0.4436377404155608,-0.7369878334030022,-0.7369878334030022,-254308.4932349293,-0.0031149871224248,1.0,True,False
15067,225,SAIL,SAIL,STEEL AUTHORITY OF INDIA,INE114A01011,gap_fade_100,28.754438877268086,True,True,EQ,196.8,True,20.0,1000.0,500.0,2,1.0,2.603600000000008,5.0,0.01,3778441048.885,20.0,561,561,363,0,0,0,,,100000.0,-68382.96585650084,31617.034143499157,-96681.82937924434,-0.35551337506661,-0.8819023045824756,-0.8819023045824756,-368382.9658564979,-0.0042364741392054,1.0,True,False
15088,226,NTPC,NTPC,NTPC LTD,INE733E01010,momentum_5d,28.65787809505278,True,True,EQ,332.5,True,20.0,1000.0,500.0,1,1.0,4.3750000000000115,5.0,0.05,2596856663.35,20.0,345,345,133,0,0,0,,,100000.0,-72265.7628831985,27734.237116801494,-93080.19221888078,-0.9197215021346924,-0.7236459574144116,-0.7236459574144116,-179661.56357263715,-0.0058072361842901,1.0,True,False
15117,227,M&MFIN,M&MFIN,M&M FIN. SERVICES LTD,INE774D01024,momentum_1d,28.584423797246682,True,True,EQ,373.65,True,20.0,1000.0,500.0,1,1.0,4.9073000000000455,5.0,0.05,685055156.175,20.0,843,843,399,0,0,0,,,100000.0,-77759.64536304254,22240.35463695746,-99247.34041820474,-0.4948972421661417,-0.8206093866372847,-0.8206093866372847,-141055.4975461777,-0.0032232183273781,1.0,True,False
15122,228,KTKBANK,KTKBANK,KARNATAKA BANK LIMITED,INE614B01018,momentum_1d,28.555479885197258,True,True,EQ,340.1,True,20.0,1000.0,500.0,1,1.0,4.510200000000034,5.0,0.05,875316394.0,20.0,685,685,335,0,0,0,,,100000.0,-75320.80230540433,24679.19769459567,-98425.55116685043,-0.5461205383594518,-0.7687565605616927,-0.7687565605616927,-194003.95738561836,-0.0036563852380909,1.0,True,False
15123,229,SAMMAANCAP,SAMMAANCAP,SAMMAAN CAPITAL LIMITED,INE148I01020,momentum_5d,28.551101814467092,True,True,EQ,158.39,True,20.0,1000.0,500.0,3,2.0,4.163560000000025,5.0,0.01,963280553.225,20.0,1035,1035,529,0,0,0,,,100000.0,-93485.66726146566,6514.332738534344,-99898.58712816128,-0.487099709630275,-0.945341379299205,-0.945341379299205,-24675.797114353976,-0.0042561968408847,1.0,True,False
15155,230,TMPV,TMPV,TATA MOTORS PASS VEH LTD,INE155A01022,gap_fade_100,28.396409982001266,True,True,EQ,311.5,True,20.0,1000.0,500.0,1,1.0,4.093000000000023,5.0,0.05,2618626895.5,20.0,565,565,373,0,0,0,,,100000.0,-83142.58480170507,16857.415198294926,-98263.02227192916,-0.7298818205346066,-0.849895133382643,-0.849895133382643,-83656.2879696434,-0.0050844495157282,1.0,True,False
15213,231,RECLTD,RECLTD,REC LIMITED,INE020B01018,turn_of_month,28.155616091842198,True,True,EQ,318.7,True,20.0,1000.0,500.0,1,1.0,4.157400000000035,5.0,0.05,1931316464.5,20.0,722,722,0,0,0,0,,,100000.0,-71794.96631130815,28205.033688691852,-98447.61663151144,-0.5476978188805645,-0.7359017739962901,-0.7359017739962901,-253909.12111828668,-0.0031663874597171,1.0,True,False
15238,232,LTF,LTF,L&T FINANCE LIMITED,INE498L01015,turn_of_month,28.082161794036093,True,True,EQ,314.0,True,20.0,1000.0,500.0,1,1.0,4.098000000000023,5.0,0.05,1074454374.875,20.0,723,723,0,0,0,0,,,100000.0,-68261.47402211094,31738.52597788906,-98259.10710479676,-0.5202492252823553,-0.7582836270890507,-0.7582836270890507,-307818.4360474256,-0.0029557769632027,1.0,True,False
15245,233,BANKINDIA,BANKINDIA,BANK OF INDIA,INE084A01016,turn_of_month,28.063433380357054,True,True,EQ,145.0,True,20.0,1000.0,500.0,3,2.0,3.8299999999999774,5.0,0.01,754397260.855,20.0,723,723,0,0,0,0,,,100000.0,-82051.5218373687,17948.478162631305,-99017.98619954496,-0.6935054238708193,-0.8747370339799094,-0.8747370339799095,-78878.7650151995,-0.0039017409744947,1.0,True,False
15291,234,MRPL,MRPL,MRPL,INE103A01014,momentum_5d,27.849637593034004,True,True,EQ,174.83,True,20.0,1000.0,500.0,2,2.0,4.609320000000018,5.0,0.01,1066722579.155,20.0,808,808,403,0,0,0,,,100000.0,-81293.07428258516,18706.925717414837,-99272.59955149124,-0.3846374026708636,-0.8248736967575532,-0.8248736967575532,-196677.6896672001,-0.0038738760643647,1.0,True,False
15320,235,ONGC,ONGC,OIL AND NATURAL GAS CORP.,INE213A01029,gap_continuation_100,27.759157464610592,True,True,EQ,234.65,True,20.0,1000.0,500.0,2,1.0,3.1093000000000033,5.0,0.01,2775082213.085,20.0,461,461,147,0,0,0,,,100000.0,-80289.83654263822,19710.163457361778,-96915.8766834792,-0.8204487001770631,-0.8047139536895695,-0.8047139536895695,-124867.82025114135,-0.0055892949693962,1.0,True,False
15328,236,WIPRO,WIPRO,WIPRO LTD,INE075A01022,gap_continuation_100,27.717809018825708,True,True,EQ,176.4,True,20.0,1000.0,500.0,2,2.0,4.655600000000039,5.0,0.01,1251249582.315,20.0,343,343,148,0,0,0,,,100000.0,-77069.10503649208,22930.89496350792,-94236.72426382464,-1.137888308687182,-0.7706910503649208,-0.7706910503649208,-127133.95775678924,-0.0062816217894898,1.0,True,False
15355,237,TMPV,TMPV,TATA MOTORS PASS VEH LTD,INE155A01022,gap_continuation_050,27.557522984871333,True,True,EQ,311.5,True,20.0,1000.0,500.0,1,1.0,4.093000000000023,5.0,0.05,2618626895.5,20.0,1197,1197,351,0,0,0,,,100000.0,-83043.07558617117,16956.924413828834,-99861.31344127688,-0.5205975433934873,-0.8818043276839137,-0.8818043276839137,-83556.77875410949,-0.0025858488726029,1.0,True,False
15359,238,HINDPETRO,HINDPETRO,HINDUSTAN PETROLEUM CORP,INE094A01015,gap_continuation_100,27.541713285012406,True,True,EQ,356.5,True,20.0,1000.0,500.0,1,1.0,4.693000000000011,5.0,0.05,1550322480.175,20.0,501,501,187,0,0,0,,,100000.0,-78265.45547131622,21734.54452868378,-97102.37178889695,-0.6506651129637048,-0.7865960060420684,-0.7865960060420684,-196331.9130491364,-0.0051521127300403,1.0,True,False
15371,239,BPCL,BPCL,BHARAT PETROLEUM CORP  LT,INE029A01011,reversal_5d,27.471177701026416,True,True,EQ,315.7,True,20.0,1000.0,500.0,1,1.0,4.151400000000034,5.0,0.05,1504042323.325,20.0,569,569,312,0,0,0,,,100000.0,-77955.40799629128,22044.59200370872,-97761.46846724942,-0.7988507692861733,-0.7959199925845288,-0.7959199925845288,-139163.04725712136,-0.0042680948018135,1.0,True,False
15384,240,HINDPETRO,HINDPETRO,HINDUSTAN PETROLEUM CORP,INE094A01015,gap_fade_050,27.40866858004573,True,True,EQ,356.5,True,20.0,1000.0,500.0,1,1.0,4.693000000000011,5.0,0.05,1550322480.175,20.0,1143,1143,785,0,0,0,,,100000.0,-76084.6038374786,23915.3961625214,-99756.7749429338,-0.4250400324372161,-0.8003203914417211,-0.8003203914417211,-194151.0614152988,-0.0023640885047851,1.0,True,False
15397,241,UNIONBANK,UNIONBANK,UNION BANK OF INDIA,INE692A01016,turn_of_month,27.333754925329572,True,True,EQ,187.22,True,20.0,1000.0,500.0,2,2.0,4.948880000000009,5.0,0.01,1686478721.005,20.0,723,723,0,0,0,0,,,100000.0,-83381.04873134964,16618.95126865036,-99091.03308485074,-0.7192584497670381,-0.8673398703853434,-0.8673398703853434,-85734.3259229957,-0.0040196425107553,1.0,True,False
15434,242,BPCL,BPCL,BHARAT PETROLEUM CORP  LT,INE029A01011,reversal_1d,27.1574159653646,True,True,EQ,315.7,True,20.0,1000.0,500.0,1,1.0,4.151400000000034,5.0,0.05,1504042323.325,20.0,611,611,329,0,0,0,,,100000.0,-78990.86626062244,21009.13373937756,-98197.69169268034,-0.7434216913860159,-0.8208257702296597,-0.8208257702296597,-140198.50552145252,-0.0041673324284501,1.0,True,False
15438,243,WELSPUNLIV,WELSPUNLIV,WELSPUN LIVING LIMITED,INE192B01031,reversal_1d,27.123364304129986,True,True,EQ,208.51,True,20.0,1000.0,500.0,2,1.0,2.7770200000000127,5.0,0.01,718406604.175,20.0,923,923,478,0,0,0,,,100000.0,-74077.74855693855,25922.251443061454,-99363.47251736929,-0.2705957394439596,-0.8851848463792401,-0.8851848463792401,-370961.1334898588,-0.0030579230156463,1.0,True,False
15448,244,NATIONALUM,NATIONALUM,NATIONAL ALUMINIUM CO LTD,INE139A01034,gap_continuation_100,27.092717809018826,True,True,EQ,374.1,True,20.0,1000.0,500.0,1,1.0,4.908200000000045,5.0,0.05,2075946057.05,20.0,608,608,206,0,0,0,,,100000.0,-67729.41898001563,32270.58101998437,-97194.68944896474,-0.3532905121249458,-0.8499462563866299,-0.8499462563866299,-803137.1443019008,-0.0038223097274158,1.0,True,False
15474,245,NATIONALUM,NATIONALUM,NATIONAL ALUMINIUM CO LTD,INE139A01034,reversal_5d,26.981320231551297,True,True,EQ,374.1,True,20.0,1000.0,500.0,1,1.0,4.908200000000045,5.0,0.05,2075946057.05,20.0,892,892,513,0,0,0,,,100000.0,-69892.68885968077,30107.31114031923,-99161.9101925058,-0.321547216675159,-0.7357885346001813,-0.7357885346001813,-805300.4141815659,-0.0028028514969328,1.0,True,False
15478,246,SAMMAANCAP,SAMMAANCAP,SAMMAAN CAPITAL LIMITED,INE148I01020,reversal_5d,26.97645570851778,True,True,EQ,158.39,True,20.0,1000.0,500.0,3,2.0,4.163560000000025,5.0,0.01,963280553.225,20.0,1035,1035,506,0,0,0,,,100000.0,-95137.1635083508,4862.836491649199,-99924.3889440662,-0.5596249961565825,-0.9550965601844176,-0.9550965601844176,-26327.293361239103,-0.0045337640521293,1.0,True,False
15479,247,BANKINDIA,BANKINDIA,BANK OF INDIA,INE084A01016,reversal_1d,26.974266673152698,True,True,EQ,145.0,True,20.0,1000.0,500.0,3,2.0,3.8299999999999774,5.0,0.01,754397260.855,20.0,889,889,460,0,0,0,,,100000.0,-85992.48170223605,14007.518297763949,-99606.62648759672,-0.5727483310605455,-0.9032268441778507,-0.9032268441778508,-82819.72488006686,-0.0037175843568521,1.0,True,False
15553,248,IOC,IOC,INDIAN OIL CORP LTD,INE242A01010,momentum_5d,26.654667509850658,True,True,EQ,137.6,True,20.0,1000.0,500.0,3,2.0,3.6304000000000087,5.0,0.01,1088369458.555,20.0,515,515,238,0,0,0,,,100000.0,-79244.26645650188,20755.73354349812,-97383.37069028216,-0.9613003904642848,-0.8208104560522063,-0.8208104560522063,-125377.1862887099,-0.0046530383653756,1.0,True,False
15570,249,PNB,PNB,PUNJAB NATIONAL BANK,INE160A01022,momentum_5d,26.57634868901104,True,True,EQ,117.0,True,20.0,1000.0,500.0,4,3.0,4.642000000000006,5.0,0.01,1291402376.8049998,20.0,758,758,372,0,0,0,,,100000.0,-88775.042117664,11224.957882336006,-99467.37666704127,-0.7957269700471358,-0.895445219117972,-0.895445219117972,-52869.51510129104,-0.0044592702530222,1.0,True,False
15622,250,TMPV,TMPV,TATA MOTORS PASS VEH LTD,INE155A01022,reversal_5d,26.336041251155326,True,True,EQ,311.5,True,20.0,1000.0,500.0,1,1.0,4.093000000000023,5.0,0.05,2618626895.5,20.0,746,746,376,0,0,0,,,100000.0,-85622.30067207683,14377.699327923168,-99283.31609811072,-0.7638338115292453,-0.865458408496206,-0.865458408496206,-86136.00384001515,-0.0041162046179912,1.0,True,False
15625,251,VEDL,VEDL,VEDANTA LIMITED,INE205A01025,turn_of_month,26.311961862139416,True,True,EQ,272.1,True,20.0,1000.0,500.0,1,1.0,3.5842000000000453,5.0,0.05,2725791271.35,20.0,722,722,0,0,0,0,,,100000.0,-69272.77036175912,30727.229638240882,-98308.03066960952,-0.5369315368957039,-0.7964557514130449,-0.7964557514130449,-431067.6656198203,-0.0030058266046437,1.0,True,False
15629,252,POWERGRID,POWERGRID,POWER GRID CORP. LTD.,INE752E01010,momentum_1d,26.302232816072387,True,True,EQ,266.0,True,20.0,1000.0,500.0,1,1.0,3.5119999999999774,5.0,0.05,2045111029.025,20.0,407,407,180,0,0,0,,,100000.0,-80509.76004660217,19490.23995339783,-96212.5678770909,-1.1317456503420469,-0.8050976004660216,-0.8050976004660216,-127472.31205769864,-0.0058555010239471,1.0,True,False
15650,253,CUB,CUB,CITY UNION BANK LTD,INE491A01021,reversal_5d,26.18597071557134,True,True,EQ,236.01,True,20.0,1000.0,500.0,2,1.0,3.1320200000000136,5.0,0.01,520786236.12,20.0,595,595,328,0,0,0,,,100000.0,-81098.18602922597,18901.813970774034,-98271.98198450926,-0.738305781608609,-0.8388427769581852,-0.8388427769581852,-156016.15626959264,-0.0045465373169818,1.0,True,False
15666,254,ONGC,ONGC,OIL AND NATURAL GAS CORP.,INE213A01029,momentum_1d,26.121272559225567,True,True,EQ,234.65,True,20.0,1000.0,500.0,2,1.0,3.1093000000000033,5.0,0.01,2775082213.085,20.0,552,552,266,0,0,0,,,100000.0,-81522.56779174483,18477.432208255166,-97992.90575714332,-0.8886374621705267,-0.8420747170819622,-0.8420747170819622,-126100.55150024797,-0.0047262797575001,1.0,True,False
15683,255,LTF,LTF,L&T FINANCE LIMITED,INE498L01015,gap_continuation_100,26.06751957970521,True,True,EQ,314.0,True,20.0,1000.0,500.0,1,1.0,4.098000000000023,5.0,0.05,1074454374.875,20.0,428,428,152,0,0,0,,,100000.0,-77654.61882744197,22345.38117255803,-96008.35349131828,-0.5951862460746596,-0.8412368166704248,-0.8412368166704247,-317211.5808527566,-0.0060628604119407,1.0,True,False
15691,256,LTF,LTF,L&T FINANCE LIMITED,INE498L01015,gap_fade_050,26.019847253976753,True,True,EQ,314.0,True,20.0,1000.0,500.0,1,1.0,4.098000000000023,5.0,0.05,1074454374.875,20.0,1082,1082,784,0,0,0,,,100000.0,-76497.49084766727,23502.50915233273,-99694.8494881225,-0.3852248526146692,-0.8023335557950959,-0.8023335557950959,-316054.452872982,-0.0025765219121413,1.0,True,False
15693,257,WELSPUNLIV,WELSPUNLIV,WELSPUN LIVING LIMITED,INE192B01031,volume_continuation,26.00574013717955,True,True,EQ,208.51,True,20.0,1000.0,500.0,2,1.0,2.7770200000000127,5.0,0.01,718406604.175,20.0,189,189,37,0,0,0,,,100000.0,-73102.86731618285,26897.13268381715,-87460.78136352188,-0.926257164286228,-0.795438979944213,-0.795438979944213,-369986.2522491032,-0.0107927042049124,1.0,True,False
15704,258,VEDL,VEDL,VEDANTA LIMITED,INE205A01025,gap_continuation_100,25.9699858928832,True,True,EQ,272.1,True,20.0,1000.0,500.0,1,1.0,3.5842000000000453,5.0,0.05,2725791271.35,20.0,627,627,233,0,0,0,,,100000.0,-74896.2298324362,25103.770167563795,-97979.32202912516,-0.5166919096501544,-0.8014561736883998,-0.8014561736883998,-436691.1250904974,-0.0040053740302249,1.0,True,False
15706,259,KTKBANK,KTKBANK,KARNATAKA BANK LIMITED,INE614B01018,turn_of_month,25.968769762124825,True,True,EQ,340.1,True,20.0,1000.0,500.0,1,1.0,4.510200000000034,5.0,0.05,875316394.0,20.0,723,723,0,0,0,0,,,100000.0,-76798.73993540407,23201.260064595932,-98728.96385402782,-0.6880062357560632,-0.8348004609229139,-0.8348004609229139,-195481.8950156181,-0.0033932427229831,1.0,True,False
15726,260,PNB,PNB,PUNJAB NATIONAL BANK,INE160A01022,turn_of_month,25.91136839032933,True,True,EQ,117.0,True,20.0,1000.0,500.0,4,3.0,4.642000000000006,5.0,0.01,1291402376.8049998,20.0,723,723,0,0,0,0,,,100000.0,-88628.10368841668,11371.896311583318,-99378.94177999457,-0.9249247976917522,-0.8965594986979659,-0.8965594986979659,-52722.57667204373,-0.0045059201090191,1.0,True,False
15727,261,KTKBANK,KTKBANK,KARNATAKA BANK LIMITED,INE614B01018,gap_continuation_100,25.90528773653743,True,True,EQ,340.1,True,20.0,1000.0,500.0,1,1.0,4.510200000000034,5.0,0.05,875316394.0,20.0,404,404,148,0,0,0,,,100000.0,-80205.21092889164,19794.78907110836,-96107.73471928216,-0.8124522143536185,-0.8275240711356997,-0.8275240711356997,-198888.36600910564,-0.006363801442078,1.0,True,False
15757,262,BANKBARODA,BANKBARODA,BANK OF BARODA,INE028A01039,turn_of_month,25.763000437807072,True,True,EQ,239.0,True,20.0,1000.0,500.0,2,1.0,3.1679999999999864,5.0,0.01,1806686690.8600001,20.0,723,723,0,0,0,0,,,100000.0,-84410.21978750898,15589.780212491023,-99147.40075230322,-0.8457992059955046,-0.8527639334717646,-0.8527639334717646,-98974.30556890076,-0.0039913849544575,1.0,True,False
15778,263,BPCL,BPCL,BHARAT PETROLEUM CORP  LT,INE029A01011,turn_of_month,25.690275818456,True,True,EQ,315.7,True,20.0,1000.0,500.0,1,1.0,4.151400000000034,5.0,0.05,1504042323.325,20.0,723,723,0,0,0,0,,,100000.0,-79845.46978916104,20154.53021083896,-98896.36554974856,-0.871127418793346,-0.8037652330905238,-0.8037652330905238,-141053.10904999112,-0.0034626847842181,1.0,True,False
15787,264,CUB,CUB,CITY UNION BANK LTD,INE491A01021,reversal_1d,25.635549934328942,True,True,EQ,236.01,True,20.0,1000.0,500.0,2,1.0,3.1320200000000136,5.0,0.01,520786236.12,20.0,662,662,352,0,0,0,,,100000.0,-82457.27343324886,17542.72656675114,-98774.43222178788,-0.6994959106529235,-0.8569480107738857,-0.8569480107738857,-157375.24367361554,-0.0043123340968743,1.0,True,False
15800,265,ENGINERSIN,ENGINERSIN,ENGINEERS INDIA LTD,INE510A01028,turn_of_month,25.581553728656903,True,True,EQ,279.45,True,20.0,1000.0,500.0,1,1.0,3.6489,5.0,0.05,643467907.135,20.0,722,722,0,0,0,0,,,100000.0,-80028.2870347633,19971.7129652367,-98902.32058350858,-0.6893899683743167,-0.8247003082431136,-0.8247003082431136,-187848.2006193032,-0.0036989369647244,1.0,True,False
15847,266,WELSPUNLIV,WELSPUNLIV,WELSPUN LIVING LIMITED,INE192B01031,reversal_5d,25.385756676557868,True,True,EQ,208.51,True,20.0,1000.0,500.0,2,1.0,2.7770200000000127,5.0,0.01,718406604.175,20.0,934,934,503,0,0,0,,,100000.0,-78025.72642076634,21974.27357923366,-99484.02470110236,-0.3282503045409489,-0.8902312541822042,-0.8902312541822042,-374909.1113536866,-0.0031855343363061,1.0,True,False
15907,267,MOTHERSON,MOTHERSON,SAMVRDHNA MTHRSN INTL LTD,INE775A01035,reversal_5d,25.158826677044317,True,True,EQ,160.7,True,20.0,1000.0,500.0,3,2.0,4.222800000000046,5.0,0.01,1970325383.705,20.0,783,783,406,0,0,0,,,100000.0,-83782.00963278253,16217.99036721747,-99302.82671747672,-0.6272871177900036,-0.8690804108177967,-0.8690804108177967,-158267.12995603902,-0.0038670332096196,1.0,True,False
15922,268,PFC,PFC,POWER FIN CORP LTD.,INE134E01011,reversal_5d,25.102398209855526,True,True,EQ,355.6,True,20.0,1000.0,500.0,1,1.0,4.691200000000012,5.0,0.05,3151134941.3,20.0,743,743,410,0,0,0,,,100000.0,-78178.31513804181,21821.684861958187,-98897.17066975062,-0.5840188139702698,-0.8196066174588459,-0.8196066174588459,-289372.0186798009,-0.0035758391368841,1.0,True,False
15924,269,SAIL,SAIL,STEEL AUTHORITY OF INDIA,INE114A01011,reversal_5d,25.097290460670333,True,True,EQ,196.8,True,20.0,1000.0,500.0,2,1.0,2.603600000000008,5.0,0.01,3778441048.885,20.0,894,894,475,0,0,0,,,100000.0,-78457.30368933399,21542.69631066601,-99406.00393325817,-0.4090287767674739,-0.8415700149986536,-0.8415700149986536,-378457.3036893311,-0.0032329929369589,1.0,True,False
15933,270,TMPV,TMPV,TATA MOTORS PASS VEH LTD,INE155A01022,turn_of_month,25.063968477890747,True,True,EQ,311.5,True,20.0,1000.0,500.0,1,1.0,4.093000000000023,5.0,0.05,2618626895.5,20.0,723,723,0,0,0,0,,,100000.0,-85606.75731014332,14393.242689856677,-99212.99192941668,-0.9569232515858268,-0.8772003948084088,-0.8772003948084088,-86120.46047808164,-0.0040368108787008,1.0,True,False
15945,271,CROMPTON,CROMPTON,CROMPT GREA CON ELEC LTD,INE299U01018,turn_of_month,24.968867052585495,True,True,EQ,232.4,True,20.0,1000.0,500.0,2,1.0,3.074799999999993,5.0,0.01,847721314.9200001,20.0,723,723,0,0,0,0,,,100000.0,-81842.27693264223,18157.723067357772,-99006.09608214094,-0.9521255477517712,-0.8324951898463532,-0.8324951898463532,-126024.09511446024,-0.0035906818738294,1.0,True,False
15952,272,IFCI,IFCI,IFCI LTD,INE039A01010,volume_continuation,24.937490879019315,True,True,EQ,101.38,True,20.0,1000.0,500.0,4,3.0,4.008280000000015,5.0,0.01,3490384221.1400003,20.0,201,201,35,0,0,0,,,100000.0,-84627.89582893024,15372.104171069761,-93190.5697147073,-0.694026141429531,-0.8639509866581458,-0.8639509866581458,-287757.3922318061,-0.0151233677877143,1.0,True,False
15962,273,PFC,PFC,POWER FIN CORP LTD.,INE134E01011,gap_fade_100,24.923626988373794,True,True,EQ,355.6,True,20.0,1000.0,500.0,1,1.0,4.691200000000012,5.0,0.05,3151134941.3,20.0,343,343,201,0,0,0,,,100000.0,-80034.63717330892,19965.362826691082,-94986.68258355724,-0.8143921988343461,-0.8082677857604765,-0.8082677857604765,-291228.34071506804,-0.0074512732987733,1.0,True,False
15975,274,UNIONBANK,UNIONBANK,UNION BANK OF INDIA,INE692A01016,gap_continuation_100,24.837524930680544,True,True,EQ,187.22,True,20.0,1000.0,500.0,2,2.0,4.948880000000009,5.0,0.01,1686478721.005,20.0,508,508,166,0,0,0,,,100000.0,-88133.59915086212,11866.400849137877,-98465.61109031856,-0.8976242485401771,-0.9279711757921947,-0.9279711757921948,-90486.8763425082,-0.0063423514790726,1.0,True,False
15977,275,BPCL,BPCL,BHARAT PETROLEUM CORP  LT,INE029A01011,gap_continuation_100,24.83630879992217,True,True,EQ,315.7,True,20.0,1000.0,500.0,1,1.0,4.151400000000034,5.0,0.05,1504042323.325,20.0,436,436,167,0,0,0,,,100000.0,-84413.42964576605,15586.570354233947,-97306.55980531528,-0.9747975430597624,-0.8513616377219244,-0.8513616377219244,-145621.06890659616,-0.0064021526032465,1.0,True,False
15982,276,FEDERALBNK,FEDERALBNK,FEDERAL BANK LTD,INE171A01029,momentum_1d,24.80055455562582,True,True,EQ,343.0,True,20.0,1000.0,500.0,1,1.0,4.515999999999978,5.0,0.05,1485111743.85,20.0,631,631,288,0,0,0,,,100000.0,-76575.90136353552,23424.098636464478,-98144.98803818086,-0.5724804466143761,-0.7878336887228827,-0.7878336887228826,-490819.0035260987,-0.0040335596087831,1.0,True,False
15991,277,BANKBARODA,BANKBARODA,BANK OF BARODA,INE028A01039,gap_continuation_100,24.750936420683953,True,True,EQ,239.0,True,20.0,1000.0,500.0,2,1.0,3.1679999999999864,5.0,0.01,1806686690.8600001,20.0,453,453,178,0,0,0,,,100000.0,-88664.22574791698,11335.774252083022,-98173.3580341973,-0.864490093364227,-0.9215990316396776,-0.9215990316396776,-103228.31152930876,-0.0072839099038041,1.0,True,False
15997,278,POWERGRID,POWERGRID,POWER GRID CORP. LTD.,INE752E01010,turn_of_month,24.73488349467335,True,True,EQ,266.0,True,20.0,1000.0,500.0,1,1.0,3.5119999999999774,5.0,0.05,2045111029.025,20.0,723,723,0,0,0,0,,,100000.0,-80580.8830531913,19419.116946808703,-98936.5936544124,-1.116528735442437,-0.8097255287909345,-0.8097255287909345,-127543.43506428775,-0.0033215881369055,1.0,True,False
16033,279,TMPV,TMPV,TATA MOTORS PASS VEH LTD,INE155A01022,momentum_1d,24.561706474680157,True,True,EQ,311.5,True,20.0,1000.0,500.0,1,1.0,4.093000000000023,5.0,0.05,2618626895.5,20.0,729,729,356,0,0,0,,,100000.0,-87489.05850709796,12510.941492902042,-99332.71951840878,-0.8692930049442643,-0.9068423976974214,-0.9068423976974214,-88002.76167503628,-0.0043522953796086,1.0,True,False
16049,280,ONGC,ONGC,OIL AND NATURAL GAS CORP.,INE213A01029,momentum_5d,24.504791555188014,True,True,EQ,234.65,True,20.0,1000.0,500.0,2,1.0,3.1093000000000033,5.0,0.01,2775082213.085,20.0,532,532,258,0,0,0,,,100000.0,-84911.21277390793,15088.78722609207,-98225.54508530248,-1.0390899285645057,-0.8494133011368057,-0.8494133011368057,-129489.19648241106,-0.0052481117232833,1.0,True,False
16053,281,MOTHERSON,MOTHERSON,SAMVRDHNA MTHRSN INTL LTD,INE775A01035,momentum_5d,24.48922508148076,True,True,EQ,160.7,True,20.0,1000.0,500.0,3,2.0,4.222800000000046,5.0,0.01,1970325383.705,20.0,783,783,377,0,0,0,,,100000.0,-85250.6814419731,14749.318558026906,-99366.1644621564,-0.6694329221203004,-0.8593127448253888,-0.8593127448253888,-159735.80176522955,-0.0039975086996285,1.0,True,False
16071,282,NTPC,NTPC,NTPC LTD,INE733E01010,turn_of_month,24.44739018339252,True,True,EQ,332.5,True,20.0,1000.0,500.0,1,1.0,4.3750000000000115,5.0,0.05,2596856663.35,20.0,723,723,0,0,0,0,,,100000.0,-77547.42416586823,22452.57583413177,-98769.77454448298,-1.0070593181435208,-0.7880599708230658,-0.7880599708230658,-184943.22485530688,-0.0031239804703002,1.0,True,False
16089,283,MOTHERSON,MOTHERSON,SAMVRDHNA MTHRSN INTL LTD,INE775A01035,gap_continuation_100,24.373449433283067,True,True,EQ,160.7,True,20.0,1000.0,500.0,3,2.0,4.222800000000046,5.0,0.01,1970325383.705,20.0,481,481,174,0,0,0,,,100000.0,-85504.81746209253,14495.182537907473,-97909.7530961451,-0.7997405726473676,-0.9041851561428002,-0.9041851561428002,-159989.937785349,-0.0063038368853313,1.0,True,False
16100,284,GAIL,GAIL,GAIL (INDIA) LTD,INE129A01019,momentum_1d,24.349613270418835,True,True,EQ,173.4,True,20.0,1000.0,500.0,2,2.0,4.583600000000036,5.0,0.01,1109878265.1999998,20.0,632,632,309,0,0,0,,,100000.0,-85474.92605196619,14525.073948033809,-98856.2682666532,-0.9305313069860736,-0.8663884804741785,-0.8663884804741785,-123089.83900444023,-0.004614893758669,1.0,True,False
16101,285,GAIL,GAIL,GAIL (INDIA) LTD,INE129A01019,gap_continuation_100,24.348640365812134,True,True,EQ,173.4,True,20.0,1000.0,500.0,2,2.0,4.583600000000036,5.0,0.01,1109878265.1999998,20.0,360,360,123,0,0,0,,,100000.0,-86122.45559799924,13877.544402000756,-96748.97493586324,-1.2248032422584352,-0.8626561205919728,-0.8626561205919728,-123737.3685504733,-0.0077581807703034,1.0,True,False
16105,286,MARKSANS,MARKSANS,MARKSANS PHARMA LIMITED,INE750C01026,reversal_5d,24.324074524492875,True,True,EQ,326.75,True,20.0,1000.0,500.0,1,1.0,4.2935,5.0,0.05,723088181.3,20.0,997,997,532,0,0,0,,,100000.0,-78751.08239553374,21248.91760446626,-99612.6446191522,-0.2694011966881296,-0.8649828399472599,-0.8649828399472599,-781088.1057657688,-0.003116167685237,1.0,True,False
16113,287,VEDL,VEDL,VEDANTA LIMITED,INE205A01025,momentum_5d,24.299508683173617,True,True,EQ,272.1,True,20.0,1000.0,500.0,1,1.0,3.5842000000000453,5.0,0.05,2725791271.35,20.0,780,780,329,0,0,0,,,100000.0,-77946.79681335321,22053.203186646788,-99039.12372465694,-0.5606537777542216,-0.7807728794100384,-0.7807728794100384,-439741.6920714144,-0.0034076497162446,1.0,True,False
16116,288,FEDERALBNK,FEDERALBNK,FEDERAL BANK LTD,INE171A01029,turn_of_month,24.286617697134798,True,True,EQ,343.0,True,20.0,1000.0,500.0,1,1.0,4.515999999999978,5.0,0.05,1485111743.85,20.0,723,723,0,0,0,0,,,100000.0,-73076.32284423895,26923.67715576105,-98523.97182438214,-0.6949892960106834,-0.7521389940324122,-0.7521389940324124,-487319.4250068021,-0.0030707864622644,1.0,True,False
16138,289,MRPL,MRPL,MRPL,INE103A01014,turn_of_month,24.217298243907187,True,True,EQ,174.83,True,20.0,1000.0,500.0,2,2.0,4.609320000000018,5.0,0.01,1066722579.155,20.0,723,723,0,0,0,0,,,100000.0,-82760.56584297318,17239.434157026815,-99057.03045924829,-0.6492310239426442,-0.8965654074398339,-0.8965654074398339,-198145.18122758807,-0.0040539569197116,1.0,True,False
16144,290,FEDERALBNK,FEDERALBNK,FEDERAL BANK LTD,INE171A01029,momentum_5d,24.20246144865496,True,True,EQ,343.0,True,20.0,1000.0,500.0,1,1.0,4.515999999999978,5.0,0.05,1485111743.85,20.0,550,550,231,0,0,0,,,100000.0,-77703.7322521398,22296.267747860198,-97557.3996474344,-0.6239704476321205,-0.8097101931109385,-0.8097101931109385,-491946.83441470296,-0.0046645328825091,1.0,True,False
16156,291,BANKINDIA,BANKINDIA,BANK OF INDIA,INE084A01016,momentum_1d,24.166220752055267,True,True,EQ,145.0,True,20.0,1000.0,500.0,3,2.0,3.8299999999999774,5.0,0.01,754397260.855,20.0,889,889,429,0,0,0,,,100000.0,-90681.62629968094,9318.373700319062,-99738.75624600626,-0.717286985137639,-0.9079733691529865,-0.9079733691529864,-87508.86947751175,-0.0041670560204009,1.0,True,False
16264,292,MRPL,MRPL,MRPL,INE103A01014,reversal_1d,23.75516855572311,True,True,EQ,174.83,True,20.0,1000.0,500.0,2,2.0,4.609320000000018,5.0,0.01,1066722579.155,20.0,829,829,415,0,0,0,,,100000.0,-86452.55669772928,13547.443302270724,-99516.35877621062,-0.5098672292298563,-0.9213685979529374,-0.9213685979529374,-201837.17208234424,-0.0041153949212928,1.0,True,False
16266,293,NTPC,NTPC,NTPC LTD,INE733E01010,momentum_1d,23.740331760470887,True,True,EQ,332.5,True,20.0,1000.0,500.0,1,1.0,4.3750000000000115,5.0,0.05,2596856663.35,20.0,439,439,195,0,0,0,,,100000.0,-82298.48972675514,17701.510273244858,-96975.49363251276,-1.1564342230308402,-0.8271480543441143,-0.8271480543441142,-189694.29041619375,-0.0056990817328852,1.0,True,False
16277,294,FEDERALBNK,FEDERALBNK,FEDERAL BANK LTD,INE171A01029,reversal_1d,23.701415576202752,True,True,EQ,343.0,True,20.0,1000.0,500.0,1,1.0,4.515999999999978,5.0,0.05,1485111743.85,20.0,631,631,343,0,0,0,,,100000.0,-78503.7687896636,21496.231210336395,-98298.13302846116,-0.6165119060510322,-0.8125434578911428,-0.8125434578911428,-492746.8709522268,-0.0041822966526208,1.0,True,False
16281,295,MANAPPURAM,MANAPPURAM,MANAPPURAM FINANCE LTD,INE522D01027,turn_of_month,23.69363233934913,True,True,EQ,339.7,True,20.0,1000.0,500.0,1,1.0,4.459400000000023,5.0,0.05,1569912665.4250002,20.0,723,723,0,0,0,0,,,100000.0,-78100.69853547463,21899.30146452537,-98800.65699856596,-0.6855198193094599,-0.7851818840736222,-0.7851818840736222,-387271.7743732146,-0.003509985663308,1.0,True,False
16308,296,KTKBANK,KTKBANK,KARNATAKA BANK LIMITED,INE614B01018,reversal_1d,23.5691005496911,True,True,EQ,340.1,True,20.0,1000.0,500.0,1,1.0,4.510200000000034,5.0,0.05,875316394.0,20.0,685,685,350,0,0,0,,,100000.0,-83641.93910663835,16358.060893361646,-98958.16123492716,-0.7360567860659694,-0.8774538527348538,-0.8774538527348538,-202325.09418685237,-0.004251399825022,1.0,True,False
16323,297,VEDL,VEDL,VEDANTA LIMITED,INE205A01025,gap_fade_100,23.493943668823274,True,True,EQ,272.1,True,20.0,1000.0,500.0,1,1.0,3.5842000000000453,5.0,0.05,2725791271.35,20.0,627,627,394,0,0,0,,,100000.0,-80252.80216436833,19747.19783563167,-98412.03424158314,-0.6249135010606743,-0.8228201927905456,-0.8228201927905457,-442047.6974224295,-0.004385997510914,1.0,True,False
16335,298,CROMPTON,CROMPTON,CROMPT GREA CON ELEC LTD,INE299U01018,momentum_1d,23.425110667899013,True,True,EQ,232.4,True,20.0,1000.0,500.0,2,1.0,3.074799999999993,5.0,0.01,847721314.9200001,20.0,607,607,285,0,0,0,,,100000.0,-86473.89191351704,13526.108086482956,-98822.9836906297,-1.0015175189309404,-0.8814988028626805,-0.8814988028626805,-130655.71009533505,-0.0048796983651404,1.0,True,False
16342,299,SAIL,SAIL,STEEL AUTHORITY OF INDIA,INE114A01011,gap_continuation_100,23.391302232816074,True,True,EQ,196.8,True,20.0,1000.0,500.0,2,1.0,2.603600000000008,5.0,0.01,3778441048.885,20.0,561,561,198,0,0,0,,,100000.0,-81692.82591710253,18307.174082897473,-98083.23597992092,-0.5718938191303782,-0.9105519014736809,-0.9105519014736808,-381692.82591709954,-0.0051723126950291,1.0,True,False
16351,300,LTF,LTF,L&T FINANCE LIMITED,INE498L01015,reversal_5d,23.347521525514427,True,True,EQ,314.0,True,20.0,1000.0,500.0,1,1.0,4.098000000000023,5.0,0.05,1074454374.875,20.0,785,785,438,0,0,0,,,100000.0,-82319.30624131914,17680.693758680864,-99245.77060932704,-0.580067697994227,-0.8527872850442035,-0.8527872850442035,-321876.26826663385,-0.0037669958781922,1.0,True,False
16376,301,INDUSTOWER,INDUSTOWER,INDUS TOWERS LIMITED,INE121J01017,momentum_1d,23.218368438974558,True,True,EQ,376.8,True,20.0,1000.0,500.0,1,1.0,4.9636,5.0,0.05,1780856495.225,20.0,732,732,340,0,0,0,,,100000.0,-91256.89259340864,8743.107406591356,-99540.17124723268,-0.7669906690577671,-0.9246150315778775,-0.9246150315778776,-103651.50877444724,-0.0051243011131876,1.0,True,False
16380,302,PETRONET,PETRONET,PETRONET LNG LIMITED,INE347G01014,momentum_5d,23.2088826190592,True,True,EQ,288.1,True,20.0,1000.0,500.0,1,1.0,3.776200000000023,5.0,0.05,504148000.35,20.0,393,393,174,0,0,0,,,100000.0,-85588.30919290672,14411.690807093284,-97041.60505917032,-1.2520293694394593,-0.8605450647060795,-0.8605450647060795,-159152.7242548329,-0.0069398091214224,1.0,True,False
16451,303,LTF,LTF,L&T FINANCE LIMITED,INE498L01015,reversal_1d,22.9221189862334,True,True,EQ,314.0,True,20.0,1000.0,500.0,1,1.0,4.098000000000023,5.0,0.05,1074454374.875,20.0,818,818,435,0,0,0,,,100000.0,-82084.8081710301,17915.191828969895,-99330.32884203552,-0.6163910363303394,-0.8463829526739808,-0.8463829526739808,-321641.7701963448,-0.0035450654765412,1.0,True,False
16489,304,PETRONET,PETRONET,PETRONET LNG LIMITED,INE347G01014,turn_of_month,22.78104781826142,True,True,EQ,288.1,True,20.0,1000.0,500.0,1,1.0,3.776200000000023,5.0,0.05,504148000.35,20.0,722,722,0,0,0,0,,,100000.0,-83356.82792784575,16643.17207215425,-99085.57309569136,-1.130629524898598,-0.8462029094896104,-0.8462029094896104,-156921.24298977194,-0.0036085972934972,1.0,True,False
16571,305,MARKSANS,MARKSANS,MARKSANS PHARMA LIMITED,INE750C01026,volume_continuation,22.459989298049326,True,True,EQ,326.75,True,20.0,1000.0,500.0,1,1.0,4.2935,5.0,0.05,723088181.3,20.0,185,185,39,0,0,0,,,100000.0,-82865.19256293919,17134.80743706081,-91901.76378979073,-0.7579979085757949,-0.8528966796810216,-0.8528966796810216,-785202.2159331741,-0.0152369676991388,1.0,True,False
16577,306,TATAPOWER,TATAPOWER,TATA POWER CO LTD,INE245A01021,turn_of_month,22.444179598190395,True,True,EQ,368.0,True,20.0,1000.0,500.0,1,1.0,4.845999999999977,5.0,0.05,1580684879.8,20.0,723,723,0,0,0,0,,,100000.0,-77793.33007965315,22206.669920346845,-98783.52701521372,-0.8038024470065599,-0.78728420831865,-0.78728420831865,-441256.1345562808,-0.0033408319409516,1.0,True,False
16586,307,MRPL,MRPL,MRPL,INE103A01014,momentum_1d,22.40574986622562,True,True,EQ,174.83,True,20.0,1000.0,500.0,2,2.0,4.609320000000018,5.0,0.01,1066722579.155,20.0,829,829,414,0,0,0,,,100000.0,-89408.64356470776,10591.35643529224,-99622.23472033418,-0.5947264907403743,-0.8941378714835319,-0.8941378714835319,-204793.25894932268,-0.0044234238678922,1.0,True,False
16621,308,BANKINDIA,BANKINDIA,BANK OF INDIA,INE084A01016,reversal_5d,22.23938317847935,True,True,EQ,145.0,True,20.0,1000.0,500.0,3,2.0,3.8299999999999774,5.0,0.01,754397260.855,20.0,896,896,463,0,0,0,,,100000.0,-92624.92697476636,7375.073025233636,-99799.12760763384,-0.820970698378994,-0.9406257204089754,-0.9406257204089754,-89452.17015259717,-0.0043841567915206,1.0,True,False
16628,309,SAMMAANCAP,SAMMAANCAP,SAMMAAN CAPITAL LIMITED,INE148I01020,reversal_1d,22.211655397188306,True,True,EQ,158.39,True,20.0,1000.0,500.0,3,2.0,4.163560000000025,5.0,0.01,963280553.225,20.0,1022,1022,511,0,0,0,,,100000.0,-98359.47432132228,1640.5256786777172,-99973.2358771826,-0.8982551047282367,-0.9861627158073284,-0.9861627158073284,-29549.604174210603,-0.0056078103413587,1.0,True,False
16637,310,SAMMAANCAP,SAMMAANCAP,SAMMAAN CAPITAL LIMITED,INE148I01020,gap_continuation_100,22.190251495840833,True,True,EQ,158.39,True,20.0,1000.0,500.0,3,2.0,4.163560000000025,5.0,0.01,963280553.225,20.0,573,573,210,0,0,0,,,100000.0,-98369.32729537242,1630.6727046275773,-99839.04321726624,-1.0453239923152189,-0.9883058654010632,-0.9883058654010632,-29559.457148260743,-0.0098066221792808,1.0,True,False
16646,311,MANAPPURAM,MANAPPURAM,MANAPPURAM FINANCE LTD,INE522D01027,reversal_5d,22.111932675001217,True,True,EQ,339.7,True,20.0,1000.0,500.0,1,1.0,4.459400000000023,5.0,0.05,1569912665.4250002,20.0,793,793,463,0,0,0,,,100000.0,-84408.7511267908,15591.248873209202,-99356.3230001278,-0.5729589812900369,-0.8624927842455223,-0.8624927842455223,-393579.82696453074,-0.0039721219261538,1.0,True,False
16671,312,ONGC,ONGC,OIL AND NATURAL GAS CORP.,INE213A01029,turn_of_month,22.028019652673056,True,True,EQ,234.65,True,20.0,1000.0,500.0,2,1.0,3.1093000000000033,5.0,0.01,2775082213.085,20.0,723,723,0,0,0,0,,,100000.0,-87289.692317488,12710.307682511993,-99305.297181295,-1.145785817940347,-0.8783385677828868,-0.8783385677828868,-131867.67602599115,-0.0040941419991278,1.0,True,False
16725,313,BANKINDIA,BANKINDIA,BANK OF INDIA,INE084A01016,gap_continuation_100,21.802792236221237,True,True,EQ,145.0,True,20.0,1000.0,500.0,3,2.0,3.8299999999999774,5.0,0.01,754397260.855,20.0,495,495,167,0,0,0,,,100000.0,-93895.49366918982,6104.506330810182,-99170.83272305214,-1.0762877549117582,-0.9473592322883123,-0.9473592322883124,-90722.73684702064,-0.0080139593551347,1.0,True,False
16784,314,PETRONET,PETRONET,PETRONET LNG LIMITED,INE347G01014,gap_continuation_100,21.516028603395437,True,True,EQ,288.1,True,20.0,1000.0,500.0,1,1.0,3.776200000000023,5.0,0.05,504148000.35,20.0,279,279,122,0,0,0,,,100000.0,-89170.41813349412,10829.581866505876,-96493.26208927386,-1.524801974654052,-0.8989275241358962,-0.8989275241358962,-162734.8331954203,-0.0106223224787644,1.0,True,False
16789,315,UNIONBANK,UNIONBANK,UNION BANK OF INDIA,INE692A01016,momentum_5d,21.50313761735662,True,True,EQ,187.22,True,20.0,1000.0,500.0,2,2.0,4.948880000000009,5.0,0.01,1686478721.005,20.0,910,910,448,0,0,0,,,100000.0,-93400.32673201487,6599.673267985127,-99830.14117237016,-0.859988592004057,-0.9356855182579404,-0.9356855182579404,-95753.60392366096,-0.004429577247851,1.0,True,False
16812,316,CROMPTON,CROMPTON,CROMPT GREA CON ELEC LTD,INE299U01018,momentum_5d,21.43065622415722,True,True,EQ,232.4,True,20.0,1000.0,500.0,2,1.0,3.074799999999993,5.0,0.01,847721314.9200001,20.0,521,521,233,0,0,0,,,100000.0,-89843.76305739926,10156.236942600735,-98753.82385791048,-1.2623491391222643,-0.9106326412749458,-0.9106326412749458,-134025.58123921725,-0.0061112741342187,1.0,True,False
16814,317,IOC,IOC,INDIAN OIL CORP LTD,INE242A01010,gap_continuation_100,21.425791701123707,True,True,EQ,137.6,True,20.0,1000.0,500.0,3,2.0,3.6304000000000087,5.0,0.01,1088369458.555,20.0,420,420,143,0,0,0,,,100000.0,-90008.22412918274,9991.775870817262,-98162.04340426617,-1.4542556449485011,-0.9018587739159027,-0.9018587739159027,-136141.14396139077,-0.0074047512757322,1.0,True,False
16823,318,ASHOKLEY,ASHOKLEY,ASHOK LEYLAND LTD,INE208A01029,gap_continuation_100,21.374714209271783,True,True,EQ,169.0,True,20.0,1000.0,500.0,2,2.0,4.485999999999995,5.0,0.01,2510244023.355,20.0,482,482,168,0,0,0,,,100000.0,-85664.52697432358,14335.473025676416,-97941.46583339658,-0.7427220823719347,-0.8976952631364581,-0.8976952631364581,-392058.5943608349,-0.0064174910411755,1.0,True,False
16851,319,MANAPPURAM,MANAPPURAM,MANAPPURAM FINANCE LTD,INE522D01027,reversal_1d,21.231210779783044,True,True,EQ,339.7,True,20.0,1000.0,500.0,1,1.0,4.459400000000023,5.0,0.05,1569912665.4250002,20.0,833,833,465,0,0,0,,,100000.0,-85865.6212641816,14134.378735818405,-99503.22353162109,-0.5684116295403104,-0.8902340031312438,-0.8902340031312438,-395036.6971019216,-0.003931415666384,1.0,True,False
16856,320,SCI,SCI,SHIPPING CORP OF INDIA LT,INE109A01011,volume_continuation,21.20688816461546,True,True,EQ,295.35,True,20.0,1000.0,500.0,1,1.0,3.8907000000000456,5.0,0.05,569615929.125,20.0,216,216,18,0,0,0,,,100000.0,-85239.12287734023,14760.877122659775,-93840.47412439472,-1.075890617665133,-0.8559284447026874,-0.8559284447026874,-426824.028537716,-0.0129122756260201,1.0,True,False
16857,321,MARKSANS,MARKSANS,MARKSANS PHARMA LIMITED,INE750C01026,turn_of_month,21.20275332003697,True,True,EQ,326.75,True,20.0,1000.0,500.0,1,1.0,4.2935,5.0,0.05,723088181.3,20.0,723,723,0,0,0,0,,,100000.0,-83393.3125629542,16606.687437045795,-99092.0330429929,-0.5622418207320595,-0.8540660896276773,-0.8540660896276773,-785730.3359331891,-0.004263607016827,1.0,True,False
16863,322,NATIONALUM,NATIONALUM,NATIONAL ALUMINIUM CO LTD,INE139A01034,reversal_1d,21.17648489565598,True,True,EQ,374.1,True,20.0,1000.0,500.0,1,1.0,4.908200000000045,5.0,0.05,2075946057.05,20.0,960,960,513,0,0,0,,,100000.0,-82516.73787513892,17483.26212486108,-99630.2944342028,-0.4838162820534601,-0.8515720598360814,-0.8515720598360814,-817924.463197024,-0.0032261567734354,1.0,True,False
16885,323,PFC,PFC,POWER FIN CORP LTD.,INE134E01011,momentum_5d,21.08332927956414,True,True,EQ,355.6,True,20.0,1000.0,500.0,1,1.0,4.691200000000012,5.0,0.05,3151134941.3,20.0,743,743,333,0,0,0,,,100000.0,-85736.9177014276,14263.082298572393,-99280.49575382764,-0.7693327547549228,-0.8739784706905732,-0.8739784706905732,-296930.6212431867,-0.0041258354665817,1.0,True,False
16914,324,BANKBARODA,BANKBARODA,BANK OF BARODA,INE028A01039,momentum_1d,20.977769129736828,True,True,EQ,239.0,True,20.0,1000.0,500.0,2,1.0,3.1679999999999864,5.0,0.01,1806686690.8600001,20.0,821,821,402,0,0,0,,,100000.0,-92754.45593204672,7245.544067953277,-99733.40934153696,-0.96343222292791,-0.9281045943931128,-0.9281045943931128,-107318.54171343848,-0.0046533858055283,1.0,True,False
16949,325,LTF,LTF,L&T FINANCE LIMITED,INE498L01015,momentum_5d,20.816023738872406,True,True,EQ,314.0,True,20.0,1000.0,500.0,1,1.0,4.098000000000023,5.0,0.05,1074454374.875,20.0,785,785,347,0,0,0,,,100000.0,-86814.64640136671,13185.353598633286,-99438.17870642952,-0.7008086408297975,-0.8694239083243359,-0.8694239083243359,-326371.60842668137,-0.0041453623406178,1.0,True,False
16955,326,IOC,IOC,INDIAN OIL CORP LTD,INE242A01010,momentum_1d,20.780269494576054,True,True,EQ,137.6,True,20.0,1000.0,500.0,3,2.0,3.6304000000000087,5.0,0.01,1088369458.555,20.0,573,573,276,0,0,0,,,100000.0,-90401.92058543158,9598.07941456842,-99044.0341154084,-1.339196259587743,-0.904033292301898,-0.904033292301898,-136534.8404176396,-0.0056224928026495,1.0,True,False
16960,327,IOC,IOC,INDIAN OIL CORP LTD,INE242A01010,turn_of_month,20.746461059493118,True,True,EQ,137.6,True,20.0,1000.0,500.0,3,2.0,3.6304000000000087,5.0,0.01,1088369458.555,20.0,722,722,0,0,0,0,,,100000.0,-88760.57335924968,11239.426640750316,-99383.46442055806,-1.3508136986606871,-0.8876057335924968,-0.8864824555270597,-134893.4931914577,-0.0041756185892535,1.0,True,False
16967,328,IFCI,IFCI,IFCI LTD,INE039A01010,turn_of_month,20.71605779053364,True,True,EQ,101.38,True,20.0,1000.0,500.0,4,3.0,4.008280000000015,5.0,0.01,3490384221.1400003,20.0,723,723,0,0,0,0,,,100000.0,-89466.30084936426,10533.699150635744,-99425.30498892193,-0.632122525324263,-0.9172910894326076,-0.9172910894326076,-292595.7972522401,-0.0050436550501278,1.0,True,False
16974,329,TATAPOWER,TATAPOWER,TATA POWER CO LTD,INE245A01021,momentum_1d,20.685411295422483,True,True,EQ,368.0,True,20.0,1000.0,500.0,1,1.0,4.845999999999977,5.0,0.05,1580684879.8,20.0,620,620,296,0,0,0,,,100000.0,-84964.79457429118,15035.205425708817,-98757.7810782616,-0.8020258401025594,-0.8507929444811533,-0.8507929444811533,-448427.5990509188,-0.0047968550512635,1.0,True,False
16991,330,PNB,PNB,PUNJAB NATIONAL BANK,INE160A01022,momentum_1d,20.61317312837476,True,True,EQ,117.0,True,20.0,1000.0,500.0,4,3.0,4.642000000000006,5.0,0.01,1291402376.8049998,20.0,820,820,410,0,0,0,,,100000.0,-95926.8054742574,4073.1945257425978,-99849.8695943576,-1.2142205044924237,-0.961880217954862,-0.961880217954862,-60021.27845788444,-0.0053539869888686,1.0,True,False
17006,331,RECLTD,RECLTD,REC LIMITED,INE020B01018,gap_fade_050,20.538259473658606,True,True,EQ,318.7,True,20.0,1000.0,500.0,1,1.0,4.157400000000035,5.0,0.05,1931316464.5,20.0,1025,1025,701,0,0,0,,,100000.0,-86657.02547029109,13342.97452970891,-99782.74460695244,-0.6666338803913815,-0.9034859261555764,-0.9034859261555764,-268771.1802772696,-0.0031856247573874,1.0,True,False
17024,332,SAIL,SAIL,STEEL AUTHORITY OF INDIA,INE114A01011,reversal_1d,20.469183246582674,True,True,EQ,196.8,True,20.0,1000.0,500.0,2,1.0,2.603600000000008,5.0,0.01,3778441048.885,20.0,950,950,490,0,0,0,,,100000.0,-87089.43225334672,12910.56774665328,-99716.21197166711,-0.553906140599684,-0.9119813751586028,-0.9119813751586028,-387089.43225334375,-0.0036257285537722,1.0,True,False
17028,333,MANAPPURAM,MANAPPURAM,MANAPPURAM FINANCE LTD,INE522D01027,momentum_5d,20.437077394561463,True,True,EQ,339.7,True,20.0,1000.0,500.0,1,1.0,4.459400000000023,5.0,0.05,1569912665.4250002,20.0,793,793,330,0,0,0,,,100000.0,-86819.621667848,13180.378332152002,-99456.24476703611,-0.6348731112848344,-0.8940496270295191,-0.8940496270295191,-395990.697505588,-0.0041777914388223,1.0,True,False
17047,334,M&MFIN,M&MFIN,M&M FIN. SERVICES LTD,INE774D01024,reversal_5d,20.345624361531353,True,True,EQ,373.65,True,20.0,1000.0,500.0,1,1.0,4.9073000000000455,5.0,0.05,685055156.175,20.0,798,798,448,0,0,0,,,100000.0,-91298.42401692957,8701.575983070434,-99648.65899163058,-0.8664029179183618,-0.9403901651792153,-0.9403901651792153,-154594.27620006472,-0.0045907305625592,1.0,True,False
17061,335,IFCI,IFCI,IFCI LTD,INE039A01010,reversal_5d,20.284817823612393,True,True,EQ,101.38,True,20.0,1000.0,500.0,4,3.0,4.008280000000015,5.0,0.01,3490384221.1400003,20.0,1087,1087,534,0,0,0,,,100000.0,-92770.79394197956,7229.206058020442,-99908.6052887518,-0.4453237497632161,-0.9428748830358705,-0.9428748830358704,-295900.29034485546,-0.0039674956985389,1.0,True,False
17083,336,M&MFIN,M&MFIN,M&M FIN. SERVICES LTD,INE774D01024,reversal_1d,20.178284769178383,True,True,EQ,373.65,True,20.0,1000.0,500.0,1,1.0,4.9073000000000455,5.0,0.05,685055156.175,20.0,843,843,444,0,0,0,,,100000.0,-91577.32921600551,8422.670783994487,-99716.05815434724,-0.8952685885715437,-0.9220490120318532,-0.9220490120318532,-154873.18139914068,-0.0043791490920143,1.0,True,False
17084,337,ITC,ITC,ITC LTD,INE154A01025,turn_of_month,20.17779831687503,True,True,EQ,264.1,True,20.0,1000.0,500.0,1,1.0,3.458199999999966,5.0,0.05,3504678210.3999996,20.0,723,723,0,0,0,0,,,100000.0,-90667.74768033889,9332.252319661115,-99490.40128807497,-1.9925340090605248,-0.908093326713623,-0.908093326713623,-97075.97552844006,-0.0041675414274216,1.0,True,False
17087,338,MRPL,MRPL,MRPL,INE103A01014,reversal_5d,20.16758281850465,True,True,EQ,174.83,True,20.0,1000.0,500.0,2,2.0,4.609320000000018,5.0,0.01,1066722579.155,20.0,808,808,405,0,0,0,,,100000.0,-92135.19338154448,7864.806618455521,-99695.28097895694,-0.6592808478387399,-0.9484711775774836,-0.9484711775774836,-207519.8087661594,-0.0049284135432908,1.0,True,False
17130,339,UNIONBANK,UNIONBANK,UNION BANK OF INDIA,INE692A01016,momentum_1d,20.023592936712557,True,True,EQ,187.22,True,20.0,1000.0,500.0,2,2.0,4.948880000000009,5.0,0.01,1686478721.005,20.0,878,878,436,0,0,0,,,100000.0,-95261.84249834444,4738.157501655558,-99861.55672202108,-0.961282561397176,-0.9553188807059061,-0.955318880705906,-97615.11968999048,-0.0049827888697412,1.0,True,False
17150,340,MOREPENLAB,MOREPENLAB,MOREPEN LAB. LTD,INE083A01026,turn_of_month,19.90514180084643,True,True,EQ,113.74,True,20.0,1000.0,500.0,4,3.0,4.502440000000029,5.0,0.01,2521047229.6800003,20.0,723,723,0,0,0,0,,,100000.0,-87104.66999294763,12895.33000705237,-99295.78370913224,-0.6053856291224822,-0.9311274962032554,-0.9311274962032554,-476724.9231575074,-0.0046946569091925,1.0,True,False
17165,341,WIPRO,WIPRO,WIPRO LTD,INE075A01022,turn_of_month,19.866712068881647,True,True,EQ,176.4,True,20.0,1000.0,500.0,2,2.0,4.655600000000039,5.0,0.01,1251249582.315,20.0,722,722,0,0,0,0,,,100000.0,-88653.48104824718,11346.51895175282,-99377.4384640035,-1.786154352480147,-0.8865348104824718,-0.8856940513327834,-138718.3337685443,-0.0039226563837249,1.0,True,False
17179,342,GAIL,GAIL,GAIL (INDIA) LTD,INE129A01019,momentum_5d,19.793257771075545,True,True,EQ,173.4,True,20.0,1000.0,500.0,2,2.0,4.583600000000036,5.0,0.01,1109878265.1999998,20.0,590,590,274,0,0,0,,,100000.0,-92455.89022654756,7544.109773452437,-99298.84614718084,-1.372970040400539,-0.924962387211119,-0.924962387211119,-130070.8031790216,-0.0059556214867207,1.0,True,False
17183,343,MOTHERSON,MOTHERSON,SAMVRDHNA MTHRSN INTL LTD,INE775A01035,momentum_1d,19.779880332733377,True,True,EQ,160.7,True,20.0,1000.0,500.0,3,2.0,4.222800000000046,5.0,0.01,1970325383.705,20.0,794,794,374,0,0,0,,,100000.0,-91794.42583969476,8205.574160305245,-99663.36104700455,-0.9473385335351594,-0.9179442583969476,-0.9179442583969476,-166279.54616295124,-0.0046369186858478,1.0,True,False
17208,344,VEDL,VEDL,VEDANTA LIMITED,INE205A01025,gap_continuation_050,19.681373741304665,True,True,EQ,272.1,True,20.0,1000.0,500.0,1,1.0,3.5842000000000453,5.0,0.05,2725791271.35,20.0,1299,1299,380,0,0,0,,,100000.0,-85286.20258445686,14713.797415543144,-99920.0917577481,-0.5625880703527413,-0.9004947105818122,-0.9004947105818122,-447081.097842518,-0.0024977186182027,1.0,True,False
17209,345,PETRONET,PETRONET,PETRONET LNG LIMITED,INE347G01014,momentum_1d,19.677482122877855,True,True,EQ,288.1,True,20.0,1000.0,500.0,1,1.0,3.776200000000023,5.0,0.05,504148000.35,20.0,492,492,226,0,0,0,,,100000.0,-91518.27736416468,8481.722635835322,-98831.84019236072,-1.3633313862799763,-0.9220194700851193,-0.9220194700851192,-165082.69242609086,-0.006842746937805,1.0,True,False
17219,346,BANKBARODA,BANKBARODA,BANK OF BARODA,INE028A01039,momentum_5d,19.642944009339885,True,True,EQ,239.0,True,20.0,1000.0,500.0,2,1.0,3.1679999999999864,5.0,0.01,1806686690.8600001,20.0,745,745,350,0,0,0,,,100000.0,-94609.25848779084,5390.7415122091625,-99731.3394825258,-1.0958183867478346,-0.9478983569965939,-0.947898356996594,-109173.34426918262,-0.005512682738082,1.0,True,False
17224,347,PNB,PNB,PUNJAB NATIONAL BANK,INE160A01022,gap_continuation_100,19.6247020479642,True,True,EQ,117.0,True,20.0,1000.0,500.0,4,3.0,4.642000000000006,5.0,0.01,1291402376.8049998,20.0,463,463,161,0,0,0,,,100000.0,-97470.8803073556,2529.1196926443954,-99610.76600954354,-1.6489323292706388,-0.9757665546267064,-0.9757665546267064,-61565.35329098264,-0.0102115269648542,1.0,True,False
17225,348,POWERGRID,POWERGRID,POWER GRID CORP. LTD.,INE752E01010,gap_continuation_100,19.624215595660846,True,True,EQ,266.0,True,20.0,1000.0,500.0,1,1.0,3.5119999999999774,5.0,0.05,2045111029.025,20.0,294,294,133,0,0,0,,,100000.0,-92603.1677946174,7396.832205382598,-97747.77123073948,-2.114091185268102,-0.9264865398862792,-0.9264865398862792,-139565.71980571386,-0.0109864203559618,1.0,True,False
17227,349,NATIONALUM,NATIONALUM,NATIONAL ALUMINIUM CO LTD,INE139A01034,gap_fade_100,19.615216228048837,True,True,EQ,374.1,True,20.0,1000.0,500.0,1,1.0,4.908200000000045,5.0,0.05,2075946057.05,20.0,608,608,402,0,0,0,,,100000.0,-84759.06176738928,15240.938232610715,-98678.9834917917,-0.6717103992564715,-0.9103868264854821,-0.910386826485482,-820166.7870892744,-0.0050685155313978,1.0,True,False
17234,350,MANAPPURAM,MANAPPURAM,MANAPPURAM FINANCE LTD,INE522D01027,momentum_1d,19.595271683611422,True,True,EQ,339.7,True,20.0,1000.0,500.0,1,1.0,4.459400000000023,5.0,0.05,1569912665.4250002,20.0,833,833,368,0,0,0,,,100000.0,-88371.3341094135,11628.665890586504,-99591.5360910616,-0.6472680054605114,-0.9044455745828957,-0.9044455745828957,-397542.4099471535,-0.0041916259741748,1.0,True,False
17239,351,LTF,LTF,L&T FINANCE LIMITED,INE498L01015,momentum_1d,19.57143552074719,True,True,EQ,314.0,True,20.0,1000.0,500.0,1,1.0,4.098000000000023,5.0,0.05,1074454374.875,20.0,818,818,383,0,0,0,,,100000.0,-87914.27665386727,12085.723346132727,-99548.93895838474,-0.7852749362245472,-0.8845349107690054,-0.8845349107690054,-327471.238679182,-0.0040288928154266,1.0,True,False
17245,352,TATAPOWER,TATAPOWER,TATA POWER CO LTD,INE245A01021,momentum_5d,19.553680011674857,True,True,EQ,368.0,True,20.0,1000.0,500.0,1,1.0,4.845999999999977,5.0,0.05,1580684879.8,20.0,599,599,270,0,0,0,,,100000.0,-86816.55748387879,13183.442516121213,-98815.74422291228,-0.8658765461130763,-0.8718530262971701,-0.8718530262971701,-450279.3619605064,-0.0051835916934892,1.0,True,False
17251,353,EPL,EPL,EPL LIMITED,INE255A01020,momentum_1d,19.539816121029336,True,True,EQ,247.1,True,20.0,1000.0,500.0,2,1.0,3.254200000000017,5.0,0.05,640014168.835,20.0,719,719,340,0,0,0,,,100000.0,-89859.88678500513,10140.113214994868,-99437.54615969326,-0.940826442151066,-0.9056700528867874,-0.9056700528867874,-221959.5886670395,-0.0047347983109076,1.0,True,False
17268,354,INDUSTOWER,INDUSTOWER,INDUS TOWERS LIMITED,INE121J01017,momentum_5d,19.461010847886364,True,True,EQ,376.8,True,20.0,1000.0,500.0,1,1.0,4.9636,5.0,0.05,1780856495.225,20.0,611,611,279,0,0,0,,,100000.0,-95557.86239969092,4442.1376003090845,-99621.51137596698,-1.1187449378680263,-0.9591050534547747,-0.9591050534547748,-107952.47858072954,-0.0071203916108033,1.0,True,False
17270,355,MOREPENLAB,MOREPENLAB,MOREPEN LAB. LTD,INE083A01026,momentum_5d,19.45906503867296,True,True,EQ,113.74,True,20.0,1000.0,500.0,4,3.0,4.502440000000029,5.0,0.01,2521047229.6800003,20.0,1072,1072,529,0,0,0,,,100000.0,-92184.10648848304,7815.893511516959,-99895.03631966608,-0.4205056057761421,-0.928066682428542,-0.928066682428542,-481804.3596530428,-0.0039572093277455,1.0,True,False
17283,356,PFC,PFC,POWER FIN CORP LTD.,INE134E01011,gap_continuation_050,19.412122391399524,True,True,EQ,355.6,True,20.0,1000.0,500.0,1,1.0,4.691200000000012,5.0,0.05,3151134941.3,20.0,1013,1013,320,0,0,0,,,100000.0,-88368.18122103605,11631.818778963949,-99801.37827149549,-0.7252158982085948,-0.896765281250977,-0.896765281250977,-299561.8847627952,-0.0033576817713136,1.0,True,False
17362,357,CROMPTON,CROMPTON,CROMPT GREA CON ELEC LTD,INE299U01018,gap_continuation_100,19.09155032349078,True,True,EQ,232.4,True,20.0,1000.0,500.0,2,1.0,3.074799999999993,5.0,0.01,847721314.9200001,20.0,374,374,131,0,0,0,,,100000.0,-94291.29847517725,5708.701524822754,-98740.3065951356,-1.6337270044132817,-0.9442263383870205,-0.9442263383870204,-138473.11665699526,-0.0099706965393717,1.0,True,False
17434,358,MOTHERSON,MOTHERSON,SAMVRDHNA MTHRSN INTL LTD,INE775A01035,turn_of_month,18.78557182468259,True,True,EQ,160.7,True,20.0,1000.0,500.0,3,2.0,4.222800000000046,5.0,0.01,1970325383.705,20.0,721,721,0,0,0,0,,,100000.0,-91567.6168090888,8432.383190911205,-99536.20691780144,-1.2751222397413928,-0.9220498571959798,-0.9220498571959798,-166052.73713234527,-0.0047579933292955,1.0,True,False
17446,359,MARKSANS,MARKSANS,MARKSANS PHARMA LIMITED,INE750C01026,reversal_1d,18.762465340273387,True,True,EQ,326.75,True,20.0,1000.0,500.0,1,1.0,4.2935,5.0,0.05,723088181.3,20.0,987,987,499,0,0,0,,,100000.0,-87812.14723557694,12187.852764423063,-99769.23280607352,-0.4433885265782519,-0.9658416757597458,-0.9658416757597458,-790149.170605812,-0.0036937118183035,1.0,True,False
17478,360,TIMETECHNO,TIMETECHNO,TIME TECHNOPLAST LTD.,INE508G01029,momentum_5d,18.644987109013957,True,True,EQ,188.49,True,20.0,1000.0,500.0,2,2.0,4.973959999999991,5.0,0.01,603376241.075,20.0,987,987,447,0,0,0,,,100000.0,-90706.21949845894,9293.780501541056,-99824.1741488334,-0.5714900132546087,-0.9211121128401563,-0.9211121128401564,-460943.7205585924,-0.0039170328152895,1.0,True,False
17495,361,HINDPETRO,HINDPETRO,HINDUSTAN PETROLEUM CORP,INE094A01015,momentum_1d,18.55134504061877,True,True,EQ,356.5,True,20.0,1000.0,500.0,1,1.0,4.693000000000011,5.0,0.05,1550322480.175,20.0,796,796,381,0,0,0,,,100000.0,-91682.071315494,8317.928684505998,-99661.43072068896,-0.9829291399610208,-0.9190805906749735,-0.9190805906749736,-209748.52889331416,-0.0045697616996496,1.0,True,False
17511,362,ENGINERSIN,ENGINERSIN,ENGINEERS INDIA LTD,INE510A01028,gap_continuation_100,18.481295908936126,True,True,EQ,279.45,True,20.0,1000.0,500.0,1,1.0,3.6489,5.0,0.05,643467907.135,20.0,402,402,140,0,0,0,,,100000.0,-93210.72571983744,6789.274280162557,-98660.19952031068,-1.3089923433264494,-0.9427058610478788,-0.9427058610478788,-201030.6393043773,-0.0091460264091688,1.0,True,False
17548,363,KTKBANK,KTKBANK,KARNATAKA BANK LIMITED,INE614B01018,momentum_5d,18.330982147200466,True,True,EQ,340.1,True,20.0,1000.0,500.0,1,1.0,4.510200000000034,5.0,0.05,875316394.0,20.0,700,700,315,0,0,0,,,100000.0,-91997.18782392546,8002.812176074542,-99521.4200265926,-1.0622700722799368,-0.926230456892321,-0.926230456892321,-210680.34290413943,-0.0051865633374329,1.0,True,False
17553,364,INDUSTOWER,INDUSTOWER,INDUS TOWERS LIMITED,INE121J01017,turn_of_month,18.307632436639587,True,True,EQ,376.8,True,20.0,1000.0,500.0,1,1.0,4.9636,5.0,0.05,1780856495.225,20.0,723,723,0,0,0,0,,,100000.0,-95534.20371241531,4465.796287584686,-99757.0207186865,-1.3736994090080652,-0.9594663323904417,-0.9594663323904415,-107928.81989345393,-0.0057854659001354,1.0,True,False
17563,365,SAMMAANCAP,SAMMAANCAP,SAMMAAN CAPITAL LIMITED,INE148I01020,gap_continuation_050,18.259960110911123,True,True,EQ,158.39,True,20.0,1000.0,500.0,3,2.0,4.163560000000025,5.0,0.01,963280553.225,20.0,1333,1333,358,0,0,0,,,100000.0,-99849.16149596348,150.83850403652468,-99999.29984596414,-1.3158951180782046,-0.9988488751337534,-0.9988488751337534,-31039.29134885181,-0.0061524049281033,1.0,True,False
17575,366,TIMETECHNO,TIMETECHNO,TIME TECHNOPLAST LTD.,INE508G01029,reversal_1d,18.189424526925137,True,True,EQ,188.49,True,20.0,1000.0,500.0,2,2.0,4.973959999999991,5.0,0.01,603376241.075,20.0,1021,1021,514,0,0,0,,,100000.0,-90507.89017967747,9492.109820322527,-99843.2651624648,-0.597388275545148,-0.9313143581455481,-0.931314358145548,-460745.39123981085,-0.0037290305763581,1.0,True,False
17580,367,VEDL,VEDL,VEDANTA LIMITED,INE205A01025,reversal_5d,18.169723208639393,True,True,EQ,272.1,True,20.0,1000.0,500.0,1,1.0,3.5842000000000453,5.0,0.05,2725791271.35,20.0,780,780,451,0,0,0,,,100000.0,-88054.85567780331,11945.144322196691,-99480.83135607942,-0.8317328067546119,-0.9008490164778123,-0.9008490164778123,-449849.7509358645,-0.0041895290268603,1.0,True,False
17642,368,REDINGTON,REDINGTON,REDINGTON LIMITED,INE891D01026,turn_of_month,17.950819672131146,True,True,EQ,371.3,True,20.0,1000.0,500.0,1,1.0,4.902599999999989,5.0,0.05,1285574404.2,20.0,723,723,0,0,0,0,,,100000.0,-87265.34087066702,12734.659129332984,-99304.29468517576,-0.783670995710681,-0.9050489640304754,-0.9050489640304754,-658834.2662226373,-0.0044609062560342,1.0,True,False
17643,369,INDUSTOWER,INDUSTOWER,INDUS TOWERS LIMITED,INE121J01017,gap_continuation_100,17.94838741061439,True,True,EQ,376.8,True,20.0,1000.0,500.0,1,1.0,4.9636,5.0,0.05,1780856495.225,20.0,434,434,155,0,0,0,,,100000.0,-97044.5549616768,2955.4450383232033,-99488.77591980976,-1.5454763830842624,-0.9710689970621702,-0.9710689970621702,-109439.17114271542,-0.0105784461927456,1.0,True,False
17653,370,EPL,EPL,EPL LIMITED,INE255A01020,momentum_5d,17.894634431094033,True,True,EQ,247.1,True,20.0,1000.0,500.0,2,1.0,3.254200000000017,5.0,0.05,640014168.835,20.0,599,599,270,0,0,0,,,100000.0,-93169.6336144092,6830.366385590794,-99388.1594222916,-1.0795558985355576,-0.931696336144092,-0.931696336144092,-225269.3354964436,-0.00637714529711,1.0,True,False
17658,371,RECLTD,RECLTD,REC LIMITED,INE020B01018,momentum_1d,17.889040229605484,True,True,EQ,318.7,True,20.0,1000.0,500.0,1,1.0,4.157400000000035,5.0,0.05,1931316464.5,20.0,787,787,381,0,0,0,,,100000.0,-91025.58590813172,8974.414091868282,-99621.21376649415,-0.9285539442189896,-0.9273706507325524,-0.9273706507325524,-273139.74071511027,-0.0045334968959955,1.0,True,False
17711,372,ITC,ITC,ITC LTD,INE154A01025,gap_continuation_050,17.671109597703946,True,True,EQ,264.1,True,20.0,1000.0,500.0,1,1.0,3.458199999999966,5.0,0.05,3504678210.3999996,20.0,688,688,222,0,0,0,,,100000.0,-95170.85418245118,4829.145817548822,-99697.42473614868,-2.125767736520013,-0.9531055629311486,-0.9531055629311486,-101579.08203055237,-0.0054884425964731,1.0,True,False
17722,373,HINDPETRO,HINDPETRO,HINDUSTAN PETROLEUM CORP,INE094A01015,turn_of_month,17.60422240599309,True,True,EQ,356.5,True,20.0,1000.0,500.0,1,1.0,4.693000000000011,5.0,0.05,1550322480.175,20.0,723,723,0,0,0,0,,,100000.0,-92092.84820117976,7907.1517988202395,-99568.71302209343,-1.2442611588226415,-0.9224133950629476,-0.9224133950629476,-210159.30577899996,-0.0048813594247951,1.0,True,False
17733,374,HINDPETRO,HINDPETRO,HINDUSTAN PETROLEUM CORP,INE094A01015,momentum_5d,17.567252030938366,True,True,EQ,356.5,True,20.0,1000.0,500.0,1,1.0,4.693000000000011,5.0,0.05,1550322480.175,20.0,756,756,354,0,0,0,,,100000.0,-92689.81265436944,7310.187345630562,-99650.84467362444,-1.1380338493768165,-0.9279905748155047,-0.9279905748155048,-210756.2702321896,-0.0048887668341158,1.0,True,False
17743,375,ASHOKLEY,ASHOKLEY,ASHOK LEYLAND LTD,INE208A01029,momentum_5d,17.52444422824342,True,True,EQ,169.0,True,20.0,1000.0,500.0,2,2.0,4.485999999999995,5.0,0.01,2510244023.355,20.0,671,671,292,0,0,0,,,100000.0,-91159.28734182753,8840.712658172473,-99406.07064624743,-0.8909377761983481,-0.9127121288495778,-0.9127121288495778,-397553.3547283389,-0.0053949694266574,1.0,True,False
17758,376,NTPC,NTPC,NTPC LTD,INE733E01010,gap_continuation_100,17.471907379481443,True,True,EQ,332.5,True,20.0,1000.0,500.0,1,1.0,4.3750000000000115,5.0,0.05,2596856663.35,20.0,278,278,109,0,0,0,,,100000.0,-93680.26600094295,6319.733999057047,-97949.61164227554,-2.202195085259534,-0.9379187136754018,-0.9379187136754018,-201076.0666903816,-0.0121912990460384,1.0,True,False
17774,377,NATIONALUM,NATIONALUM,NATIONAL ALUMINIUM CO LTD,INE139A01034,gap_continuation_050,17.405749866225616,True,True,EQ,374.1,True,20.0,1000.0,500.0,1,1.0,4.908200000000045,5.0,0.05,2075946057.05,20.0,1319,1319,366,0,0,0,,,100000.0,-88659.33885650661,11340.661143493387,-99943.24972193384,-0.5145440385460203,-0.9435271871759431,-0.9435271871759432,-824067.0641783917,-0.0027703725645871,1.0,True,False
17853,378,TMPV,TMPV,TATA MOTORS PASS VEH LTD,INE155A01022,gap_fade_050,17.088826190592016,True,True,EQ,311.5,True,20.0,1000.0,500.0,1,1.0,4.093000000000023,5.0,0.05,2618626895.5,20.0,1197,1197,846,0,0,0,,,100000.0,-97684.52957701424,2315.47042298576,-99981.21469987305,-1.250710401399127,-0.9774008139850366,-0.9774008139850366,-98198.23274495256,-0.004239143343881,1.0,True,False
17881,379,TIMETECHNO,TIMETECHNO,TIME TECHNOPLAST LTD.,INE508G01029,reversal_5d,16.97037505472588,True,True,EQ,188.49,True,20.0,1000.0,500.0,2,2.0,4.973959999999991,5.0,0.01,603376241.075,20.0,987,987,540,0,0,0,,,100000.0,-92890.433899609,7109.566100391006,-99865.64975707064,-0.6518270114570266,-0.9366676323052167,-0.9366676323052168,-463127.9349597424,-0.0041803027979574,1.0,True,False
17907,380,PFC,PFC,POWER FIN CORP LTD.,INE134E01011,gap_fade_050,16.866031035656952,True,True,EQ,355.6,True,20.0,1000.0,500.0,1,1.0,4.691200000000012,5.0,0.05,3151134941.3,20.0,1013,1013,693,0,0,0,,,100000.0,-92229.19464065334,7770.805359346661,-99867.52405193052,-0.8841732370194165,-0.923197345252069,-0.923197345252069,-303422.89818241243,-0.003754206574594,1.0,True,False
17923,381,SAIL,SAIL,STEEL AUTHORITY OF INDIA,INE114A01011,momentum_1d,16.769227027289975,True,True,EQ,196.8,True,20.0,1000.0,500.0,2,1.0,2.603600000000008,5.0,0.01,3778441048.885,20.0,950,950,460,0,0,0,,,100000.0,-92819.62340553071,7180.376594469286,-99842.56383836016,-0.7479496169616945,-0.9371171827466729,-0.9371171827466728,-392819.6234055278,-0.004223505393098,1.0,True,False
17943,382,IFCI,IFCI,IFCI LTD,INE039A01010,momentum_5d,16.624264240891183,True,True,EQ,101.38,True,20.0,1000.0,500.0,4,3.0,4.008280000000015,5.0,0.01,3490384221.1400003,20.0,1087,1087,553,0,0,0,,,100000.0,-96632.52950895576,3367.470491044238,-99957.556675807,-0.635291380923292,-0.9696185573546141,-0.969618557354614,-299762.02591183165,-0.0046716838487527,1.0,True,False
17944,383,PNB,PNB,PUNJAB NATIONAL BANK,INE160A01022,gap_continuation_050,16.62037262246437,True,True,EQ,117.0,True,20.0,1000.0,500.0,4,3.0,4.642000000000006,5.0,0.01,1291402376.8049998,20.0,1118,1118,308,0,0,0,,,100000.0,-99329.81003965905,670.1899603409547,-99992.57524226936,-1.6508264090476763,-0.9949454096368108,-0.9949454096368108,-63424.28302328608,-0.0056655479103109,1.0,True,False
17977,384,ENGINERSIN,ENGINERSIN,ENGINEERS INDIA LTD,INE510A01028,momentum_1d,16.45814077929659,True,True,EQ,279.45,True,20.0,1000.0,500.0,1,1.0,3.6489,5.0,0.05,643467907.135,20.0,772,772,375,0,0,0,,,100000.0,-95306.65718715431,4693.342812845687,-99790.21549357256,-1.0867675195204238,-0.9618176567976837,-0.9618176567976836,-203126.57077169415,-0.0055703558513371,1.0,True,False
18052,385,ENGINERSIN,ENGINERSIN,ENGINEERS INDIA LTD,INE510A01028,momentum_5d,16.14754098360656,True,True,EQ,279.45,True,20.0,1000.0,500.0,1,1.0,3.6489,5.0,0.05,643467907.135,20.0,734,734,338,0,0,0,,,100000.0,-95555.76853610424,4444.231463895761,-99768.681512734,-1.1989577762847228,-0.9555576853610424,-0.9555576853610424,-203375.6821206441,-0.0058513731878776,1.0,True,False
18059,386,RECLTD,RECLTD,REC LIMITED,INE020B01018,gap_continuation_050,16.131001605292603,True,True,EQ,318.7,True,20.0,1000.0,500.0,1,1.0,4.157400000000035,5.0,0.05,1931316464.5,20.0,1025,1025,324,0,0,0,,,100000.0,-93574.09595292366,6425.904047076343,-99895.6745450152,-0.9557329841666932,-0.9410467162157898,-0.9410467162157898,-275688.2507599022,-0.0039009557242937,1.0,True,False
18069,387,GENUSPOWER,GENUSPOWER,GENUS POWER INFRASTRU LTD,INE955D01029,turn_of_month,16.07092474582867,True,True,EQ,337.8,True,20.0,1000.0,500.0,1,1.0,4.455600000000023,5.0,0.05,826636208.7750001,20.0,723,723,0,0,0,0,,,100000.0,-91882.5361294763,8117.463870523701,-99557.50365762666,-0.8039123883546822,-0.918825361294763,-0.917239050564379,-717210.0470465071,-0.0052841555752187,1.0,True,False
18071,388,EPL,EPL,EPL LIMITED,INE255A01020,turn_of_month,16.06751957970521,True,True,EQ,247.1,True,20.0,1000.0,500.0,2,1.0,3.254200000000017,5.0,0.05,640014168.835,20.0,723,723,0,0,0,0,,,100000.0,-94211.12795228418,5788.87204771582,-99684.67011422498,-1.3235405760815009,-0.9421112795228418,-0.9412237900724076,-226310.82983431852,-0.0053761553367745,1.0,True,False
18105,389,SAIL,SAIL,STEEL AUTHORITY OF INDIA,INE114A01011,gap_continuation_050,15.911611616481007,True,True,EQ,196.8,True,20.0,1000.0,500.0,2,1.0,2.603600000000008,5.0,0.01,3778441048.885,20.0,1219,1219,365,0,0,0,,,100000.0,-94022.18070373892,5977.819296261077,-99955.45202855684,-0.7318460639302812,-0.9464946578723726,-0.9464946578723726,-394022.180703736,-0.003501456426813,1.0,True,False
18121,390,TIMETECHNO,TIMETECHNO,TIME TECHNOPLAST LTD.,INE508G01029,momentum_1d,15.834022474096416,True,True,EQ,188.49,True,20.0,1000.0,500.0,2,2.0,4.973959999999991,5.0,0.01,603376241.075,20.0,1021,1021,507,0,0,0,,,100000.0,-93446.85289136188,6553.147108638121,-99891.95691080677,-0.7152124872475433,-0.9599675276362504,-0.9599675276362504,-463684.35395149526,-0.0040889515411829,1.0,True,False
18173,391,CUB,CUB,CITY UNION BANK LTD,INE491A01021,gap_continuation_100,15.624604757503526,True,True,EQ,236.01,True,20.0,1000.0,500.0,2,1.0,3.1320200000000136,5.0,0.01,520786236.12,20.0,396,396,126,0,0,0,,,100000.0,-97288.28940481448,2711.710595185519,-99453.85290563578,-1.8000748298438067,-0.9729613724946258,-0.9729613724946258,-172206.25964518113,-0.0115434817796923,1.0,True,False
18188,392,IFCI,IFCI,IFCI LTD,INE039A01010,gap_continuation_100,15.55382594736586,True,True,EQ,101.38,True,20.0,1000.0,500.0,4,3.0,4.008280000000015,5.0,0.01,3490384221.1400003,20.0,636,636,190,0,0,0,,,100000.0,-96542.11485617446,3457.885143825537,-99733.95657265978,-0.8799462609419623,-0.9771144823014907,-0.9771144823014908,-299671.6112590503,-0.0076239913018074,1.0,True,False
18210,393,SAIL,SAIL,STEEL AUTHORITY OF INDIA,INE114A01011,momentum_5d,15.43051028846622,True,True,EQ,196.8,True,20.0,1000.0,500.0,2,1.0,2.603600000000008,5.0,0.01,3778441048.885,20.0,894,894,419,0,0,0,,,100000.0,-94198.80614627386,5801.193853726145,-99840.90756326904,-0.8709805313544342,-0.9504097741279324,-0.9504097741279324,-394198.8061462709,-0.0046801865793403,1.0,True,False
18288,394,MANAPPURAM,MANAPPURAM,MANAPPURAM FINANCE LTD,INE522D01027,gap_continuation_100,15.099965948338765,True,True,EQ,339.7,True,20.0,1000.0,500.0,1,1.0,4.459400000000023,5.0,0.05,1569912665.4250002,20.0,497,497,175,0,0,0,,,100000.0,-94790.87222550124,5209.12777449876,-99298.56531049924,-1.16797505994715,-0.9494870465848383,-0.9494870465848384,-403961.9480632412,-0.0082451721934203,1.0,True,False
18324,395,ASHOKLEY,ASHOKLEY,ASHOK LEYLAND LTD,INE208A01029,turn_of_month,14.953300578878242,True,True,EQ,169.0,True,20.0,1000.0,500.0,2,2.0,4.485999999999995,5.0,0.01,2510244023.355,20.0,723,723,0,0,0,0,,,100000.0,-92317.75514070613,7682.2448592938745,-99581.01529063666,-1.2852248441305605,-0.9331853946233832,-0.9331853946233832,-398711.8225272175,-0.0049022726485294,1.0,True,False
18335,396,ONGC,ONGC,OIL AND NATURAL GAS CORP.,INE213A01029,gap_continuation_050,14.883008221043928,True,True,EQ,234.65,True,20.0,1000.0,500.0,2,1.0,3.1093000000000033,5.0,0.01,2775082213.085,20.0,1096,1096,325,0,0,0,,,100000.0,-97665.52203319468,2334.4779668053234,-99971.59224864368,-1.593624426236541,-0.9771265511143958,-0.9771265511143958,-142243.5057416978,-0.0044531688623745,1.0,True,False
18338,397,MOREPENLAB,MOREPENLAB,MOREPEN LAB. LTD,INE083A01026,reversal_5d,14.860631415089749,True,True,EQ,113.74,True,20.0,1000.0,500.0,4,3.0,4.502440000000029,5.0,0.01,2521047229.6800003,20.0,1072,1072,543,0,0,0,,,100000.0,-96768.4816486815,3231.518351318504,-99956.75605744917,-0.6378236907648535,-0.9808421454670184,-0.9808421454670184,-486388.7348132413,-0.004779712671561,1.0,True,False
18383,398,BANKBARODA,BANKBARODA,BANK OF BARODA,INE028A01039,gap_continuation_050,14.639295617064747,True,True,EQ,239.0,True,20.0,1000.0,500.0,2,1.0,3.1679999999999864,5.0,0.01,1806686690.8600001,20.0,1109,1109,352,0,0,0,,,100000.0,-99203.28518180858,796.7148181914235,-99990.84389618928,-1.5585807198709654,-0.992908473419363,-0.992908473419363,-113767.37096320036,-0.005564852149722,1.0,True,False
18388,399,SAIL,SAIL,STEEL AUTHORITY OF INDIA,INE114A01011,gap_fade_050,14.617891715717274,True,True,EQ,196.8,True,20.0,1000.0,500.0,2,1.0,2.603600000000008,5.0,0.01,3778441048.885,20.0,1219,1219,854,0,0,0,,,100000.0,-95403.08611227691,4596.913887723087,-99965.77484437052,-0.8195167796461251,-0.9621137711060014,-0.9621137711060014,-395403.086112274,-0.0037280574928897,1.0,True,False
18409,400,UNIONBANK,UNIONBANK,UNION BANK OF INDIA,INE692A01016,gap_continuation_050,14.467091501678262,True,True,EQ,187.22,True,20.0,1000.0,500.0,2,2.0,4.948880000000009,5.0,0.01,1686478721.005,20.0,1225,1225,335,0,0,0,,,100000.0,-99498.7298365592,501.2701634408004,-99996.38828770882,-1.628299434773833,-0.9956879906469226,-0.9956879906469226,-101852.00702820526,-0.0054611158980123,1.0,True,False
18411,401,RECLTD,RECLTD,REC LIMITED,INE020B01018,momentum_5d,14.462226978644745,True,True,EQ,318.7,True,20.0,1000.0,500.0,1,1.0,4.157400000000035,5.0,0.05,1931316464.5,20.0,788,788,351,0,0,0,,,100000.0,-95321.3384000458,4678.661599954197,-99803.78874794912,-1.3355955894559206,-0.9538049909614794,-0.9538049909614794,-277435.4932070243,-0.0052633524411237,1.0,True,False
18413,402,WELSPUNLIV,WELSPUNLIV,WELSPUN LIVING LIMITED,INE192B01031,momentum_5d,14.457362455611229,True,True,EQ,208.51,True,20.0,1000.0,500.0,2,1.0,2.7770200000000127,5.0,0.01,718406604.175,20.0,934,934,431,0,0,0,,,100000.0,-96029.03432021184,3970.9656797881617,-99907.41092483237,-0.8695060975972821,-0.9635482097086269,-0.9635482097086268,-392912.4192531321,-0.00499647150913,1.0,True,False
18445,403,TATAPOWER,TATAPOWER,TATA POWER CO LTD,INE245A01021,gap_continuation_100,14.304859658510482,True,True,EQ,368.0,True,20.0,1000.0,500.0,1,1.0,4.845999999999977,5.0,0.05,1580684879.8,20.0,409,409,123,0,0,0,,,100000.0,-94916.5681311944,5083.431868805594,-99025.68348817246,-1.4848880739102954,-0.9500667048253186,-0.9500667048253186,-458379.372607822,-0.0096598276904796,1.0,True,False
18446,404,TIMETECHNO,TIMETECHNO,TIME TECHNOPLAST LTD.,INE508G01029,turn_of_month,14.303643527752104,True,True,EQ,188.49,True,20.0,1000.0,500.0,2,2.0,4.973959999999991,5.0,0.01,603376241.075,20.0,723,723,0,0,0,0,,,100000.0,-94044.74668309708,5955.253316902919,-99675.65746968864,-1.0988142343495824,-0.9524467548427643,-0.9524467548427644,-464282.2477432304,-0.0055234079017692,1.0,True,False
18471,405,ASHOKLEY,ASHOKLEY,ASHOK LEYLAND LTD,INE208A01029,momentum_1d,14.186165296492682,True,True,EQ,169.0,True,20.0,1000.0,500.0,2,2.0,4.485999999999995,5.0,0.01,2510244023.355,20.0,691,691,324,0,0,0,,,100000.0,-95253.22589843358,4746.774101566421,-99706.42969857148,-1.1178100764911951,-0.9571523130950451,-0.9571523130950452,-401647.29328494496,-0.006159347321348,1.0,True,False
18472,406,MRPL,MRPL,MRPL,INE103A01014,gap_continuation_100,14.185922070341002,True,True,EQ,174.83,True,20.0,1000.0,500.0,2,2.0,4.609320000000018,5.0,0.01,1066722579.155,20.0,566,566,177,0,0,0,,,100000.0,-98196.28775905362,1803.7122409463773,-99816.65012570006,-1.3348553007343067,-0.983747722998459,-0.983747722998459,-213580.90314366852,-0.009406826767624,1.0,True,False
18491,407,SAMMAANCAP,SAMMAANCAP,SAMMAAN CAPITAL LIMITED,INE148I01020,open_to_close,14.10808970180474,True,True,EQ,158.39,True,20.0,1000.0,500.0,3,2.0,4.163560000000025,5.0,0.01,963280553.225,20.0,2465,2465,0,0,0,0,,,100000.0,-99999.34224158972,0.6577584102778928,-99999.99996807233,-2.0953545965206373,-0.999993532434254,-0.999993532434254,-31189.472094478027,-0.0055849989755666,1.0,True,False
18522,408,WELSPUNLIV,WELSPUNLIV,WELSPUN LIVING LIMITED,INE192B01031,turn_of_month,13.97626112759644,True,True,EQ,208.51,True,20.0,1000.0,500.0,2,1.0,2.7770200000000127,5.0,0.01,718406604.175,20.0,723,723,0,0,0,0,,,100000.0,-95020.62518184591,4979.374818154087,-99728.98747813766,-1.2121208193796764,-0.9560569697543623,-0.9560569697543624,-391904.0101147662,-0.0057365138870262,1.0,True,False
18568,409,WELSPUNLIV,WELSPUNLIV,WELSPUN LIVING LIMITED,INE192B01031,momentum_1d,13.724035608308606,True,True,EQ,208.51,True,20.0,1000.0,500.0,2,1.0,2.7770200000000127,5.0,0.01,718406604.175,20.0,923,923,445,0,0,0,,,100000.0,-96549.22768994213,3450.7723100578733,-99915.9660630274,-0.9015319459999844,-0.9831526646564003,-0.9831526646564004,-393432.6126228624,-0.0052145527190712,1.0,True,False
18573,410,BANKINDIA,BANKINDIA,BANK OF INDIA,INE084A01016,gap_continuation_050,13.67539037797344,True,True,EQ,145.0,True,20.0,1000.0,500.0,3,2.0,3.8299999999999774,5.0,0.01,754397260.855,20.0,1206,1206,337,0,0,0,,,100000.0,-99774.89631841423,225.10368158576603,-99998.2554417046,-1.889599950825338,-0.9985005756593102,-0.9985005756593102,-96602.13949624506,-0.0062075682206235,1.0,True,False
18574,411,PFC,PFC,POWER FIN CORP LTD.,INE134E01011,momentum_1d,13.673444568760033,True,True,EQ,355.6,True,20.0,1000.0,500.0,1,1.0,4.691200000000012,5.0,0.05,3151134941.3,20.0,770,770,361,0,0,0,,,100000.0,-96160.99928051856,3839.000719481439,-99827.1272579594,-1.3268603326935224,-0.9649794896313723,-0.9649794896313724,-307354.7028222777,-0.0057032956048592,1.0,True,False
18607,412,MARKSANS,MARKSANS,MARKSANS PHARMA LIMITED,INE750C01026,momentum_1d,13.556696015955636,True,True,EQ,326.75,True,20.0,1000.0,500.0,1,1.0,4.2935,5.0,0.05,723088181.3,20.0,987,987,488,0,0,0,,,100000.0,-95220.61815574548,4779.381844254516,-99909.85163146064,-0.714960559800124,-0.9873672979908603,-0.9873672979908604,-797557.6415259804,-0.0046332761803185,1.0,True,False
18610,413,WIPRO,WIPRO,WIPRO LTD,INE075A01022,gap_continuation_050,13.542345673006764,True,True,EQ,176.4,True,20.0,1000.0,500.0,2,2.0,4.655600000000039,5.0,0.01,1251249582.315,20.0,965,965,330,0,0,0,,,100000.0,-98125.4861383303,1874.5138616696931,-99961.45541447008,-2.324768823274358,-0.981254861383303,-0.981254861383303,-148190.33885862745,-0.0050275492500166,1.0,True,False
18637,414,M&MFIN,M&MFIN,M&M FIN. SERVICES LTD,INE774D01024,gap_continuation_050,13.421705501775552,True,True,EQ,373.65,True,20.0,1000.0,500.0,1,1.0,4.9073000000000455,5.0,0.05,685055156.175,20.0,1144,1144,354,0,0,0,,,100000.0,-98975.53355567357,1024.4664443264337,-99989.7558577686,-1.4870531685918418,-0.9926295913125665,-0.9926295913125665,-162271.38573880872,-0.0051799878036216,1.0,True,False
18638,415,BPCL,BPCL,BHARAT PETROLEUM CORP  LT,INE029A01011,gap_continuation_050,13.41878678795544,True,True,EQ,315.7,True,20.0,1000.0,500.0,1,1.0,4.151400000000034,5.0,0.05,1504042323.325,20.0,1068,1068,343,0,0,0,,,100000.0,-98696.2093127975,1303.790687202505,-99982.29364079972,-1.7717831748053194,-0.9874096640314425,-0.9874096640314424,-159903.8485736276,-0.0051440731231737,1.0,True,False
18642,416,HINDPETRO,HINDPETRO,HINDUSTAN PETROLEUM CORP,INE094A01015,gap_continuation_050,13.397382886607968,True,True,EQ,356.5,True,20.0,1000.0,500.0,1,1.0,4.693000000000011,5.0,0.05,1550322480.175,20.0,1143,1143,358,0,0,0,,,100000.0,-97817.08436681308,2182.9156331869162,-99978.0122355791,-1.3495982243467437,-0.9801771126552163,-0.9801771126552165,-215883.54194463324,-0.0044535459336649,1.0,True,False
18661,417,VEDL,VEDL,VEDANTA LIMITED,INE205A01025,momentum_1d,13.272364644646593,True,True,EQ,272.1,True,20.0,1000.0,500.0,1,1.0,3.5842000000000453,5.0,0.05,2725791271.35,20.0,837,837,374,0,0,0,,,100000.0,-95154.9137607438,4845.086239256198,-99833.04416147784,-1.1966623903633544,-0.9535835082730385,-0.9535835082730384,-456949.809018805,-0.0050039383665954,1.0,True,False
18675,418,NATIONALUM,NATIONALUM,NATIONAL ALUMINIUM CO LTD,INE139A01034,momentum_1d,13.214476820547747,True,True,EQ,374.1,True,20.0,1000.0,500.0,1,1.0,4.908200000000045,5.0,0.05,2075946057.05,20.0,960,960,447,0,0,0,,,100000.0,-94497.10132491584,5502.898675084158,-99884.18610996938,-0.8916616109479291,-0.9518722194163554,-0.9518722194163554,-829904.8266468009,-0.0044154038475438,1.0,True,False
18687,419,FEDERALBNK,FEDERALBNK,FEDERAL BANK LTD,INE171A01029,gap_continuation_100,13.160480614875713,True,True,EQ,343.0,True,20.0,1000.0,500.0,1,1.0,4.515999999999978,5.0,0.05,1485111743.85,20.0,397,397,129,0,0,0,,,100000.0,-95862.83111859905,4137.168881400954,-99168.66713279868,-1.6283525082117505,-0.9591219216103354,-0.9591219216103354,-510105.9332811622,-0.0104066622858973,1.0,True,False
18714,420,INDUSTOWER,INDUSTOWER,INDUS TOWERS LIMITED,INE121J01017,gap_continuation_050,13.05565014350343,True,True,EQ,376.8,True,20.0,1000.0,500.0,1,1.0,4.9636,5.0,0.05,1780856495.225,20.0,1105,1105,324,0,0,0,,,100000.0,-99763.59465151178,236.405348488217,-99997.25233605258,-2.0260604681065693,-0.9976565486557128,-0.9976565486557128,-112158.2108325504,-0.0066710468764031,1.0,True,False
18765,421,IOC,IOC,INDIAN OIL CORP LTD,INE242A01010,gap_continuation_050,12.810478182614194,True,True,EQ,137.6,True,20.0,1000.0,500.0,3,2.0,3.6304000000000087,5.0,0.01,1088369458.555,20.0,1036,1036,297,0,0,0,,,100000.0,-99107.81640475272,892.1835952472757,-99986.24367369676,-2.199845106396386,-0.9921551436918881,-0.992155143691888,-145240.73623696074,-0.0055628874288141,1.0,True,False
18776,422,GAIL,GAIL,GAIL (INDIA) LTD,INE129A01019,gap_continuation_050,12.772291676801089,True,True,EQ,173.4,True,20.0,1000.0,500.0,2,2.0,4.583600000000036,5.0,0.01,1109878265.1999998,20.0,1015,1015,281,0,0,0,,,100000.0,-99303.51390970509,696.4860902949149,-99988.32989927924,-2.269200372983341,-0.9933781506759989,-0.9933781506759988,-136918.42686217913,-0.0059396511509685,1.0,True,False
18854,423,LTF,LTF,L&T FINANCE LIMITED,INE498L01015,gap_continuation_050,12.395777594006907,True,True,EQ,314.0,True,20.0,1000.0,500.0,1,1.0,4.098000000000023,5.0,0.05,1074454374.875,20.0,1082,1082,298,0,0,0,,,100000.0,-97437.47246080956,2562.5275391904433,-99967.02576519824,-1.182330976279776,-0.9843151096859465,-0.9843151096859464,-336994.43448612426,-0.0046152579072351,1.0,True,False
18875,424,NATIONALUM,NATIONALUM,NATIONAL ALUMINIUM CO LTD,INE139A01034,momentum_5d,12.2690567689838,True,True,EQ,374.1,True,20.0,1000.0,500.0,1,1.0,4.908200000000045,5.0,0.05,2075946057.05,20.0,892,892,379,0,0,0,,,100000.0,-95434.10467202347,4565.8953279765265,-99873.87120449248,-1.028874241856734,-0.9558026297520912,-0.9558026297520912,-830841.8299939085,-0.0049028584658955,1.0,True,False
18900,425,IFCI,IFCI,IFCI LTD,INE039A01010,momentum_1d,12.163983071459842,True,True,EQ,101.38,True,20.0,1000.0,500.0,4,3.0,4.008280000000015,5.0,0.01,3490384221.1400003,20.0,1014,1014,544,0,0,0,,,100000.0,-99118.44055282672,881.5594471732766,-99985.18683831806,-1.061829682604058,-0.9929653115229256,-0.9929653115229256,-302247.9369557026,-0.0062576435578452,1.0,True,False
18935,426,MOTHERSON,MOTHERSON,SAMVRDHNA MTHRSN INTL LTD,INE775A01035,gap_continuation_050,11.964537627085665,True,True,EQ,160.7,True,20.0,1000.0,500.0,3,2.0,4.222800000000046,5.0,0.01,1970325383.705,20.0,1183,1183,330,0,0,0,,,100000.0,-99498.09174855056,501.90825144943665,-99995.719261275,-1.806111945137375,-0.996390020098302,-0.996390020098302,-173983.21207180704,-0.0055845571423211,1.0,True,False
18974,427,KTKBANK,KTKBANK,KARNATAKA BANK LIMITED,INE614B01018,gap_continuation_050,11.811791603833244,True,True,EQ,340.1,True,20.0,1000.0,500.0,1,1.0,4.510200000000034,5.0,0.05,875316394.0,20.0,1069,1069,280,0,0,0,,,100000.0,-98947.63499223295,1052.3650077670463,-99985.7792636419,-1.7721404956428433,-0.9898705114973263,-0.9898705114973264,-217630.79007244692,-0.0053751207366899,1.0,True,False
18981,428,PNB,PNB,PUNJAB NATIONAL BANK,INE160A01022,open_to_close,11.771416062655057,True,True,EQ,117.0,True,20.0,1000.0,500.0,4,3.0,4.642000000000006,5.0,0.01,1291402376.8049998,20.0,2467,2467,0,0,0,0,,,100000.0,-99996.97200081314,3.0279991868592333,-99999.99985291206,-2.6914551912742755,-0.9999740067032056,-0.9999740067032056,-64091.44498444019,-0.0048551351020257,1.0,True,False
18985,429,MARKSANS,MARKSANS,MARKSANS PHARMA LIMITED,INE750C01026,momentum_5d,11.762173468891376,True,True,EQ,326.75,True,20.0,1000.0,500.0,1,1.0,4.2935,5.0,0.05,723088181.3,20.0,997,997,465,0,0,0,,,100000.0,-97477.55246533212,2522.447534667881,-99954.4121665896,-0.879569165067107,-0.9784494118682833,-0.9784494118682832,-799814.5758355671,-0.0052433469072119,1.0,True,False
19060,430,POWERGRID,POWERGRID,POWER GRID CORP. LTD.,INE752E01010,gap_continuation_050,11.407549739748019,True,True,EQ,266.0,True,20.0,1000.0,500.0,1,1.0,3.5119999999999774,5.0,0.05,2045111029.025,20.0,858,858,322,0,0,0,,,100000.0,-99613.46436533544,386.5356346645567,-99987.87362099127,-3.142696275135516,-0.9962259176135292,-0.9962259176135292,-146576.01637643191,-0.0074995223915461,1.0,True,False
19075,431,PETRONET,PETRONET,PETRONET LNG LIMITED,INE347G01014,gap_continuation_050,11.315610254414555,True,True,EQ,288.1,True,20.0,1000.0,500.0,1,1.0,3.776200000000023,5.0,0.05,504148000.35,20.0,915,915,276,0,0,0,,,100000.0,-99509.73063121171,490.26936878828565,-99987.75157362597,-2.5869200956865237,-0.9951381782252682,-0.9951381782252682,-173074.1456931379,-0.0069071860963083,1.0,True,False
19077,432,ENGINERSIN,ENGINERSIN,ENGINEERS INDIA LTD,INE510A01028,gap_continuation_050,11.308799922167632,True,True,EQ,279.45,True,20.0,1000.0,500.0,1,1.0,3.6489,5.0,0.05,643467907.135,20.0,1053,1053,247,0,0,0,,,100000.0,-99486.27837563852,513.7216243614821,-99992.62223713752,-1.7968343603192327,-0.9964346637767203,-0.9964346637767204,-207306.1919601784,-0.0062419884566843,1.0,True,False
19120,433,REDINGTON,REDINGTON,REDINGTON LIMITED,INE891D01026,momentum_5d,11.06751957970521,True,True,EQ,371.3,True,20.0,1000.0,500.0,1,1.0,4.902599999999989,5.0,0.05,1285574404.2,20.0,755,755,317,0,0,0,,,100000.0,-97622.49908520732,2377.5009147926758,-99886.59155896844,-1.1648392886550385,-0.9797023439080732,-0.9797023439080732,-669191.4244371776,-0.0067451284036211,1.0,True,False
19158,434,MOREPENLAB,MOREPENLAB,MOREPEN LAB. LTD,INE083A01026,gap_continuation_100,10.84885926934864,True,True,EQ,113.74,True,20.0,1000.0,500.0,4,3.0,4.502440000000029,5.0,0.01,2521047229.6800003,20.0,621,621,144,0,0,0,,,100000.0,-99023.73258808136,976.2674119186413,-99920.66975841374,-1.1615436738507383,-0.9931595870362522,-0.9931595870362522,-488643.9857526411,-0.0099204665929001,1.0,True,False
19179,435,WELSPUNLIV,WELSPUNLIV,WELSPUN LIVING LIMITED,INE192B01031,gap_continuation_100,10.738921048791164,True,True,EQ,208.51,True,20.0,1000.0,500.0,2,1.0,2.7770200000000127,5.0,0.01,718406604.175,20.0,620,620,184,0,0,0,,,100000.0,-98984.55945105843,1015.4405489415658,-99917.085326461,-1.4461938619470132,-0.992245660939276,-0.992245660939276,-395867.9443839787,-0.0095641598795596,1.0,True,False
19181,436,BANKBARODA,BANKBARODA,BANK OF BARODA,INE028A01039,open_to_close,10.731381038089216,True,True,EQ,239.0,True,20.0,1000.0,500.0,2,1.0,3.1679999999999864,5.0,0.01,1806686690.8600001,20.0,2467,2467,0,0,0,0,,,100000.0,-99982.2083350133,17.79166498669656,-99999.9991295108,-2.210782737969172,-0.9998308087680353,-0.9998308087680352,-114546.29411640509,-0.0041413655416108,1.0,True,False
19205,437,MOREPENLAB,MOREPENLAB,MOREPEN LAB. LTD,INE083A01026,momentum_1d,10.583499537870312,True,True,EQ,113.74,True,20.0,1000.0,500.0,4,3.0,4.502440000000029,5.0,0.01,2521047229.6800003,20.0,1030,1030,525,0,0,0,,,100000.0,-99282.35153179124,717.6484682087612,-99988.70267274618,-1.0402766657834743,-0.9939457994644096,-0.9939457994644096,-488902.604696351,-0.0064106264954809,1.0,True,False
19219,438,POWERGRID,POWERGRID,POWER GRID CORP. LTD.,INE752E01010,open_to_close,10.50493749087902,True,True,EQ,266.0,True,20.0,1000.0,500.0,1,1.0,3.5119999999999774,5.0,0.05,2045111029.025,20.0,2468,2468,0,0,0,0,,,100000.0,-99834.94599319508,165.05400680491584,-99999.99187251533,-2.5217526050202794,-0.9983686544487119,-0.998368654448712,-146797.49800429156,-0.0030851578337802,1.0,True,False
19253,439,VEDL,VEDL,VEDANTA LIMITED,INE205A01025,gap_fade_050,10.384783771951161,True,True,EQ,272.1,True,20.0,1000.0,500.0,1,1.0,3.5842000000000453,5.0,0.05,2725791271.35,20.0,1299,1299,919,0,0,0,,,100000.0,-98256.04414002252,1743.9558599774755,-99990.60995682036,-1.3383628275839572,-0.9852014570908024,-0.9852014570908024,-460050.9393980837,-0.0041345169568776,1.0,True,False
19275,440,BANKINDIA,BANKINDIA,BANK OF INDIA,INE084A01016,open_to_close,10.245658413192588,True,True,EQ,145.0,True,20.0,1000.0,500.0,3,2.0,3.8299999999999774,5.0,0.01,754397260.855,20.0,2467,2467,0,0,0,0,,,100000.0,-99997.48784180306,2.5121581969433464,-99999.9998781051,-2.5341896936404904,-0.9999768227455773,-0.9999768227455772,-96824.73101963388,-0.0049587093409245,1.0,True,False
19296,441,CROMPTON,CROMPTON,CROMPT GREA CON ELEC LTD,INE299U01018,gap_continuation_050,10.16733959235297,True,True,EQ,232.4,True,20.0,1000.0,500.0,2,1.0,3.074799999999993,5.0,0.01,847721314.9200001,20.0,1059,1059,308,0,0,0,,,100000.0,-99933.7646299254,66.23537007460254,-99999.07856555734,-3.1274701416674926,-0.9994200051277143,-0.9994200051277145,-144115.5828117434,-0.007950151407343,1.0,True,False
19301,442,UNIONBANK,UNIONBANK,UNION BANK OF INDIA,INE692A01016,open_to_close,10.139855037213602,True,True,EQ,187.22,True,20.0,1000.0,500.0,2,2.0,4.948880000000009,5.0,0.01,1686478721.005,20.0,2467,2467,0,0,0,0,,,100000.0,-99996.83675661605,3.1632433839549776,-99999.9998463736,-2.4725315486180204,-0.9999724026086867,-0.9999724026086868,-102350.1139482621,-0.0048650261832513,1.0,True,False
19307,443,INDUSTOWER,INDUSTOWER,INDUS TOWERS LIMITED,INE121J01017,open_to_close,10.107019506737364,True,True,EQ,376.8,True,20.0,1000.0,500.0,1,1.0,4.9636,5.0,0.05,1780856495.225,20.0,2468,2468,0,0,0,0,,,100000.0,-99993.58197721868,6.418022781319451,-99999.999688622,-2.378796219690192,-0.999938991087471,-0.999938991087471,-112388.19815825728,-0.0045619737723812,1.0,True,False
19308,444,M&MFIN,M&MFIN,M&M FIN. SERVICES LTD,INE774D01024,open_to_close,10.1026414360072,True,True,EQ,373.65,True,20.0,1000.0,500.0,1,1.0,4.9073000000000455,5.0,0.05,685055156.175,20.0,2467,2467,0,0,0,0,,,100000.0,-99956.3493880718,43.65061192819849,-99999.99785690905,-1.9207559756126515,-0.9996269746050976,-0.9996269746050976,-163252.20157120697,-0.0037820310073826,1.0,True,False
19317,445,CUB,CUB,CITY UNION BANK LTD,INE491A01021,gap_continuation_050,10.043051028846623,True,True,EQ,236.01,True,20.0,1000.0,500.0,2,1.0,3.1320200000000136,5.0,0.01,520786236.12,20.0,1132,1132,318,0,0,0,,,100000.0,-99895.04775181398,104.95224818601855,-99998.908579939,-2.5660863116317856,-0.9990988376398581,-0.999098837639858,-174813.01799218066,-0.0071429788465344,1.0,True,False
19321,446,ITC,ITC,ITC LTD,INE154A01025,open_to_close,10.012404533735467,True,True,EQ,264.1,True,20.0,1000.0,500.0,1,1.0,3.458199999999966,5.0,0.05,3504678210.3999996,20.0,2468,2468,0,0,0,0,,,100000.0,-99977.1608419453,22.839158054703148,-99999.99888395086,-3.8911078987610814,-0.9997748028958765,-0.9997748028958764,-106385.38869004649,-0.0038321637290669,1.0,True,False
19322,447,NTPC,NTPC,NTPC LTD,INE733E01010,gap_continuation_050,10.004864523033516,True,True,EQ,332.5,True,20.0,1000.0,500.0,1,1.0,4.3750000000000115,5.0,0.05,2596856663.35,20.0,851,851,287,0,0,0,,,100000.0,-99580.46674014906,419.53325985094125,-99986.45917473256,-3.167692897661892,-0.9958933389477674,-0.9958933389477674,-206976.2674295877,-0.0074441096549305,1.0,True,False
19384,448,TMPV,TMPV,TATA MOTORS PASS VEH LTD,INE155A01022,open_to_close,9.740234470010215,True,True,EQ,311.5,True,20.0,1000.0,500.0,1,1.0,4.093000000000023,5.0,0.05,2618626895.5,20.0,2467,2467,0,0,0,0,,,100000.0,-99997.07773166202,2.9222683379775845,-99999.99985800184,-2.981843314548669,-0.9999727625106085,-0.9999727625106084,-100510.78089960034,-0.0048376598308776,1.0,True,False
19405,449,REDINGTON,REDINGTON,REDINGTON LIMITED,INE891D01026,momentum_1d,9.58894780366785,True,True,EQ,371.3,True,20.0,1000.0,500.0,1,1.0,4.902599999999989,5.0,0.05,1285574404.2,20.0,800,800,390,0,0,0,,,100000.0,-98704.72714846556,1295.2728515344352,-99948.54035182034,-1.3452205602532936,-0.9901665979762768,-0.9901665979762768,-670273.6525004358,-0.0071441075651766,1.0,True,False
19423,450,NATIONALUM,NATIONALUM,NATIONAL ALUMINIUM CO LTD,INE139A01034,gap_fade_050,9.514763827406723,True,True,EQ,374.1,True,20.0,1000.0,500.0,1,1.0,4.908200000000045,5.0,0.05,2075946057.05,20.0,1319,1319,953,0,0,0,,,100000.0,-98437.8708157749,1562.129184225094,-99992.24481007176,-1.1312330289203525,-0.9870591056753505,-0.9870591056753504,-833845.59613766,-0.00427223635754,1.0,True,False
19432,451,ASHOKLEY,ASHOKLEY,ASHOK LEYLAND LTD,INE208A01029,gap_continuation_050,9.466118597071558,True,True,EQ,169.0,True,20.0,1000.0,500.0,2,2.0,4.485999999999995,5.0,0.01,2510244023.355,20.0,1114,1114,302,0,0,0,,,100000.0,-99273.67790477425,726.3220952257543,-99991.82100555536,-1.5831952095570871,-0.9945345261653331,-0.9945345261653332,-405667.7452912856,-0.0056364081998128,1.0,True,False
19435,452,WIPRO,WIPRO,WIPRO LTD,INE075A01022,open_to_close,9.456146324852849,True,True,EQ,176.4,True,20.0,1000.0,500.0,2,2.0,4.655600000000039,5.0,0.01,1251249582.315,20.0,2466,2466,0,0,0,0,,,100000.0,-99935.81637451248,64.18362548752339,-99999.9968256496,-3.1295099275094405,-0.9993581637451248,-0.9993534078397568,-150000.66909480962,-0.0034456939245524,1.0,True,False
19478,453,GAIL,GAIL,GAIL (INDIA) LTD,INE129A01019,open_to_close,9.180084642700784,True,True,EQ,173.4,True,20.0,1000.0,500.0,2,2.0,4.583600000000036,5.0,0.01,1109878265.1999998,20.0,2466,2466,0,0,0,0,,,100000.0,-99985.64513169692,14.354868303082185,-99999.99929486444,-2.830396011864657,-0.9998657865095455,-0.9998657865095456,-137600.55808417097,-0.004152341858611,1.0,True,False
19512,454,BPCL,BPCL,BHARAT PETROLEUM CORP  LT,INE029A01011,open_to_close,8.953154643187236,True,True,EQ,315.7,True,20.0,1000.0,500.0,1,1.0,4.151400000000034,5.0,0.05,1504042323.325,20.0,2466,2466,0,0,0,0,,,100000.0,-99976.60853438692,23.391465613080072,-99999.99884872165,-2.6590220095341515,-0.9997721615106029,-0.9997721615106028,-161184.24779521703,-0.0039557438119222,1.0,True,False
19534,455,CROMPTON,CROMPTON,CROMPT GREA CON ELEC LTD,INE299U01018,open_to_close,8.831784793500997,True,True,EQ,232.4,True,20.0,1000.0,500.0,2,1.0,3.074799999999993,5.0,0.01,847721314.9200001,20.0,2468,2468,0,0,0,0,,,100000.0,-99989.20317828152,10.796821718482533,-99999.9994744936,-2.867355747196914,-0.9998941385500629,-0.9998941385500628,-144171.02136009952,-0.0042735752852986,1.0,True,False
19539,456,IFCI,IFCI,IFCI LTD,INE039A01010,gap_continuation_050,8.806975726030062,True,True,EQ,101.38,True,20.0,1000.0,500.0,4,3.0,4.008280000000015,5.0,0.01,3490384221.1400003,20.0,1302,1302,358,0,0,0,,,100000.0,-99932.1034549679,67.89654503209749,-99999.64420501066,-1.5369692820750736,-0.9996016367588648,-0.9996016367588648,-303061.5998578438,-0.0069113532587349,1.0,True,False
19548,457,PETRONET,PETRONET,PETRONET LNG LIMITED,INE347G01014,open_to_close,8.737413046650776,True,True,EQ,288.1,True,20.0,1000.0,500.0,1,1.0,3.776200000000023,5.0,0.05,504148000.35,20.0,2467,2467,0,0,0,0,,,100000.0,-99967.38807935832,32.61192064167699,-99999.99839875085,-2.7793093065740697,-0.9996961757581988,-0.9996961757581988,-173531.8031412845,-0.0037899356794156,1.0,True,False
19594,458,ONGC,ONGC,OIL AND NATURAL GAS CORP.,INE213A01029,open_to_close,8.481539135087804,True,True,EQ,234.65,True,20.0,1000.0,500.0,2,1.0,3.1093000000000033,5.0,0.01,2775082213.085,20.0,2467,2467,0,0,0,0,,,100000.0,-99992.19909650247,7.800903497525724,-99999.99961922578,-3.16265416062447,-0.9999242574042007,-0.9999242574042008,-144570.18280500564,-0.0043825505458772,1.0,True,False
19615,459,MOTHERSON,MOTHERSON,SAMVRDHNA MTHRSN INTL LTD,INE775A01035,open_to_close,8.333900861020577,True,True,EQ,160.7,True,20.0,1000.0,500.0,3,2.0,4.222800000000046,5.0,0.01,1970325383.705,20.0,2465,2465,0,0,0,0,,,100000.0,-99992.01168387676,7.988316123242839,-99999.99960730276,-2.4278098884037345,-0.9999252558730677,-0.9999252558730676,-174477.13200713322,-0.0044663153723225,1.0,True,False
19627,460,CUB,CUB,CITY UNION BANK LTD,INE491A01021,open_to_close,8.296200807510823,True,True,EQ,236.01,True,20.0,1000.0,500.0,2,1.0,3.1320200000000136,5.0,0.01,520786236.12,20.0,2468,2468,0,0,0,0,,,100000.0,-99988.37406426438,11.625935735617531,-99999.99943416314,-2.614977057030356,-0.9998949316985786,-0.9998949316985786,-174906.34430463106,-0.0042707170580655,1.0,True,False
19632,461,IOC,IOC,INDIAN OIL CORP LTD,INE242A01010,open_to_close,8.272121418494915,True,True,EQ,137.6,True,20.0,1000.0,500.0,3,2.0,3.6304000000000087,5.0,0.01,1088369458.555,20.0,2465,2465,0,0,0,0,,,100000.0,-99992.77544604946,7.224553950538393,-99999.9996445665,-3.388049223297849,-0.9999278754110044,-0.9999276254376676,-146125.69527825748,-0.0043956454282476,1.0,True,False
19647,462,MRPL,MRPL,MRPL,INE103A01014,gap_continuation_050,8.22007102203629,True,True,EQ,174.83,True,20.0,1000.0,500.0,2,2.0,4.609320000000018,5.0,0.01,1066722579.155,20.0,1262,1262,319,0,0,0,,,100000.0,-99985.1297537224,14.870246277598199,-99999.908990969,-2.311424527715924,-0.9998599571054491,-0.9998599571054492,-215369.7451383373,-0.0082045528628884,1.0,True,False
19670,463,NTPC,NTPC,NTPC LTD,INE733E01010,open_to_close,8.087512769372964,True,True,EQ,332.5,True,20.0,1000.0,500.0,1,1.0,4.3750000000000115,5.0,0.05,2596856663.35,20.0,2468,2468,0,0,0,0,,,100000.0,-99946.60785271846,53.39214728154184,-99999.9973829588,-2.9239060091198352,-0.9994766461328046,-0.9994766461328046,-207342.4085421571,-0.0035483514189317,1.0,True,False
19686,464,REDINGTON,REDINGTON,REDINGTON LIMITED,INE891D01026,gap_continuation_100,8.033273337549254,True,True,EQ,371.3,True,20.0,1000.0,500.0,1,1.0,4.902599999999989,5.0,0.05,1285574404.2,20.0,571,571,181,0,0,0,,,100000.0,-99447.45807097697,552.5419290230348,-99945.20120385334,-1.8951661697927744,-0.9955942201729415,-0.9955942201729416,-671016.3834229473,-0.0112531360640636,1.0,True,False
19690,465,TIMETECHNO,TIMETECHNO,TIME TECHNOPLAST LTD.,INE508G01029,gap_continuation_100,8.00141071167972,True,True,EQ,188.49,True,20.0,1000.0,500.0,2,2.0,4.973959999999991,5.0,0.01,603376241.075,20.0,653,653,181,0,0,0,,,100000.0,-99772.88234413968,227.11765586031834,-99983.8472549739,-2.013429016565853,-0.9980938611345426,-0.9980938611345426,-470010.3834042731,-0.0113340335751599,1.0,True,False
19692,466,FEDERALBNK,FEDERALBNK,FEDERAL BANK LTD,INE171A01029,gap_continuation_050,7.991924891764363,True,True,EQ,343.0,True,20.0,1000.0,500.0,1,1.0,4.515999999999978,5.0,0.05,1485111743.85,20.0,1038,1038,255,0,0,0,,,100000.0,-99494.02220697174,505.977793028258,-99992.28128818292,-2.039783721736575,-0.9951474160665681,-0.995147416066568,-513737.1243695349,-0.0062474164703474,1.0,True,False
19712,467,EPL,EPL,EPL LIMITED,INE255A01020,gap_continuation_100,7.877122148173372,True,True,EQ,247.1,True,20.0,1000.0,500.0,2,1.0,3.254200000000017,5.0,0.05,640014168.835,20.0,639,639,195,0,0,0,,,100000.0,-99963.64843583335,36.3515641666454,-99997.28396075696,-3.4101123955031385,-0.9996561978831634,-0.9996561978831634,-232063.3503178677,-0.0140171676477616,1.0,True,False
19713,468,RECLTD,RECLTD,REC LIMITED,INE020B01018,open_to_close,7.872987303594883,True,True,EQ,318.7,True,20.0,1000.0,500.0,1,1.0,4.157400000000035,5.0,0.05,1931316464.5,20.0,2467,2467,0,0,0,0,,,100000.0,-99944.24969370026,55.75030629974208,-99999.99725932536,-1.986214446001,-0.9994732325004275,-0.9994732325004276,-282058.4045006788,-0.0036613551449135,1.0,True,False
19724,469,MANAPPURAM,MANAPPURAM,MANAPPURAM FINANCE LTD,INE522D01027,gap_continuation_050,7.801235588850513,True,True,EQ,339.7,True,20.0,1000.0,500.0,1,1.0,4.459400000000023,5.0,0.05,1569912665.4250002,20.0,1223,1223,348,0,0,0,,,100000.0,-99825.02310772464,174.9768922753574,-99998.7346706365,-1.953583863641354,-0.9982968516608374,-0.9982968516608374,-408996.0989454646,-0.00632443157123,1.0,True,False
19733,470,PFC,PFC,POWER FIN CORP LTD.,INE134E01011,open_to_close,7.727781291044414,True,True,EQ,355.6,True,20.0,1000.0,500.0,1,1.0,4.691200000000012,5.0,0.05,3151134941.3,20.0,2468,2468,0,0,0,0,,,100000.0,-99928.80543198696,71.19456801304477,-99999.99651038082,-1.94138057772721,-0.9993283086436848,-0.9993283086436848,-311122.5089737461,-0.0035580443734076,1.0,True,False
19770,471,HINDPETRO,HINDPETRO,HINDUSTAN PETROLEUM CORP,INE094A01015,open_to_close,7.524687454395098,True,True,EQ,356.5,True,20.0,1000.0,500.0,1,1.0,4.693000000000011,5.0,0.05,1550322480.175,20.0,2465,2465,0,0,0,0,,,100000.0,-99986.83104027552,13.168959724484012,-99999.9993511588,-2.41468299354555,-0.9998706028697515,-0.9998706028697516,-218053.28861809568,-0.0042474070692883,1.0,True,False
19773,472,MARKSANS,MARKSANS,MARKSANS PHARMA LIMITED,INE750C01026,gap_continuation_100,7.512526146811306,True,True,EQ,326.75,True,20.0,1000.0,500.0,1,1.0,4.2935,5.0,0.05,723088181.3,20.0,601,601,165,0,0,0,,,100000.0,-99649.63681959422,350.36318040578044,-99969.25973027492,-1.7906736309804885,-0.9966870966575236,-0.9966870966575236,-801986.6601898292,-0.0116371629065558,1.0,True,False
19822,473,WELSPUNLIV,WELSPUNLIV,WELSPUN LIVING LIMITED,INE192B01031,gap_continuation_050,7.210196040278251,True,True,EQ,208.51,True,20.0,1000.0,500.0,2,1.0,2.7770200000000127,5.0,0.01,718406604.175,20.0,1315,1315,359,0,0,0,,,100000.0,-99941.57559062431,58.42440937568608,-99999.7092936065,-1.9325158634556656,-0.9996083802565213,-0.9996083802565212,-396824.9605235446,-0.0068282091637455,1.0,True,False
19866,474,ENGINERSIN,ENGINERSIN,ENGINEERS INDIA LTD,INE510A01028,open_to_close,6.983266040764704,True,True,EQ,279.45,True,20.0,1000.0,500.0,1,1.0,3.6489,5.0,0.05,643467907.135,20.0,2467,2467,0,0,0,0,,,100000.0,-99997.01084434806,2.9891556519432925,-99999.99985483044,-2.5920501404701346,-0.999971753378295,-0.999971753378295,-207816.92442888796,-0.0048746402876606,1.0,True,False
19878,475,TATAPOWER,TATAPOWER,TATA POWER CO LTD,INE245A01021,gap_continuation_050,6.929756287396021,True,True,EQ,368.0,True,20.0,1000.0,500.0,1,1.0,4.845999999999977,5.0,0.05,1580684879.8,20.0,1009,1009,238,0,0,0,,,100000.0,-99838.76942188556,161.23057811443869,-99997.25004701214,-2.469560065912005,-0.9984317975485063,-0.9984317975485064,-463301.5738985132,-0.0075605142232645,1.0,True,False
19883,476,KTKBANK,KTKBANK,KARNATAKA BANK LIMITED,INE614B01018,open_to_close,6.9022717322566525,True,True,EQ,340.1,True,20.0,1000.0,500.0,1,1.0,4.510200000000034,5.0,0.05,875316394.0,20.0,2468,2468,0,0,0,0,,,100000.0,-99993.36464398749,6.635356012513512,-99999.999677818,-2.6927520241407685,-0.999945809404197,-0.999945809404197,-218676.51972420147,-0.0045109563284757,1.0,True,False
19904,477,MRPL,MRPL,MRPL,INE103A01014,open_to_close,6.773848324171816,True,True,EQ,174.83,True,20.0,1000.0,500.0,2,2.0,4.609320000000018,5.0,0.01,1066722579.155,20.0,2468,2468,0,0,0,0,,,100000.0,-99998.82249563068,1.1775043693196494,-99999.9999433174,-2.3294498706723257,-0.9999894223946106,-0.9999894223946106,-215383.4378802456,-0.0053136515273337,1.0,True,False
19945,478,LTF,LTF,L&T FINANCE LIMITED,INE498L01015,open_to_close,6.598482268813543,True,True,EQ,314.0,True,20.0,1000.0,500.0,1,1.0,4.098000000000023,5.0,0.05,1074454374.875,20.0,2468,2468,0,0,0,0,,,100000.0,-99976.68111857033,23.318881429673638,-99999.99886248504,-2.113442225388264,-0.999774949262726,-0.999774949262726,-339533.643143885,-0.0040324179143398,1.0,True,False
19999,479,MANAPPURAM,MANAPPURAM,MANAPPURAM FINANCE LTD,INE522D01027,open_to_close,6.316583159021258,True,True,EQ,339.7,True,20.0,1000.0,500.0,1,1.0,4.459400000000023,5.0,0.05,1569912665.4250002,20.0,2468,2468,0,0,0,0,,,100000.0,-99973.49611665208,26.503883347919327,-99999.99870698254,-1.9103180962184096,-0.9997779671651359,-0.999777967165136,-409144.571954392,-0.0040073075877926,1.0,True,False
20012,480,SAIL,SAIL,STEEL AUTHORITY OF INDIA,INE114A01011,open_to_close,6.243372087366835,True,True,EQ,196.8,True,20.0,1000.0,500.0,2,1.0,2.603600000000008,5.0,0.01,3778441048.885,20.0,2468,2468,0,0,0,0,,,100000.0,-99979.82678871603,20.173211283967248,-99999.99901706858,-1.913690372944292,-0.9998298895514649,-0.9998298895514648,-399979.82678871305,-0.0041290836176334,1.0,True,False
20040,481,EPL,EPL,EPL LIMITED,INE255A01020,gap_continuation_050,6.076762173468891,True,True,EQ,247.1,True,20.0,1000.0,500.0,2,1.0,3.254200000000017,5.0,0.05,640014168.835,20.0,1255,1255,369,0,0,0,,,100000.0,-99998.50104051652,1.4989594834769377,-99999.99064376802,-3.7504865471900697,-0.9999850104051652,-0.9999850104051652,-232098.2029225509,-0.0098815400803367,1.0,True,False
20044,482,EPL,EPL,EPL LIMITED,INE255A01020,open_to_close,6.049520844481199,True,True,EQ,247.1,True,20.0,1000.0,500.0,2,1.0,3.254200000000017,5.0,0.05,640014168.835,20.0,2467,2467,0,0,0,0,,,100000.0,-99998.4559818801,1.5440181198937353,-99999.9999252,-2.865336566284616,-0.9999845598188011,-0.999984323106056,-232098.15786391447,-0.0051305413099276,1.0,True,False
20092,483,MOREPENLAB,MOREPENLAB,MOREPEN LAB. LTD,INE083A01026,gap_continuation_050,5.781485625334436,True,True,EQ,113.74,True,20.0,1000.0,500.0,4,3.0,4.502440000000029,5.0,0.01,2521047229.6800003,20.0,1400,1400,289,0,0,0,,,100000.0,-99990.47215711964,9.527842880357639,-99999.966570927,-1.859964670090683,-0.9999401205265273,-0.9999401205265273,-489610.7253216794,-0.0078604368406846,1.0,True,False
20105,484,VEDL,VEDL,VEDANTA LIMITED,INE205A01025,open_to_close,5.71654424283699,True,True,EQ,272.1,True,20.0,1000.0,500.0,1,1.0,3.5842000000000453,5.0,0.05,2725791271.35,20.0,2467,2467,0,0,0,0,,,100000.0,-99970.05949566702,29.94050433297525,-99999.99853178771,-2.1674682874866686,-0.9997521029820999,-0.9997521029821,-461764.9547537282,-0.0039127763709015,1.0,True,False
20112,485,IFCI,IFCI,IFCI LTD,INE039A01010,open_to_close,5.6812764508439955,True,True,EQ,101.38,True,20.0,1000.0,500.0,4,3.0,4.008280000000015,5.0,0.01,3490384221.1400003,20.0,2468,2468,0,0,0,0,,,100000.0,-99999.3541019108,0.6458980892057298,-99999.99996902431,-2.0445632747430342,-0.9999943893726637,-0.9999943893726636,-303128.8505047867,-0.0056044762542305,1.0,True,False
20127,486,ASHOKLEY,ASHOKLEY,ASHOK LEYLAND LTD,INE208A01029,open_to_close,5.593471810089021,True,True,EQ,169.0,True,20.0,1000.0,500.0,2,2.0,4.485999999999995,5.0,0.01,2510244023.355,20.0,2467,2467,0,0,0,0,,,100000.0,-99984.06843331648,15.931566683517303,-99999.99922080316,-2.281345617960098,-0.9998476356907136,-0.9998476356907136,-406378.1358198279,-0.0041802409367751,1.0,True,False
20278,487,TIMETECHNO,TIMETECHNO,TIME TECHNOPLAST LTD.,INE508G01029,gap_continuation_050,4.775015809699859,True,True,EQ,188.49,True,20.0,1000.0,500.0,2,2.0,4.973959999999991,5.0,0.01,603376241.075,20.0,1403,1403,325,0,0,0,,,100000.0,-99995.6526825916,4.347317408406525,-99999.98495753694,-2.5604452811416505,-0.9999645179584804,-0.9999645179584804,-470233.153742725,-0.0082732017946233,1.0,True,False
20287,488,TATAPOWER,TATAPOWER,TATA POWER CO LTD,INE245A01021,open_to_close,4.698156345770298,True,True,EQ,368.0,True,20.0,1000.0,500.0,1,1.0,4.845999999999977,5.0,0.05,1580684879.8,20.0,2468,2468,0,0,0,0,,,100000.0,-99988.85917284097,11.140827159033506,-99999.99945785358,-2.641844920681438,-0.9998911445602434,-0.9998911445602434,-463451.66364946857,-0.0042862792879923,1.0,True,False
20296,489,FEDERALBNK,FEDERALBNK,FEDERAL BANK LTD,INE171A01029,open_to_close,4.6701853383275775,True,True,EQ,343.0,True,20.0,1000.0,500.0,1,1.0,4.515999999999978,5.0,0.05,1485111743.85,20.0,2468,2468,0,0,0,0,,,100000.0,-99984.61267563248,15.387324367518886,-99999.99925022044,-2.5396686375981665,-0.9998638528981318,-0.9998638528981318,-514227.7148381956,-0.0041574438652522,1.0,True,False
20337,490,WELSPUNLIV,WELSPUNLIV,WELSPUN LIVING LIMITED,INE192B01031,open_to_close,4.373449433283067,True,True,EQ,208.51,True,20.0,1000.0,500.0,2,1.0,2.7770200000000127,5.0,0.01,718406604.175,20.0,2468,2468,0,0,0,0,,,100000.0,-99999.136460876,0.8635391239949968,-99999.99995847806,-2.457552878089335,-0.9999926318089096,-0.9999924234396684,-396882.52139379625,-0.0054299453753507,1.0,True,False
20355,491,NATIONALUM,NATIONALUM,NATIONAL ALUMINIUM CO LTD,INE139A01034,open_to_close,4.265457021938999,True,True,EQ,374.1,True,20.0,1000.0,500.0,1,1.0,4.908200000000045,5.0,0.05,2075946057.05,20.0,2468,2468,0,0,0,0,,,100000.0,-99983.23751490503,16.762485094965086,-99999.99918375896,-2.0139374866434885,-0.9998461523634121,-0.999846152363412,-835390.9628367901,-0.0041945165273687,1.0,True,False
20383,492,REDINGTON,REDINGTON,REDINGTON LIMITED,INE891D01026,gap_continuation_050,4.013474728802841,True,True,EQ,371.3,True,20.0,1000.0,500.0,1,1.0,4.902599999999989,5.0,0.05,1285574404.2,20.0,1276,1276,337,0,0,0,,,100000.0,-99990.87552846744,9.124471532559255,-99999.94728705444,-2.7108160585534167,-0.9999256197392158,-0.9999256197392158,-671559.8008804377,-0.0084206567994797,1.0,True,False
20398,493,MARKSANS,MARKSANS,MARKSANS PHARMA LIMITED,INE750C01026,gap_continuation_050,3.9032932820936908,True,True,EQ,326.75,True,20.0,1000.0,500.0,1,1.0,4.2935,5.0,0.05,723088181.3,20.0,1378,1378,298,0,0,0,,,100000.0,-99994.68727655678,5.312723443217692,-99999.97967319837,-2.299396828056314,-0.9999507908743765,-0.9999507908743764,-802331.7106467917,-0.0083240299347559,1.0,True,False
20419,494,REDINGTON,REDINGTON,REDINGTON LIMITED,INE891D01026,open_to_close,3.7400885343192103,True,True,EQ,371.3,True,20.0,1000.0,500.0,1,1.0,4.902599999999989,5.0,0.05,1285574404.2,20.0,2467,2467,0,0,0,0,,,100000.0,-99996.50374538312,3.496254616882652,-99999.99983022624,-2.200840706587918,-0.9999711150251671,-0.9999711150251672,-671565.4290973534,-0.004859474210177,1.0,True,False
20443,495,MOREPENLAB,MOREPENLAB,MOREPEN LAB. LTD,INE083A01026,open_to_close,3.3759789852604953,True,True,EQ,113.74,True,20.0,1000.0,500.0,4,3.0,4.502440000000029,5.0,0.01,2521047229.6800003,20.0,2468,2468,0,0,0,0,,,100000.0,-99999.92925677545,0.07074322455446236,-99999.99999663854,-2.397002606397656,-0.9999996564659626,-0.9999996564659626,-489620.18242133525,-0.006499141309501,1.0,True,False
20455,496,TIMETECHNO,TIMETECHNO,TIME TECHNOPLAST LTD.,INE508G01029,open_to_close,3.290849832173955,True,True,EQ,188.49,True,20.0,1000.0,500.0,2,2.0,4.973959999999991,5.0,0.01,603376241.075,20.0,2467,2467,0,0,0,0,,,100000.0,-99999.80541498272,0.19458501727785915,-99999.99999066496,-2.705962133799789,-0.9999985027885099,-0.99999850278851,-470237.3064751161,-0.0060400312487148,1.0,True,False
20504,497,MARKSANS,MARKSANS,MARKSANS PHARMA LIMITED,INE750C01026,open_to_close,2.57406236318529,True,True,EQ,326.75,True,20.0,1000.0,500.0,1,1.0,4.2935,5.0,0.05,723088181.3,20.0,2468,2468,0,0,0,0,,,100000.0,-99999.58085858582,0.41914141418237705,-99999.999979919,-2.359251585786329,-0.9999973099466756,-0.9999973099466756,-802336.6042288208,-0.0057518842211634,1.0,True,False
