date,symbol,isin,series,close
2026-09-04,20MICRONS,INE144J01027,EQ,222.49
2026-09-04,21STCENMGM,INE253B01015,EQ,38.13
2026-09-04,360ONE,INE466L01038,EQ,1137.0
2026-09-04,3BBLACKBIO,INE994E01018,EQ,1460.1
2026-09-04,3IINFOLTD,INE748C01038,BE,22.37
2026-09-04,3MINDIA,INE470A01017,EQ,32845.0
2026-09-04,3PLAND,INE105C01023,EQ,32.39
2026-09-04,5PAISA,INE618L01018,EQ,342.1
2026-09-04,63MOONS,INE111B01023,EQ,876.5
2026-09-04,ABCOTS,INE08PH01015,EQ,208.15
2026-09-04,ABINFRA,INE00YB01025,BE,11.35
2026-09-04,ABMKNO,INE850B01026,EQ,189.9
2026-09-04,ACSTECH,INE366C01021,BE,51.83
2026-09-04,AKCAPIT,INE701G01012,EQ,1736.9
2026-09-04,A2ZINFRA,INE619I01012,EQ,15.61
2026-09-04,AAATECH,INE0D0U01013,EQ,91.74
2026-09-04,AADHARHFC,INE883F01010,EQ,483.55
2026-09-04,AAKASH,INE087Z01024,EQ,8.75
2026-09-04,AAREYDRUGS,INE198H01019,EQ,95.79
2026-09-04,AARNAV,INE750R01016,BE,32.17
2026-09-04,AARON,INE721Z01010,EQ,128.45
2026-09-04,AARTECH,INE01C001026,BE,48.64
2026-09-04,AARTIDRUGS,INE767A01016,EQ,431.65
2026-09-04,AARTIIND,INE769A01020,EQ,492.05
2026-09-04,AARTIPHARM,INE0LRU01027,EQ,858.8
2026-09-04,AARTISURF,INE09EO01013,BE,548.5
2026-09-04,AARVI,INE754X01016,EQ,141.92
2026-09-04,AASTHA,INE2FMX01012,EQ,78.12
2026-09-04,AAVAS,INE216P01012,EQ,1304.2
2026-09-04,ABAN,INE421A01028,BE,14.99
2026-09-04,ABANSENT,INE365O01028,EQ,27.86
2026-09-04,AFSL,INE00ZE01026,EQ,202.07
2026-09-04,ABB,INE117A01022,EQ,7410.0
2026-09-04,ABBOTINDIA,INE358A01014,EQ,26065.0
2026-09-04,ABMINTLLTD,INE251C01025,BE,55.86
2026-09-04,ACC,INE012A01025,EQ,1283.8
2026-09-04,ACCELYA,INE793A01012,EQ,1131.0
2026-09-04,ACCURACY,INE648Z01023,BE,4.31
2026-09-04,ACEINTEG,INE543V01017,EQ,17.83
2026-09-04,ACMESOLAR,INE622W01025,EQ,418.0
2026-09-04,ACE,INE731H01025,EQ,1125.4
2026-09-04,ACUTAAS,INE00FF01025,EQ,3168.5
2026-09-04,ADANIENSOL,INE931S01010,EQ,1409.6
2026-09-04,ADANIENT,INE423A01024,EQ,2938.0
2026-09-04,ADANIGREEN,INE364U01010,EQ,1301.3
2026-09-04,ADANIPORTS,INE742F01042,EQ,1707.3
2026-09-04,ADANIPOWER,INE814H01029,EQ,207.2
2026-09-04,ATGL,INE399L01023,EQ,612.35
2026-09-04,ADDIND,INE757C01021,EQ,79.34
2026-09-04,ADFFOODS,INE982B01027,EQ,264.8
2026-09-04,ABSLAMC,INE404A01024,EQ,1062.3
2026-09-04,ABCAPITAL,INE674K01013,EQ,404.9
2026-09-04,ABFRL,INE647O01011,EQ,52.97
2026-09-04,ABLBL,INE14LE01019,EQ,86.07
2026-09-04,BIRLAMONEY,INE865C01022,EQ,126.37
2026-09-04,ABREL,INE055A01016,EQ,1373.6
2026-09-04,CPPLUS,INE819V01029,EQ,3704.6
2026-09-04,AVL,INE679V01027,EQ,600.05
2026-09-04,ADOR,INE045A01017,EQ,1674.4
2026-09-04,ADROITINFO,INE737B01033,EQ,10.31
2026-09-04,ADVAIT,INE0ALI01010,EQ,2151.3
2026-09-04,ADVANCE,INE1B0W01010,EQ,117.43
2026-09-04,ADVENZYMES,INE837H01020,EQ,293.2
2026-09-04,ADVANIHOTR,INE199C01026,EQ,49.45
2026-09-04,ADVENTHTL,INE28GN01010,EQ,134.57
2026-09-04,ADVIKCA,INE178T01024,EQ,1.12
2026-09-04,RAMBHAJO,INE1SJO01012,EQ,268.68
2026-09-04,AEGISLOG,INE208C01025,EQ,1270.2
2026-09-04,AEGISVOPAK,INE0INX01018,EQ,284.5
2026-09-04,AEQUS,INE947N01017,EQ,242.18
2026-09-04,AEROENTER,INE065D01027,EQ,141.81
2026-09-04,AEROFLEX,INE024001021,EQ,537.45
2026-09-04,AERONEU,INE035801013,EQ,80.57
2026-09-04,AETHER,INE0BWX01014,EQ,1625.6
2026-09-04,AFCONS,INE101I01011,EQ,292.8
2026-09-04,AFFLE,INE00WC01027,EQ,1616.5
2026-09-04,AFFORDABLE,INE692Z01013,EQ,157.47
2026-09-04,AGARIND,INE204E01012,EQ,450.8
2026-09-04,AGI,INE415A01038,EQ,735.25
2026-09-04,AGIIL,INE976R01033,EQ,283.7
2026-09-04,AGRITECH,INE449G01018,EQ,101.21
2026-09-04,AGROPHOS,INE740V01019,EQ,25.77
2026-09-04,AGSTRA,INE583L01014,BZ,1.99
2026-09-04,AHLADA,INE00PV01013,EQ,37.29
2026-09-04,AHLUCONT,INE758C01029,EQ,599.05
2026-09-04,AIAENG,INE212H01026,EQ,4231.2
2026-09-04,GOLDTECH,INE805A01014,BE,47.04
2026-09-04,AIRAN,INE645W01026,EQ,15.44
2026-09-04,AIROLAM,INE801L01010,EQ,86.46
2026-09-04,AJANTPHARM,INE031B01049,EQ,3464.8
2026-09-04,AJAXENGG,INE274Y01021,EQ,582.45
2026-09-04,AJMERA,INE298G01035,EQ,117.76
2026-09-04,AJOONI,INE820Y01021,EQ,3.71
2026-09-04,AKASH,INE737W01013,EQ,25.6
2026-09-04,AKG,INE00Y801016,EQ,9.59
2026-09-04,AKI,INE642Z01026,EQ,7.22
2026-09-04,AFIL,INE916Y01027,EQ,9.22
2026-09-04,AKSHOPTFBR,INE523B01011,BE,7.43
2026-09-04,AKSHAR,INE256Z01025,EQ,0.42
2026-09-04,AKSHARCHEM,INE542B01011,BE,444.85
2026-09-04,AKUMS,INE09XN01023,EQ,765.75
2026-09-04,ALANKIT,INE914E01040,EQ,8.14
2026-09-04,ALBERTDAVD,INE155C01010,EQ,860.25
2026-09-04,ALEMBICLTD,INE426A01027,EQ,111.41
2026-09-04,APLLTD,INE901L01018,EQ,808.2
2026-09-04,ALFREDHE,INE782D01027,EQ,2898.9
2026-09-04,ALGOQUANT,INE598D01035,EQ,64.5
2026-09-04,ALICON,INE062D01024,EQ,684.2
2026-09-04,ALIVUS,INE03Q201024,EQ,1366.3
2026-09-04,ALKALI,INE773I01017,BE,65.55
2026-09-04,ALKEM,INE540L01014,EQ,5190.0
2026-09-04,ALKYLAMINE,INE150B01039,EQ,2020.9
2026-09-04,ALLTIME,INE0GV601021,EQ,206.08
2026-09-04,AGL,INE1YPB01014,EQ,13.65
2026-09-04,ALLCARGO,INE418H01029,EQ,12.44
2026-09-04,ATL,INE0NN701020,EQ,25.31
2026-09-04,ALLDIGI,INE835G01018,EQ,805.85
2026-09-04,ABDL,INE552Z01027,EQ,609.95
2026-09-04,ADSL,INE102I01027,EQ,104.13
2026-09-04,ALMONDZ,INE326B01035,EQ,17.89
2026-09-04,ALOKINDS,INE270A01029,EQ,7.83
2026-09-04,ALPA,INE385I01010,EQ,62.71
2026-09-04,ALPHAGEO,INE137C01018,BE,323.85
2026-09-04,ALPINETEX,INE1JCQ01037,EQ,57.76
2026-09-04,ALUFLUOR,INE058F01019,EQ,499.05
2026-09-04,AMAGI,INE121R01077,EQ,563.3
2026-09-04,AMAL,INE841D01013,EQ,743.2
2026-09-04,AMANTA,INE084K01015,BE,194.03
2026-09-04,ARE&M,INE885A01032,EQ,864.2
2026-09-04,AMARJOTHI,INE484D01012,EQ,160.94
2026-09-04,AMBALALSA,INE432A01017,BE,43.73
2026-09-04,AMBER,INE371P01015,EQ,7474.0
2026-09-04,AMBICAAGAR,INE792B01012,EQ,27.21
2026-09-04,AMBIKCO,INE540G01014,EQ,1639.1
2026-09-04,AMBUJACEM,INE079A01024,EQ,405.0
2026-09-04,AMDIND,INE005I01014,EQ,60.32
2026-09-04,AMNPLST,INE275D01022,EQ,172.89
2026-09-04,AEROPLANE,INE05TO01019,EQ,194.29
2026-09-04,AMJLAND,INE606A01024,EQ,39.47
2026-09-04,AMRUTANJAN,INE098F01031,EQ,505.45
2026-09-04,ARSSBL,INE549H01021,EQ,515.05
2026-09-04,ANANDRATHI,INE463V01026,EQ,2215.9
2026-09-04,ANANTRAJ,INE242C01024,EQ,625.45
2026-09-04,ACL,INE666E01020,EQ,43.36
2026-09-04,ANDHRAPAP,INE435A01051,EQ,64.45
2026-09-04,ANDHRSUGAR,INE715B01021,EQ,99.51
2026-09-04,ANDREWYU,INE449C01025,EQ,27.93
2026-09-04,ANGELONE,INE732I01021,EQ,299.8
2026-09-04,ANIKINDS,INE087B01017,EQ,45.0
2026-09-04,APCL,INE071F01012,EQ,101.42
2026-09-04,ANKITMETAL,INE106I01010,BZ,1.7
2026-09-04,AHCL,INE0Y8W01025,EQ,15.68
2026-09-04,ANMOL,INE02AR01019,EQ,10.08
2026-09-04,ANNAPURNA,INE0MGM01017,EQ,140.2
2026-09-04,ANNU,INE103001017,BE,68.23
2026-09-04,ANSALBU,INE030C01015,EQ,80.68
2026-09-04,ANSALAPI,INE436A01026,BZ,3.31
2026-09-04,ANTGRAPHIC,INE414B01021,EQ,0.73
2026-09-04,ANTELOPUS,INE818A01017,EQ,957.15
2026-09-04,ANTHEM,INE0CZ201020,EQ,934.05
2026-09-04,AWHCL,INE01BK01022,EQ,370.8
2026-09-04,ANUHPHR,INE489G01022,EQ,81.1
2026-09-04,ANURAS,INE930P01018,EQ,1238.7
2026-09-04,APARINDS,INE372A01015,EQ,17421.0
2026-09-04,APCOTEXIND,INE116A01032,EQ,635.5
2026-09-04,APEX,INE346W01013,EQ,375.15
2026-09-04,APLAPOLLO,INE702C01027,EQ,2250.0
2026-09-04,APOLLOHOSP,INE437A01024,EQ,8650.0
2026-09-04,APOLLO,INE713T01028,EQ,388.9
2026-09-04,APOLLOPIPE,INE126J01016,EQ,605.1
2026-09-04,APOLSINHOT,INE451F01024,EQ,1218.1
2026-09-04,APOLLOTYRE,INE438A01022,EQ,429.55
2026-09-04,APTECHT,INE266F01018,BE,89.13
2026-09-04,APTUS,INE852O01025,EQ,258.85
2026-09-04,AQYLON,INE416A01051,EQ,22.46
2026-09-04,ACI,INE128X01021,EQ,504.2
2026-09-04,ADL,INE0CHO01012,EQ,72.0
2026-09-04,ARCHIDPLY,INE877I01016,EQ,104.89
2026-09-04,ARCHIES,INE731A01020,EQ,12.9
2026-09-04,ARCL,INE372M01010,EQ,225.0
2026-09-04,ARDEE,INE0XNF01022,EQ,55.66
2026-09-04,ARFIN,INE784R01023,EQ,87.24
2026-09-04,ARIES,INE298I01015,EQ,500.1
2026-09-04,ARIHANTCAP,INE420B01036,EQ,79.69
2026-09-04,ARIHANT,INE413D01011,EQ,953.15
2026-09-04,ARIHANTSUP,INE643K01018,EQ,229.5
2026-09-04,ARIS,INE0H9P01028,EQ,128.56
2026-09-04,ARKADE,INE0QRL01017,EQ,125.22
2026-09-04,ARMANFIN,INE109C01017,EQ,2069.3
2026-09-04,AROGRANITE,INE210C01013,EQ,24.55
2026-09-04,ARROWGREEN,INE570D01018,BE,814.1
2026-09-04,ARSHIYA,INE968D01022,BZ,0.73
2026-09-04,ARTNIRMAN,INE738V01013,EQ,40.63
2026-09-04,AEPL,INE757T01025,EQ,17.5
2026-09-04,ARTEMISMED,INE025R01021,EQ,332.8
2026-09-04,ARVEE,INE006Z01016,EQ,165.1
2026-09-04,ARVINDFASN,INE955V01021,EQ,446.5
2026-09-04,ARVIND,INE034A01011,EQ,552.95
2026-09-04,ARVSMART,INE034S01021,EQ,642.5
2026-09-04,ARYAMAN,INE032E01017,EQ,620.2
2026-09-04,ASAHIINDIA,INE439A01020,EQ,955.9
2026-09-04,ASAHISONG,INE228I01012,BE,372.65
2026-09-04,ASHAPURMIN,INE348A01023,EQ,551.0
2026-09-04,ASHIANA,INE365D01021,EQ,359.55
2026-09-04,ASHIKAG,INE094B01013,BE,426.85
2026-09-04,ASHIMASYN,INE440A01010,EQ,17.89
2026-09-04,ASHOKLEY,INE208A01029,EQ,169.0
2026-09-04,ASHOKA,INE442H01029,EQ,115.55
2026-09-04,ASHOKAMET,INE760Y01011,EQ,13.58
2026-09-04,ASIANENE,INE276G01015,EQ,517.45
2026-09-04,ASIANTILES,INE022I01019,EQ,50.26
2026-09-04,AHLEAST,INE926K01017,EQ,136.51
2026-09-04,ASIANHOTNR,INE363A01022,EQ,384.75
2026-09-04,AHLWEST,INE915K01010,BE,530.85
2026-09-04,ASIANPAINT,INE021A01026,EQ,2527.3
2026-09-04,ASTAR,INE194D01017,EQ,585.0
2026-09-04,ASIANTNE,INE822B01017,EQ,9.74
2026-09-04,ASKAUTOLTD,INE491J01022,EQ,618.85
2026-09-04,ASPINWALL,INE991I01015,EQ,259.25
2026-09-04,ASSAMENT,INE165G01010,EQ,830.0
2026-09-04,ASALCBR,INE073G01016,EQ,706.35
2026-09-04,ASTEC,INE563J01010,EQ,554.45
2026-09-04,ASTERDM,INE914M01019,EQ,785.75
2026-09-04,ASTRAMICRO,INE386C01029,EQ,1729.0
2026-09-04,ASTRAL,INE006I01046,EQ,1492.9
2026-09-04,ASTRAZEN,INE203A01020,EQ,6944.0
2026-09-04,ASTRON,INE646X01014,BZ,3.06
2026-09-04,ATALREAL,INE0ALR01029,EQ,26.22
2026-09-04,ATAM,INE09KD01013,EQ,52.99
2026-09-04,ATHERENERG,INE0LEZ01016,EQ,1584.0
2026-09-04,ATLANTAELE,INE0Z4F01028,EQ,1881.7
2026-09-04,ATLANTAA,INE285H01022,EQ,39.15
2026-09-04,ATLASCYCLE,INE446A01025,EQ,96.18
2026-09-04,ATULAUTO,INE951D01028,EQ,465.15
2026-09-04,ATUL,INE100A01010,EQ,6386.0
2026-09-04,AUBANK,INE949L01017,EQ,1065.0
2026-09-04,AUGMONT,INE16W401027,EQ,901.5
2026-09-04,AURIONPRO,INE132H01018,EQ,689.7
2026-09-04,AUROPHARMA,INE406A01037,EQ,1653.1
2026-09-04,AURUM,INE898S01029,EQ,225.16
2026-09-04,AURUS,INE142K01011,EQ,4.84
2026-09-04,AUSOMENT,INE218C01016,EQ,161.79
2026-09-04,AUSTENG,INE759F01012,EQ,124.7
2026-09-04,AIIL,INE206F01022,EQ,519.9
2026-09-04,AUTOIND,INE718H01014,EQ,86.45
2026-09-04,ACGL,INE451C01013,EQ,1797.6
2026-09-04,AUTOAXLES,INE449A01011,EQ,1688.7
2026-09-04,ASAL,INE900C01027,EQ,473.75
2026-09-04,AVADHSUGAR,INE349W01017,EQ,809.5
2026-09-04,AVALON,INE0LCL01028,EQ,2196.6
2026-09-04,AVANCE,INE758A01072,EQ,0.82
2026-09-04,AVANTEL,INE005B01027,EQ,154.96
2026-09-04,AVANTIFEED,INE871C01038,EQ,798.6
2026-09-04,DMART,INE192R01011,EQ,3770.0
2026-09-04,CCAVENUE,INE483S01020,EQ,15.7
2026-09-04,AVG,INE680Z01018,BE,166.04
2026-09-04,ASMS,INE855F01042,BE,7.07
2026-09-04,AVONMORE,INE323B01024,EQ,13.02
2026-09-04,AVROIND,INE652Z01025,EQ,8.72
2026-09-04,AVTNPL,INE488D01021,EQ,91.02
2026-09-04,AWFIS,INE108V01019,EQ,260.8
2026-09-04,AWL,INE699H01024,EQ,187.29
2026-09-04,AXISBANK,INE238A01034,EQ,1273.0
2026-09-04,AXISCADES,INE555B01013,EQ,1711.6
2026-09-04,AXITA,INE02EZ01022,EQ,8.01
2026-09-04,AXTEL,INE767C01012,EQ,394.5
2026-09-04,AYE,INE501X01029,EQ,184.81
2026-09-04,AYMSYNTEX,INE193B01039,EQ,310.7
2026-09-04,AZAD,INE02IJ01035,EQ,2777.3
2026-09-04,AZADIND,INE566M01017,EQ,89.59
2026-09-04,BNALTD,INE489D01011,BE,360.0
2026-09-04,BBTCL,INE01EE01011,EQ,230.22
2026-09-04,BAGFILMS,INE116D01028,EQ,4.51
2026-09-04,BLKASHYAP,INE350H01032,EQ,59.34
2026-09-04,STYLEBAAZA,INE01FR01028,EQ,400.25
2026-09-04,BAFNAPH,INE878I01022,BE,295.85
2026-09-04,BAIDFIN,INE020D01022,EQ,10.12
2026-09-04,BAJAJ-AUTO,INE917I01010,EQ,11919.0
2026-09-04,BAJAJCON,INE933K01021,EQ,517.55
2026-09-04,BAJAJELEC,INE193E01025,EQ,331.15
2026-09-04,BAJFINANCE,INE296A01032,EQ,1060.5
2026-09-04,BAJAJFINSV,INE918I01026,EQ,1970.0
2026-09-04,BAJAJHCARE,INE411U01027,EQ,321.45
2026-09-04,BAJAJHIND,INE306A01021,EQ,21.86
2026-09-04,BAJAJHLDNG,INE118A01012,EQ,11162.0
2026-09-04,BAJAJHFL,INE377Y01014,EQ,83.08
2026-09-04,BAJAJST,INE704G01024,EQ,362.95
2026-09-04,BAJEL,INE0KQN01018,EQ,183.82
2026-09-04,BALPHARMA,INE083D01012,EQ,87.73
2026-09-04,BALAMINES,INE050E01027,EQ,2525.2
2026-09-04,BALAJITELE,INE794B01026,EQ,93.17
2026-09-04,BALAXI,INE618N01022,EQ,25.37
2026-09-04,BALKRISIND,INE787D01026,EQ,2284.6
2026-09-04,BALKRISHNA,INE875R01011,EQ,17.08
2026-09-04,BALMLAWRIE,INE164A01016,EQ,177.98
2026-09-04,BLIL,INE525F01025,EQ,72.53
2026-09-04,BALRAMCHIN,INE119A01028,EQ,690.6
2026-09-04,BALUFORGE,INE011E01029,EQ,574.1
2026-09-04,BANARBEADS,INE655B01011,EQ,113.9
2026-09-04,BANCOINDIA,INE213C01025,EQ,623.5
2026-09-04,BANDHANBNK,INE545U01014,EQ,164.95
2026-09-04,BANG,INE863I01016,EQ,34.79
2026-09-04,BANKBARODA,INE028A01039,EQ,239.0
2026-09-04,BANKINDIA,INE084A01016,EQ,145.0
2026-09-04,MAHABANK,INE457A01014,EQ,85.95
2026-09-04,BANKA,INE862Y01015,EQ,79.0
2026-09-04,BASML,INE186H01022,BE,25.41
2026-09-04,BANARISUG,INE459A01010,EQ,3803.3
2026-09-04,BANSALWIRE,INE0B9K01025,EQ,315.0
2026-09-04,BANSWRAS,INE629D01020,EQ,117.05
2026-09-04,BVCL,INE139I01011,EQ,43.48
2026-09-04,BASF,INE373A01013,EQ,3864.9
2026-09-04,BATAINDIA,INE176A01028,EQ,672.75
2026-09-04,BATLIBOI,INE177C01022,EQ,90.81
2026-09-04,BAYERCROP,INE462A01022,EQ,3989.9
2026-09-04,BCLIND,INE412G01024,EQ,36.62
2026-09-04,BCPL,INE00SW01015,EQ,68.45
2026-09-04,BEARDSELL,INE520H01022,EQ,25.31
2026-09-04,BEDMUTHA,INE844K01012,EQ,112.37
2026-09-04,BEEKAY,INE213D01015,EQ,417.4
2026-09-04,BLEL,INE1EEM01017,EQ,453.15
2026-09-04,BELLACASA,INE344T01014,EQ,242.85
2026-09-04,BELRISE,INE894V01022,EQ,236.86
2026-09-04,BLAL,INE0N7W01012,EQ,160.88
2026-09-04,BEML,INE258A01024,EQ,2057.8
2026-09-04,BENARAS,INE664D01019,EQ,10200.0
2026-09-04,BENGALASM,INE083K01017,EQ,6332.5
2026-09-04,BERGEPAINT,INE463A01038,EQ,485.3
2026-09-04,BESTAGRO,INE052T01021,EQ,19.29
2026-09-04,BETA,INE351Y01019,EQ,2218.5
2026-09-04,BFINVEST,INE878K01010,EQ,469.35
2026-09-04,BFUTILITIE,INE243D01012,EQ,542.45
2026-09-04,BGRENERGY,INE661I01014,BE,246.26
2026-09-04,BHAGERIA,INE354C01027,BE,304.65
2026-09-04,BHAGCHEM,INE414D01027,EQ,264.6
2026-09-04,BHAGYANGR,INE458B01036,EQ,370.45
2026-09-04,BHANDARI,INE474E01029,EQ,3.03
2026-09-04,BEPL,INE922A01025,EQ,127.5
2026-09-04,BBL,INE464A01036,EQ,2289.3
2026-09-04,BHARATCOAL,INE05XR01022,EQ,33.81
2026-09-04,BDL,INE171Z01026,EQ,1255.0
2026-09-04,BEL,INE263A01024,EQ,405.35
2026-09-04,BHARATFORG,INE465A01025,EQ,1956.0
2026-09-04,BHARATGEAR,INE561C01019,BE,102.93
2026-09-04,BPLPHARMA,INE365Y01019,EQ,1533.3
2026-09-04,BPCL,INE029A01011,EQ,315.7
2026-09-04,BHARATRAS,INE838B01021,EQ,1171.8
2026-09-04,BRNL,INE727S01012,EQ,17.12
2026-09-04,BHARATSE,INE415D01024,EQ,211.69
2026-09-04,BHARATWIRE,INE316L01019,EQ,181.32
2026-09-04,BHARTIARTL,INE397D01024,EQ,1840.0
2026-09-04,BHARTIHEXA,INE343G01021,EQ,1495.4
2026-09-04,BIL,INE828A01016,EQ,907.85
2026-09-04,BHEL,INE257A01026,EQ,431.1
2026-09-04,BTTL,INE274K01012,BE,41.53
2026-09-04,BIGBLOC,INE412U01025,EQ,41.92
2026-09-04,BIKAJI,INE00E101023,EQ,584.2
2026-09-04,BILVYAPAR,INE071A01013,BE,4.04
2026-09-04,BI,INE986A01012,BE,95.85
2026-09-04,GROWW,INE0HOQ01053,EQ,194.0
2026-09-04,BIMETAL,INE469A01019,EQ,635.0
2026-09-04,BIOCON,INE376G01013,EQ,397.4
2026-09-04,BIOFILCHEM,INE829A01014,EQ,32.0
2026-09-04,BIRLACABLE,INE800A01015,BE,376.55
2026-09-04,BIRLACORPN,INE340A01012,EQ,887.35
2026-09-04,BIRLAPREC,INE372E01025,EQ,57.92
2026-09-04,BIRLANU,INE557A01011,EQ,1448.0
2026-09-04,BSOFT,INE836A01035,EQ,289.35
2026-09-04,BBOX,INE676A01027,EQ,712.25
2026-09-04,BLACKROSE,INE761G01016,BE,113.02
2026-09-04,BLACKBUCK,INE0UIZ01018,EQ,586.1
2026-09-04,BLBLIMITED,INE791A01024,EQ,16.68
2026-09-04,BLISSGVS,INE416D01022,BE,671.0
2026-09-04,BLSE,INE0NLT01010,EQ,320.05
2026-09-04,BLS,INE153T01027,EQ,238.79
2026-09-04,BLUECLOUDS,INE373T01047,EQ,19.88
2026-09-04,BLUECOAST,INE472B01011,BE,23.49
2026-09-04,BLUEDART,INE233B01017,EQ,4991.7
2026-09-04,BLUEJET,INE0KBH01020,EQ,569.8
2026-09-04,BLUESTARCO,INE472A01039,EQ,1484.0
2026-09-04,BLUESTONE,INE304W01038,EQ,842.75
2026-09-04,BLUSPRING,INE0U4101014,EQ,138.96
2026-09-04,BMWVENTLTD,INE965W01036,EQ,55.36
2026-09-04,BNAGROCHEM,INE00HZ01011,EQ,216.73
2026-09-04,BODALCHEM,INE338D01028,EQ,155.62
2026-09-04,BTML,INE0EEJ01023,EQ,8.51
2026-09-04,BOHRAIND,INE802W01023,EQ,12.7
2026-09-04,BBTC,INE050A01025,EQ,1496.8
2026-09-04,BOMDYEING,INE032A01023,EQ,113.47
2026-09-04,BSHSL,INE032Z01020,EQ,91.48
2026-09-04,BONLON,INE0B9A01018,EQ,40.13
2026-09-04,BORANA,INE16SF01016,EQ,307.6
2026-09-04,BOROLTD,INE02PY01013,EQ,258.96
2026-09-04,BORORENEW,INE666D01022,EQ,499.15
2026-09-04,BOROSCI,INE02L001032,EQ,132.16
2026-09-04,BOSCH-HCIL,INE782A01015,EQ,1818.8
2026-09-04,BOSCHLTD,INE323A01026,EQ,46820.0
2026-09-04,BPL,INE110A01019,EQ,49.38
2026-09-04,BRAHMINFRA,INE320I01017,EQ,163.82
2026-09-04,FIRSTCRY,INE02RE01045,EQ,180.16
2026-09-04,BCONCEPTS,INE977Y01011,EQ,167.33
2026-09-04,BRIGADE,INE791I01019,EQ,696.1
2026-09-04,BRIGHOTEL,INE03NU01014,EQ,59.19
2026-09-04,BRIGHTBR,INE630D01010,EQ,254.8
2026-09-04,BCG,INE425B01027,EQ,8.98
2026-09-04,BRITANNIA,INE216A01030,EQ,5101.5
2026-09-04,BROOKS,INE650L01011,BE,66.07
2026-09-04,BSE,INE118H01025,EQ,3409.8
2026-09-04,BSL,INE594B01012,EQ,123.58
2026-09-04,BUTTERFLY,INE295F01017,EQ,624.85
2026-09-04,BURNPUR,INE817H01022,EQ,21.56
2026-09-04,CGVAK,INE084D01010,EQ,148.21
2026-09-04,MAPMYINDIA,INE0BV301023,EQ,972.2
2026-09-04,CMLL,INE11XY01018,EQ,503.05
2026-09-04,CALSOFT,INE526B01014,BE,40.98
2026-09-04,CTE,INE627H01017,BE,41.82
2026-09-04,CAMLINFINE,INE052I01032,EQ,103.13
2026-09-04,CAMPUS,INE278Y01022,EQ,223.24
2026-09-04,CANFINHOME,INE477A01020,EQ,807.4
2026-09-04,CANBK,INE476A01022,EQ,125.5
2026-09-04,CANHLIFE,INE01TY01017,EQ,157.23
2026-09-04,CRAMC,INE218I01013,EQ,251.5
2026-09-04,CANTABIL,INE068L01024,EQ,243.05
2026-09-04,CAPACITE,INE264T01014,EQ,216.22
2026-09-04,CAPILLARY,INE0ILV01024,EQ,490.05
2026-09-04,CIFL,INE345H01024,EQ,19.98
2026-09-04,CAPITALSFB,INE646H01017,EQ,280.95
2026-09-04,CAPTRUST,INE707C01018,BE,20.04
2026-09-04,CAPLIPOINT,INE475E01026,EQ,2810.8
2026-09-04,CGCL,INE180C01042,EQ,279.9
2026-09-04,CPL,INE536P01021,EQ,62.11
2026-09-04,CARBORUNIV,INE120A01034,EQ,1130.6
2026-09-04,CARERATING,INE752H01013,EQ,1738.2
2026-09-04,CPEDU,INE0P6P01016,EQ,191.97
2026-09-04,CARRARO,INE0V7W01012,EQ,533.65
2026-09-04,CARTRADE,INE290S01011,EQ,3000.2
2026-09-04,CARYSIL,INE482D01024,EQ,1140.8
2026-09-04,CASTROLIND,INE172A01027,EQ,190.27
2026-09-04,CCL,INE421D01022,EQ,1106.2
2026-09-04,CEATLTD,INE482A01020,EQ,3333.2
2026-09-04,CEIGALL,INE0AG901020,EQ,355.8
2026-09-04,CEINSYS,INE016Q01014,EQ,677.85
2026-09-04,CELEBRITY,INE185H01016,EQ,6.8
2026-09-04,CELLO,INE0LMW01024,EQ,342.0
2026-09-04,CEMPRO,INE686A01026,EQ,1297.4
2026-09-04,CENTRALBK,INE483A01010,EQ,31.08
2026-09-04,CDSL,INE736A01011,EQ,1394.6
2026-09-04,CMPDI,INE05HV01027,EQ,243.92
2026-09-04,CENTRUM,INE660C01027,EQ,22.55
2026-09-04,CENTUM,INE320B01020,EQ,3767.3
2026-09-04,CENTENKA,INE485A01015,EQ,608.9
2026-09-04,CENTEXT,INE281A01026,EQ,20.19
2026-09-04,CENTURYPLY,INE348B01021,EQ,748.45
2026-09-04,CERA,INE739E01017,EQ,5787.5
2026-09-04,CEREBRAINT,INE345B01019,BZ,2.69
2026-09-04,CESC,INE486A01021,EQ,146.5
2026-09-04,CGPOWER,INE067A01029,EQ,891.0
2026-09-04,CHALET,INE427F01016,EQ,896.75
2026-09-04,CLSEL,INE419D01026,EQ,301.9
2026-09-04,CHAMBLFERT,INE085A01013,EQ,419.05
2026-09-04,CHEMBONDCH,INE0TGX01019,BE,254.45
2026-09-04,CHEMBOND,INE995D01025,EQ,170.9
2026-09-04,CHEMCON,INE03YM01018,BE,198.38
2026-09-04,CHEMCRUX,INE298W01016,EQ,82.16
2026-09-04,CHEMFAB,INE783X01023,EQ,360.1
2026-09-04,CHEMPLASTS,INE488A01050,EQ,170.29
2026-09-04,CHENNPETRO,INE178A01016,EQ,1452.2
2026-09-04,CHEVIOT,INE974B01016,EQ,1159.4
2026-09-04,CHOICEIN,INE102B01014,EQ,760.95
2026-09-04,CHOLAHLDNG,INE149A01033,EQ,1525.7
2026-09-04,CHOLAFIN,INE121A01024,EQ,1839.0
2026-09-04,CIEINDIA,INE536H01010,EQ,385.35
2026-09-04,CINELINE,INE704H01022,EQ,95.23
2026-09-04,CINEVISTA,INE039B01026,EQ,14.24
2026-09-04,CIPLA,INE059A01026,EQ,1385.0
2026-09-04,CUB,INE491A01021,EQ,236.01
2026-09-04,CLEDUCATE,INE201M01029,BE,58.08
2026-09-04,CLEANMAX,INE647U01026,EQ,1347.9
2026-09-04,CLEAN,INE227W01023,EQ,836.15
2026-09-04,CMRGREEN,INE00WV01027,EQ,228.34
2026-09-04,CMSINFO,INE925R01014,EQ,243.46
2026-09-04,COALINDIA,INE522F01014,EQ,415.35
2026-09-04,COASTCORP,INE377E01024,EQ,41.88
2026-09-04,COCHINSHIP,INE704P01025,EQ,1499.1
2026-09-04,COFFEEDAY,INE335K01011,BE,32.86
2026-09-04,COFORGE,INE591G01025,EQ,1972.8
2026-09-04,COHANCE,INE03QK01018,EQ,456.6
2026-09-04,COLPAL,INE259A01022,EQ,1829.2
2026-09-04,COMFINTE,INE819A01049,EQ,6.21
2026-09-04,COMSYN,INE073V01015,EQ,301.3
2026-09-04,COMPEAU,INE823B01015,EQ,371.8
2026-09-04,COMPINFO,INE070C01037,BZ,1.09
2026-09-04,COMPUSOFT,INE453B01029,EQ,13.02
2026-09-04,CAMS,INE596I01020,EQ,748.8
2026-09-04,CONCORDBIO,INE338H01029,EQ,1417.1
2026-09-04,CEWATER,INE037Z01029,EQ,262.55
2026-09-04,CFEL,INE700F01024,EQ,32.48
2026-09-04,CONFIPET,INE552D01024,EQ,82.48
2026-09-04,CCCL,INE429I01024,EQ,14.27
2026-09-04,CONSOFINVT,INE025A01027,BE,288.3
2026-09-04,CONCOR,INE111A01025,EQ,508.0
2026-09-04,CONTROLPR,INE663B01015,EQ,593.35
2026-09-04,CORALFINAC,INE558D01021,EQ,33.47
2026-09-04,CORDSCABLE,INE792I01017,EQ,317.0
2026-09-04,COROMANDEL,INE169A01031,EQ,1938.8
2026-09-04,CORONA,INE02ZQ01018,EQ,2100.1
2026-09-04,COSMOFIRST,INE757A01017,EQ,919.85
2026-09-04,CCHHL,INE652F01027,EQ,12.61
2026-09-04,COUNCODOS,INE695B01025,BE,6.45
2026-09-04,CPCAP,INE521J01018,EQ,128.33
2026-09-04,CRAFTSMAN,INE00LO01017,EQ,11398.0
2026-09-04,CRAVATEX,INE145E01017,EQ,329.5
2026-09-04,CREATIVEYE,INE230B01021,EQ,6.19
2026-09-04,CNL,INE985W01018,EQ,1215.5
2026-09-04,CREDITACC,INE741K01010,EQ,1443.1
2026-09-04,MUFTI,INE220Q01020,EQ,75.23
2026-09-04,CRSL,INE716D01033,BE,2.73
2026-09-04,CREST,INE559D01011,EQ,359.0
2026-09-04,CRISIL,INE007A01025,EQ,4802.0
2026-09-04,CRIZAC,INE0S4R01014,EQ,160.29
2026-09-04,CROMPTON,INE299U01018,EQ,232.4
2026-09-04,CROWN,INE491V01019,EQ,112.84
2026-09-04,CSBBANK,INE679A01013,EQ,328.55
2026-09-04,CSLFINANCE,INE718F01018,EQ,251.77
2026-09-04,CSM,INE0ZK601013,EQ,94.36
2026-09-04,CUBEXTUB,INE144D01012,EQ,76.8
2026-09-04,CUMMINSIND,INE298A01020,EQ,5035.0
2026-09-04,CUPID,INE509F01029,EQ,283.15
2026-09-04,CURAA,INE117B01020,EQ,72.46
2026-09-04,CYBERMEDIA,INE278G01037,EQ,26.4
2026-09-04,CYBERTECH,INE214A01019,BE,133.36
2026-09-04,CYIENTDLM,INE055S01018,EQ,856.95
2026-09-04,CYIENT,INE136B01020,EQ,1101.8
2026-09-04,DPWIRES,INE864X01013,BE,154.62
2026-09-04,DLINKINDIA,INE250K01012,EQ,451.15
2026-09-04,DPABHUSHAN,INE266Y01019,EQ,1414.2
2026-09-04,DBCORP,INE950I01011,EQ,195.65
2026-09-04,DABUR,INE016A01026,EQ,380.9
2026-09-04,DAICHI,INE928C01010,EQ,364.8
2026-09-04,DALBHARAT,INE00R701025,EQ,1749.3
2026-09-04,DALMIASUG,INE495A01022,EQ,438.55
2026-09-04,DAMCAPITAL,INE284H01025,EQ,144.9
2026-09-04,DAMODARIND,INE497D01022,BE,28.45
2026-09-04,DANGEE,INE688Y01022,EQ,2.94
2026-09-04,DATAPATTNS,INE0IX101010,EQ,4585.0
2026-09-04,DATAMATICS,INE365B01017,EQ,764.9
2026-09-04,DAVANGERE,INE179G01029,EQ,1.96
2026-09-04,DBSTOCKBRO,INE921B01025,BE,28.63
2026-09-04,DCI,INE0A1101019,EQ,350.55
2026-09-04,DCBBANK,INE503A01015,EQ,220.74
2026-09-04,DCMFINSERV,INE891B01012,EQ,5.2
2026-09-04,DCM,INE498A01018,BE,77.01
2026-09-04,DCMNVL,INE08KP01019,EQ,184.96
2026-09-04,DSFCL,INE0OFM01015,BE,25.81
2026-09-04,DCMSRIND,INE843D01027,EQ,44.91
2026-09-04,DCMSIL,INE0OU201013,EQ,68.76
2026-09-04,DCMSHRIRAM,INE499A01024,EQ,1020.9
2026-09-04,DCW,INE500A01029,EQ,45.98
2026-09-04,DCXINDIA,INE0KL801015,EQ,168.83
2026-09-04,DDEVPLSTIK,INE0HR601026,EQ,273.0
2026-09-04,DENORA,INE244A01016,EQ,812.3
2026-09-04,DECCANCE,INE583C01021,EQ,569.75
2026-09-04,DECNGOLD,INE945F01025,EQ,213.87
2026-09-04,DEEDEV,INE841L01016,EQ,658.25
2026-09-04,DEEPINDS,INE0FHS01024,EQ,786.45
2026-09-04,DEEP,INE00IY01012,EQ,35.0
2026-09-04,DBEIL,INE0OPA01027,BE,6.43
2026-09-04,DEEPAKFERT,INE501A01019,EQ,1362.1
2026-09-04,DEEPAKNTR,INE288B01029,EQ,1712.4
2026-09-04,DELHIVERY,INE148O01028,EQ,457.9
2026-09-04,DELPHIFX,INE726L01027,BE,6.04
2026-09-04,DELTACORP,INE124G01033,EQ,56.12
2026-09-04,DELTAMAGNT,INE393A01011,EQ,58.4
2026-09-04,DEN,INE947J01015,EQ,27.97
2026-09-04,DENTA,INE0R4L01018,EQ,275.35
2026-09-04,DEVX,INE0VOV01021,EQ,33.29
2026-09-04,DEVIT,INE060X01034,EQ,24.21
2026-09-04,DEVYANI,INE872J01023,EQ,139.28
2026-09-04,DHABRIYA,INE260R01016,BE,503.45
2026-09-04,DBOL,INE0I3401014,EQ,124.99
2026-09-04,DHAMPURSUG,INE041A01016,EQ,167.59
2026-09-04,DHANBANK,INE680A01011,EQ,31.86
2026-09-04,DHANUKA,INE435G01025,EQ,1010.65
2026-09-04,DHARAN,INE278R01034,BZ,0.13
2026-09-04,DHARMAJ,INE00OQ01016,EQ,270.05
2026-09-04,DHATRE,INE715T01031,EQ,4.33
2026-09-04,DHOOTTRANS,INE01NH01023,EQ,1615.7
2026-09-04,DHRUV,INE506Z01015,EQ,22.32
2026-09-04,DHUNINV,INE320L01011,EQ,1019.15
2026-09-04,DTIL,INE341R01014,BE,150.64
2026-09-04,DVL,INE477B01010,EQ,290.05
2026-09-04,DIAMINESQ,INE591D01014,EQ,240.99
2026-09-04,DIACABS,INE989C01038,BE,331.8
2026-09-04,DICIND,INE303A01010,EQ,618.6
2026-09-04,DIFFNKG,INE184O01015,EQ,474.9
2026-09-04,DGCONTENT,INE03JI01017,EQ,24.83
2026-09-04,DIGIDRIVE,INE0PSC01024,EQ,17.65
2026-09-04,DIGISPICE,INE927C01020,EQ,16.98
2026-09-04,DIGITIDE,INE0U4701011,EQ,97.01
2026-09-04,DIGJAMLMTD,INE731U01028,EQ,49.96
2026-09-04,DNAMEDIA,INE016M01021,EQ,2.63
2026-09-04,DBL,INE917M01012,EQ,401.0
2026-09-04,DISAQ,INE131C01011,EQ,11990.0
2026-09-04,DISHTV,INE836F01026,EQ,2.57
2026-09-04,DCAL,INE385W01011,EQ,174.38
2026-09-04,DIVGIITTS,INE753U01022,EQ,1235.8
2026-09-04,DIVISLAB,INE361B01024,EQ,9100.0
2026-09-04,DIXON,INE935N01020,EQ,14240.0
2026-09-04,DJML,INE0B1K01014,EQ,75.64
2026-09-04,DLF,INE271C01023,EQ,681.9
2026-09-04,DMCC,INE505A01010,EQ,293.35
2026-09-04,DODLA,INE021O01019,EQ,1066.8
2026-09-04,DOLATALGO,INE966A01022,EQ,70.91
2026-09-04,DOLLAR,INE325C01035,EQ,264.25
2026-09-04,DOLPHIN,INE920A01037,EQ,674.0
2026-09-04,DOMS,INE321T01012,EQ,2208.7
2026-09-04,DONEAR,INE668D01028,EQ,92.25
2026-09-04,DPSCLTD,INE360C01024,BE,7.09
2026-09-04,AGARWALEYE,INE943P01029,EQ,514.1
2026-09-04,DRAGARWQ,INE934C01018,EQ,5422.5
2026-09-04,LALPATHLAB,INE600L01024,EQ,1877.5
2026-09-04,DRREDDY,INE089A01031,EQ,1151.0
2026-09-04,DRCSYSTEMS,INE03RS01027,EQ,13.64
2026-09-04,DREAMFOLKS,INE0JS101016,EQ,66.93
2026-09-04,DREDGECORP,INE506A01018,EQ,1087.7
2026-09-04,KEEPLEARN,INE055C01020,EQ,1.87
2026-09-04,DUCON,INE741L01018,EQ,1.92
2026-09-04,DWARKESH,INE366A01041,EQ,47.31
2026-09-04,DSSL,INE417B01040,EQ,1053.1
2026-09-04,DYNAMATECH,INE221B01012,EQ,11654.0
2026-09-04,DYCL,INE600Y01019,EQ,487.9
2026-09-04,DYNPRO,INE256H01015,EQ,236.06
2026-09-04,E2E,INE255Z01027,BE,601.55
2026-09-04,EASTWEST,INE595R01023,EQ,2.36
2026-09-04,EASTSILK,INE962C01035,BE,61.0
2026-09-04,EASEMYTRIP,INE07O001026,EQ,6.0
2026-09-04,EBIX,INE432F01032,BE,20.28
2026-09-04,ECLERX,INE738I01010,EQ,1905.7
2026-09-04,ECORECO,INE316A01038,EQ,459.35
2026-09-04,ECOSMOBLTY,INE06HJ01020,EQ,113.54
2026-09-04,EDELWEISS,INE532F01054,EQ,136.08
2026-09-04,EFCIL,INE886D01026,EQ,193.24
2026-09-04,EICHERMOT,INE066A01021,EQ,7630.5
2026-09-04,EIDPARRY,INE126A01031,EQ,781.35
2026-09-04,EIHAHOTELS,INE276C01014,EQ,297.65
2026-09-04,EIHOTEL,INE230A01023,EQ,291.9
2026-09-04,EIMCOELECO,INE158B01016,EQ,2254.4
2026-09-04,EKI,INE0CPR01018,EQ,74.13
2026-09-04,ELANTAS,INE280B01018,EQ,12219.0
2026-09-04,ELCIDIN,INE927X01018,EQ,107590.0
2026-09-04,ELDEHSG,INE668G01021,EQ,789.1
2026-09-04,ELECON,INE205B01031,EQ,433.75
2026-09-04,EMIL,INE02YR01019,EQ,173.74
2026-09-04,ELECTCAST,INE086A01029,EQ,83.71
2026-09-04,ELECTHERM,INE822G01016,EQ,980.9
2026-09-04,ELGIEQUIP,INE285A01027,EQ,642.1
2026-09-04,ELGIRUBCO,INE819L01012,EQ,58.69
2026-09-04,ELIN,INE050401020,EQ,95.4
2026-09-04,ELITECON,INE669R01026,EQ,8.68
2026-09-04,ELLEN,INE236E01022,EQ,331.85
2026-09-04,ELPROINTL,INE579B01039,EQ,174.0
2026-09-04,EMAMILTD,INE548C01032,EQ,366.05
2026-09-04,EMAMIPAP,INE830C01026,BE,115.92
2026-09-04,EMAMIREAL,INE778K01012,EQ,66.74
2026-09-04,EMBDL,INE069I01010,EQ,57.53
2026-09-04,EMCURE,INE168P01015,EQ,1927.6
2026-09-04,EMKAY,INE296H01011,EQ,267.25
2026-09-04,EMMBI,INE753K01015,BE,91.0
2026-09-04,EMMVEE,INE1C6T01020,EQ,325.2
2026-09-04,EMPIND,INE515H01014,EQ,1195.6
2026-09-04,EMPOWER,INE507F01023,EQ,1.84
2026-09-04,EMSLIMITED,INE0OV601013,EQ,383.05
2026-09-04,EMUDHRA,INE01QM01018,EQ,524.8
2026-09-04,ENDURANCE,INE913H01037,EQ,2782.8
2026-09-04,ENERGYDEV,INE306C01019,EQ,15.49
2026-09-04,ENGINERSIN,INE510A01028,EQ,279.45
2026-09-04,ENKEIWHEL,INE130L01014,EQ,389.8
2026-09-04,ENTERO,INE010601016,EQ,1827.6
2026-09-04,ENIL,INE265F01028,EQ,102.65
2026-09-04,EIEL,INE0LLY01014,EQ,199.17
2026-09-04,EPACK,INE0G5901015,EQ,189.27
2026-09-04,EPACKPEB,INE0MLS01022,EQ,231.11
2026-09-04,EPIGRAL,INE071N01016,EQ,1219.7
2026-09-04,EPL,INE255A01020,EQ,247.1
2026-09-04,EQUIPPP,INE217G01035,BE,22.75
2026-09-04,EQUITASBNK,INE063P01018,EQ,72.95
2026-09-04,ERIS,INE406M01024,EQ,1321.7
2026-09-04,ESABINDIA,INE284A01012,EQ,6067.5
2026-09-04,ESAFSFB,INE818W01011,BE,41.41
2026-09-04,ESCORTS,INE042A01014,EQ,2968.8
2026-09-04,ESDS,INE0DRI01029,EQ,908.4
2026-09-04,ESSARSHPNG,INE122M01019,EQ,17.09
2026-09-04,ESTER,INE778B01029,EQ,93.57
2026-09-04,ETERNAL,INE758T01015,EQ,322.75
2026-09-04,ETHOSLTD,INE04TZ01018,EQ,2792.8
2026-09-04,EUREKAFORB,INE0KCE01017,EQ,423.75
2026-09-04,EIFFL,INE546V01010,BE,273.05
2026-09-04,EUROBOND,INE505V01016,EQ,151.0
2026-09-04,EUROPRATIK,INE198501012,EQ,263.75
2026-09-04,EUROTEXIND,INE022C01012,BE,13.73
2026-09-04,EVEREADY,INE128A01029,EQ,317.9
2026-09-04,EVERESTIND,INE295A01018,BE,423.9
2026-09-04,EKC,INE184H01027,EQ,106.42
2026-09-04,EXCELINDUS,INE369A01029,EQ,1031.4
2026-09-04,EXCELSOFT,INE606N01019,EQ,70.23
2026-09-04,EXICOM,INE777F01014,EQ,177.85
2026-09-04,EXIDEIND,INE302A01020,EQ,424.35
2026-09-04,EXPLEOSOL,INE201K01015,EQ,899.0
2026-09-04,EXXARO,INE0GFE01026,EQ,6.59
2026-09-04,FABTECH,INE0HF201011,EQ,150.2
2026-09-04,FACT,INE188A01015,EQ,801.4
2026-09-04,FAIRCHEMOR,INE0DNW01011,BE,660.25
2026-09-04,FAZE3Q,INE963C01033,EQ,493.95
2026-09-04,FCSSOFT,INE512B01022,EQ,1.45
2026-09-04,FDC,INE258B01022,EQ,342.8
2026-09-04,FEDFINA,INE007N01010,EQ,161.56
2026-09-04,FEDDERSHOL,INE417D01020,EQ,47.28
2026-09-04,FEDERALBNK,INE171A01029,EQ,343.0
2026-09-04,FMGOETZE,INE529A01010,EQ,501.45
2026-09-04,FERMENTA,INE225B01021,EQ,498.5
2026-09-04,FIBERWEB,INE296C01020,EQ,25.75
2026-09-04,FIEMIND,INE737H01014,EQ,2085.8
2026-09-04,FILATFASH,INE185E01021,EQ,0.18
2026-09-04,FILATEX,INE816B01035,EQ,77.72
2026-09-04,FINEORG,INE686Y01026,EQ,5152.0
2026-09-04,FCL,INE045J01034,EQ,51.51
2026-09-04,FINKURVE,INE734I01027,EQ,72.31
2026-09-04,FINOPB,INE02NC01014,EQ,139.33
2026-09-04,FINCABLES,INE235A01022,EQ,1220.2
2026-09-04,FINPIPE,INE183A01024,EQ,158.63
2026-09-04,FSL,INE684F01012,EQ,264.4
2026-09-04,FISCHER,INE771F01041,EQ,36.04
2026-09-04,FIVESTAR,INE128S01021,EQ,523.05
2026-09-04,FLAIR,INE00Y201027,EQ,243.71
2026-09-04,FLEXITUFF,INE060J01017,BE,2.29
2026-09-04,FOCUS,INE593W01028,BE,63.37
2026-09-04,FOODSIN,INE976E01023,EQ,57.37
2026-09-04,FORCEMOT,INE451A01017,EQ,17500.0
2026-09-04,FORTIS,INE061F01013,EQ,905.0
2026-09-04,FOSECOIND,INE519A01011,EQ,6263.0
2026-09-04,FRACTAL,INE212S01015,EQ,825.45
2026-09-04,FREDUN,INE194R01017,EQ,1470.7
2026-09-04,FRONTSP,INE572D01014,EQ,1291.8
2026-09-04,NYKAA,INE388Y01029,EQ,332.5
2026-09-04,UTLSOLAR,INE12UR01024,EQ,429.75
2026-09-04,FUSION,INE139R01012,EQ,203.19
2026-09-04,FLFL,INE452O01016,BZ,1.25
2026-09-04,FEL,INE623B01027,BZ,0.38
2026-09-04,FMNL,INE360L01017,EQ,10.1
2026-09-04,GMBREW,INE075D01018,EQ,919.85
2026-09-04,GRINFRA,INE201P01022,EQ,869.1
2026-09-04,GTECJAINX,INE586X01012,BE,29.27
2026-09-04,GABRIEL,INE524A01029,EQ,1353.2
2026-09-04,GATECH,INE224E01028,BE,0.91
2026-09-04,GATECHDVR,INE224E01036,BE,0.48
2026-09-04,GAIL,INE129A01019,EQ,173.4
2026-09-04,GAJA,INE18UN01038,EQ,161.1
2026-09-04,GALAPREC,INE0RE001014,EQ,1024.0
2026-09-04,GALAXYSURF,INE600K01018,EQ,2165.0
2026-09-04,GALLANTT,INE297H01019,EQ,574.0
2026-09-04,GANDHAR,INE717W01049,EQ,267.6
2026-09-04,GANDHITUBE,INE524B01027,EQ,900.15
2026-09-04,GANESHBE,INE388A01029,BE,123.23
2026-09-04,GANESHCP,INE652V01016,EQ,174.46
2026-09-04,GANESHHOU,INE460C01014,EQ,758.95
2026-09-04,GANECOS,INE845D01014,EQ,999.9
2026-09-04,GANGAFORGE,INE691Z01023,EQ,1.68
2026-09-04,GANGESSECU,INE335W01016,EQ,118.71
2026-09-04,GRSE,INE382Z01011,EQ,2533.2
2026-09-04,GARUDA,INE0JVO01026,EQ,178.73
2026-09-04,GRWRHITECH,INE291A01017,EQ,7086.5
2026-09-04,GARFIBRES,INE276A01018,EQ,800.55
2026-09-04,GATEWAY,INE079J01017,EQ,54.69
2026-09-04,GAUDIUMIVF,INE0P8B01020,BE,116.43
2026-09-04,GAYAHWS,INE287Z01012,EQ,1.93
2026-09-04,GAYAPROJ,INE336H01023,EQ,21.76
2026-09-04,GVPIL,INE878A01011,EQ,649.6
2026-09-04,GVT&D,INE200A01026,EQ,4306.3
2026-09-04,GEECEE,INE916G01016,BE,366.2
2026-09-04,GEEKAYWIRE,INE669X01032,EQ,29.61
2026-09-04,GEMAROMA,INE06XZ01023,EQ,161.5
2026-09-04,GICRE,INE481Y01014,EQ,358.45
2026-09-04,GENCON,INE854S01022,EQ,44.63
2026-09-04,GENESYS,INE727B01026,EQ,230.88
2026-09-04,GENSOL,INE06H201014,BZ,17.28
2026-09-04,GENUSPAPER,INE949P01018,EQ,12.76
2026-09-04,GENUSPOWER,INE955D01029,EQ,337.8
2026-09-04,GEOJITFSL,INE007B01023,EQ,82.72
2026-09-04,GFLLIMITED,INE538A01037,EQ,62.81
2026-09-04,GHCL,INE539A01019,EQ,436.6
2026-09-04,GHCLTEXTIL,INE0PA801013,EQ,136.72
2026-09-04,GICHSGFIN,INE289B01019,EQ,140.45
2026-09-04,GILLANDERS,INE047B01011,EQ,103.19
2026-09-04,GILLETTE,INE322A01010,EQ,7312.5
2026-09-04,GINNIFILA,INE424C01010,BE,42.57
2026-09-04,GKENERGY,INE1AG301022,EQ,128.96
2026-09-04,GKB,INE265D01015,EQ,63.97
2026-09-04,GKWLIMITED,INE528A01020,EQ,1610.9
2026-09-04,GLAND,INE068V01023,EQ,2932.4
2026-09-04,GLAXO,INE159A01016,EQ,2958.1
2026-09-04,GLENMARK,INE935A01035,EQ,2437.2
2026-09-04,GLOBAL,INE291W01037,EQ,120.45
2026-09-04,MEDANTA,INE474Q01031,EQ,1469.8
2026-09-04,GSLSU,INE0JSX01015,EQ,28.37
2026-09-04,GLOBALVECT,INE792H01019,EQ,141.16
2026-09-04,GLOBALE,INE0URU01010,EQ,11.39
2026-09-04,GLOBECIVIL,INE0V3U01015,EQ,48.15
2026-09-04,GLOBE,INE581X01021,EQ,1.89
2026-09-04,GICL,INE947T01022,EQ,24.6
2026-09-04,GLOBUSSPR,INE615I01010,EQ,914.3
2026-09-04,GLOSTERLTD,INE350Z01018,EQ,596.5
2026-09-04,GLOTTIS,INE0TQE01026,EQ,62.1
2026-09-04,GMMPFAUDLR,INE541A01023,EQ,1147.9
2026-09-04,GMRAIRPORT,INE776C01039,EQ,97.45
2026-09-04,GMRP&UI,INE0CU601026,EQ,95.3
2026-09-04,GNA,INE934S01014,EQ,551.05
2026-09-04,EBGNG,INE18JU01028,EQ,601.25
2026-09-04,GODIGIT,INE03JT01014,EQ,258.3
2026-09-04,GOCOLORS,INE0BJS01011,EQ,326.65
2026-09-04,GOACARBON,INE426D01013,EQ,378.45
2026-09-04,GOCLCORP,INE077F01035,EQ,427.45
2026-09-04,GODAVARIB,INE497S01012,EQ,241.7
2026-09-04,GPIL,INE177H01039,EQ,240.67
2026-09-04,GODFRYPHLP,INE260B01028,EQ,2051.0
2026-09-04,GODREJAGRO,INE850D01014,EQ,644.85
2026-09-04,GODREJCP,INE102D01028,EQ,878.0
2026-09-04,GODREJIND,INE233A01035,EQ,1163.5
2026-09-04,GODREJPROP,INE484J01027,EQ,1982.0
2026-09-04,GOKEX,INE887G01027,EQ,789.2
2026-09-04,GOKULAGRO,INE314T01033,EQ,231.17
2026-09-04,GOKUL,INE020J01029,EQ,42.96
2026-09-04,GOLDENTOBC,INE973A01010,BZ,24.96
2026-09-04,GOLDIAM,INE025B01025,EQ,345.3
2026-09-04,GOODLUCK,INE127I01024,EQ,472.9
2026-09-04,GOODYEAR,INE533A01012,EQ,741.5
2026-09-04,GOPAL,INE0L9R01028,EQ,265.1
2026-09-04,GOYALALUM,INE705X01026,EQ,6.22
2026-09-04,GULFPETRO,INE586G01017,BE,65.91
2026-09-04,GPTHEALTH,INE486R01017,EQ,158.17
2026-09-04,GPTINFRA,INE390G01014,EQ,112.1
2026-09-04,GRADIENTE,INE361K01017,EQ,2.71
2026-09-04,GRANDOAK,INE926B01016,EQ,34.84
2026-09-04,GRANULES,INE101D01020,EQ,848.3
2026-09-04,GRAPHITE,INE371A01025,EQ,733.6
2026-09-04,GRASIM,INE047A01021,EQ,3322.0
2026-09-04,GRAUWEIL,INE266D01021,EQ,70.59
2026-09-04,GRAVISSHO,INE214F01026,EQ,29.4
2026-09-04,GRAVITA,INE024L01027,EQ,1661.6
2026-09-04,GREAVESCOT,INE224A01026,EQ,195.56
2026-09-04,GREENLAM,INE544R01021,EQ,242.62
2026-09-04,GREENPANEL,INE08ZM01014,EQ,158.32
2026-09-04,GREENPLY,INE461C01038,EQ,304.7
2026-09-04,GCSL,INE199P01028,EQ,595.15
2026-09-04,GRINDWELL,INE536A01023,EQ,1962.5
2026-09-04,GRMOVER,INE192H01020,EQ,87.53
2026-09-04,GRPLTD,INE137I01015,EQ,2013.0
2026-09-04,GSPCROP,INE713R01022,EQ,619.25
2026-09-04,GSS,INE871H01011,EQ,11.03
2026-09-04,GTLINFRA,INE221H01019,EQ,1.16
2026-09-04,GTL,INE043A01012,EQ,7.11
2026-09-04,GTPL,INE869I01013,EQ,58.67
2026-09-04,GUFICBIO,INE742B01025,EQ,444.9
2026-09-04,GIPCL,INE162A01010,EQ,205.18
2026-09-04,GNFC,INE113A01013,EQ,596.7
2026-09-04,GSFC,INE026A01025,EQ,162.88
2026-09-04,GUJAPOLLO,INE826C01016,EQ,355.95
2026-09-04,GUJALKALI,INE186A01019,EQ,721.6
2026-09-04,GAEL,INE036B01030,EQ,167.81
2026-09-04,GUJENERGY,INE844O01030,EQ,263.59
2026-09-04,FLUOROCHEM,INE09N301011,EQ,4554.0
2026-09-04,GKSL,INE0V0W01025,EQ,172.81
2026-09-04,GLFL,INE540A01017,EQ,5.8
2026-09-04,GMDCLTD,INE131A01031,EQ,562.95
2026-09-04,GNRL,INE207H01018,EQ,99.27
2026-09-04,GPPL,INE517F01014,EQ,161.62
2026-09-04,GUJRAFFIA,INE610B01024,EQ,41.0
2026-09-04,GUJTHEM,INE942C01045,EQ,411.35
2026-09-04,GULFOILLUB,INE635Q01029,EQ,1067.8
2026-09-04,GULPOLY,INE255D01024,EQ,186.01
2026-09-04,GVKPIL,INE251H01024,BE,2.08
2026-09-04,GVPTECH,INE382T01030,BE,8.05
2026-09-04,GYFTR,INE724A01017,EQ,182.54
2026-09-04,HBESD,INE640B01021,EQ,75.1
2026-09-04,HGINFRA,INE926X01010,EQ,482.0
2026-09-04,HALDER,INE115S01010,EQ,293.5
2026-09-04,HALDYNGL,INE506D01020,BE,147.7
2026-09-04,HALEOSLABS,INE320X01016,EQ,1451.3
2026-09-04,HAMPTON,INE299D01022,EQ,7.86
2026-09-04,HGM,INE596H01014,EQ,52.63
2026-09-04,HAPPSTMNDS,INE419U01012,EQ,354.0
2026-09-04,HAPPYFORGE,INE330T01021,EQ,2238.5
2026-09-04,HARDWYN,INE626Z01029,EQ,9.13
2026-09-04,HARIOMPIPE,INE00EV01017,EQ,359.2
2026-09-04,HRYNSHP,INE400G01011,EQ,101.36
2026-09-04,HARRMALAYA,INE544A01019,EQ,192.72
2026-09-04,HARSHA,INE0JUS01029,EQ,454.35
2026-09-04,HATHWAY,INE982F01036,EQ,10.52
2026-09-04,HATSUN,INE473B01035,EQ,1168.8
2026-09-04,HAVELLS,INE176B01034,EQ,1154.0
2026-09-04,HAWKINCOOK,INE979B01015,EQ,8406.5
2026-09-04,HAZOOR,INE550F01049,EQ,19.13
2026-09-04,HBPOR,INE638B01025,EQ,58.38
2026-09-04,HBSL,INE550B01022,EQ,54.91
2026-09-04,HBLENGINE,INE292B01021,EQ,695.75
2026-09-04,HCL-INSYS,INE236A01020,EQ,10.1
2026-09-04,HCLTECH,INE860A01027,EQ,1293.4
2026-09-04,HDBFS,INE756I01012,EQ,682.7
2026-09-04,HDFCAMC,INE127D01025,EQ,2458.3
2026-09-04,HDFCBANK,INE040A01034,EQ,712.1
2026-09-04,HDFCLIFE,INE795G01014,EQ,546.4
2026-09-04,HEADSUP,INE759V01019,EQ,7.21
2026-09-04,HEALTHX,INE019J01013,EQ,300.3
2026-09-04,HCG,INE075I01017,EQ,700.2
2026-09-04,HECPROJECT,INE558R01013,EQ,117.78
2026-09-04,HEG,INE545A01024,EQ,728.25
2026-09-04,HEIDELBERG,INE578A01017,EQ,160.17
2026-09-04,HEMIPROP,INE0AJG01018,EQ,126.55
2026-09-04,HERANBA,INE694N01015,EQ,173.83
2026-09-04,HERITGFOOD,INE978A01027,EQ,382.35
2026-09-04,HEROMOTOCO,INE158A01026,EQ,5300.0
2026-09-04,HESTERBIO,INE782E01017,EQ,2405.4
2026-09-04,HEXATRADEX,INE750M01017,EQ,157.65
2026-09-04,HEXAGON,INE0JUI01012,BE,67.23
2026-09-04,HEXT,INE093A01041,EQ,528.6
2026-09-04,HFCL,INE548A01028,BE,231.44
2026-09-04,HITECH,INE106T01025,EQ,75.77
2026-09-04,HILINFRA,INE00RL01028,EQ,44.45
2026-09-04,HIKAL,INE475B01022,EQ,222.3
2026-09-04,HILTON,INE788H01017,EQ,18.63
2026-09-04,HSCL,INE019C01026,EQ,671.05
2026-09-04,HIMATSEIDE,INE049A01027,EQ,71.51
2026-09-04,HINDALUMI,INE227B01019,EQ,97.43
2026-09-04,HINDALCO,INE038A01020,EQ,1011.0
2026-09-04,HINDCON,INE642Y01029,EQ,23.9
2026-09-04,HPIL,INE05X901010,EQ,123.75
2026-09-04,HGS,INE170I01016,EQ,399.25
2026-09-04,HINDADH,INE074C01013,EQ,370.9
2026-09-04,HAL,INE066F01020,EQ,4856.0
2026-09-04,HINDCOMPOS,INE310C01029,EQ,394.85
2026-09-04,HCC,INE549A01026,EQ,22.98
2026-09-04,HINDCOPPER,INE531E01026,EQ,521.65
2026-09-04,HNDFDS,INE254N01026,EQ,615.05
2026-09-04,HMVL,INE871K01015,BE,84.28
2026-09-04,HINDOILEXP,INE345A01011,EQ,185.0
2026-09-04,HINDPETRO,INE094A01015,EQ,356.5
2026-09-04,HINDUNILVR,INE030A01027,EQ,1973.4
2026-09-04,HINDZINC,INE267A01025,EQ,601.0
2026-09-04,HINDWAREAP,INE05AN01011,EQ,182.61
2026-09-04,HIRECT,INE835D01023,EQ,1222.4
2026-09-04,HISARMETAL,INE598C01011,EQ,162.19
2026-09-04,POWERINDIA,INE07Y701011,EQ,31650.0
2026-09-04,HITECHCORP,INE120D01012,BE,337.0
2026-09-04,HLEGLAS,INE461D01028,EQ,333.65
2026-09-04,HLVLTD,INE102A01024,EQ,6.48
2026-09-04,HMAAGRO,INE0ECP01024,EQ,20.84
2026-09-04,HMT,INE262A01018,BZ,66.91
2026-09-04,HOMEFIRST,INE481N01025,EQ,1210.1
2026-09-04,HONASA,INE0J5401028,EQ,471.05
2026-09-04,HONDAPOWER,INE634A01018,EQ,2024.6
2026-09-04,HONAUT,INE671A01010,EQ,35655.0
2026-09-04,HORIZONIND,INE685T01010,EQ,55.13
2026-09-04,HDIL,INE191I01012,BZ,1.47
2026-09-04,HPAL,INE0GSL01024,EQ,35.58
2026-09-04,HPL,INE495S01016,EQ,304.15
2026-09-04,HUDCO,INE031A01017,EQ,180.52
2026-09-04,HTMEDIA,INE501G01024,EQ,26.12
2026-09-04,HUBTOWN,INE703H01016,EQ,189.26
2026-09-04,HUHTAMAKI,INE275B01026,EQ,255.0
2026-09-04,HTEL,INE0LEG01024,BE,73.65
2026-09-04,HYBRIDFIN,INE965B01022,BE,16.67
2026-09-04,HYUNDAI,INE0V6F01027,EQ,2205.0
2026-09-04,IGPL,INE204A01010,EQ,567.4
2026-09-04,ISTLTD,INE684B01029,EQ,654.55
2026-09-04,ICDSLTD,INE613B01010,EQ,71.45
2026-09-04,ICEMAKE,INE520Y01019,EQ,738.6
2026-09-04,ICICIBANK,INE090A01021,EQ,1423.2
2026-09-04,ICICIGI,INE765G01017,EQ,1510.0
2026-09-04,ICICIPRULI,INE726G01019,EQ,494.55
2026-09-04,ICICIAMC,INE346A01027,EQ,2970.9
2026-09-04,ICRA,INE725G01011,EQ,4884.5
2026-09-04,IDBI,INE008A01015,EQ,90.63
2026-09-04,IDEAFORGE,INE349Y01013,EQ,777.05
2026-09-04,IDFCFIRSTB,INE092T01019,EQ,86.71
2026-09-04,IFBAGRO,INE076C01018,EQ,903.3
2026-09-04,IFBIND,INE559A01017,EQ,1305.7
2026-09-04,IFCI,INE039A01010,EQ,101.38
2026-09-04,IFGLEXPOR,INE133Y01011,EQ,204.69
2026-09-04,IGARASHI,INE188B01013,EQ,422.75
2026-09-04,IIFLCAPS,INE489L01022,EQ,341.2
2026-09-04,IIFL,INE530B01024,EQ,651.15
2026-09-04,IKIO,INE0LOJ01019,EQ,212.34
2026-09-04,IL&FSENGG,INE369I01014,BZ,36.75
2026-09-04,IVC,INE050B01023,EQ,10.24
2026-09-04,IL&FSTRANS,INE975G01012,BZ,2.06
2026-09-04,IMAGICAA,INE172N01012,EQ,55.38
2026-09-04,IMPEXFERRO,INE691G01015,BZ,4.72
2026-09-04,INCREDIBLE,INE452L01012,EQ,32.54
2026-09-04,IMPAL,INE547E01014,EQ,1114.6
2026-09-04,INDSWFTLAB,INE915B01019,EQ,355.95
2026-09-04,INDTERRAIN,INE611L01021,EQ,30.42
2026-09-04,INDBANK,INE841B01017,EQ,28.58
2026-09-04,BAJAJINDEF,INE0O9T01021,EQ,222.69
2026-09-04,INDGN,INE065X01017,EQ,601.5
2026-09-04,INDIAGLYCO,INE560A01023,BE,260.4
2026-09-04,INDNIPPON,INE092B01025,EQ,1158.2
2026-09-04,IPL,INE0D6701023,EQ,138.34
2026-09-04,INDIASHLTR,INE922K01024,EQ,677.1
2026-09-04,ITDC,INE353K01014,EQ,644.35
2026-09-04,IBULLSLTD,INE126M01010,EQ,25.67
2026-09-04,INDIAMART,INE933S01016,EQ,1726.4
2026-09-04,INDIANB,INE562A01011,EQ,879.7
2026-09-04,INDIANCARD,INE061A01014,EQ,219.97
2026-09-04,IEX,INE022Q01020,EQ,118.91
2026-09-04,INDIANHUME,INE323C01030,EQ,387.8
2026-09-04,IMFA,INE919H01018,EQ,1288.4
2026-09-04,IOC,INE242A01010,EQ,137.6
2026-09-04,IOB,INE565A01014,EQ,33.55
2026-09-04,IRCTC,INE335Y01020,EQ,476.05
2026-09-04,IRFC,INE053F01010,EQ,83.4
2026-09-04,IREDA,INE202E01016,EQ,113.64
2026-09-04,IWP,INE586E01020,EQ,34.38
2026-09-04,INDIGOPNTS,INE09VQ01012,EQ,1185.8
2026-09-04,INDIQUBE,INE06ST01018,EQ,194.54
2026-09-04,INDOAMIN,INE760F01028,BE,125.96
2026-09-04,INDOBORAX,INE803D01021,EQ,514.9
2026-09-04,ICIL,INE483B01026,EQ,449.8
2026-09-04,INDOFARM,INE622H01018,EQ,134.03
2026-09-04,INDORAMA,INE156A01020,EQ,72.96
2026-09-04,INDOTECH,INE332H01014,EQ,3663.1
2026-09-04,INDOTHAI,INE337M01021,EQ,35.75
2026-09-04,INDOUS,INE250Z01010,EQ,77.48
2026-09-04,INDOMIM,INE084101034,EQ,971.5
2026-09-04,NIPPOBATRY,INE567A01028,EQ,331.75
2026-09-04,INDOCO,INE873D01024,EQ,262.51
2026-09-04,IGCL,INE05J901018,EQ,72.89
2026-09-04,INDOKEM,INE716F01012,EQ,625.55
2026-09-04,WAAREEINDO,INE866K01023,EQ,272.0
2026-09-04,INDOSTAR,INE896L01010,EQ,258.66
2026-09-04,INDOWIND,INE227G01018,EQ,9.02
2026-09-04,IGL,INE203G01027,EQ,158.04
2026-09-04,INDRAMEDCO,INE681B01017,EQ,349.7
2026-09-04,INDUSTOWER,INE121J01017,EQ,376.8
2026-09-04,INDUSINDBK,INE095A01012,EQ,1008.5
2026-09-04,INDPRUD,INE620D01011,EQ,6305.0
2026-09-04,IITL,INE886A01014,EQ,146.4
2026-09-04,NAUKRI,INE663F01032,EQ,1319.8
2026-09-04,INFOBEAN,INE344S01016,EQ,162.08
2026-09-04,INFOMEDIA,INE669A01022,EQ,5.35
2026-09-04,INFY,INE009A01021,EQ,1130.0
2026-09-04,INGERRAND,INE177A01018,EQ,4844.7
2026-09-04,INNOVACAP,INE0DUT01020,EQ,1175.4
2026-09-04,INNOVANA,INE403Y01018,EQ,305.2
2026-09-04,INNOVISION,INE0ADB01012,EQ,254.9
2026-09-04,INOXGREEN,INE510W01014,EQ,175.1
2026-09-04,INOXINDIA,INE616N01034,EQ,2247.8
2026-09-04,INOXWIND,INE066P01011,EQ,74.4
2026-09-04,INSECTICID,INE070I01018,EQ,618.45
2026-09-04,INA,INE0LGX01024,EQ,90.24
2026-09-04,INSPIRISYS,INE020G01017,EQ,89.53
2026-09-04,ESSENTIA,INE418N01035,EQ,1.05
2026-09-04,INTELLECT,INE306R01017,EQ,686.65
2026-09-04,INTENTECH,INE781A01025,EQ,82.25
2026-09-04,INTERARCH,INE00M901018,EQ,1707.0
2026-09-04,INDIGO,INE646L01027,EQ,4977.0
2026-09-04,INTLCONV,INE575C01027,EQ,81.18
2026-09-04,IGIL,INE0Q9301021,EQ,323.5
2026-09-04,ISFT,INE566K01011,EQ,81.61
2026-09-04,INVENTURE,INE878H01024,EQ,0.93
2026-09-04,IKS,INE115Q01022,EQ,1759.9
2026-09-04,INVPRECQ,INE155E01016,BE,1273.6
2026-09-04,IOLCP,INE485C01029,EQ,199.95
2026-09-04,IONEXCHANG,INE570A01022,EQ,409.2
2026-09-04,IPRINGLTD,INE558A01019,EQ,159.99
2026-09-04,IPCALAB,INE571A01038,EQ,1965.3
2026-09-04,IRB,INE821I01022,EQ,19.65
2026-09-04,IRCON,INE962Y01021,EQ,119.25
2026-09-04,IRISDOREME,INE01GN01025,EQ,63.58
2026-09-04,IRIS,INE864K01010,EQ,265.92
2026-09-04,IRMENERGY,INE07U701015,EQ,281.4
2026-09-04,ISGEC,INE858B01029,EQ,787.35
2026-09-04,ISHANCH,INE561M01018,EQ,44.29
2026-09-04,ITCHOTELS,INE379A01028,EQ,161.23
2026-09-04,ITC,INE154A01025,EQ,264.1
2026-09-04,ITI,INE248A01017,EQ,272.5
2026-09-04,ITL,INE478D01014,EQ,364.55
2026-09-04,IVALUE,INE056801025,EQ,230.26
2026-09-04,IVP,INE043C01018,BE,203.34
2026-09-04,IZMO,INE848A01014,EQ,902.45
2026-09-04,J&KBANK,INE168A01041,EQ,150.02
2026-09-04,JGCHEM,INE0MB501011,EQ,598.15
2026-09-04,JAGRAN,INE199G01027,EQ,60.98
2026-09-04,JAGSNPHARM,INE048B01035,EQ,242.06
2026-09-04,JAIBALAJI,INE091G01026,EQ,69.73
2026-09-04,JAICORPLTD,INE070D01027,EQ,99.52
2026-09-04,JISLJALEQS,INE175A01038,EQ,30.87
2026-09-04,JAINREC,INE0YD401026,EQ,277.95
2026-09-04,JPPOWER,INE351F01018,EQ,16.29
2026-09-04,JAMNAAUTO,INE039C01032,EQ,120.69
2026-09-04,JSFB,INE953L01027,EQ,535.1
2026-09-04,JARO,INE00YJ01010,EQ,445.65
2026-09-04,JASH,INE039O01029,EQ,478.5
2026-09-04,JAYBARMARU,INE571B01036,EQ,122.29
2026-09-04,JAYAGROGN,INE785A01026,EQ,230.6
2026-09-04,JAYNECOIND,INE854B01010,EQ,89.04
2026-09-04,JAYKAY,INE903A01025,EQ,153.69
2026-09-04,JAYSREETEA,INE364A01020,EQ,98.95
2026-09-04,JBMA,INE927D01051,EQ,625.6
2026-09-04,JSLL,INE0J5801029,EQ,516.3
2026-09-04,JENBURPH,INE354A01013,EQ,1038.8
2026-09-04,JETFREIGHT,INE982V01025,EQ,21.18
2026-09-04,JHS,INE544H01014,EQ,7.89
2026-09-04,RETAIL,INE03DD01011,EQ,17.24
2026-09-04,JPOLYINVST,INE147P01019,EQ,997.45
2026-09-04,JINDRILL,INE742C01031,EQ,663.05
2026-09-04,JINDALPHOT,INE796G01012,EQ,1021.2
2026-09-04,JINDALPOLY,INE197D01010,EQ,672.35
2026-09-04,JINDALSAW,INE324A01032,EQ,305.3
2026-09-04,JSL,INE220G01021,EQ,737.85
2026-09-04,JINDALSTEL,INE749A01030,EQ,1165.0
2026-09-04,JINDWORLD,INE247D01039,EQ,57.51
2026-09-04,JKIPL,INE1FF001016,EQ,100.56
2026-09-04,JIOFIN,INE758E01017,EQ,239.5
2026-09-04,JITFINFRA,INE863T01013,EQ,304.5
2026-09-04,JKCEMENT,INE823G01014,EQ,5083.5
2026-09-04,JKLAKSHMI,INE786A01032,EQ,515.7
2026-09-04,JKPAPER,INE789E01012,EQ,405.8
2026-09-04,JKTYRE,INE573A01042,EQ,367.35
2026-09-04,JKIL,INE576I01022,EQ,487.35
2026-09-04,JMFINANCIL,INE780C01023,EQ,132.06
2026-09-04,JNKINDIA,INE0OAF01028,EQ,445.05
2026-09-04,JOCIL,INE839G01010,BE,154.3
2026-09-04,COCKERILL,INE515A01019,EQ,8193.5
2026-09-04,JSWCEMENT,INE718I01012,EQ,124.07
2026-09-04,JSWDULUX,INE133A01011,EQ,3174.5
2026-09-04,JSWENERGY,INE121E01018,EQ,539.85
2026-09-04,JSWHL,INE824G01012,EQ,11472.0
2026-09-04,JSWINFRA,INE880J01026,EQ,333.0
2026-09-04,JSWSTEEL,INE019A01038,EQ,1325.0
2026-09-04,JTEKTINDIA,INE643A01035,EQ,121.27
2026-09-04,JTLIND,INE391J01032,EQ,91.67
2026-09-04,JUBLCPL,INE03CC01015,EQ,2222.6
2026-09-04,JUBLFOOD,INE797F01020,EQ,482.7
2026-09-04,JUBLINGREA,INE0BY001018,EQ,680.3
2026-09-04,JUBLPHARMA,INE700A01033,EQ,924.5
2026-09-04,JMA,INE412C01023,EQ,90.58
2026-09-04,JNPR,INE05C901015,EQ,265.1
2026-09-04,JUNIPER,INE696F01016,EQ,216.82
2026-09-04,JLHL,INE682M01020,EQ,286.45
2026-09-04,JWL,INE209L01016,EQ,243.24
2026-09-04,JUSTDIAL,INE599M01018,EQ,692.85
2026-09-04,JYOTHYLAB,INE668F01031,EQ,201.54
2026-09-04,JYOTICNC,INE980O01024,EQ,1003.9
2026-09-04,JYOTIRES,INE577D01013,EQ,868.1
2026-09-04,JYOTISTRUC,INE197A01024,EQ,10.02
2026-09-04,KJMCFIN,INE533C01018,EQ,63.14
2026-09-04,KMCSHIL,INE879K01018,EQ,138.24
2026-09-04,KMSUGAR,INE157H01023,EQ,30.68
2026-09-04,KPEL,INE127T01021,EQ,247.32
2026-09-04,KABRAEXTRU,INE900B01029,EQ,579.15
2026-09-04,KAJARIACER,INE217B01036,EQ,1239.6
2026-09-04,KAKATCEM,INE437B01014,EQ,109.6
2026-09-04,KALPATARU,INE227J01012,EQ,277.65
2026-09-04,KPIL,INE220B01022,EQ,1406.6
2026-09-04,KALYANKJIL,INE303R01014,EQ,598.8
2026-09-04,KALYANIFRG,INE314G01014,BE,1081.05
2026-09-04,KICL,INE029L01018,EQ,5203.0
2026-09-04,KSL,INE907A01026,EQ,940.5
2026-09-04,KAMAHOLD,INE411F01010,EQ,2348.2
2026-09-04,KAMANWALA,INE344D01018,EQ,16.59
2026-09-04,KAMATHOTEL,INE967C01018,EQ,225.51
2026-09-04,KAMDHENU,INE390H01020,BE,39.24
2026-09-04,KAMOPAINTS,INE0BTI01037,EQ,4.53
2026-09-04,KANANIIND,INE879E01037,EQ,1.52
2026-09-04,KANCHI,INE081G01019,EQ,409.7
2026-09-04,KANCOTEA,INE398L01017,EQ,54.85
2026-09-04,KANORICHEM,INE138C01024,BE,155.56
2026-09-04,KANPRPLA,INE694E01014,EQ,250.2
2026-09-04,KANSAINER,INE531A01024,EQ,194.2
2026-09-04,KAPSTON,INE542Z01028,EQ,584.05
2026-09-04,KARMAENG,INE725L01011,EQ,37.45
2026-09-04,KTKBANK,INE614B01018,EQ,340.1
2026-09-04,KARURVYSYA,INE036D01028,EQ,348.85
2026-09-04,KAUSHALYA,INE234I01028,BE,850.0
2026-09-04,KSCL,INE455I01029,EQ,744.1
2026-09-04,KAVDEFENCE,INE641C01019,EQ,67.14
2026-09-04,KAYA,INE587G01015,BE,345.1
2026-09-04,KAYNES,INE918Z01012,EQ,3598.0
2026-09-04,KCP,INE805C01028,EQ,162.38
2026-09-04,KCPSUGIND,INE790B01024,BE,32.07
2026-09-04,KDGREEN,INE348N01042,EQ,50.44
2026-09-04,KDDL,INE291D01011,EQ,3911.0
2026-09-04,KEC,INE389H01022,EQ,408.55
2026-09-04,KEI,INE878B01027,EQ,4850.0
2026-09-04,KELLTONTEC,INE164B01030,EQ,13.87
2026-09-04,KENNAMET,INE717A01029,EQ,4688.5
2026-09-04,KERNEX,INE202H01019,EQ,1817.0
2026-09-04,KESORAMIND,INE087A01019,BE,10.9
2026-09-04,KKCL,INE401H01017,EQ,514.3
2026-09-04,KEYFINSERV,INE681C01015,EQ,245.05
2026-09-04,RUSTOMJEE,INE263M01029,EQ,373.95
2026-09-04,KFINTECH,INE138Y01010,EQ,928.9
2026-09-04,KHADIM,INE834I01025,BE,117.3
2026-09-04,KHAITANLTD,INE731C01018,EQ,162.0
2026-09-04,KHAICHEM,INE745B01028,EQ,54.86
2026-09-04,KHANDSE,INE060B01014,EQ,18.38
2026-09-04,KLBRENG-B,INE338F01015,EQ,467.85
2026-09-04,KILITCH,INE729D01010,BE,180.95
2026-09-04,KINGFA,INE473D01015,EQ,5932.5
2026-09-04,KIOCL,INE880L01014,EQ,382.1
2026-09-04,KIRANVYPAR,INE555P01013,EQ,205.41
2026-09-04,KIRIINDUS,INE415I01015,EQ,559.1
2026-09-04,KIRLOSBROS,INE732A01036,EQ,1862.0
2026-09-04,KECL,INE134B01017,EQ,126.41
2026-09-04,KIRLFER,INE884B01025,EQ,459.6
2026-09-04,KIRLOSIND,INE250A01039,EQ,3731.5
2026-09-04,KIRLOSENG,INE146L01010,EQ,2201.9
2026-09-04,KIRLPNU,INE811A01038,EQ,760.45
2026-09-04,KITEX,INE602G01020,EQ,128.85
2026-09-04,KNAGRI,INE0KNW01016,EQ,199.4
2026-09-04,KNACK,INE17QZ01016,EQ,187.3
2026-09-04,KMEW,INE0CJD01029,EQ,3033.4
2026-09-04,KNRCON,INE634I01029,EQ,124.66
2026-09-04,KOHINOOR,INE080B01012,EQ,32.77
2026-09-04,KOKUYOCMLN,INE760A01029,EQ,80.61
2026-09-04,KOLTEPATIL,INE094I01018,EQ,441.85
2026-09-04,KOPRAN,INE082A01010,EQ,232.54
2026-09-04,KOTAKBANK,INE237A01036,EQ,424.5
2026-09-04,KOTIC,INE972A01020,EQ,132.47
2026-09-04,KOTHARIPET,INE720A01015,EQ,130.56
2026-09-04,KOTHARIPRO,INE823A01017,EQ,67.39
2026-09-04,KOTARISUG,INE419A01022,BE,29.92
2026-09-04,KOTYARK,INE0J0B01017,BE,33.76
2026-09-04,KOVAI,INE177F01017,EQ,6062.5
2026-09-04,KPIGREEN,INE542W01025,EQ,307.0
2026-09-04,KPITTECH,INE04I401011,EQ,575.45
2026-09-04,KPRMILL,INE930H01031,EQ,1186.3
2026-09-04,KRBL,INE001B01026,EQ,421.95
2026-09-04,KREBSBIO,INE268B01013,EQ,55.95
2026-09-04,KRIDHANINF,INE524L01026,BE,2.03
2026-09-04,KRISHANA,INE506W01020,EQ,184.13
2026-09-04,KRISHIVAL,INE0GGO01015,EQ,416.3
2026-09-04,KRISHNADEF,INE0J5601015,EQ,1013.2
2026-09-04,KIMS,INE967H01025,EQ,764.1
2026-09-04,KRITI,INE479D01038,EQ,61.6
2026-09-04,KRITINUT,INE798K01010,EQ,86.45
2026-09-04,KRITIKA,INE00Z501029,EQ,5.37
2026-09-04,KRN,INE0Q3J01015,EQ,1578.7
2026-09-04,KRONOX,INE0ATZ01017,BE,184.69
2026-09-04,KROSS,INE0O6601022,EQ,211.57
2026-09-04,KRSNAA,INE08LI01020,EQ,560.0
2026-09-04,KRYSTAL,INE0QN801017,EQ,654.6
2026-09-04,KSB,INE999A01023,EQ,813.55
2026-09-04,KSE,INE953E01022,EQ,180.12
2026-09-04,KSHINTL,INE987S01020,EQ,1087.8
2026-09-04,KSHITIJPOL,INE013801027,EQ,3.3
2026-09-04,KSOLVES,INE0D6I01023,EQ,272.05
2026-09-04,KSR,INE1SPP01016,EQ,34.61
2026-09-04,KUANTUM,INE529I01021,EQ,74.18
2026-09-04,KUSUMGAR,INE0ISX01025,EQ,571.2
2026-09-04,KPL,INE552U01010,EQ,3285.5
2026-09-04,KWIL,INE2KCE01013,EQ,42.12
2026-09-04,LKPSEC,INE341H01023,EQ,15.28
2026-09-04,LTF,INE498L01015,EQ,314.0
2026-09-04,LTTS,INE010V01017,EQ,3493.3
2026-09-04,LAOPALA,INE059D01020,EQ,173.9
2026-09-04,LADDERUP,INE519D01015,EQ,51.4
2026-09-04,LAGNAM,INE548Z01017,EQ,74.8
2026-09-04,LAHOTIOV,INE515C01023,EQ,43.08
2026-09-04,LFIC,INE850E01012,EQ,134.64
2026-09-04,LAKSHMIMIL,INE938C01019,EQ,7621.0
2026-09-04,LAKPRE,INE651C01018,BZ,5.01
2026-09-04,LALITHAA,INE0K9O01026,EQ,306.7
2026-09-04,LAMBODHARA,INE112F01022,EQ,134.67
2026-09-04,LANCER,INE359U01028,EQ,13.03
2026-09-04,LANCORHOL,INE572G01025,EQ,40.35
2026-09-04,LANDMARK,INE559R01029,EQ,510.15
2026-09-04,LPDC,INE197J01017,EQ,6.73
2026-09-04,LANDSMILL,INE688J01023,EQ,0.63
2026-09-04,LT,INE018A01030,EQ,3964.1
2026-09-04,LASA,INE670X01014,EQ,6.73
2026-09-04,LASERPOWER,INE17IR01028,EQ,295.65
2026-09-04,LATENTVIEW,INE0I7C01011,EQ,267.25
2026-09-04,LATTEYS,INE262Z01023,EQ,20.5
2026-09-04,LAURUSLABS,INE947Q01028,EQ,1840.0
2026-09-04,LAXMICOT,INE801V01019,EQ,13.73
2026-09-04,LAXMIDENTL,INE0WO601020,EQ,199.14
2026-09-04,LGHL,INE258Y01016,EQ,175.42
2026-09-04,LAXMIINDIA,INE06WU01026,EQ,132.6
2026-09-04,LXCHEM,INE576O01020,EQ,172.04
2026-09-04,LCCINFOTEC,INE938A01021,EQ,3.81
2026-09-04,LEMERITE,INE0G1L01025,EQ,20.93
2026-09-04,IXIGO,INE0HV901016,EQ,166.75
2026-09-04,LEAPIND,INE00GO01025,EQ,150.26
2026-09-04,LEENEE,INE791B01014,BE,8.45
2026-09-04,THELEELA,INE0AQ201015,EQ,554.05
2026-09-04,LEMONTREE,INE970X01018,EQ,104.95
2026-09-04,LENSKART,INE956O01016,EQ,684.9
2026-09-04,LEXUS,INE500X01013,EQ,13.53
2026-09-04,LGBBROSLTD,INE337A01034,EQ,1702.8
2026-09-04,LGEINDIA,INE324D01010,EQ,1640.7
2026-09-04,LIBAS,INE908V01012,EQ,10.46
2026-09-04,LIBERTSHOE,INE557B01019,EQ,233.27
2026-09-04,LICHSGFIN,INE115A01026,EQ,562.05
2026-09-04,LICI,INE0J1Y01017,EQ,415.35
2026-09-04,LIKHITHA,INE060901027,EQ,204.8
2026-09-04,LINC,INE802B01027,EQ,95.07
2026-09-04,LINCOLN,INE405C01035,EQ,620.8
2026-09-04,LINDEINDIA,INE473A01011,EQ,6346.0
2026-09-04,LLOYDSENGG,INE093R01011,EQ,84.21
2026-09-04,LLOYDSENT,INE080I01025,EQ,74.23
2026-09-04,LLOYDSME,INE281B01032,EQ,1823.0
2026-09-04,LMW,INE269B01029,EQ,18774.0
2026-09-04,LODHA,INE670K01029,EQ,1222.0
2026-09-04,LCL,INE0QJW01029,EQ,581.5
2026-09-04,LOKESHMACH,INE397H01017,EQ,364.6
2026-09-04,LORDSCHLO,INE846D01012,EQ,146.6
2026-09-04,LAL,INE740X01023,EQ,8.91
2026-09-04,LOTUSCHO,INE026D01011,EQ,630.4
2026-09-04,LOTUSEYE,INE947I01017,EQ,109.43
2026-09-04,LOVABLE,INE597L01014,EQ,71.37
2026-09-04,LOYALTEX,INE970D01010,EQ,218.14
2026-09-04,LTFOODS,INE818H01020,EQ,444.8
2026-09-04,LTM,INE214T01019,EQ,4554.0
2026-09-04,LUMAXTECH,INE872H01027,EQ,1951.9
2026-09-04,LUMAXIND,INE162B01018,EQ,6181.5
2026-09-04,LUMINO,INE185Q01025,EQ,114.5
2026-09-04,LUPIN,INE326A01037,EQ,2110.0
2026-09-04,LUXIND,INE150G01020,EQ,1175.1
2026-09-04,LYKALABS,INE933A01014,BE,78.36
2026-09-04,MBEL,INE08N601015,EQ,270.15
2026-09-04,MKEXIM,INE227F01010,EQ,62.18
2026-09-04,MKPL,INE964W01021,EQ,4.02
2026-09-04,MCL,INE813V01022,EQ,58.3
2026-09-04,M&MFIN,INE774D01024,EQ,373.65
2026-09-04,MAANALU,INE215I01027,EQ,117.9
2026-09-04,MCCHRLS-B,INE435D01014,EQ,670.0
2026-09-04,MACPOWER,INE155Z01011,EQ,1904.9
2026-09-04,MADHAVIPL,INE631R01026,EQ,7.98
2026-09-04,MADHAV,INE925C01016,EQ,35.36
2026-09-04,MADHUCON,INE378D01032,BE,4.63
2026-09-04,MBAPL,INE900L01028,EQ,166.12
2026-09-04,MADRASFERT,INE414A01015,EQ,65.12
2026-09-04,MAFATIND,INE270B01035,EQ,121.66
2026-09-04,MAGADSUGAR,INE347W01011,EQ,552.05
2026-09-04,MCLOUD,INE613C01026,EQ,26.29
2026-09-04,MAGNUM,INE387I01016,EQ,19.0
2026-09-04,MAHAPEXLTD,INE843B01013,EQ,53.51
2026-09-04,MFML,INE0US801024,EQ,18.59
2026-09-04,MHLXMIRU,INE112D01035,BE,174.89
2026-09-04,MAHASTEEL,INE451L01014,BE,1282.5
2026-09-04,MGL,INE002S01010,EQ,1096.6
2026-09-04,MTNL,INE153A01019,EQ,26.55
2026-09-04,MAHSCOOTER,INE288A01013,EQ,13602.0
2026-09-04,MAHSEAMLES,INE271B01025,EQ,688.1
2026-09-04,MAHESHWARI,INE263W01010,BE,72.21
2026-09-04,M&M,INE101A01026,EQ,3170.0
2026-09-04,MAHEPC,INE215D01010,EQ,103.62
2026-09-04,MHRIL,INE998I01010,EQ,207.4
2026-09-04,MAHLIFE,INE813A01018,EQ,362.4
2026-09-04,MAHLOG,INE766P01016,EQ,405.35
2026-09-04,MAITHANALL,INE683C01011,EQ,1090.55
2026-09-04,MAJESAUT,INE201B01022,BE,354.95
2026-09-04,MAKERSL,INE987A01010,EQ,189.9
2026-09-04,MALLCOM,INE389C01015,EQ,1018.15
2026-09-04,MALUPAPER,INE383H01017,EQ,31.65
2026-09-04,MAMATA,INE0TO701015,EQ,412.55
2026-09-04,MANAKCOAT,INE830Q01018,EQ,121.8
2026-09-04,MANINDS,INE993A01026,EQ,788.55
2026-09-04,MANINFRA,INE949H01023,EQ,124.8
2026-09-04,MANAKALUCO,INE859Q01017,EQ,38.1
2026-09-04,MANAKSIA,INE015D01022,EQ,63.05
2026-09-04,MANAKSTEEL,INE824Q01011,EQ,107.3
2026-09-04,MANALIPETC,INE201A01024,EQ,86.76
2026-09-04,MANAPPURAM,INE522D01027,EQ,339.7
2026-09-04,MANBA,INE939X01013,EQ,128.95
2026-09-04,MANCREDIT,INE545L01039,EQ,228.33
2026-09-04,MEIL,INE0PKD01011,EQ,285.1
2026-09-04,MANGLMCEM,INE347A01017,EQ,1095.2
2026-09-04,MANGALAM,INE584F01014,EQ,30.02
2026-09-04,MGEL,INE0APB01032,BE,14.24
2026-09-04,MANORG,INE370D01013,EQ,489.5
2026-09-04,MSL,INE829S01016,EQ,142.22
2026-09-04,MWL,INE0JYY01029,EQ,38.56
2026-09-04,MANIPALHOS,INE459N01021,EQ,725.2
2026-09-04,MANKIND,INE634S01028,EQ,2327.9
2026-09-04,MVGJL,INE0KNT01012,EQ,179.9
2026-09-04,MANOMAY,INE784W01015,EQ,234.97
2026-09-04,MANORAMA,INE00VM01036,EQ,1993.4
2026-09-04,MANUGRAPH,INE867A01022,BE,14.75
2026-09-04,MARALOVER,INE882A01013,EQ,61.83
2026-09-04,MARATHON,INE182D01020,EQ,437.9
2026-09-04,MARICO,INE196A01026,EQ,815.15
2026-09-04,MARINE,INE01JE01028,EQ,432.15
2026-09-04,MARKOLINES,INE0FW001016,EQ,171.89
2026-09-04,MARKSANS,INE750C01026,EQ,326.75
2026-09-04,MARSONS,INE415B01044,EQ,137.56
2026-09-04,MARUTI,INE585B01010,EQ,12694.0
2026-09-04,MASFIN,INE348L01012,EQ,295.0
2026-09-04,MASKINVEST,INE885F01015,EQ,148.64
2026-09-04,MASTEK,INE759A01021,EQ,1772.9
2026-09-04,MASTERTR,INE677D01037,EQ,89.16
2026-09-04,MATRIMONY,INE866R01028,EQ,529.05
2026-09-04,MAWANASUG,INE636A01039,EQ,145.43
2026-09-04,MAXESTATES,INE03EI01018,EQ,542.1
2026-09-04,MFSL,INE180A01020,EQ,1548.4
2026-09-04,MAXHEALTH,INE027H01010,EQ,984.8
2026-09-04,MAXIND,INE0CG601016,EQ,150.66
2026-09-04,MAYURUNIQ,INE040D01038,EQ,734.85
2026-09-04,MAZDOCK,INE249Z01020,EQ,2475.0
2026-09-04,MAZDA,INE885E01042,BE,270.0
2026-09-04,MBLINFRA,INE912H01013,EQ,24.3
2026-09-04,MCLEODRUSS,INE942G01012,EQ,46.3
2026-09-04,MBECL,INE748A01024,BE,258.89
2026-09-04,MEDIASSIST,INE456Z01021,EQ,340.35
2026-09-04,MEDICAPQ,INE442D01010,EQ,26.29
2026-09-04,MMWL,INE200D01020,EQ,14.53
2026-09-04,MEDICAMEQ,INE646B01010,EQ,270.25
2026-09-04,MEDICO,INE630Y01024,EQ,39.87
2026-09-04,MEDPLUS,INE804L01022,EQ,676.35
2026-09-04,MEESHO,INE0VDM01015,EQ,209.0
2026-09-04,MEGASTAR,INE00EM01016,EQ,307.6
2026-09-04,MOL,INE0CT101020,EQ,66.66
2026-09-04,MIIL,INE898Q01015,EQ,717.05
2026-09-04,MENONBE,INE071D01033,BE,321.4
2026-09-04,MENNPIS,INE650G01029,EQ,77.64
2026-09-04,MEP,INE776I01010,BZ,0.71
2026-09-04,MERCANTILE,INE689O01013,EQ,25.45
2026-09-04,MERCURYEV,INE763M01028,EQ,36.74
2026-09-04,METROBRAND,INE317I01021,EQ,929.15
2026-09-04,METROGLOBL,INE085D01033,EQ,136.14
2026-09-04,METROPOLIS,INE112L01020,EQ,588.7
2026-09-04,MICEL,INE287C01037,BE,36.74
2026-09-04,MIDWESTLTD,INE0XAD01024,EQ,1062.1
2026-09-04,MLKFOOD,INE588G01021,EQ,83.63
2026-09-04,MILKYMIST,INE00IT01020,EQ,252.43
2026-09-04,MINALIND,INE097E01028,BE,5.35
2026-09-04,MINDACORP,INE842C01021,EQ,702.8
2026-09-04,MINDTECK,INE110B01017,EQ,168.81
2026-09-04,MIRZAINT,INE771A01026,EQ,30.96
2026-09-04,MIDHANI,INE099Z01011,EQ,418.8
2026-09-04,MITCON,INE828O01033,BE,77.8
2026-09-04,MITTAL,INE997Y01027,EQ,0.8
2026-09-04,MMFL,INE227C01017,EQ,630.1
2026-09-04,MMP,INE511Y01018,EQ,404.15
2026-09-04,MMTC,INE123F01029,EQ,64.18
2026-09-04,MODTHREAD,INE794W01014,EQ,54.37
2026-09-04,MODINATUR,INE537F01012,EQ,340.95
2026-09-04,MODIRUBBER,INE832A01018,EQ,131.3
2026-09-04,MODIS,INE0L0L01012,EQ,380.85
2026-09-04,MODISONLTD,INE737D01021,EQ,469.95
2026-09-04,MOHITIND,INE954E01012,EQ,23.78
2026-09-04,MOHITE,INE154B01023,EQ,2.79
2026-09-04,MOIL,INE490G01020,EQ,252.3
2026-09-04,MOKSH,INE514Y01020,EQ,10.07
2026-09-04,MOLBIO,INE869T01028,EQ,1160.5
2026-09-04,MOLDTKPAC,INE893J01029,EQ,706.65
2026-09-04,MOLDTECH,INE835B01035,BE,208.96
2026-09-04,MONARCH,INE903D01011,EQ,377.9
2026-09-04,MONEYBOXX,INE296Q01012,EQ,58.8
2026-09-04,MONTECARLO,INE950M01013,EQ,574.5
2026-09-04,MOREPENLAB,INE083A01026,EQ,113.74
2026-09-04,MOSCHIP,INE935B01025,EQ,212.22
2026-09-04,MSUMI,INE0FS801015,EQ,36.52
2026-09-04,MOTILALOFS,INE338I01027,EQ,1037.0
2026-09-04,MOTISONS,INE0FRK01020,EQ,16.48
2026-09-04,MOTOGENFIN,INE861B01023,BE,28.71
2026-09-04,MPDL,INE493H01014,BE,33.98
2026-09-04,MPHASIS,INE356A01018,EQ,2422.0
2026-09-04,MPSLTD,INE943D01017,EQ,2658.9
2026-09-04,MRF,INE883A01011,EQ,129945.0
2026-09-04,MRPL,INE103A01014,EQ,174.83
2026-09-04,BECTORFOOD,INE495P01020,EQ,225.96
2026-09-04,MSPL,INE752G01015,EQ,35.4
2026-09-04,MSTCLTD,INE255X01014,EQ,734.2
2026-09-04,MTEDUCARE,INE472M01018,BE,1.77
2026-09-04,MTARTECH,INE864I01014,BE,7161.0
2026-09-04,MUFIN,INE08KJ01020,EQ,137.56
2026-09-04,MUKANDLTD,INE304A01026,EQ,134.44
2026-09-04,MUKESHB,INE596B01017,EQ,133.91
2026-09-04,MUKKA,INE0CG401037,EQ,31.34
2026-09-04,MUKTAARTS,INE374B01019,BE,58.9
2026-09-04,MCX,INE745G01043,EQ,3275.4
2026-09-04,MUNJALAU,INE672B01032,EQ,112.28
2026-09-04,MUNJALSHOW,INE577A01027,EQ,129.21
2026-09-04,MURUDCERA,INE692B01014,EQ,29.66
2026-09-04,RADIOCITY,INE919I01024,EQ,6.28
2026-09-04,MUTHOOTCAP,INE296G01013,EQ,241.72
2026-09-04,MUTHOOTFIN,INE414G01012,EQ,2913.8
2026-09-04,MUTHOOTMF,INE046W01019,EQ,205.29
2026-09-04,MVELECTRO,INE0OWZ01020,EQ,729.7
2026-09-04,MYSORPETRO,INE741A01011,BE,127.12
2026-09-04,NRAIL,INE740D01017,EQ,584.0
2026-09-04,NTCIND,INE920C01017,EQ,133.16
2026-09-04,NBIFIN,INE365I01020,EQ,1981.9
2026-09-04,NACLIND,INE295D01020,EQ,166.84
2026-09-04,NDGL,INE756C01015,EQ,2787.7
2026-09-04,NAGREEKCAP,INE245I01016,EQ,23.25
2026-09-04,NAGREEKEXP,INE123B01028,EQ,24.1
2026-09-04,NAHARCAP,INE049I01012,EQ,261.75
2026-09-04,NAHARINDUS,INE289A01011,EQ,137.63
2026-09-04,NAHARPOLY,INE308A01027,EQ,244.54
2026-09-04,NAHARSPING,INE290A01027,EQ,289.8
2026-09-04,NGIL,INE236Y01012,EQ,40.58
2026-09-04,NSIL,INE023A01030,EQ,5721.5
2026-09-04,NDL,INE875G01048,EQ,2.83
2026-09-04,JAIPURKURT,INE696V01013,EQ,25.33
2026-09-04,NH,INE410P01011,EQ,1858.5
2026-09-04,NARMADA,INE117Z01029,EQ,13.51
2026-09-04,NATCOPHARM,INE987B01026,EQ,828.65
2026-09-04,NATHBIOGEN,INE448G01010,EQ,153.12
2026-09-04,NATIONALUM,INE139A01034,EQ,374.1
2026-09-04,NFL,INE870D01012,EQ,70.51
2026-09-04,NATIONSTD,INE166R01015,EQ,107.74
2026-09-04,NATCAPSUQ,INE936B01015,BE,216.42
2026-09-04,NAVA,INE725A01030,EQ,560.2
2026-09-04,NAVINFLUOR,INE048G01026,EQ,8557.5
2026-09-04,NAVKARCORP,INE278M01019,EQ,96.24
2026-09-04,NAVKARURB,INE268H01044,BE,0.9
2026-09-04,NAVNETEDUL,INE060A01024,EQ,131.21
2026-09-04,NAZARA,INE418L01047,EQ,368.65
2026-09-04,NBCC,INE095N01031,EQ,86.6
2026-09-04,NCC,INE868B01028,EQ,149.7
2026-09-04,NCLIND,INE732C01016,EQ,177.81
2026-09-04,NDLVENTURE,INE353A01023,EQ,124.72
2026-09-04,NDRAUTO,INE07OG01012,EQ,723.45
2026-09-04,NDTV,INE155G01029,EQ,74.27
2026-09-04,NECLIFE,INE023H01027,EQ,12.19
2026-09-04,NEAGI,INE605D01012,EQ,3300.1
2026-09-04,NELCAST,INE189I01024,EQ,116.99
2026-09-04,NELCO,INE045B01015,EQ,911.25
2026-09-04,NEOGEN,INE136S01016,EQ,2137.9
2026-09-04,NEPHROPLUS,INE428V01029,EQ,697.05
2026-09-04,NESCO,INE317F01035,EQ,1047.6
2026-09-04,NESTLEIND,INE239A01024,EQ,1410.5
2026-09-04,NETWEB,INE0NT901020,EQ,5193.0
2026-09-04,NPST,INE0FFK01017,EQ,1718.8
2026-09-04,NETWORK18,INE870H01013,EQ,28.38
2026-09-04,NEUEON,INE333I01044,BE,11.22
2026-09-04,NEULANDLAB,INE794A01010,EQ,22660.0
2026-09-04,NEWGEN,INE619B01017,EQ,524.8
2026-09-04,NEXTMEDIA,INE747B01016,EQ,3.89
2026-09-04,NGLFINE,INE887E01022,EQ,2907.5
2026-09-04,NHPC,INE848E01016,EQ,76.25
2026-09-04,NIBE,INE149O01018,EQ,1336.6
2026-09-04,NICCOPAR,INE653C01022,EQ,79.55
2026-09-04,NIITMTS,INE342G01023,EQ,225.94
2026-09-04,NIITLTD,INE161A01038,EQ,98.96
2026-09-04,NILAINFRA,INE937C01029,EQ,6.67
2026-09-04,NILASPACES,INE00S901012,EQ,12.23
2026-09-04,NILE,INE445D01013,EQ,1465.8
2026-09-04,NILKAMAL,INE310A01015,EQ,2116.5
2026-09-04,NIMBSPROJ,INE875B01015,EQ,147.84
2026-09-04,NINSYS,INE395U01014,EQ,712.75
2026-09-04,NAM-INDIA,INE298J01013,EQ,1159.9
2026-09-04,NIRAJ,INE368I01016,EQ,28.72
2026-09-04,NIRAJISPAT,INE326T01011,BE,387.8
2026-09-04,NIRLON,INE910A01012,EQ,620.0
2026-09-04,NITCO,INE858F01012,EQ,96.1
2026-09-04,NITINSPIN,INE229H01012,EQ,639.05
2026-09-04,NITIRAJ,INE439T01012,EQ,219.19
2026-09-04,NITTAGELA,INE265B01019,EQ,1632.5
2026-09-04,NIVABUPA,INE995S01015,EQ,80.11
2026-09-04,NKIND,INE542C01019,EQ,57.1
2026-09-04,NLCINDIA,INE589A01014,EQ,273.05
2026-09-04,NMDC,INE584A01023,EQ,84.7
2026-09-04,NSLNISP,INE0NNS01018,EQ,46.02
2026-09-04,NOCIL,INE163A01018,EQ,172.44
2026-09-04,NOIDATOLL,INE781B01015,EQ,4.14
2026-09-04,NORBTEAEXP,INE369C01017,EQ,70.69
2026-09-04,NECCLTD,INE553C01016,BE,18.51
2026-09-04,NORTHARC,INE850M01015,EQ,302.15
2026-09-04,NOVAAGRI,INE02H701025,BE,23.87
2026-09-04,NOVARTIND,INE234A01025,EQ,1646.7
2026-09-04,NRBBEARING,INE349A01021,EQ,447.0
2026-09-04,NIBL,INE047O01014,EQ,30.8
2026-09-04,NTPCGREEN,INE0ONG01011,EQ,89.36
2026-09-04,NTPC,INE733E01010,EQ,332.5
2026-09-04,NUCLEUS,INE096B01018,EQ,729.15
2026-09-04,NRL,INE0JM501013,BE,126.92
2026-09-04,NURECA,INE0DSF01015,BE,322.7
2026-09-04,NUVAMA,INE531F01023,EQ,1815.6
2026-09-04,NUVOCO,INE118D01016,EQ,352.15
2026-09-04,OBCL,INE426Z01016,EQ,55.19
2026-09-04,OBEROIRLTY,INE093I01010,EQ,1875.6
2026-09-04,OCCLLTD,INE0PK601023,BE,163.93
2026-09-04,ODIGMA,INE054301028,EQ,23.45
2026-09-04,ODYCORP,INE839E01023,EQ,7.46
2026-09-04,ONGC,INE213A01029,EQ,234.65
2026-09-04,OILCOUNTUB,INE591A01010,BE,65.0
2026-09-04,OIL,INE274J01014,EQ,488.3
2026-09-04,OLAELEC,INE0LXG01040,EQ,38.2
2026-09-04,OLECTRA,INE260D01016,EQ,1229.0
2026-09-04,OMFREIGHT,INE1BZC01019,BE,89.84
2026-09-04,OMINFRAL,INE239D01028,EQ,84.43
2026-09-04,OMPOWER,INE25E901019,EQ,175.68
2026-09-04,OMAXAUTO,INE090B01011,EQ,183.07
2026-09-04,OMAXE,INE800H01010,EQ,136.38
2026-09-04,OMNI,INE0UH301010,EQ,526.0
2026-09-04,PAYTM,INE982J01020,EQ,1659.5
2026-09-04,ONEGLOBAL,INE670O01013,EQ,542.4
2026-09-04,MOBIKWIK,INE0HLU01028,EQ,192.12
2026-09-04,ONEPOINT,INE840Y01029,EQ,57.01
2026-09-04,ONELIFECAP,INE912L01015,BE,32.18
2026-09-04,KISSHT,INE12F801023,EQ,309.3
2026-09-04,ONESOURCE,INE013P01021,EQ,1537.8
2026-09-04,ONIDA,INE831A01028,EQ,34.64
2026-09-04,ONIXSOLAR,INE173M01012,EQ,403.2
2026-09-04,ONMOBILE,INE809I01019,BE,48.49
2026-09-04,ONWARDTEC,INE229A01017,EQ,284.35
2026-09-04,OPTIEMUS,INE350C01017,EQ,569.3
2026-09-04,OPTIFIN,INE031G01022,EQ,14.84
2026-09-04,OFSS,INE881D01027,EQ,12058.0
2026-09-04,ORBTEXP,INE231G01010,BE,239.02
2026-09-04,ORCHASP,INE215B01022,EQ,1.39
2026-09-04,ORCHPHARMA,INE191A01027,EQ,954.65
2026-09-04,ORICONENT,INE730A01022,EQ,54.15
2026-09-04,ORIENTBELL,INE607D01018,EQ,420.1
2026-09-04,ORIENTCEM,INE876N01018,EQ,129.68
2026-09-04,ORIENTCER,INE569C01020,EQ,43.91
2026-09-04,ORIENTELEC,INE142Z01019,EQ,179.19
2026-09-04,GREENPOWER,INE999K01014,EQ,9.28
2026-09-04,ORIENTHOT,INE750A01020,EQ,139.93
2026-09-04,ORIENTPPR,INE592A01026,EQ,17.08
2026-09-04,ORIENTLTD,INE609C01024,BE,80.65
2026-09-04,ORIENTTECH,INE0PPK01015,EQ,238.39
2026-09-04,OAL,INE959C01023,EQ,519.9
2026-09-04,ORIRAIL,INE457G01029,EQ,130.76
2026-09-04,ORIENTALTL,INE998H01012,EQ,5.31
2026-09-04,ORISSAMINE,INE725E01024,EQ,4311.7
2026-09-04,ORKLAINDIA,INE16NZ01023,EQ,594.15
2026-09-04,ORTINGLOBE,INE749B01020,EQ,15.67
2026-09-04,OSIAHYPER,INE06IR01021,BE,2.47
2026-09-04,OSWALAGRO,INE142A01012,EQ,36.66
2026-09-04,OSWALGREEN,INE143A01010,EQ,20.39
2026-09-04,OSWALPUMPS,INE0BYP01024,EQ,279.2
2026-09-04,PBMPOLY,INE501F01018,EQ,61.0
2026-09-04,PNGJL,INE953R01016,EQ,609.05
2026-09-04,POEL,INE035S01028,EQ,142.78
2026-09-04,PGHH,INE179A01014,EQ,7667.5
2026-09-04,PACEDIGITK,INE0S3G01027,EQ,167.59
2026-09-04,PACIFICI,INE883C01025,EQ,143.82
2026-09-04,PAGEIND,INE761H01022,EQ,36300.0
2026-09-04,PAISALO,INE420C01059,EQ,74.1
2026-09-04,PAKKA,INE551D01018,EQ,73.71
2026-09-04,PALASHSECU,INE471W01019,EQ,90.17
2026-09-04,PALREDTEC,INE218G01033,BE,55.83
2026-09-04,PANACEABIO,INE922B01023,EQ,381.25
2026-09-04,PANACHE,INE895W01019,BE,525.0
2026-09-04,PANAMAPET,INE305C01029,EQ,495.45
2026-09-04,PANORAMA,INE258R01028,EQ,47.41
2026-09-04,PANSARI,INE697V01011,EQ,300.05
2026-09-04,PAR,INE04LG01015,BE,156.71
2026-09-04,PARADEEP,INE088F01024,EQ,157.0
2026-09-04,PARAGMILK,INE883N01014,EQ,249.6
2026-09-04,PARACABLES,INE074B01023,EQ,65.51
2026-09-04,PARAS,INE045601023,EQ,1414.9
2026-09-04,PARASPETRO,INE162C01024,EQ,2.14
2026-09-04,PARKHOSPS,INE119201023,EQ,286.25
2026-09-04,PARKHOTELS,INE988S01028,EQ,112.18
2026-09-04,PARNAXLAB,INE383L01019,EQ,134.8
2026-09-04,PARSVNATH,INE561H01026,BE,1.57
2026-09-04,PASHUPATI,INE124Y01028,EQ,81.94
2026-09-04,PASUPTAC,INE818B01023,BE,67.64
2026-09-04,PATANJALI,INE619A01035,EQ,342.5
2026-09-04,PATELENG,INE244B01030,EQ,27.28
2026-09-04,PATINTLOG,INE529D01014,BE,13.32
2026-09-04,PATELRMART,INE0R8B01010,EQ,218.32
2026-09-04,PML,INE291E01019,EQ,488.8
2026-09-04,PAUSHAKLTD,INE111F01024,EQ,785.5
2026-09-04,PAVNAIND,INE07S101038,EQ,17.22
2026-09-04,POLICYBZR,INE417T01026,EQ,1836.0
2026-09-04,PCJEWELLER,INE785M01021,EQ,11.86
2026-09-04,PCBL,INE602A01031,EQ,317.0
2026-09-04,PDSL,INE111Q01021,EQ,358.5
2026-09-04,PGIL,INE940H01022,EQ,2278.3
2026-09-04,PEARLPOLY,INE844A01013,EQ,15.08
2026-09-04,PENINLAND,INE138A01028,BE,16.55
2026-09-04,PENIND,INE932A01024,EQ,169.56
2026-09-04,PERMAGN,INE418E01018,EQ,888.2
2026-09-04,PERSISTENT,INE262H01021,EQ,5643.0
2026-09-04,PETRONET,INE347G01014,EQ,288.1
2026-09-04,PFIZER,INE182A01018,EQ,4609.7
2026-09-04,PGEL,INE457L01029,EQ,562.3
2026-09-04,PHOENXINTL,INE245B01011,EQ,29.01
2026-09-04,PWL,INE0LP301011,EQ,126.42
2026-09-04,PIIND,INE603J01030,EQ,2465.0
2026-09-04,PICCADIL,INE546C01010,EQ,615.75
2026-09-04,PIDILITIND,INE318A01026,EQ,1629.5
2026-09-04,PILITA,INE600A01035,EQ,8.02
2026-09-04,PILANIINVS,INE417C01014,EQ,4323.8
2026-09-04,PINELABS,INE15B701018,EQ,166.37
2026-09-04,PIONEEREMB,INE156C01018,EQ,21.36
2026-09-04,PIONRINV,INE746D01014,BE,83.89
2026-09-04,PIRAMALFIN,INE202B01038,EQ,2225.0
2026-09-04,PPLPHARMA,INE0DK501011,EQ,214.22
2026-09-04,PITTIENG,INE450D01021,EQ,1084.9
2026-09-04,PIXTRANS,INE751B01018,EQ,1791.7
2026-09-04,PLASTIBLEN,INE083C01022,EQ,187.91
2026-09-04,PLATIND,INE0PT501018,EQ,231.54
2026-09-04,PLAZACABLE,INE0INJ01017,EQ,61.32
2026-09-04,PNBGILTS,INE859A01011,EQ,83.08
2026-09-04,PNBHOUSING,INE572E01012,EQ,1166.0
2026-09-04,PNCINFRA,INE195J01029,EQ,183.11
2026-09-04,PNGSREVA,INE1RDG01013,EQ,516.35
2026-09-04,PODDARMENT,INE371C01013,EQ,257.1
2026-09-04,POKARNA,INE637C01025,EQ,817.15
2026-09-04,POLYMED,INE205C01021,EQ,1702.5
2026-09-04,POLYCAB,INE455K01017,EQ,8300.0
2026-09-04,POLYPLEX,INE633B01018,EQ,1191.0
2026-09-04,POLYSPIN,INE914G01029,EQ,29.64
2026-09-04,POCL,INE063E01061,EQ,477.8
2026-09-04,PONNIERODE,INE838E01017,EQ,382.45
2026-09-04,POONAWALLA,INE511C01022,EQ,468.45
2026-09-04,PVSL,INE772T01024,EQ,102.63
2026-09-04,PFC,INE134E01011,EQ,355.6
2026-09-04,POWERGRID,INE752E01010,EQ,266.0
2026-09-04,PIGL,INE557Z01018,EQ,98.78
2026-09-04,POWERMECH,INE211R01019,EQ,2306.1
2026-09-04,POWERICA,INE921L01032,EQ,525.05
2026-09-04,PPAP,INE095I01015,BE,260.9
2026-09-04,PRABHA,INE0I0M01023,EQ,230.6
2026-09-04,PRADPME,INE770A01010,BE,491.6
2026-09-04,PRAJIND,INE074A01025,EQ,335.55
2026-09-04,PRAENG,INE505C01016,EQ,24.69
2026-09-04,PRAKASH,INE603A01013,EQ,125.63
2026-09-04,PPL,INE050001010,BE,262.0
2026-09-04,PRAKASHSTL,INE696K01024,EQ,3.82
2026-09-04,DIAMONDYD,INE393P01035,EQ,1158.3
2026-09-04,PRAVEG,INE722B01019,EQ,266.15
2026-09-04,PRAXIS,INE546Y01022,EQ,4.65
2026-09-04,PRECAM,INE484I01029,EQ,124.02
2026-09-04,PRECWIRE,INE372C01037,EQ,472.8
2026-09-04,PRECOT,INE283A01014,EQ,698.05
2026-09-04,PREMCO,INE001E01012,EQ,390.95
2026-09-04,PREMIERENE,INE0BS701011,EQ,1002.0
2026-09-04,PREMEXPLN,INE863B01029,EQ,664.0
2026-09-04,PREMIER,INE342A01018,BE,2.75
2026-09-04,PREMIERPOL,INE309M01020,EQ,95.36
2026-09-04,PRESTIGE,INE811K01011,EQ,1587.0
2026-09-04,PRICOLLTD,INE726V01018,EQ,764.95
2026-09-04,PFOCUS,INE367G01038,EQ,307.0
2026-09-04,PRIMESECU,INE032B01021,EQ,284.5
2026-09-04,PRIMO,INE607A01022,EQ,21.27
2026-09-04,PRINCEPIPE,INE689W01016,EQ,283.0
2026-09-04,PRIORITY,INE15EH01014,BE,241.5
2026-09-04,PRSMJOHNSN,INE010A01011,EQ,111.12
2026-09-04,PRISMX,INE286N01028,EQ,0.55
2026-09-04,PRITI,INE974Z01015,BE,33.89
2026-09-04,PRITIKAUTO,INE583R01029,BE,16.27
2026-09-04,PNC,INE392B01011,EQ,16.72
2026-09-04,PRIVISCL,INE959A01019,EQ,3367.3
2026-09-04,PGHL,INE199A01012,EQ,5660.0
2026-09-04,PROSTARM,INE0BX301013,EQ,134.73
2026-09-04,PROTEAN,INE004A01022,EQ,496.3
2026-09-04,PROZONER,INE195N01013,EQ,49.76
2026-09-04,PRUDENT,INE00F201020,EQ,3347.6
2026-09-04,PRUDMOULI,INE024D01016,BE,16.25
2026-09-04,PSPPROJECT,INE488V01015,EQ,875.5
2026-09-04,PFS,INE560K01014,EQ,26.94
2026-09-04,PTC,INE877F01012,EQ,156.29
2026-09-04,PTCIL,INE596F01018,EQ,23830.0
2026-09-04,PTL,INE034D01049,EQ,38.74
2026-09-04,PDMJEPAPER,INE865T01018,EQ,93.22
2026-09-04,PSB,INE608A01012,EQ,23.23
2026-09-04,PUNJABCHEM,INE277B01014,EQ,1100.3
2026-09-04,PNB,INE160A01022,EQ,117.0
2026-09-04,PURVA,INE323I01011,EQ,230.72
2026-09-04,PVP,INE362A01016,EQ,67.94
2026-09-04,PVRINOX,INE191H01014,EQ,1227.2
2026-09-04,PYRAMID,INE0MIS01010,EQ,153.83
2026-09-04,QMSMEDI,INE0FMW01018,BE,158.97
2026-09-04,QUADFUTURE,INE0LRY01011,EQ,417.9
2026-09-04,QPOWER,INE0SII01026,EQ,1495.3
2026-09-04,QUESS,INE615P01015,EQ,354.75
2026-09-04,QUICKHEAL,INE306L01010,BE,140.94
2026-09-04,QUINT,INE641R01017,EQ,40.68
2026-09-04,RKSWAMY,INE0NQ801033,EQ,94.25
2026-09-04,RMDRIP,INE219Y01026,BE,21.13
2026-09-04,RRIL,INE951M01037,EQ,16.66
2026-09-04,RRKABEL,INE777K01022,EQ,2454.1
2026-09-04,RSDFIN,INE616F01022,BE,96.75
2026-09-04,RSYSTEMS,INE411H01032,EQ,256.12
2026-09-04,RTSPOWR,INE005C01017,EQ,88.08
2026-09-04,RNBDENIMS,INE012Q01039,EQ,10.27
2026-09-04,RSSOFTWARE,INE165B01029,EQ,30.61
2026-09-04,RPPINFRA,INE324L01013,EQ,54.14
2026-09-04,RACE,INE084Q01012,EQ,99.3
2026-09-04,RACLGEAR,INE704B01017,EQ,1576.1
2026-09-04,RADAAN,INE874F01027,EQ,2.97
2026-09-04,RADHIKAJWE,INE583V01021,EQ,83.16
2026-09-04,RADIANTCMS,INE855R01021,EQ,41.78
2026-09-04,RADICO,INE944F01028,EQ,4494.0
2026-09-04,RPEL,INE912T01018,EQ,1807.2
2026-09-04,RVNL,INE415G01027,EQ,212.49
2026-09-04,RAILTEL,INE0DD101019,EQ,271.05
2026-09-04,RAIN,INE855B01025,EQ,215.72
2026-09-04,RAINBOW,INE961O01016,EQ,1447.2
2026-09-04,ROML,INE294G01026,EQ,42.0
2026-09-04,RAJRILTD,INE533D01032,BE,22.09
2026-09-04,RAJTV,INE952H01027,EQ,8.07
2026-09-04,RAJPALAYAM,INE296E01026,EQ,795.3
2026-09-04,ARENTERP,INE610C01014,EQ,34.65
2026-09-04,RAJESHEXPO,INE343B01030,BZ,83.02
2026-09-04,RAJMET,INE00KV01022,EQ,3.15
2026-09-04,RAJOOENG,INE535F01024,BE,51.59
2026-09-04,RSL,INE313L01016,EQ,181.5
2026-09-04,RAJRATAN,INE451D01029,EQ,498.35
2026-09-04,RPPL,INE760W01023,BE,23.29
2026-09-04,RAJSREESUG,INE562B01019,EQ,35.47
2026-09-04,RALLIS,INE613A01020,EQ,208.82
2026-09-04,RAMRAT,INE207E01023,EQ,560.65
2026-09-04,RAMAPHO,INE809A01032,EQ,123.48
2026-09-04,RAMASTEEL,INE230R01035,BE,4.02
2026-09-04,RAMCOIND,INE614A01028,EQ,323.25
2026-09-04,RAMCOSYS,INE246B01019,EQ,611.2
2026-09-04,RKFORGE,INE399G01023,EQ,700.85
2026-09-04,RAMKY,INE874I01013,EQ,347.4
2026-09-04,RANASUG,INE625B01014,EQ,14.8
2026-09-04,RML,INE050H01012,EQ,1295.9
2026-09-04,RANEHOLDIN,INE384A01010,EQ,1651.1
2026-09-04,RPTECH,INE0J1F01024,EQ,823.65
2026-09-04,RCF,INE027A01015,EQ,114.92
2026-09-04,RATEGAIN,INE0CLI01024,EQ,851.15
2026-09-04,RATNAMANI,INE703B01027,EQ,2727.0
2026-09-04,RATNAVEER,INE05CZ01011,EQ,304.75
2026-09-04,RTNINDIA,INE834M01019,EQ,27.82
2026-09-04,RTNPOWER,INE399K01017,EQ,7.36
2026-09-04,RKDL,INE722J01012,EQ,18.39
2026-09-04,RVHL,INE09E501017,EQ,39.84
2026-09-04,RELTD,INE206N01018,EQ,161.37
2026-09-04,RAYMONDLSL,INE02ID01020,EQ,663.65
2026-09-04,RAYMOND,INE301A01014,EQ,740.85
2026-09-04,RAYMONDREL,INE1SY401010,EQ,529.15
2026-09-04,RBLBANK,INE976G01028,EQ,414.35
2026-09-04,RBZJEWEL,INE0PEQ01016,EQ,200.69
2026-09-04,RRECL,INE0AK901016,EQ,136.83
2026-09-04,RECLTD,INE020B01018,EQ,318.7
2026-09-04,REDINGTON,INE891D01026,EQ,371.3
2026-09-04,REDTAPE,INE0LXT01019,EQ,120.43
2026-09-04,REFEX,INE056I01025,EQ,282.55
2026-09-04,REGAAL,INE0MHO01029,EQ,88.51
2026-09-04,REGENCERAM,INE277C01012,EQ,34.86
2026-09-04,RELAXO,INE131B01039,EQ,344.75
2026-09-04,RELIABLE,INE375Y01018,EQ,140.88
2026-09-04,RELCHEMQ,INE750D01016,EQ,116.73
2026-09-04,RCOM,INE330H01018,BE,0.81
2026-09-04,RHFL,INE217K01011,BZ,1.82
2026-09-04,RIIL,INE046A01015,EQ,750.95
2026-09-04,RELIANCE,INE002A01018,EQ,1322.0
2026-09-04,RELINFRA,INE036A01016,BE,57.02
2026-09-04,RPOWER,INE614G01033,EQ,22.08
2026-09-04,RELIGARE,INE621H01010,EQ,257.08
2026-09-04,REMSONSIND,INE474C01023,EQ,99.35
2026-09-04,RGL,INE722H01024,EQ,149.26
2026-09-04,REPCOHOME,INE612J01015,EQ,358.75
2026-09-04,REPRO,INE461B01014,EQ,319.45
2026-09-04,RESPONIND,INE688D01026,EQ,154.9
2026-09-04,RBA,INE07T201019,EQ,97.15
2026-09-04,RVTH,INE0DAB01012,EQ,734.45
2026-09-04,RHETAN,INE0KKN01029,EQ,25.42
2026-09-04,RHIM,INE743M01012,EQ,371.35
2026-09-04,RICOAUTO,INE209B01025,EQ,130.46
2026-09-04,RIR,INE302D01024,EQ,169.86
2026-09-04,RISHABH,INE0N2P01017,EQ,738.45
2026-09-04,RITCO,INE01EG01016,EQ,301.8
2026-09-04,RITES,INE320J01015,EQ,215.8
2026-09-04,RKEC,INE786W01010,EQ,21.73
2026-09-04,RMC,INE655V01019,EQ,233.54
2026-09-04,RHL,INE508K01013,EQ,167.89
2026-09-04,ROLEXRINGS,INE645S01024,EQ,171.72
2026-09-04,ROLLT,INE927A01040,BE,4.37
2026-09-04,ROSSARI,INE02A801020,EQ,460.25
2026-09-04,ROSSELLIND,INE847C01020,EQ,56.96
2026-09-04,ROSSTECH,INE0OJW01016,EQ,1150.5
2026-09-04,ROTO,INE535D01037,EQ,65.03
2026-09-04,ROUTE,INE450U01017,EQ,501.55
2026-09-04,ROHLTD,INE283H01019,EQ,298.55
2026-09-04,RPGLIFE,INE105J01010,EQ,2721.6
2026-09-04,RPSGVENT,INE425Y01011,EQ,831.4
2026-09-04,RSWM,INE611A01016,BE,220.63
2026-09-04,RUBFILA,INE642C01025,EQ,70.69
2026-09-04,RUBICON,INE506V01022,EQ,1768.3
2026-09-04,RUCHINFRA,INE413B01023,EQ,5.82
2026-09-04,RUCHIRA,INE803H01014,EQ,107.5
2026-09-04,RUDRA,INE027T01023,EQ,20.33
2026-09-04,REPL,INE364Z01019,BE,63.19
2026-09-04,RUPA,INE895B01021,EQ,144.49
2026-09-04,RUSHIL,INE573K01025,EQ,16.01
2026-09-04,SAB,INE137M01017,EQ,183.5
2026-09-04,SCHAND,INE807K01035,EQ,136.41
2026-09-04,SHK,INE500L01026,EQ,150.87
2026-09-04,SVGLOBAL,INE159L01013,EQ,163.62
2026-09-04,S&SPOWER,INE902B01017,EQ,323.95
2026-09-04,SPAL,INE212I01016,EQ,1071.1
2026-09-04,SALSTEEL,INE658G01014,EQ,81.37
2026-09-04,SAATVIKGL,INE13B501022,EQ,424.4
2026-09-04,SADBHAV,INE226H01026,EQ,8.15
2026-09-04,SADBHIN,INE764L01010,BE,2.55
2026-09-04,SADHNANIQ,INE888C01040,BE,2.72
2026-09-04,SAFARI,INE429E01023,EQ,1540.4
2026-09-04,SAGCEM,INE229C01021,EQ,152.86
2026-09-04,SAGARDEEP,INE976T01013,EQ,23.62
2026-09-04,SAGILITY,INE0W2G01015,EQ,46.82
2026-09-04,SAHYADRI,INE280H01015,EQ,392.15
2026-09-04,SAICAPI,INE531X01018,EQ,157.56
2026-09-04,SAILIFE,INE570L01029,EQ,1584.3
2026-09-04,SAIPARENT,INE0H9F01037,EQ,519.55
2026-09-04,KALAMANDIR,INE438K01021,EQ,86.49
2026-09-04,SEKURITIND,INE068B01017,EQ,114.56
2026-09-04,SAKAR,INE732S01012,EQ,1013.9
2026-09-04,SAKSOFT,INE667G01023,EQ,154.58
2026-09-04,SAKHTISUG,INE623A01011,EQ,19.78
2026-09-04,SAKUMA,INE190H01024,EQ,1.62
2026-09-04,SALASAR,INE170V01027,EQ,5.2
2026-09-04,SALONA,INE498E01010,EQ,269.95
2026-09-04,SALZERELEC,INE457F01013,EQ,549.7
2026-09-04,SAMBANDAM,INE304D01012,EQ,123.23
2026-09-04,SAMBHAAV,INE699B01027,EQ,5.94
2026-09-04,SAMBHV,INE12NJ01018,EQ,128.69
2026-09-04,SAMHI,INE08U801020,EQ,153.99
2026-09-04,SAMMAANCAP,INE148I01020,EQ,158.39
2026-09-04,SAMPANN,INE735M01018,EQ,25.19
2026-09-04,MOTHERSON,INE775A01035,EQ,160.7
2026-09-04,SANATHAN,INE0JPD01013,EQ,456.2
2026-09-04,SANDESH,INE583B01015,EQ,1051.3
2026-09-04,SANDHAR,INE278H01035,EQ,624.0
2026-09-04,SANDUMA,INE149K01016,EQ,197.83
2026-09-04,SANGAMIND,INE495C01010,EQ,578.8
2026-09-04,SANGHVIMOV,INE989A01032,EQ,439.2
2026-09-04,SANGINITA,INE753W01010,BE,59.5
2026-09-04,SANOFICONR,INE0UOS01011,EQ,4201.7
2026-09-04,SANOFI,INE058A01010,EQ,3158.2
2026-09-04,SANSERA,INE953O01021,EQ,3782.6
2026-09-04,SANSTAR,INE08NE01025,EQ,111.31
2026-09-04,SANWARIA,INE890C01046,BZ,0.18
2026-09-04,SAPPHIRE,INE806T01020,EQ,228.43
2026-09-04,ZSARACOM,INE967G01019,EQ,11302.0
2026-09-04,SSDL,INE0PQ101010,EQ,56.69
2026-09-04,SARDAEN,INE385C01021,EQ,508.55
2026-09-04,SAREGAMA,INE979A01025,EQ,492.75
2026-09-04,SARLAPOLY,INE453D01025,EQ,100.2
2026-09-04,SMLT,INE017W01010,EQ,65.59
2026-09-04,SARVESHWAR,INE324X01026,EQ,3.36
2026-09-04,SASKEN,INE231F01020,EQ,1881.3
2026-09-04,SATIA,INE170E01023,EQ,63.36
2026-09-04,SATIN,INE836B01017,EQ,220.75
2026-09-04,SAURASHCEM,INE626A01014,EQ,57.61
2026-09-04,SOTL,INE035D01020,EQ,740.75
2026-09-04,SAYAJIHOTL,INE318C01014,EQ,319.35
2026-09-04,SAYAJIIND,INE327G01032,EQ,116.11
2026-09-04,SBC,INE04AK01028,EQ,45.76
2026-09-04,SBFC,INE423Y01016,EQ,100.08
2026-09-04,SBICARD,INE018E01016,EQ,658.25
2026-09-04,SBIFUNDS,INE640G01020,EQ,562.1
2026-09-04,SBILIFE,INE123W01016,EQ,1775.0
2026-09-04,SCANSTL,INE099G01011,BE,59.22
2026-09-04,SCHAEFFLER,INE513A01022,EQ,3956.4
2026-09-04,SCHNEIDER,INE839M01018,EQ,1232.4
2026-09-04,SCODATUBES,INE090501011,EQ,135.02
2026-09-04,SEAMECLTD,INE497B01018,EQ,1793.6
2026-09-04,SECMARK,INE0BTM01013,EQ,144.4
2026-09-04,SECURKLOUD,INE650K01021,EQ,17.01
2026-09-04,SEDEMAC,INE00XB01019,EQ,2814.4
2026-09-04,SEJALLTD,INE955I01044,EQ,657.5
2026-09-04,SELMC,INE105I01020,EQ,27.5
2026-09-04,SEMAC,INE617A01013,EQ,277.25
2026-09-04,SENCO,INE602W01027,EQ,358.65
2026-09-04,SENORES,INE0RB801010,EQ,1428.4
2026-09-04,SEPC,INE964H01014,EQ,5.38
2026-09-04,SERVOTECH,INE782X01033,EQ,79.62
2026-09-04,STYL,INE04VU01023,EQ,383.5
2026-09-04,SESHAPAPER,INE630A01024,EQ,233.09
2026-09-04,SETCO,INE878E01021,BE,17.45
2026-09-04,SETUINFRA,INE023M01027,BZ,0.57
2026-09-04,SEYAIND,INE573R01012,BE,12.25
2026-09-04,SGFIN,INE618R01015,EQ,675.7
2026-09-04,SGMART,INE385F01024,EQ,824.75
2026-09-04,SGLRES,INE967B01028,EQ,2.41
2026-09-04,SHADOWFAX,INE12UN01015,EQ,259.55
2026-09-04,SHAHALLOYS,INE640C01011,BE,101.5
2026-09-04,SHAH,INE482J01021,EQ,3.51
2026-09-04,SHAILY,INE151G01028,EQ,3278.3
2026-09-04,SHAKTIPUMP,INE908D01010,EQ,473.0
2026-09-04,SHALBY,INE597J01018,EQ,152.71
2026-09-04,SAHLIBHFI,INE861D01011,EQ,89.52
2026-09-04,SHALPAINTS,INE849C01026,BE,85.47
2026-09-04,SRD,INE01NE01012,EQ,39.33
2026-09-04,SHANKARA,INE274V01019,EQ,148.18
2026-09-04,BUILDPRO,INE24OJ01011,EQ,1298.2
2026-09-04,SHANKESH,INE1WFC01025,EQ,98.92
2026-09-04,SHANTIGEAR,INE631A01022,EQ,621.75
2026-09-04,SEIL,INE440T01028,EQ,200.76
2026-09-04,SHANTIGOLD,INE06ZD01017,EQ,256.34
2026-09-04,SHANTI,INE933X01016,EQ,6.25
2026-09-04,SHINDL,INE220Z01013,EQ,162.42
2026-09-04,SHARDACROP,INE221J01015,EQ,768.35
2026-09-04,SHARDAMOTR,INE597I01028,EQ,881.95
2026-09-04,SHARDUL,INE037B01020,BE,54.49
2026-09-04,SHAREINDIA,INE932X01026,EQ,170.5
2026-09-04,SFL,INE916U01025,EQ,646.8
2026-09-04,SCPL,INE501Y01019,BE,646.45
2026-09-04,SHEKHAWATI,INE268L01046,BE,15.52
2026-09-04,SHEMAROO,INE363M01019,BE,126.61
2026-09-04,SHERVANI,INE011D01013,EQ,315.1
2026-09-04,SHILCTECH,INE024F01011,EQ,4065.3
2026-09-04,SHILGRAVQ,INE960A01017,EQ,144.8
2026-09-04,SHILPAMED,INE790G01031,EQ,964.15
2026-09-04,SCILAL,INE0PB301013,EQ,39.77
2026-09-04,SCI,INE109A01011,EQ,295.35
2026-09-04,SHIPROCKET,INE0FOO01011,EQ,135.92
2026-09-04,SHIVAUM,INE719F01016,EQ,448.05
2026-09-04,SHIVACEM,INE555C01029,EQ,15.97
2026-09-04,SHIVAAGRO,INE960E01019,EQ,41.39
2026-09-04,SHIVAMILLS,INE644Y01017,EQ,60.5
2026-09-04,SHIVATEX,INE705C01020,EQ,182.86
2026-09-04,SBCL,INE386D01027,EQ,1121.1
2026-09-04,SHIVALIK,INE788J01021,BE,327.4
2026-09-04,SHIVAMAUTO,INE637H01024,EQ,18.01
2026-09-04,SHOPERSTOP,INE498B01024,EQ,381.75
2026-09-04,SHRADDHA,INE311M01018,EQ,156.48
2026-09-04,SHRADHA,INE715Y01031,EQ,31.48
2026-09-04,SHREEPUSHK,INE712K01011,EQ,475.25
2026-09-04,SAPPL,INE185C01017,EQ,281.85
2026-09-04,SHREECEM,INE070A01015,EQ,23855.0
2026-09-04,SHREDIGCEM,INE232A01011,EQ,74.44
2026-09-04,SGRL,INE414Y01015,EQ,708.55
2026-09-04,SRTL,INE19GK01015,EQ,37.71
2026-09-04,SHREERAMA,INE879A01019,EQ,44.12
2026-09-04,RAMANEWS,INE278B01020,EQ,31.75
2026-09-04,RENUKA,INE087H01022,EQ,24.04
2026-09-04,BALAJEE,INE0S2G01011,EQ,26.16
2026-09-04,SVLL,INE00CE01017,BE,799.25
2026-09-04,SHREEJISPG,INE1B6101010,EQ,680.15
2026-09-04,OSWALSEEDS,INE00IK01029,EQ,11.72
2026-09-04,SHRENIK,INE632X01030,BZ,0.29
2026-09-04,SHREYANIND,INE231C01019,EQ,128.93
2026-09-04,SHBAJRG,INE402H01015,EQ,160.67
2026-09-04,SHRJAGP,INE564J01026,EQ,625.65
2026-09-04,SHRIKRISH,INE997I01012,EQ,39.79
2026-09-04,VASUPRADA,INE574G01013,EQ,107.1
2026-09-04,SHRINGARMS,INE1B3L01017,EQ,217.91
2026-09-04,SHRIRAMFIN,INE721A01047,EQ,1041.0
2026-09-04,SHRIRAMPPS,INE217L01019,EQ,76.9
2026-09-04,SHUKRAPHAR,INE551C01044,EQ,51.93
2026-09-04,SHYAMCENT,INE979R01011,BE,5.03
2026-09-04,SHYAMMETL,INE810G01011,EQ,1065.3
2026-09-04,SHYAMTEL,INE635A01023,EQ,11.6
2026-09-04,SICAGEN,INE176J01011,EQ,58.28
2026-09-04,SICALLOG,INE075B01020,BE,107.33
2026-09-04,ENRIN,INE1NPP01017,EQ,3115.7
2026-09-04,SIEMENS,INE003A01024,EQ,3977.0
2026-09-04,SIGACHI,INE0D0K01022,EQ,34.74
2026-09-04,SIGMAADV,INE933B01012,BE,762.4
2026-09-04,SIGMA,INE0A0S01028,EQ,46.66
2026-09-04,SIGNATURE,INE903U01023,EQ,796.55
2026-09-04,SIGIND,INE529F01035,BE,70.37
2026-09-04,SIGNPOST,INE0KGZ01021,EQ,244.25
2026-09-04,SIKA,INE438E01032,EQ,996.1
2026-09-04,SIKKO,INE112X01025,BE,5.41
2026-09-04,SILINV,INE923A01015,EQ,478.8
2026-09-04,SILGO,INE01II01013,EQ,69.97
2026-09-04,SILLYMONKS,INE203Y01012,EQ,16.19
2026-09-04,SILVERTUC,INE625X01026,EQ,167.97
2026-09-04,SIMBHALS,INE748T01016,BZ,7.8
2026-09-04,SIMPLEXINF,INE059B01024,EQ,270.5
2026-09-04,SIMPLXREA,INE167H01014,EQ,142.99
2026-09-04,SINCLAIR,INE985A01022,EQ,83.5
2026-09-04,SINDHUTRAD,INE325D01025,EQ,25.28
2026-09-04,SINGERIND,INE638A01035,EQ,76.98
2026-09-04,SINTERCOM,INE129Z01016,EQ,80.8
2026-09-04,SIRCA,INE792Z01011,EQ,439.25
2026-09-04,SIS,INE285J01028,EQ,430.95
2026-09-04,SITINET,INE965H01011,BZ,0.29
2026-09-04,SIYSIL,INE076B01028,EQ,552.65
2026-09-04,SJS,INE284S01014,EQ,2306.1
2026-09-04,SJVN,INE002L01015,EQ,65.23
2026-09-04,SKFINDUS,INE2J8701016,EQ,3002.5
2026-09-04,SKFINDIA,INE640A01023,EQ,1553.2
2026-09-04,SKIPPER,INE439E01022,EQ,591.1
2026-09-04,SKMEGGPROD,INE411D01023,EQ,257.1
2026-09-04,SKYGOLD,INE01IU01018,EQ,781.45
2026-09-04,SKYWAYS,INE0PX301025,EQ,122.72
2026-09-04,SMARTLINK,INE178C01020,BE,213.81
2026-09-04,SMARTWORKS,INE0NAZ01010,EQ,541.5
2026-09-04,SMCGLOBAL,INE103C01036,EQ,81.25
2026-09-04,SMLMAH,INE294B01019,EQ,6298.5
2026-09-04,SMSPHARMA,INE812G01025,EQ,392.5
2026-09-04,SNOWMAN,INE734N01019,EQ,36.85
2026-09-04,SOBHA,INE671H01015,EQ,1263.8
2026-09-04,SOFTTECH,INE728Z01015,EQ,423.15
2026-09-04,SOLARINDS,INE343H01029,EQ,21445.0
2026-09-04,SOLARA,INE624Z01016,EQ,639.15
2026-09-04,SOLARWORLD,INE0TY101024,EQ,149.32
2026-09-04,SOLEX,INE880Y01017,EQ,725.3
2026-09-04,SDBL,INE480C01038,EQ,74.0
2026-09-04,SOMATEX,INE314C01013,EQ,90.22
2026-09-04,SOMANYCERA,INE355A01028,EQ,557.35
2026-09-04,SOMICONVEY,INE323J01019,EQ,91.33
2026-09-04,SONACOMS,INE073K01018,EQ,789.0
2026-09-04,SONAL,INE321M01017,EQ,88.98
2026-09-04,SONAMLTD,INE00LM01029,BE,65.84
2026-09-04,SONATSOFTW,INE269A01021,EQ,285.25
2026-09-04,SOUTHWEST,INE980Y01015,EQ,212.92
2026-09-04,SPCENET,INE970N01027,EQ,3.41
2026-09-04,SPANDANA,INE572J01011,EQ,239.81
2026-09-04,SPECIALITY,INE247M01014,BE,139.59
2026-09-04,SPECTRUM,INE01EO01010,BE,2368.4
2026-09-04,SPELS,INE252A01019,EQ,149.38
2026-09-04,SPENCERS,INE020801028,EQ,28.5
2026-09-04,SPIC,INE147A01011,EQ,71.28
2026-09-04,SPLIL,INE978G01016,EQ,30.39
2026-09-04,SPMLINFRA,INE937A01023,EQ,181.41
2026-09-04,SPORTKING,INE885H01029,EQ,229.22
2026-09-04,SHRIPISTON,INE526E01018,EQ,4536.9
2026-09-04,SRHHYPOLTD,INE917H01012,EQ,531.05
2026-09-04,SREEL,INE099F01013,EQ,265.52
2026-09-04,SRF,INE647A01010,EQ,2547.0
2026-09-04,SRGHFL,INE559N01010,EQ,245.45
2026-09-04,HAVISHA,INE293B01029,EQ,1.41
2026-09-04,SRIKPRIND,INE009C01019,EQ,33.38
2026-09-04,LOTUSDEV,INE0V9Q01010,BE,193.25
2026-09-04,SRM,INE0R6Z01013,EQ,462.35
2026-09-04,STALLION,INE0RYC01010,BE,206.68
2026-09-04,SETL,INE0M4D01010,EQ,408.95
2026-09-04,SIL,INE173A01025,EQ,19.59
2026-09-04,STANLEY,INE01A001028,EQ,135.48
2026-09-04,STARCEMENT,INE460H01021,EQ,190.19
2026-09-04,STARHEALTH,INE575P01011,EQ,557.35
2026-09-04,STARPAPER,INE733A01018,EQ,151.42
2026-09-04,STARTECK,INE992I01013,EQ,249.25
2026-09-04,SBIN,INE062A01020,EQ,1016.1
2026-09-04,SAIL,INE114A01011,EQ,196.8
2026-09-04,STEELCITY,INE395H01011,EQ,85.55
2026-09-04,STEELXIND,INE503B01021,EQ,11.34
2026-09-04,STLSTRINF,INE205F01016,EQ,19.55
2026-09-04,SSWL,INE802C01033,EQ,361.85
2026-09-04,STEELCAS,INE124E01038,EQ,328.05
2026-09-04,STEL,INE577L01016,EQ,607.9
2026-09-04,STERTOOLS,INE334A01023,BE,221.31
2026-09-04,STLTECH,INE089C01029,BE,748.9
2026-09-04,SGL,INE353H01010,EQ,10.05
2026-09-04,STLNETWORK,INE1VXE01018,EQ,28.87
2026-09-04,STOVEKRAFT,INE00IN01015,EQ,832.55
2026-09-04,STAR,INE939A01011,EQ,1059.6
2026-09-04,SWSOLAR,INE00M201021,EQ,186.23
2026-09-04,STUDDS,INE00Q601028,EQ,424.2
2026-09-04,STYLAMIND,INE239C01020,EQ,3387.4
2026-09-04,STYRENIX,INE189B01011,EQ,2043.2
2026-09-04,SUBEXLTD,INE754A01055,EQ,17.28
2026-09-04,SUBROS,INE287B01021,EQ,709.6
2026-09-04,SUDARSCHEM,INE659A01023,EQ,1222.8
2026-09-04,SUDARCOLOR,INE492A01029,EQ,383.45
2026-09-04,SUDEEPPHRM,INE0QPI01025,EQ,1329.3
2026-09-04,SUKHJITS,INE450E01029,EQ,157.86
2026-09-04,SULA,INE142Q01026,EQ,149.0
2026-09-04,SUMEDHA,INE886B01012,EQ,39.01
2026-09-04,SUMEETINDS,INE235C01036,EQ,11.5
2026-09-04,SUMIT,INE748Z01013,EQ,51.71
2026-09-04,SUMICHEM,INE258G01013,EQ,493.4
2026-09-04,SUMMITSEC,INE519C01017,EQ,1434.2
2026-09-04,SPARC,INE232I01014,EQ,199.47
2026-09-04,SUNPHARMA,INE044A01036,EQ,1899.0
2026-09-04,SUNTV,INE424H01027,EQ,470.9
2026-09-04,SUNCLAY,INE0Q3R01026,EQ,1304.4
2026-09-04,SUNDARMFIN,INE660A01013,EQ,4648.7
2026-09-04,SUNDARAM,INE108E01023,EQ,1.23
2026-09-04,SUNDRMBRAK,INE073D01013,BE,740.0
2026-09-04,SUNDRMFAST,INE387A01021,EQ,1212.3
2026-09-04,SUNDROP,INE209A01019,EQ,662.5
2026-09-04,SUNFLAG,INE947A01014,EQ,343.7
2026-09-04,SUNLOC,INE671C01016,EQ,79.98
2026-09-04,SUNRAKSHAK,INE671K01027,EQ,369.55
2026-09-04,SUNSHIEL,INE199E01014,EQ,1144.9
2026-09-04,SUNSHINE,INE1B3O01011,EQ,441.45
2026-09-04,SUNTECK,INE805D01034,EQ,299.5
2026-09-04,SUPERSPIN,INE662A01027,BE,6.95
2026-09-04,SUPTANERY,INE460D01038,BE,13.25
2026-09-04,SUPERHOUSE,INE712B01010,EQ,169.23
2026-09-04,SIEL,INE843L01012,EQ,31.9
2026-09-04,SUPRAJIT,INE399C01030,EQ,479.45
2026-09-04,SUPREMEENG,INE319Z01021,BZ,3.03
2026-09-04,SUPREME,INE822E01011,EQ,36.27
2026-09-04,SUPREMEIND,INE195A01028,EQ,3475.0
2026-09-04,SUPREMEINF,INE550H01011,EQ,83.42
2026-09-04,SPLPETRO,INE663A01033,EQ,771.05
2026-09-04,SUPRIYA,INE07RO01027,EQ,852.85
2026-09-04,SURAJEST,INE843S01025,EQ,178.25
2026-09-04,SURAJLTD,INE713C01016,EQ,201.79
2026-09-04,SURAKSHA,INE877V01027,EQ,332.45
2026-09-04,SURANASOL,INE272L01022,EQ,26.11
2026-09-04,SURANAT&P,INE130B01031,EQ,16.57
2026-09-04,SBGLP,INE05ST01028,EQ,23.96
2026-09-04,SURYAROSNI,INE335A01020,EQ,216.49
2026-09-04,SURYALAXMI,INE713B01026,EQ,60.79
2026-09-04,SURYALA,INE132C01027,EQ,411.85
2026-09-04,SURYODAY,INE428Q01011,EQ,152.07
2026-09-04,SUTLEJTEX,INE645H01027,BE,40.89
2026-09-04,SUVEN,INE495B01038,EQ,378.0
2026-09-04,SUVIDHAA,INE018401013,EQ,2.42
2026-09-04,SUYOG,INE442P01014,EQ,731.2
2026-09-04,SUZLON,INE040H01021,EQ,45.35
2026-09-04,SVPGLOB,INE308E01029,EQ,3.65
2026-09-04,SWANCORP,INE665A01038,EQ,281.5
2026-09-04,SWANDEF,INE542F01020,BE,2520.2
2026-09-04,SWARAJENG,INE277A01016,EQ,3557.8
2026-09-04,SWARAJ,INE0GMR01016,BE,357.35
2026-09-04,SWARNSAR,INE967A01012,EQ,35.25
2026-09-04,SWELECTES,INE409B01013,EQ,572.5
2026-09-04,SWIGGY,INE00H001014,EQ,276.1
2026-09-04,SWISSMLTRY,INE010C01025,BE,15.59
2026-09-04,SYMBIOTEC,INE899I01028,EQ,1078.25
2026-09-04,SYMPHONY,INE225D01027,EQ,580.35
2026-09-04,SYNCOMF,INE312C01025,EQ,20.58
2026-09-04,SGIL,INE00QT01015,EQ,606.2
2026-09-04,SYNGENE,INE398R01022,EQ,395.6
2026-09-04,SYRMA,INE0DYJ01015,EQ,1457.3
2026-09-04,SYSTMTXC,INE356B01024,BE,60.23
2026-09-04,TGVSL,INE284B01028,EQ,109.98
2026-09-04,TTL,INE592B01024,EQ,6.81
2026-09-04,TAALTECH,INE524T01011,EQ,4502.2
2026-09-04,TAINWALCHM,INE123C01018,EQ,213.71
2026-09-04,TAJGVK,INE586B01026,EQ,332.55
2026-09-04,TAKE,INE142I01023,EQ,13.82
2026-09-04,TALBROAUTO,INE187D01029,EQ,407.75
2026-09-04,TAMBOLIIN,INE864J01012,BE,259.7
2026-09-04,TMB,INE668A01016,EQ,932.45
2026-09-04,TNPL,INE107A01015,EQ,155.75
2026-09-04,TNPETRO,INE148A01019,EQ,132.7
2026-09-04,TNTELE,INE141D01018,EQ,8.88
2026-09-04,TANAA,INE692C01020,EQ,282.15
2026-09-04,TANLA,INE483C01032,EQ,521.15
2026-09-04,TARACHAND,INE555Z01020,EQ,48.78
2026-09-04,TARAPUR,INE747K01017,EQ,13.03
2026-09-04,TARC,INE0EK901012,EQ,126.99
2026-09-04,TARMAT,INE924H01018,EQ,61.23
2026-09-04,TARSONS,INE144Z01023,EQ,335.55
2026-09-04,TASTYBITE,INE488B01017,EQ,9982.0
2026-09-04,TATACAP,INE976I01016,EQ,375.05
2026-09-04,TATACHEM,INE092A01019,EQ,625.1
2026-09-04,TATACOMM,INE151A01013,EQ,1756.1
2026-09-04,TCS,INE467B01029,EQ,2304.0
2026-09-04,TATACONSUM,INE192A01025,EQ,1010.0
2026-09-04,TATAELXSI,INE670A01012,EQ,3558.0
2026-09-04,TATAINVEST,INE672A01026,EQ,633.7
2026-09-04,TMCV,INE1TAE01010,EQ,458.2
2026-09-04,TMPV,INE155A01022,EQ,311.5
2026-09-04,TATAPOWER,INE245A01021,EQ,368.0
2026-09-04,TATASTEEL,INE081A01020,EQ,188.79
2026-09-04,TATATECH,INE142M01025,EQ,800.0
2026-09-04,TTML,INE517B01013,EQ,37.74
2026-09-04,TATVA,INE0GK401011,EQ,1678.5
2026-09-04,TBOTEK,INE673O01025,EQ,1688.9
2026-09-04,TCC,INE887D01024,EQ,44.1
2026-09-04,TCIEXP,INE586V01016,EQ,552.9
2026-09-04,TCIFINANCE,INE911B01018,BE,15.1
2026-09-04,TCPLPACK,INE822C01015,EQ,4091.9
2026-09-04,TDPOWERSYS,INE419M01035,EQ,740.1
2026-09-04,TEAMGTY,INE289C01025,EQ,235.29
2026-09-04,TEAMLEASE,INE985S01024,EQ,1250.6
2026-09-04,TPHQ,INE065J01024,BE,0.55
2026-09-04,TECHM,INE669C01036,EQ,1596.9
2026-09-04,TECHNOE,INE285K01026,EQ,979.5
2026-09-04,TIIL,INE545H01011,EQ,3194.6
2026-09-04,TECHNOCRAF,INE1D0W01018,EQ,366.1
2026-09-04,TECHNVISN,INE314H01012,EQ,4917.5
2026-09-04,TECILCHEM,INE014B01011,EQ,9.72
2026-09-04,TEGA,INE011K01018,EQ,1548.0
2026-09-04,TEJASNET,INE010J01012,EQ,614.15
2026-09-04,TEMBO,INE869Y01028,EQ,58.47
2026-09-04,TEMPSENS,INE1KZI01025,EQ,554.8
2026-09-04,TENNIND,INE19RI01016,EQ,517.55
2026-09-04,TERASOFT,INE482B01010,EQ,283.4
2026-09-04,TERAI,INE390D01011,EQ,121.43
2026-09-04,TEXINFRA,INE435C01024,EQ,115.02
2026-09-04,TEXRAIL,INE621L01012,EQ,115.99
2026-09-04,TEXMOPIPES,INE141K01013,EQ,46.23
2026-09-04,TGBHOTELS,INE797H01018,EQ,9.48
2026-09-04,THACKER,INE077P01034,BE,1050.0
2026-09-04,THAKDEV,INE403F01017,EQ,144.0
2026-09-04,THANGAMAYL,INE085J01014,EQ,5332.0
2026-09-04,ANUP,INE294Z01018,EQ,1785.8
2026-09-04,BYKE,INE319B01014,BE,32.11
2026-09-04,GESHIP,INE017A01032,EQ,1369.7
2026-09-04,GROBTEA,INE646C01018,EQ,977.65
2026-09-04,HITECHGEAR,INE127B01011,BE,567.15
2026-09-04,INDIACEM,INE383A01012,EQ,362.5
2026-09-04,INDHOTEL,INE053A01029,EQ,720.0
2026-09-04,THEINVEST,INE924D01017,EQ,95.0
2026-09-04,NIACL,INE470Y01017,EQ,229.91
2026-09-04,PKTEA,INE431F01018,EQ,802.65
2026-09-04,PHOENIXLTD,INE211B01039,EQ,1942.0
2026-09-04,RAMCOCEM,INE331A01037,EQ,884.5
2026-09-04,RUBYMILLS,INE301D01026,BE,428.3
2026-09-04,SOUTHBANK,INE683A01023,EQ,47.29
2026-09-04,STCINDIA,INE655A01013,EQ,115.28
2026-09-04,UGARSUGAR,INE071E01023,EQ,53.35
2026-09-04,WIPL,INE215F01023,EQ,167.99
2026-09-04,THEJO,INE121N01019,EQ,2125.3
2026-09-04,THEMISMED,INE083B01024,EQ,120.42
2026-09-04,THERMAX,INE152A01029,EQ,3637.6
2026-09-04,TIRUMALCHM,INE338A01024,EQ,157.19
2026-09-04,THOMASCOOK,INE332A01027,EQ,111.65
2026-09-04,THOMASCOTT,INE480M01011,EQ,262.75
2026-09-04,THYROCARE,INE594H01019,EQ,576.15
2026-09-04,TIGERLOGS,INE906O01029,EQ,28.61
2026-09-04,TIJARIA,INE440L01017,BE,9.54
2026-09-04,TIL,INE806C01018,BE,252.88
2026-09-04,TI,INE133E01013,EQ,535.1
2026-09-04,TIMETECHNO,INE508G01029,EQ,188.49
2026-09-04,TIMEX,INE064A01026,EQ,669.85
2026-09-04,TIMKEN,INE325A01013,EQ,3125.3
2026-09-04,TINNARUBR,INE015C01016,EQ,1028.2
2026-09-04,TIPSFILMS,INE0LQS01015,EQ,331.0
2026-09-04,TIPSMUSIC,INE716B01029,EQ,649.75
2026-09-04,TIRUPATIFL,INE319Y01024,BE,69.05
2026-09-04,TITAGARH,INE615H01020,EQ,871.85
2026-09-04,TITAN,INE280A01028,EQ,5020.0
2026-09-04,TOKYOPLAST,INE932C01012,EQ,76.51
2026-09-04,TOLINS,INE0RWQ01014,EQ,91.98
2026-09-04,TORNTPHARM,INE685A01028,EQ,4857.0
2026-09-04,TORNTPOWER,INE813H01021,EQ,1299.1
2026-09-04,TOTAL,INE336X01012,EQ,70.88
2026-09-04,TOUCHWOOD,INE486Y01013,EQ,62.81
2026-09-04,TFCILTD,INE305A01023,EQ,143.26
2026-09-04,TOYAMSL,INE457P01020,EQ,0.61
2026-09-04,TPLPLASTEH,INE413G01022,EQ,71.74
2026-09-04,TRACXN,INE0HMF01019,EQ,29.96
2026-09-04,TARIL,INE763I01026,EQ,300.95
2026-09-04,TRANSCOR,INE330E01023,EQ,25.49
2026-09-04,TREL,INE0O3901029,EQ,27.44
2026-09-04,TRANSPEK,INE687A01016,BE,1446.5
2026-09-04,TCI,INE688A01022,EQ,868.2
2026-09-04,TRANSRAILL,INE454P01035,EQ,429.3
2026-09-04,TFL,INE804H01012,EQ,12.36
2026-09-04,TRANSWORLD,INE757B01015,BE,171.0
2026-09-04,TRAVELFOOD,INE103V01028,EQ,1296.3
2026-09-04,TREEHOUSE,INE040M01013,EQ,6.29
2026-09-04,TREJHARA,INE00CA01015,EQ,152.01
2026-09-04,TRENT,INE849A01020,EQ,2853.0
2026-09-04,TRF,INE391D01019,EQ,231.59
2026-09-04,TBZ,INE760L01018,EQ,480.85
2026-09-04,TRIDENT,INE064C01022,EQ,24.16
2026-09-04,TRIGYN,INE948A01012,EQ,58.97
2026-09-04,TRITONV,INE440G01017,EQ,1136.1
2026-09-04,TRIVENI,INE256C01024,EQ,275.65
2026-09-04,TRITURBINE,INE152M01016,EQ,577.3
2026-09-04,TRUALT,INE0MWH01014,EQ,425.25
2026-09-04,TRU,INE615R01029,EQ,4.05
2026-09-04,TSFINV,INE202Z01029,EQ,404.7
2026-09-04,TTKHLTCARE,INE910C01018,EQ,1100.2
2026-09-04,TTKPRESTIG,INE690A01028,EQ,562.75
2026-09-04,TIINDIA,INE974X01010,EQ,2698.0
2026-09-04,TURTLEMINT,INE0OC301013,EQ,144.08
2026-09-04,TUTIALKA,INE400A01014,EQ,60.36
2026-09-04,TVTODAY,INE038F01029,EQ,110.95
2026-09-04,TVVISION,INE871L01013,BE,3.38
2026-09-04,TVSELECT,INE236G01019,EQ,420.85
2026-09-04,TVSHLTD,INE105A01035,EQ,13374.0
2026-09-04,TVSMOTOR,INE494B01023,EQ,4133.1
2026-09-04,TVSSRICHAK,INE421C01016,EQ,5237.5
2026-09-04,TVSSCS,INE395N01027,EQ,130.41
2026-09-04,TICL,INE388G01026,BE,8.12
2026-09-04,UYFINCORP,INE152C01025,BE,19.73
2026-09-04,UCAL,INE139B01016,BE,146.02
2026-09-04,UCOBANK,INE691A01018,EQ,24.78
2026-09-04,UDAYJEW,INE551B01012,EQ,143.0
2026-09-04,USK,INE0N0Y01013,EQ,20.99
2026-09-04,UFLEX,INE516A01017,EQ,675.6
2026-09-04,UFO,INE527H01019,EQ,65.09
2026-09-04,UGROCAP,INE583D01011,EQ,86.35
2026-09-04,UEL,INE899L01030,EQ,241.6
2026-09-04,UJJIVANSFB,INE551W01018,EQ,64.43
2026-09-04,ULTRAMAR,INE405A01021,EQ,437.15
2026-09-04,ULTRACEMCO,INE481G01011,EQ,11408.0
2026-09-04,UMAEXPORTS,INE0GIU01018,BE,23.97
2026-09-04,UMIYA-MRO,INE398B01018,EQ,104.42
2026-09-04,UNICHEMLAB,INE351A01035,EQ,550.2
2026-09-04,UNIECOM,INE00U401027,EQ,87.62
2026-09-04,UNIINFO,INE481Z01011,EQ,11.0
2026-09-04,UNIMECH,INE0U3I01011,EQ,1502.7
2026-09-04,UNIONBANK,INE692A01016,EQ,187.22
2026-09-04,UNIPARTS,INE244O01017,EQ,874.05
2026-09-04,UNIENTER,INE037A01022,EQ,93.19
2026-09-04,UNITECH,INE694A01020,EQ,4.08
2026-09-04,UBL,INE686F01025,EQ,1279.4
2026-09-04,UNIDT,INE961D01019,BE,225.46
2026-09-04,UFBL,INE382M01027,BE,700.35
2026-09-04,UNITEDTEA,INE458F01011,EQ,442.8
2026-09-04,UNITEDPOLY,INE368U01029,EQ,41.66
2026-09-04,UNITDSPR,INE854D01024,EQ,1471.7
2026-09-04,UNIVASTU,INE562X01013,BE,168.34
2026-09-04,UNIVCABLES,INE279A01012,EQ,1576.3
2026-09-04,UNIVPHOTO,INE03V001013,BE,490.4
2026-09-04,UNOMINDA,INE405E01023,EQ,1249.7
2026-09-04,UDS,INE851I01011,EQ,239.03
2026-09-04,UPL,INE628A01036,EQ,582.15
2026-09-04,URAVIDEF,INE568Z01015,BE,118.2
2026-09-04,URBANCO,INE0CAZ01013,EQ,181.09
2026-09-04,URJA,INE550C01020,EQ,9.18
2026-09-04,UMESLTD,INE240C01028,EQ,5.09
2026-09-04,USHAMART,INE228A01035,EQ,514.15
2026-09-04,UTIAMC,INE094J01016,EQ,880.55
2026-09-04,UTKARSHBNK,INE735W01017,EQ,14.56
2026-09-04,UTTAMSUGAR,INE786F01031,EQ,281.2
2026-09-04,VTMLTD,INE222F01029,EQ,56.12
2026-09-04,VGUARD,INE951I01027,EQ,335.4
2026-09-04,V2RETAIL,INE945H01021,EQ,216.5
2026-09-04,WABAG,INE956G01038,EQ,2005.3
2026-09-04,VADILENT,INE693D01018,EQ,10045.0
2026-09-04,VADILALIND,INE694D01016,EQ,7655.0
2026-09-04,VAIBHAVGBL,INE884A01027,EQ,218.74
2026-09-04,VAISHALI,INE972X01022,EQ,8.32
2026-09-04,VAKRANGEE,INE051B01021,EQ,5.79
2026-09-04,VALIANTLAB,INE0JWS01017,BE,105.97
2026-09-04,VALIANTORG,INE565V01010,BE,320.25
2026-09-04,DBREALTY,INE879I01012,EQ,102.57
2026-09-04,VARDHACRLC,INE116G01013,BE,43.59
2026-09-04,VHL,INE701A01023,EQ,3626.4
2026-09-04,VARDMNPOLY,INE835A01029,EQ,5.87
2026-09-04,VSSL,INE050M01012,EQ,364.15
2026-09-04,VTL,INE825A01020,EQ,598.2
2026-09-04,VARROC,INE665L01035,EQ,826.35
2026-09-04,VBL,INE200M01039,EQ,407.6
2026-09-04,VGL,INE273D01027,EQ,53.31
2026-09-04,VASCONEQ,INE893I01013,EQ,30.47
2026-09-04,VASWANI,INE590L01019,EQ,47.01
2026-09-04,VCL,INE098201036,BE,1.58
2026-09-04,MANYAVAR,INE825V01034,EQ,594.2
2026-09-04,VAML,INE1CDF01017,EQ,437.75
2026-09-04,VISL,INE1CLE01013,EQ,35.39
2026-09-04,VEDL,INE205A01025,EQ,272.1
2026-09-04,VOGL,INE704J01044,EQ,38.02
2026-09-04,VEDPOWER,INE694L01019,EQ,34.2
2026-09-04,VEDAVAAG,INE359B01010,EQ,18.17
2026-09-04,VEEDOL,INE484C01030,EQ,1476.8
2026-09-04,VELJAN,INE232E01013,BE,1878.9
2026-09-04,VENKEYS,INE398A01010,EQ,1659.6
2026-09-04,VENTIVE,INE781S01027,EQ,588.2
2026-09-04,VENUSPIPES,INE0JA001018,EQ,1631.0
2026-09-04,VENUSREM,INE411B01019,BE,1694.4
2026-09-04,VERANDA,INE0IQ001011,EQ,242.63
2026-09-04,VERTOZ,INE188Y01031,EQ,37.66
2026-09-04,VESUVIUS,INE386A01023,EQ,419.15
2026-09-04,VETO,INE918N01018,BE,125.5
2026-09-04,VSTL,INE0QTF01015,EQ,117.66
2026-09-04,VGCL,INE761Q01015,EQ,52.62
2026-09-04,VHLTD,INE048C01025,BE,118.21
2026-09-04,VIDHIING,INE632C01026,EQ,347.75
2026-09-04,VIDYAWIRES,INE14UN01029,EQ,90.13
2026-09-04,VIJSOLX,INE362D01010,EQ,687.7
2026-09-04,VIJAYA,INE043W01024,EQ,1493.2
2026-09-04,VIJIFIN,INE159N01027,BE,16.58
2026-09-04,VIKASECO,INE806A01020,EQ,1.07
2026-09-04,VIKASLIFE,INE161L01027,EQ,1.29
2026-09-04,VIKRAMSOLR,INE078V01014,EQ,168.45
2026-09-04,VIKRAN,INE01R501028,EQ,60.77
2026-09-04,VIMTALABS,INE579C01029,EQ,635.65
2026-09-04,VINATIORGA,INE410B01037,EQ,1310.7
2026-09-04,VINDHYATEL,INE707A01012,EQ,2732.7
2026-09-04,VINEETLAB,INE505Y01010,EQ,37.37
2026-09-04,VINNY,INE01KI01027,EQ,1.02
2026-09-04,VINCOFE,INE498Q01014,EQ,170.65
2026-09-04,VINYLINDIA,INE250B01029,EQ,232.38
2026-09-04,VIPCLOTHNG,INE450G01024,EQ,20.15
2026-09-04,VIPIND,INE054A01027,EQ,314.05
2026-09-04,VIPULLTD,INE946H01037,BE,13.98
2026-09-04,VIRAT,INE467D01017,EQ,423.35
2026-09-04,VIRINCHI,INE539B01017,EQ,14.7
2026-09-04,VIRTUALG,INE247C01023,BE,0.47
2026-09-04,VOEPL,INE0I0T01010,EQ,553.2
2026-09-04,VISACHROME,INE286H01012,EQ,38.34
2026-09-04,VIVIDHA,INE370E01029,EQ,0.52
2026-09-04,VISAKAIND,INE392A01021,EQ,93.37
2026-09-04,VISHAL,INE755Q01025,EQ,18.67
2026-09-04,VMM,INE01EA01019,EQ,106.14
2026-09-04,VISHNU,INE270I01022,EQ,702.0
2026-09-04,VPRPL,INE0AE001013,EQ,36.28
2026-09-04,VISHWARAJ,INE430N01022,EQ,5.9
2026-09-04,VITAL,INE0L4K01016,EQ,55.72
2026-09-04,VIVIANA,INE0MEG01014,BE,804.7
2026-09-04,VIVIMEDLAB,INE526G01021,BE,6.58
2026-09-04,VIVOBIOT,INE380K01017,EQ,18.8
2026-09-04,VIYASH,INE807F01027,EQ,265.85
2026-09-04,VLEGOV,INE03HW01020,BE,10.61
2026-09-04,VLSFINANCE,INE709A01018,EQ,246.44
2026-09-04,VMART,INE665J01013,EQ,824.2
2026-09-04,VMSTMT,INE0SJA01013,EQ,45.46
2026-09-04,IDEA,INE669E01016,EQ,15.02
2026-09-04,VOITHPAPR,INE285C01015,EQ,1458.6
2026-09-04,VOLTAMP,INE540H01012,EQ,11418.0
2026-09-04,VOLTAS,INE226A01021,EQ,1170.0
2026-09-04,VRAJ,INE0S2V01010,EQ,121.71
2026-09-04,VRLLOG,INE366I01010,EQ,297.7
2026-09-04,VSTIND,INE710A01016,EQ,208.15
2026-09-04,VSTTILLERS,INE764D01017,EQ,4187.6
2026-09-04,WHBRADY,INE855A01019,EQ,482.2
2026-09-04,WPIL,INE765D01022,EQ,443.9
2026-09-04,WSI,INE100D01014,EQ,60.37
2026-09-04,WAAREEENER,INE377N01017,EQ,2635.0
2026-09-04,WAAREERTL,INE299N01021,EQ,858.95
2026-09-04,WAKEFIT,INE0E7301029,EQ,151.55
2026-09-04,WALCHANNAG,INE711A01022,EQ,208.61
2026-09-04,WANBURY,INE107F01022,EQ,246.2
2026-09-04,WARDINMOBI,INE945P01024,EQ,5.86
2026-09-04,WATERBASE,INE054C01015,EQ,48.63
2026-09-04,CORDELIA,INE0LZF01039,EQ,103.9
2026-09-04,WEWIN,INE082W01014,EQ,41.91
2026-09-04,WEALTH,INE658T01017,EQ,841.7
2026-09-04,WEBELSOLAR,INE855C01023,EQ,74.53
2026-09-04,WEIZMANIND,INE080A01014,EQ,74.5
2026-09-04,WELCORP,INE191B01025,EQ,2590.6
2026-09-04,WELENT,INE625G01013,EQ,813.6
2026-09-04,WELINV,INE389K01018,BE,2230.7
2026-09-04,WELSPUNLIV,INE192B01031,EQ,208.51
2026-09-04,WELSPLSOL,INE731F01037,EQ,59.55
2026-09-04,WENDT,INE274C01019,EQ,8160.0
2026-09-04,WSTCSTPAPR,INE976A01021,EQ,650.25
2026-09-04,WCIL,INE0CJF01024,EQ,83.38
2026-09-04,WESTLIFE,INE274F01020,EQ,530.6
2026-09-04,WEWORK,INE085001019,EQ,666.95
2026-09-04,WHEELS,INE715A01015,EQ,1724.9
2026-09-04,WHIRLPOOL,INE716A01013,EQ,815.95
2026-09-04,WILLAMAGOR,INE210A01017,EQ,25.4
2026-09-04,WINDLAS,INE0H5O01029,EQ,1126.35
2026-09-04,WINDMACHIN,INE052A01021,EQ,304.25
2026-09-04,WIPRO,INE075A01022,EQ,176.4
2026-09-04,WOCKPHARMA,INE049B01025,EQ,2088.7
2026-09-04,WEL,INE02WG01024,EQ,76.03
2026-09-04,WONDERLA,INE066O01014,EQ,533.9
2026-09-04,WORTHPERI,INE196Y01018,EQ,154.99
2026-09-04,XCHANGING,INE692G01013,EQ,61.4
2026-09-04,XELPMOC,INE01P501012,EQ,80.14
2026-09-04,XPROINDIA,INE445C01015,EQ,1325.1
2026-09-04,XTGLOBAL,INE547B01028,EQ,31.69
2026-09-04,XTRANET,INE0NG701011,EQ,234.24
2026-09-04,YASHO,INE616Z01012,EQ,4134.1
2026-09-04,YATHARTH,INE0JO301016,EQ,991.1
2026-09-04,YATRA,INE0JR601024,EQ,113.49
2026-09-04,YESBANK,INE528G01035,EQ,22.5
2026-09-04,YOGI,INE290E01011,EQ,163.45
2026-09-04,YUKEN,INE384C01016,EQ,1010.8
2026-09-04,ZFSTEERING,INE116C01012,EQ,667.5
2026-09-04,ZAGGLE,INE07K301024,EQ,180.77
2026-09-04,ZEEL,INE256A01028,EQ,91.61
2026-09-04,ZEELEARN,INE565L01011,BE,7.09
2026-09-04,ZEEMEDIA,INE966H01019,EQ,8.22
2026-09-04,ZENTEC,INE251B01027,EQ,1801.4
2026-09-04,ZENITHSTL,INE318D01020,EQ,5.9
2026-09-04,ZENSARTECH,INE520A01027,EQ,461.55
2026-09-04,ZFCVINDIA,INE342J01019,EQ,2551.9
2026-09-04,ZIMLAB,INE518E01015,EQ,125.5
2026-09-04,ZODIACLOTH,INE206B01013,EQ,72.23
2026-09-04,ZODIAC,INE761Y01019,EQ,240.17
2026-09-04,ZOTA,INE358U01012,EQ,1132.4
2026-09-04,ZUARI,INE840M01016,EQ,225.56
2026-09-04,ZUARIIND,INE217A01012,EQ,276.45
2026-09-04,ZYDUSLIFE,INE010B01027,EQ,1120.0
2026-09-04,ZYDUSWELL,INE768C01028,EQ,531.7
