eq_rank,worklist_rank,symbol,current_symbol,company_name,isin,strategy,research_score,eq_screen_pass,worklist_pass,current_series,snapshot_price,broker_listed,mis_margin_percent,budget,notional_cap,cash_cap_shares,illustrative_risk_shares,illustrative_planned_loss,risk_budget,tick_size,recent_median_value,recent_sessions,number_of_trades,audited_trades,short_trades,restricted_trades,unknown_series_trades,non_eq_trades,screen_reasons,worklist_reasons,historical_initial_investment,net_pnl,historical_ending_value,pnl_30bps,sharpe,max_drawdown,original_max_drawdown,excess_pnl,confidence_95_low,coverage_ratio,intraday,execution_validated
287,1,BANDHANBNK,BANDHANBNK,BANDHAN BANK LIMITED,INE545U01014,gap_continuation_100,95.64514129895886,True,True,EQ,164.95,True,20.0,1000.0,500.0,3,2.0,4.32980000000003,5.0,0.01,845147095.665,20.0,37,37,19,0,0,0,,,100000.0,60712.21033395961,160712.2103339596,38819.55143809313,3.079344272468176,-0.034560869253138504,-0.0345608692531386,63189.07947941097,0.005413240790014,1.0,True,False
391,2,POWERGRID,POWERGRID,POWER GRID CORP. LTD.,INE752E01010,gap_fade_050,94.89340604858701,True,True,EQ,266.0,True,20.0,1000.0,500.0,1,1.0,3.5119999999999774,5.0,0.05,2045111029.025,20.0,79,79,47,0,0,0,,,100000.0,59007.186395520985,159007.18639552098,16062.838173507174,3.1327351440779823,-0.050497622698489786,-0.0504976226984897,67028.01972885433,0.0023453153089155,1.0,True,False
512,3,POWERGRID,POWERGRID,POWER GRID CORP. LTD.,INE752E01010,gap_fade_100,94.2693356470005,True,True,EQ,266.0,True,20.0,1000.0,500.0,1,1.0,3.5119999999999774,5.0,0.05,2045111029.025,20.0,36,36,20,0,0,0,,,100000.0,39771.32489659844,139771.32489659844,21150.35892337351,2.7270626475285877,-0.03907044106831303,-0.039070441068313,47792.15822993178,0.0030158842448597,1.0,True,False
649,4,BANDHANBNK,BANDHANBNK,BANDHAN BANK LIMITED,INE545U01014,gap_continuation_050,93.4285655263593,True,True,EQ,164.95,True,20.0,1000.0,500.0,3,2.0,4.32980000000003,5.0,0.01,845147095.665,20.0,85,85,36,0,0,0,,,100000.0,53857.73642421287,153857.73642421287,9618.15445964942,2.317934522827607,-0.06651971478495267,-0.0665197147849526,56334.60556966423,0.0008304346823733,1.0,True,False
1249,5,TATAPOWER,TATAPOWER,TATA POWER CO LTD,INE245A01021,gap_fade_100,90.18240786646835,True,True,EQ,368.0,True,20.0,1000.0,500.0,1,1.0,4.845999999999977,5.0,0.05,1580684879.8,20.0,21,21,10,0,0,0,,,100000.0,16235.707487768726,116235.70748776873,6915.847429781934,1.844620535771762,-0.022044543429844077,-0.022044543429844,25782.1548730958,-0.0004892885124247,1.0,True,False
1315,6,TATAPOWER,TATAPOWER,TATA POWER CO LTD,INE245A01021,gap_fade_050,89.7682201289043,True,True,EQ,368.0,True,20.0,1000.0,500.0,1,1.0,4.845999999999977,5.0,0.05,1580684879.8,20.0,51,51,25,0,0,0,,,100000.0,21143.477561365944,121143.47756136594,-1178.534137247494,1.8807677611336224,-0.029953488996423583,-0.0299534889964235,30689.92494669302,-0.0001783906432657,1.0,True,False
1383,7,NTPC,NTPC,NTPC LTD,INE733E01010,gap_fade_100,89.40361097339283,True,True,EQ,332.5,True,20.0,1000.0,500.0,1,1.0,4.3750000000000115,5.0,0.05,2596856663.35,20.0,20,20,11,0,0,0,,,100000.0,16198.641706137409,116198.64170613741,7311.112776662849,2.0100260788452773,-0.0153513149022253,-0.0153513149022253,17437.262807465697,0.0002942447793693,1.0,True,False
1647,8,HAPPSTMNDS,HAPPSTMNDS,HAPPIEST MINDS TECHNO LTD,INE419U01012,reversal_5d,88.1629069575277,True,True,EQ,354.0,True,20.0,1000.0,500.0,1,1.0,4.638,5.0,0.05,753218049.925,20.0,61,61,20,0,0,0,,,100000.0,32226.9654960903,132226.9654960903,3653.3914269026423,1.3078448008119132,-0.1437017407406571,-0.1437017407406571,60883.2765053424,-0.0026158075326278,1.0,True,False
1668,9,ONGC,ONGC,OIL AND NATURAL GAS CORP.,INE213A01029,gap_fade_100,88.04846306395638,True,True,EQ,234.65,True,20.0,1000.0,500.0,2,1.0,3.1093000000000033,5.0,0.01,2775082213.085,20.0,25,25,18,0,0,0,,,100000.0,17687.1125063659,117687.1125063659,6533.695681313373,1.6042374189556423,-0.06768138842224458,-0.0676813884222445,20183.540177207426,-0.0016694402208052,1.0,True,False
1790,10,BPCL,BPCL,BHARAT PETROLEUM CORP  LT,INE029A01011,momentum_5d,87.42687159147249,True,True,EQ,315.7,True,20.0,1000.0,500.0,1,1.0,4.151400000000034,5.0,0.05,1504042323.325,20.0,44,44,20,0,0,0,,,100000.0,19421.49068713322,119421.49068713322,182.26897762507724,1.5639846856221775,-0.06201545284497534,-0.0620154528449752,20494.75246968119,-0.0011377756796419,1.0,True,False
1909,11,SWIGGY,SWIGGY,SWIGGY LIMITED,INE00H001014,gap_fade_100,86.90402412824326,True,True,EQ,276.1,True,20.0,1000.0,500.0,1,1.0,3.6422,5.0,0.05,3023414109.25,20.0,43,43,26,0,0,0,,,100000.0,20270.148522302872,120270.14852230287,1297.6786510121165,1.0522283462487532,-0.12303082592072845,-0.1230308259207284,50780.27788525146,-0.0043227857535491,1.0,True,False
1972,12,BANKINDIA,BANKINDIA,BANK OF INDIA,INE084A01016,gap_continuation_050,86.60737894562882,True,True,EQ,145.0,True,20.0,1000.0,500.0,3,2.0,3.8299999999999774,5.0,0.01,754397260.855,20.0,77,77,28,0,0,0,,,100000.0,33167.828535434324,133167.82853543432,-2085.153243169145,1.9998770519460856,-0.05696490863248771,-0.0569649086324876,9037.00185503268,6.89661293091638e-05,1.0,True,False
1987,13,RAIN,RAIN,RAIN INDUSTRIES LIMITED,INE855B01025,gap_continuation_100,86.54747149231534,True,True,EQ,215.72,True,20.0,1000.0,500.0,2,1.0,2.8614400000000058,5.0,0.01,785659370.01,20.0,42,42,16,0,0,0,,,100000.0,32833.84269354172,132833.84269354172,12374.383349253229,1.6204974494436637,-0.099149141742225,-0.099149141742225,8478.395185384841,-0.0016149713895488,1.0,True,False
2034,14,AWL,AWL,AWL AGRI BUSINESS LIMITED,INE699H01024,gap_fade_100,86.26508015204098,True,True,EQ,187.29,True,20.0,1000.0,500.0,2,2.0,4.949160000000009,5.0,0.01,561855120.3199999,20.0,43,43,26,0,0,0,,,100000.0,24866.417820667837,124866.41782066783,5185.778272617972,1.353018175308371,-0.17771452952903688,-0.1777145295290368,47910.14735255005,-0.0026487811848892,1.0,True,False
2118,15,BANKBARODA,BANKBARODA,BANK OF BARODA,INE028A01039,gap_continuation_100,85.88539084448851,True,True,EQ,239.0,True,20.0,1000.0,500.0,2,1.0,3.1679999999999864,5.0,0.01,1806686690.8600001,20.0,34,34,18,0,0,0,,,100000.0,14010.072587701305,114010.0725877013,-463.73080201263656,1.403027861126042,-0.05818219944927616,-0.0581821994492761,16458.969572117436,-0.0017232887738977,1.0,True,False
2201,16,PPLPHARMA,PPLPHARMA,PIRAMAL PHARMA LIMITED,INE0DK501011,gap_fade_100,85.52408692778053,True,True,EQ,214.22,True,20.0,1000.0,500.0,2,1.0,2.848440000000015,5.0,0.01,639401063.4000001,20.0,31,31,14,0,0,0,,,100000.0,21690.188749000867,121690.18874900087,7554.183446549927,1.8757936820961405,-0.11652408263133018,-0.11652408263133,11011.027016855282,-0.0003123610134818,1.0,True,False
2239,17,CUB,CUB,CITY UNION BANK LTD,INE491A01021,gap_fade_100,85.34705007436787,True,True,EQ,236.01,True,20.0,1000.0,500.0,2,1.0,3.1320200000000136,5.0,0.01,520786236.12,20.0,34,34,19,0,0,0,,,100000.0,21961.321487865687,121961.32148786569,6502.810359946336,1.252741364236419,-0.1089354423096095,-0.1089354423096096,14022.34705644878,-0.0038305651392255,1.0,True,False
2433,18,PATANJALI,PATANJALI,PATANJALI FOODS LIMITED,INE619A01035,gap_fade_100,84.43976202280615,True,True,EQ,342.5,True,20.0,1000.0,500.0,1,1.0,4.5149999999999775,5.0,0.05,720843981.5999999,20.0,22,22,17,0,0,0,,,100000.0,4845.014292326683,104845.01429232668,-3986.505239291888,0.7845558282823948,-0.051805439798504826,-0.0518054397985048,46300.38034400395,-0.0037476574390843,1.0,True,False
2473,19,AWL,AWL,AWL AGRI BUSINESS LIMITED,INE699H01024,gap_fade_050,84.28524210874235,True,True,EQ,187.29,True,20.0,1000.0,500.0,2,2.0,4.949160000000009,5.0,0.01,561855120.3199999,20.0,84,84,55,0,0,0,,,100000.0,32313.429638507776,132313.42963850778,-5410.844905416816,1.5051378854896742,-0.19727925356647025,-0.1972792535664701,55357.15917038999,-0.0011242651666472,1.0,True,False
2557,20,IOC,IOC,INDIAN OIL CORP LTD,INE242A01010,momentum_5d,83.93798545694926,True,True,EQ,137.6,True,20.0,1000.0,500.0,3,2.0,3.6304000000000087,5.0,0.01,1088369458.555,20.0,46,46,21,0,0,0,,,100000.0,12349.85320638548,112349.85320638548,-6524.798987308663,1.2047757546948832,-0.045810392791458376,-0.0458103927914583,15476.39359086522,-0.0017561724749509,1.0,True,False
2668,21,SAMMAANCAP,SAMMAANCAP,SAMMAAN CAPITAL LIMITED,INE148I01020,gap_continuation_100,83.42753263923319,True,True,EQ,158.39,True,20.0,1000.0,500.0,3,2.0,4.163560000000025,5.0,0.01,963280553.225,20.0,34,34,9,0,0,0,,,100000.0,26820.1366232492,126820.1366232492,10761.83107556998,1.3627577536578055,-0.15065909430112712,-0.1506590943011272,7497.169341098343,-0.0035695284104302,1.0,True,False
2790,22,NTPC,NTPC,NTPC LTD,INE733E01010,gap_fade_050,82.97719385225582,True,True,EQ,332.5,True,20.0,1000.0,500.0,1,1.0,4.3750000000000115,5.0,0.05,2596856663.35,20.0,57,57,29,0,0,0,,,100000.0,13154.228782987862,113154.22878298786,-9913.61512821776,1.2326341841108162,-0.04840064172804259,-0.0415990722147182,14392.84988431615,-0.0014019448284374,1.0,True,False
3044,23,M&MFIN,M&MFIN,M&M FIN. SERVICES LTD,INE774D01024,gap_continuation_100,82.0089654602545,True,True,EQ,373.65,True,20.0,1000.0,500.0,1,1.0,4.9073000000000455,5.0,0.05,685055156.175,20.0,39,39,13,0,0,0,,,100000.0,26634.311102252366,126634.31110225237,8408.126950598045,1.8239892876338455,-0.04838554423592489,-0.048385544235925,-19126.145171511685,-0.0005076832749623,1.0,True,False
3057,24,TMPV,TMPV,TATA MOTORS PASS VEH LTD,INE155A01022,momentum_5d,81.9598000330524,True,True,EQ,311.5,True,20.0,1000.0,500.0,1,1.0,4.093000000000023,5.0,0.05,2618626895.5,20.0,66,66,37,0,0,0,,,100000.0,10748.52486635618,110748.52486635618,-14961.195443582372,0.835273738904881,-0.07276442039040432,-0.0605795558331054,35347.09926961477,-0.0023426593622617,1.0,True,False
3174,25,SAMMAANCAP,SAMMAANCAP,SAMMAAN CAPITAL LIMITED,INE148I01020,volume_continuation,81.48859692612791,True,True,EQ,158.39,True,20.0,1000.0,500.0,3,2.0,4.163560000000025,5.0,0.01,963280553.225,20.0,21,21,4,0,0,0,,,100000.0,13408.974781033425,113408.97478103342,4304.254113384159,1.1596868091886363,-0.05631651870115029,-0.0563165187011502,-5913.992501117435,-0.0049389381609062,1.0,True,False
3182,26,VMM,VMM,VISHAL MEGA MART LIMITED,INE01EA01019,reversal_1d,81.4580234671955,True,True,EQ,106.14,True,20.0,1000.0,500.0,4,3.0,4.186840000000007,5.0,0.01,1043042671.1299999,20.0,61,61,33,0,0,0,,,100000.0,9522.173325859769,109522.17332585977,-14205.530537087718,0.6660563683445534,-0.07267944127650694,-0.0726794412765068,36157.59211534409,-0.0033974851982994,1.0,True,False
3263,27,ITC,ITC,ITC LTD,INE154A01025,gap_fade_050,81.16674929763676,True,True,EQ,264.1,True,20.0,1000.0,500.0,1,1.0,3.458199999999966,5.0,0.05,3504678210.3999996,20.0,40,40,23,0,0,0,,,100000.0,4259.178514817788,104259.17851481779,-11170.843978379402,0.5865044158939227,-0.056406494575717,-0.056406494575717,38505.084161359,-0.0027569509345477,1.0,True,False
3325,28,IFCI,IFCI,IFCI LTD,INE039A01010,gap_continuation_050,80.90770120641217,True,True,EQ,101.38,True,20.0,1000.0,500.0,4,3.0,4.008280000000015,5.0,0.01,3490384221.1400003,20.0,108,108,33,0,0,0,,,100000.0,51404.37371886245,151404.37371886245,-1647.4510372261866,1.4344093749175786,-0.13857853698152722,-0.1385785369815272,-2316.895890769229,-0.0016290455902754,1.0,True,False
3374,29,VMM,VMM,VISHAL MEGA MART LIMITED,INE01EA01019,reversal_5d,80.7240538753925,True,True,EQ,106.14,True,20.0,1000.0,500.0,4,3.0,4.186840000000007,5.0,0.01,1043042671.1299999,20.0,31,31,16,0,0,0,,,100000.0,5279.488735256033,105279.48873525603,-7004.902538687646,0.4819651003924377,-0.08580135638385555,-0.0858013563838555,31914.907524740356,-0.0062363524100912,1.0,True,False
3515,30,SCI,SCI,SHIPPING CORP OF INDIA LT,INE109A01011,gap_continuation_100,80.25285076846802,True,True,EQ,295.35,True,20.0,1000.0,500.0,1,1.0,3.8907000000000456,5.0,0.05,569615929.125,20.0,44,44,20,0,0,0,,,100000.0,23195.54569323243,123195.54569323243,3358.683385322918,1.3657163926846594,-0.08664904039339383,-0.0866490403933938,-13669.951382790998,-0.0023397417017672,1.0,True,False
3518,31,SAMMAANCAP,SAMMAANCAP,SAMMAAN CAPITAL LIMITED,INE148I01020,turn_of_month,80.24686002313668,True,True,EQ,158.39,True,20.0,1000.0,500.0,3,2.0,4.163560000000025,5.0,0.01,963280553.225,20.0,75,75,0,0,0,0,,,100000.0,24528.68963328308,124528.68963328308,-7729.662533380208,1.0989273931446584,-0.11769867783258503,-0.1176986778325849,5205.722351132223,-0.0026298088314224,1.0,True,False
3760,32,HINDPETRO,HINDPETRO,HINDUSTAN PETROLEUM CORP,INE094A01015,reversal_1d,79.32283920013222,True,True,EQ,356.5,True,20.0,1000.0,500.0,1,1.0,4.693000000000011,5.0,0.05,1550322480.175,20.0,71,71,34,0,0,0,,,100000.0,10957.805264428289,110957.80526442829,-16490.701971705043,0.8048138090806867,-0.07561999969034994,-0.07561999969035,17176.20769112205,-0.0023795521159471,1.0,True,False
3804,33,IFCI,IFCI,IFCI LTD,INE039A01010,gap_continuation_100,79.14249710791606,True,True,EQ,101.38,True,20.0,1000.0,500.0,4,3.0,4.008280000000015,5.0,0.01,3490384221.1400003,20.0,49,49,18,0,0,0,,,100000.0,31097.52326331896,131097.52326331896,7825.479424676843,1.1664369701445296,-0.09193653808143976,-0.0919365380814397,-22623.74634631272,-0.0044379442238703,1.0,True,False
3816,34,BPCL,BPCL,BHARAT PETROLEUM CORP  LT,INE029A01011,gap_fade_100,79.10180135514791,True,True,EQ,315.7,True,20.0,1000.0,500.0,1,1.0,4.151400000000034,5.0,0.05,1504042323.325,20.0,58,58,33,0,0,0,,,100000.0,13105.75253965192,113105.75253965192,-10315.205401271334,0.8505780030331475,-0.120774568619203,-0.120774568619203,14179.014322199888,-0.0031832306816919,1.0,True,False
3874,35,CROMPTON,CROMPTON,CROMPT GREA CON ELEC LTD,INE299U01018,momentum_5d,78.89377788795241,True,True,EQ,232.4,True,20.0,1000.0,500.0,2,1.0,3.074799999999993,5.0,0.01,847721314.9200001,20.0,54,54,26,0,0,0,,,100000.0,6931.75829189636,106931.75829189636,-13858.231211178398,0.5834761117800294,-0.114844398004746,-0.1148443980047458,34731.45480175967,-0.0034170205532885,1.0,True,False
3896,36,ASHOKLEY,ASHOKLEY,ASHOK LEYLAND LTD,INE208A01029,gap_continuation_100,78.81817055032226,True,True,EQ,169.0,True,20.0,1000.0,500.0,2,2.0,4.485999999999995,5.0,0.01,2510244023.355,20.0,51,51,20,0,0,0,,,100000.0,24362.02052900012,124362.02052900012,1452.7128690472457,1.257998292096956,-0.1358051976099266,-0.1358051976099267,-8741.220767518389,-0.0027212865061601,1.0,True,False
3927,37,ONGC,ONGC,OIL AND NATURAL GAS CORP.,INE213A01029,momentum_1d,78.71033713435794,True,True,EQ,234.65,True,20.0,1000.0,500.0,2,1.0,3.1093000000000033,5.0,0.01,2775082213.085,20.0,30,30,17,0,0,0,,,100000.0,4577.4138773874,104577.4138773874,-7254.735066201654,0.6638029648005803,-0.0481184629990653,-0.0481184629990653,7073.841548228927,-0.003320106979458,1.0,True,False
4026,38,CROMPTON,CROMPTON,CROMPT GREA CON ELEC LTD,INE299U01018,gap_fade_100,78.37609486035365,True,True,EQ,232.4,True,20.0,1000.0,500.0,2,1.0,3.074799999999993,5.0,0.01,847721314.9200001,20.0,34,34,22,0,0,0,,,100000.0,4966.099997474681,104966.09999747468,-8389.95034912639,0.5558100481508552,-0.14107434482535075,-0.1410743448253508,32765.79650733799,-0.0041997522721418,1.0,True,False
4134,39,HAPPSTMNDS,HAPPSTMNDS,HAPPIEST MINDS TECHNO LTD,INE419U01012,volume_continuation,78.00363576268386,True,True,EQ,354.0,True,20.0,1000.0,500.0,1,1.0,4.638,5.0,0.05,753218049.925,20.0,20,20,4,0,0,0,,,100000.0,839.2054839598422,100839.20548395984,-6927.36986514891,0.1325828511454262,-0.06875953339991658,-0.0687595333999165,29495.516493211937,-0.0101601257845029,1.0,True,False
4207,40,ETERNAL,ETERNAL,ETERNAL LIMITED,INE758T01015,gap_fade_100,77.74954552966452,True,True,EQ,322.75,True,20.0,1000.0,500.0,1,1.0,4.225499999999989,5.0,0.05,7755765299.75,20.0,58,58,26,0,0,0,,,100000.0,14187.0000807818,114187.0000807818,-9454.51280565554,0.8890685209278225,-0.15813435452076396,-0.1581343545207638,11993.812959923234,-0.0031586960583847,1.0,True,False
4331,41,VIYASH,VIYASH,VIYASH SCIENTIFIC LIMITED,INE807F01027,volume_reversal,77.28805156172534,True,True,EQ,265.85,True,20.0,1000.0,500.0,1,1.0,3.511699999999977,5.0,0.05,932019464.075,20.0,21,21,17,0,0,0,,,100000.0,14658.23780315883,114658.23780315883,5458.103713910008,1.3228019175532766,-0.06355112561990706,-0.063551125619907,-32617.58512533117,-0.0037306363791283,1.0,True,False
4377,42,TATASTEEL,TATASTEEL,TATA STEEL LIMITED,INE081A01020,reversal_1d,77.10151214675261,True,True,EQ,188.79,True,20.0,1000.0,500.0,2,2.0,4.975159999999991,5.0,0.01,4678339405.950001,20.0,47,47,28,0,0,0,,,100000.0,11023.151523517869,111023.15152351787,-8002.300265433674,1.1462008211099768,-0.08884565267122702,-0.088845652671227,-6291.42487540211,-0.0017436226368033,1.0,True,False
4457,43,MARKSANS,MARKSANS,MARKSANS PHARMA LIMITED,INE750C01026,reversal_5d,76.71831102297142,True,True,EQ,326.75,True,20.0,1000.0,500.0,1,1.0,4.2935,5.0,0.05,723088181.3,20.0,71,71,49,0,0,0,,,100000.0,37263.00842993864,137263.00842993864,3391.178587625124,1.7040252029088891,-0.10776124854723568,-0.1077612485472355,-39723.09966643635,-0.0007536545610811,1.0,True,False
4463,44,PATANJALI,PATANJALI,PATANJALI FOODS LIMITED,INE619A01035,gap_fade_050,76.6974467030243,True,True,EQ,342.5,True,20.0,1000.0,500.0,1,1.0,4.5149999999999775,5.0,0.05,720843981.5999999,20.0,76,76,55,0,0,0,,,100000.0,6628.686219201583,106628.68621920158,-21353.415451104436,0.5419448240653822,-0.13762437685984874,-0.1376243768598488,48084.05227087885,-0.0025911235685845,1.0,True,False
4508,45,RVNL,RVNL,RAIL VIKAS NIGAM LIMITED,INE415G01027,momentum_1d,76.5222690464386,True,True,EQ,212.49,True,20.0,1000.0,500.0,2,1.0,2.824980000000005,5.0,0.01,790215108.33,20.0,64,64,32,0,0,0,,,100000.0,4148.407093195798,104148.4070931958,-19406.89858342709,0.3313561629207802,-0.10221901763428443,-0.1022190176342844,38244.51693301268,-0.0042625040567815,1.0,True,False
4529,46,SHANTIGOLD,SHANTIGOLD,SHANTI GOLD INTERNATION L,INE06ZD01017,reversal_5d,76.4144356304743,True,True,EQ,256.34,True,20.0,1000.0,500.0,1,1.0,3.392680000000002,5.0,0.01,581797494.775,20.0,79,79,46,0,0,0,,,100000.0,14308.424496428835,114308.42449642884,-16682.424427570368,0.6351394744014438,-0.14928809287617573,-0.1492880928761757,17055.460069551278,-0.0045918582468331,1.0,True,False
4543,47,POWERGRID,POWERGRID,POWER GRID CORP. LTD.,INE752E01010,reversal_1d,76.36774913237481,True,True,EQ,266.0,True,20.0,1000.0,500.0,1,1.0,3.5119999999999774,5.0,0.05,2045111029.025,20.0,22,22,13,0,0,0,,,100000.0,2085.3302837669617,102085.33028376696,-6524.220457799165,0.2943923702127608,-0.0744390861744787,-0.0744390861744787,10106.163617100305,-0.0067396269965925,1.0,True,False
4559,48,PPLPHARMA,PPLPHARMA,PIRAMAL PHARMA LIMITED,INE0DK501011,reversal_5d,76.30598248223434,True,True,EQ,214.22,True,20.0,1000.0,500.0,2,1.0,2.848440000000015,5.0,0.01,639401063.4000001,20.0,66,66,39,0,0,0,,,100000.0,13658.868351592277,113658.86835159227,-12718.240885256935,0.9267544240013836,-0.1281312777843875,-0.1281312777843875,2979.7066194466897,-0.002440113844172,1.0,True,False
4582,49,WELSPUNLIV,WELSPUNLIV,WELSPUN LIVING LIMITED,INE192B01031,gap_continuation_100,76.2107502892084,True,True,EQ,208.51,True,20.0,1000.0,500.0,2,1.0,2.7770200000000127,5.0,0.01,718406604.175,20.0,48,48,22,0,0,0,,,100000.0,22666.78277164887,122666.78277164887,1275.392582836197,1.212772022056135,-0.08637855711515685,-0.0863785571151568,-34999.66524409375,-0.0029947048997715,1.0,True,False
4595,50,BANKINDIA,BANKINDIA,BANK OF INDIA,INE084A01016,gap_continuation_100,76.15332176499751,True,True,EQ,145.0,True,20.0,1000.0,500.0,3,2.0,3.8299999999999774,5.0,0.01,754397260.855,20.0,34,34,13,0,0,0,,,100000.0,10003.37701867451,110003.37701867451,-3976.289659203336,0.8933899699254428,-0.0707093469104374,-0.0707093469104372,-14127.449661727136,-0.0038431050260551,1.0,True,False
4671,51,CROMPTON,CROMPTON,CROMPT GREA CON ELEC LTD,INE299U01018,momentum_1d,75.92402082300447,True,True,EQ,232.4,True,20.0,1000.0,500.0,2,1.0,3.074799999999993,5.0,0.01,847721314.9200001,20.0,50,50,26,0,0,0,,,100000.0,2729.224392828386,102729.22439282839,-15919.636541738742,0.2779601561154503,-0.10378900364385768,-0.1037890036438576,30528.92090269169,-0.0043462538790932,1.0,True,False
4761,52,WIPRO,WIPRO,WIPRO LTD,INE075A01022,momentum_5d,75.59205090067758,True,True,EQ,176.4,True,20.0,1000.0,500.0,2,2.0,4.655600000000039,5.0,0.01,1251249582.315,20.0,34,34,24,0,0,0,,,100000.0,-116.54619836279016,99883.45380163721,-12842.553032274722,0.0196678451887534,-0.0631561818190296,-0.0631561818190296,28454.882373065848,-0.0043230653172827,1.0,True,False
4776,53,VMM,VMM,VISHAL MEGA MART LIMITED,INE01EA01019,gap_fade_100,75.50838704346388,True,True,EQ,106.14,True,20.0,1000.0,500.0,4,3.0,4.186840000000007,5.0,0.01,1043042671.1299999,20.0,40,40,24,0,0,0,,,100000.0,1317.8050513550988,101317.8050513551,-13688.45987167224,0.167753212842461,-0.09613054851545344,-0.0961305485154533,27953.22384083942,-0.0057754128525406,1.0,True,False
4903,54,VIYASH,VIYASH,VIYASH SCIENTIFIC LIMITED,INE807F01027,reversal_1d,75.00061973227565,True,True,EQ,265.85,True,20.0,1000.0,500.0,1,1.0,3.511699999999977,5.0,0.05,932019464.075,20.0,100,100,55,0,0,0,,,100000.0,37092.91154586719,137092.9115458672,-8071.6892769038095,1.43107059619581,-0.19164655988746349,-0.1916465598874634,-10182.911382622811,-0.0013152688172306,1.0,True,False
4923,55,RVNL,RVNL,RAIL VIKAS NIGAM LIMITED,INE415G01027,momentum_5d,74.91778218476286,True,True,EQ,212.49,True,20.0,1000.0,500.0,2,1.0,2.824980000000005,5.0,0.01,790215108.33,20.0,69,69,41,0,0,0,,,100000.0,3048.3819684633927,103048.38196846339,-21845.026109983926,0.25002314560975,-0.10703090316695707,-0.107030903166957,37144.49180828028,-0.0049031690365088,1.0,True,False
4927,56,TMPV,TMPV,TATA MOTORS PASS VEH LTD,INE155A01022,turn_of_month,74.90042968104446,True,True,EQ,311.5,True,20.0,1000.0,500.0,1,1.0,4.093000000000023,5.0,0.05,2618626895.5,20.0,75,75,0,0,0,0,,,100000.0,4039.2575598630074,104039.257559863,-22963.836556453287,0.3266205689595655,-0.09948097703143244,-0.0994809770314324,28637.8319631216,-0.0035726092567325,1.0,True,False
4969,57,REDINGTON,REDINGTON,REDINGTON LIMITED,INE891D01026,gap_continuation_100,74.77627664848785,True,True,EQ,371.3,True,20.0,1000.0,500.0,1,1.0,4.902599999999989,5.0,0.05,1285574404.2,20.0,49,49,18,0,0,0,,,100000.0,20576.598898583037,120576.59889858303,-858.0153646139952,0.9634766495495024,-0.11753488385282473,-0.1175348838528247,-26519.645714591898,-0.0046684025308407,1.0,True,False
5045,58,ITC,ITC,ITC LTD,INE154A01025,momentum_1d,74.49429846306396,True,True,EQ,264.1,True,20.0,1000.0,500.0,1,1.0,3.458199999999966,5.0,0.05,3504678210.3999996,20.0,20,20,13,0,0,0,,,100000.0,-2001.8230774297556,97998.17692257024,-9558.798546191902,-0.305780612203599,-0.05486970841481187,-0.0548697084148117,32244.08256911146,-0.007359031390954,1.0,True,False
5054,59,VMM,VMM,VISHAL MEGA MART LIMITED,INE01EA01019,gap_fade_050,74.44967773921667,True,True,EQ,106.14,True,20.0,1000.0,500.0,4,3.0,4.186840000000007,5.0,0.01,1043042671.1299999,20.0,85,85,48,0,0,0,,,100000.0,6704.653738491077,106704.65373849108,-24088.11386426323,0.4386632466601775,-0.14574801631865275,-0.1457480163186527,33340.0725279754,-0.0034392221045696,1.0,True,False
5174,60,FEDERALBNK,FEDERALBNK,FEDERAL BANK LTD,INE171A01029,momentum_5d,73.92042637580566,True,True,EQ,343.0,True,20.0,1000.0,500.0,1,1.0,4.515999999999978,5.0,0.05,1485111743.85,20.0,37,37,7,0,0,0,,,100000.0,14005.517502068717,114005.51750206872,-1657.115454387298,1.500093520053595,-0.04103288774436653,-0.0410328877443665,-58351.39327023801,-0.0012118049365753,1.0,True,False
5184,61,SAMMAANCAP,SAMMAANCAP,SAMMAAN CAPITAL LIMITED,INE148I01020,momentum_1d,73.9057593786151,True,True,EQ,158.39,True,20.0,1000.0,500.0,3,2.0,4.163560000000025,5.0,0.01,963280553.225,20.0,87,87,40,0,0,0,,,100000.0,17790.47613116374,117790.47613116374,-16836.93777923529,1.0013613882253822,-0.15590524967403363,-0.1559052496740335,-1532.4911509871165,-0.0020349888741905,1.0,True,False
5194,62,IOC,IOC,INDIAN OIL CORP LTD,INE242A01010,gap_fade_100,73.8784911584862,True,True,EQ,137.6,True,20.0,1000.0,500.0,3,2.0,3.6304000000000087,5.0,0.01,1088369458.555,20.0,43,43,21,0,0,0,,,100000.0,2736.791873981841,102736.79187398184,-13520.455830834384,0.2935549700243672,-0.07601193968463582,-0.0760119396846358,5863.332258461582,-0.0046173098272312,1.0,True,False
5198,63,RECLTD,RECLTD,REC LIMITED,INE020B01018,gap_continuation_100,73.87022806147745,True,True,EQ,318.7,True,20.0,1000.0,500.0,1,1.0,4.157400000000035,5.0,0.05,1931316464.5,20.0,26,26,12,0,0,0,,,100000.0,-295.0097917220846,99704.99020827792,-10164.35469091544,0.0046629856777276,-0.07948609946201446,-0.0794860994620143,15765.675533938513,-0.0065801896022142,1.0,True,False
5498,64,CGCL,CGCL,CAPRI GLOBAL CAPITAL LTD,INE180C01042,reversal_1d,72.83341596430341,True,True,EQ,279.9,True,20.0,1000.0,500.0,1,1.0,3.6498,5.0,0.05,929393790.7750001,20.0,68,68,39,0,0,0,,,100000.0,14457.44343006688,114457.44343006688,-12807.041008211789,0.7846996616060775,-0.10473817283961717,-0.1047381728396172,-15699.936408300186,-0.0035106013402629,1.0,True,False
5507,65,WELSPUNLIV,WELSPUNLIV,WELSPUN LIVING LIMITED,INE192B01031,reversal_5d,72.80780036357626,True,True,EQ,208.51,True,20.0,1000.0,500.0,2,1.0,2.7770200000000127,5.0,0.01,718406604.175,20.0,87,87,53,0,0,0,,,100000.0,27467.79703383951,127467.79703383951,-9979.160685037365,1.18205226181532,-0.12497421948926357,-0.1249742194892636,-30198.650981903105,-0.0020911135908704,1.0,True,False
5522,66,NATIONALUM,NATIONALUM,NATIONAL ALUMINIUM CO LTD,INE139A01034,gap_continuation_050,72.75429681044454,True,True,EQ,374.1,True,20.0,1000.0,500.0,1,1.0,4.908200000000045,5.0,0.05,2075946057.05,20.0,138,138,52,0,0,0,,,100000.0,62691.49607490873,162691.49607490873,-6258.85240967045,1.839210646237044,-0.16631391413702312,-0.1663139141370231,-40800.21894260228,-0.0002713569805099,1.0,True,False
5553,67,JIOFIN,JIOFIN,JIO FIN SERVICES LTD,INE758E01017,gap_continuation_100,72.64997521070897,True,True,EQ,239.5,True,20.0,1000.0,500.0,2,1.0,3.1689999999999863,5.0,0.01,2367567909.325,20.0,29,29,13,0,0,0,,,100000.0,-2497.756955417892,97502.24304458211,-13206.936438223756,-0.2549850784310307,-0.06361346936400025,-0.0636134693640001,25633.845821521303,-0.0068468511182214,1.0,True,False
5595,68,BELRISE,BELRISE,BELRISE INDUSTRIES LTD,INE894V01022,gap_continuation_100,72.47872252520246,True,True,EQ,236.86,True,20.0,1000.0,500.0,2,1.0,3.1337200000000136,5.0,0.01,837487795.4749999,20.0,43,43,15,0,0,0,,,100000.0,12308.857499883758,112308.85749988376,-5430.832711672512,0.8652021243580832,-0.07886663009132888,-0.0788666300913287,-36082.415886534654,-0.0039434551097546,1.0,True,False
5662,69,AWL,AWL,AWL AGRI BUSINESS LIMITED,INE699H01024,reversal_5d,72.16245248719221,True,True,EQ,187.29,True,20.0,1000.0,500.0,2,2.0,4.949160000000009,5.0,0.01,561855120.3199999,20.0,38,38,16,0,0,0,,,100000.0,484.4504076265876,100484.45040762659,-13711.8766282211,0.0981563897263966,-0.14778011197034668,-0.1477801119703466,23528.1799395088,-0.005918603953854,1.0,True,False
5670,70,NATIONALUM,NATIONALUM,NATIONAL ALUMINIUM CO LTD,INE139A01034,turn_of_month,72.13435795736243,True,True,EQ,374.1,True,20.0,1000.0,500.0,1,1.0,4.908200000000045,5.0,0.05,2075946057.05,20.0,75,75,0,0,0,0,,,100000.0,32272.109615831723,132272.10961583172,-1970.0713630703103,1.3130517404137598,-0.09953213586881993,-0.09953213586882,-71219.60540167929,-0.0020970789515627,1.0,True,False
5686,71,WIPRO,WIPRO,WIPRO LTD,INE075A01022,reversal_1d,72.06907949099323,True,True,EQ,176.4,True,20.0,1000.0,500.0,2,2.0,4.655600000000039,5.0,0.01,1251249582.315,20.0,35,35,12,0,0,0,,,100000.0,-2319.0976855092304,97680.90231449077,-15114.242452863107,-0.1568079970807961,-0.0874086498033525,-0.0874086498033526,26252.330885919408,-0.0069987743589125,1.0,True,False
5809,72,INDUSTOWER,INDUSTOWER,INDUS TOWERS LIMITED,INE121J01017,gap_fade_100,71.64291026276649,True,True,EQ,376.8,True,20.0,1000.0,500.0,1,1.0,4.9636,5.0,0.05,1780856495.225,20.0,28,28,16,0,0,0,,,100000.0,3197.027732010029,103197.02773201003,-7748.295635443384,0.3579238852900847,-0.09922800640969642,-0.0992280064096964,-8569.408508613604,-0.0063105494604098,1.0,True,False
5838,73,WELSPUNLIV,WELSPUNLIV,WELSPUN LIVING LIMITED,INE192B01031,gap_continuation_050,71.54375309866138,True,True,EQ,208.51,True,20.0,1000.0,500.0,2,1.0,2.7770200000000127,5.0,0.01,718406604.175,20.0,90,90,36,0,0,0,,,100000.0,24142.358659211328,124142.35865921133,-13385.089456629008,1.0548201402424968,-0.11088019402131188,-0.1108801940213118,-33524.08935653129,-0.0023768911389689,1.0,True,False
5868,74,PATANJALI,PATANJALI,PATANJALI FOODS LIMITED,INE619A01035,momentum_5d,71.4251776565857,True,True,EQ,342.5,True,20.0,1000.0,500.0,1,1.0,4.5149999999999775,5.0,0.05,720843981.5999999,20.0,33,33,26,0,0,0,,,100000.0,-2649.981414697628,97350.01858530237,-14721.777941107415,-0.2091331197907428,-0.1228058908188775,-0.1228058908188775,38805.38463697964,-0.0071034930047196,1.0,True,False
5962,75,ETERNAL,ETERNAL,ETERNAL LIMITED,INE758T01015,gap_fade_050,71.10498264749629,True,True,EQ,322.75,True,20.0,1000.0,500.0,1,1.0,4.225499999999989,5.0,0.05,7755765299.75,20.0,128,128,64,0,0,0,,,100000.0,14132.060581121506,114132.0605811215,-31641.687398239505,0.7093681741478367,-0.175520751675302,-0.175520751675302,11938.87346026294,-0.002189094286165,1.0,True,False
6062,76,WIPRO,WIPRO,WIPRO LTD,INE075A01022,gap_fade_100,70.74450504048917,True,True,EQ,176.4,True,20.0,1000.0,500.0,2,2.0,4.655600000000039,5.0,0.01,1251249582.315,20.0,46,46,26,0,0,0,,,100000.0,-1989.264546593011,98010.73545340699,-18501.00888731837,-0.0818771050258036,-0.11238182276335895,-0.1123818227633589,26582.164024835627,-0.0061906763756652,1.0,True,False
6103,77,SAIL,SAIL,STEEL AUTHORITY OF INDIA,INE114A01011,turn_of_month,70.60609816559247,True,True,EQ,196.8,True,20.0,1000.0,500.0,2,1.0,2.603600000000008,5.0,0.01,3778441048.885,20.0,75,75,0,0,0,0,,,100000.0,16241.459680239335,116241.45968023934,-13891.152398104035,0.9489972501223678,-0.07716571781154502,-0.077165717811545,-40694.62748840598,-0.0024297145964654,1.0,True,False
6224,78,PNB,PNB,PUNJAB NATIONAL BANK,INE160A01022,reversal_5d,70.16505536274997,True,True,EQ,117.0,True,20.0,1000.0,500.0,4,3.0,4.642000000000006,5.0,0.01,1291402376.8049998,20.0,32,32,16,0,0,0,,,100000.0,1065.3376258794597,101065.33762587946,-11097.239590715966,0.1853668237354695,-0.08881357548142332,-0.0888135754814233,-5885.542818976857,-0.0041429919556708,1.0,True,False
6239,79,PETRONET,PETRONET,PETRONET LNG LIMITED,INE347G01014,gap_continuation_100,70.13758056519583,True,True,EQ,288.1,True,20.0,1000.0,500.0,1,1.0,3.776200000000023,5.0,0.05,504148000.35,20.0,33,33,14,0,0,0,,,100000.0,1357.0236606478866,101357.02366064789,-11197.875914478878,0.1715929430087585,-0.11554581008319997,-0.1155458100831999,-1488.504794636523,-0.0068529510223736,1.0,True,False
6316,80,MOREPENLAB,MOREPENLAB,MOREPEN LAB. LTD,INE083A01026,gap_continuation_100,69.89547182283921,True,True,EQ,113.74,True,20.0,1000.0,500.0,4,3.0,4.502440000000029,5.0,0.01,2521047229.6800003,20.0,50,50,16,0,0,0,,,100000.0,23801.61124386273,123801.61124386273,1397.633380675994,1.1186727429778391,-0.1452506673012126,-0.1452506673012126,-74029.81265139136,-0.003731468024914,1.0,True,False
6336,81,KTKBANK,KTKBANK,KARNATAKA BANK LIMITED,INE614B01018,gap_continuation_100,69.82482234341433,True,True,EQ,340.1,True,20.0,1000.0,500.0,1,1.0,4.510200000000034,5.0,0.05,875316394.0,20.0,33,33,10,0,0,0,,,100000.0,11035.070940116842,111035.07094011684,-2683.4447621694853,0.8753763558019536,-0.05405846119733937,-0.0540584611973392,-78694.09451833028,-0.0045639754462578,1.0,True,False
6431,82,RECLTD,RECLTD,REC LIMITED,INE020B01018,reversal_5d,69.49822343414311,True,True,EQ,318.7,True,20.0,1000.0,500.0,1,1.0,4.157400000000035,5.0,0.05,1931316464.5,20.0,46,46,23,0,0,0,,,100000.0,301.8597003681789,100301.85970036818,-16586.889162265274,0.0807593561805801,-0.16630235011053662,-0.1663023501105366,16362.545026028776,-0.0044378968340567,1.0,True,False
6458,83,VIYASH,VIYASH,VIYASH SCIENTIFIC LIMITED,INE807F01027,reversal_5d,69.40092546686499,True,True,EQ,265.85,True,20.0,1000.0,500.0,1,1.0,3.511699999999977,5.0,0.05,932019464.075,20.0,96,96,62,0,0,0,,,100000.0,21087.60388975668,121087.60388975668,-17534.516330575745,0.8747482699416188,-0.14306310358134644,-0.1430631035813464,-26188.219038733325,-0.0029689825314869,1.0,True,False
6479,84,TATAPOWER,TATAPOWER,TATA POWER CO LTD,INE245A01021,reversal_1d,69.32366550983309,True,True,EQ,368.0,True,20.0,1000.0,500.0,1,1.0,4.845999999999977,5.0,0.05,1580684879.8,20.0,30,30,17,0,0,0,,,100000.0,-2072.3151240218285,97927.68487597817,-13175.009951033457,-0.2609414052689839,-0.08236399075414036,-0.0823639907541402,7474.132261305247,-0.0055023317593031,1.0,True,False
6485,85,GAIL,GAIL,GAIL (INDIA) LTD,INE129A01019,gap_fade_050,69.30837878036688,True,True,EQ,173.4,True,20.0,1000.0,500.0,2,2.0,4.583600000000036,5.0,0.01,1109878265.1999998,20.0,78,78,43,0,0,0,,,100000.0,3626.187920644268,103626.18792064427,-24187.891365316755,0.3056510960552036,-0.13137940771581857,-0.1313794077158185,5027.068474135129,-0.0033994787857468,1.0,True,False
6759,86,PATANJALI,PATANJALI,PATANJALI FOODS LIMITED,INE619A01035,reversal_1d,68.37795405718063,True,True,EQ,342.5,True,20.0,1000.0,500.0,1,1.0,4.5149999999999775,5.0,0.05,720843981.5999999,20.0,27,27,9,0,0,0,,,100000.0,-5296.345257674591,94703.65474232541,-15029.37515174465,-0.6713113634359231,-0.09863336635015563,-0.0986333663501555,36159.020794002674,-0.007799664882093,1.0,True,False
6801,87,SHANTIGOLD,SHANTIGOLD,SHANTI GOLD INTERNATION L,INE06ZD01017,volume_continuation,68.25979176995538,True,True,EQ,256.34,True,20.0,1000.0,500.0,1,1.0,3.392680000000002,5.0,0.01,581797494.775,20.0,26,26,9,0,0,0,,,100000.0,-1974.795251061107,98025.2047489389,-11686.237635058293,-0.070459544973902,-0.10512944096202836,-0.1051294409620283,772.2403220613342,-0.0118094556787047,1.0,True,False
6815,88,HAPPSTMNDS,HAPPSTMNDS,HAPPIEST MINDS TECHNO LTD,INE419U01012,momentum_1d,68.2240538753925,True,True,EQ,354.0,True,20.0,1000.0,500.0,1,1.0,4.638,5.0,0.05,753218049.925,20.0,55,55,30,0,0,0,,,100000.0,-1902.4818857788775,98097.51811422112,-21321.669080534037,-0.0026360277230395,-0.16857551668303672,-0.1685755166830366,26753.829123473217,-0.007101477697252,1.0,True,False
6941,89,TATAPOWER,TATAPOWER,TATA POWER CO LTD,INE245A01021,reversal_5d,67.86419600066105,True,True,EQ,368.0,True,20.0,1000.0,500.0,1,1.0,4.845999999999977,5.0,0.05,1580684879.8,20.0,23,23,11,0,0,0,,,100000.0,-3519.495684156602,96480.5043158434,-12029.94829907667,-0.3591586190942639,-0.08662587290172596,-0.086625872901726,6026.951701170474,-0.0095287360795015,1.0,True,False
6961,90,TIMETECHNO,TIMETECHNO,TIME TECHNOPLAST LTD.,INE508G01029,reversal_1d,67.80284250537102,True,True,EQ,188.49,True,20.0,1000.0,500.0,2,2.0,4.973959999999991,5.0,0.01,603376241.075,20.0,93,93,43,0,0,0,,,100000.0,407.8332647168572,100407.83326471686,-30839.70720358999,0.1214347793834899,-0.12773204786717662,-0.1277320478671767,15742.695657699209,-0.0041363316090598,1.0,True,False
6971,91,PFC,PFC,POWER FIN CORP LTD.,INE134E01011,gap_continuation_100,67.77681374979342,True,True,EQ,355.6,True,20.0,1000.0,500.0,1,1.0,4.691200000000012,5.0,0.05,3151134941.3,20.0,26,26,14,0,0,0,,,100000.0,-3592.574398026278,96407.42560197372,-13148.24109941379,-0.2693636646854042,-0.11262438199367808,-0.112624381993678,9614.742675144473,-0.0102336907619231,1.0,True,False
7049,92,HINDPETRO,HINDPETRO,HINDUSTAN PETROLEUM CORP,INE094A01015,gap_continuation_050,67.54296810444555,True,True,EQ,356.5,True,20.0,1000.0,500.0,1,1.0,4.693000000000011,5.0,0.05,1550322480.175,20.0,102,102,45,0,0,0,,,100000.0,2330.148915842641,102330.14891584264,-32006.92873056968,0.215627052985973,-0.12448837795722378,-0.1244883779572237,8548.551342536404,-0.0033161205153306,1.0,True,False
7062,93,AWL,AWL,AWL AGRI BUSINESS LIMITED,INE699H01024,momentum_1d,67.52045116509667,True,True,EQ,187.29,True,20.0,1000.0,500.0,2,2.0,4.949160000000009,5.0,0.01,561855120.3199999,20.0,51,51,24,0,0,0,,,100000.0,-3760.9529626402655,96239.04703735973,-21568.59041121289,-0.174641728380745,-0.11813041391041024,-0.1181304139104102,19282.77656924195,-0.0065762544314758,1.0,True,False
7093,94,NATIONALUM,NATIONALUM,NATIONAL ALUMINIUM CO LTD,INE139A01034,gap_continuation_100,67.39733101966617,True,True,EQ,374.1,True,20.0,1000.0,500.0,1,1.0,4.908200000000045,5.0,0.05,2075946057.05,20.0,74,74,29,0,0,0,,,100000.0,24433.18019436751,124433.18019436751,-7430.290161388126,1.1311943959215087,-0.1490382035558886,-0.1490382035558886,-79058.5348231435,-0.0024762885283471,1.0,True,False
7138,95,TIMETECHNO,TIMETECHNO,TIME TECHNOPLAST LTD.,INE508G01029,gap_continuation_100,67.2702859031565,True,True,EQ,188.49,True,20.0,1000.0,500.0,2,2.0,4.973959999999991,5.0,0.01,603376241.075,20.0,37,37,17,0,0,0,,,100000.0,-1941.173857642716,98058.82614235728,-15466.735978682904,-0.053762377913075,-0.1730130398907077,-0.1730130398907077,13393.688535339636,-0.0085899081444552,1.0,True,False
7139,96,NATIONALUM,NATIONALUM,NATIONAL ALUMINIUM CO LTD,INE139A01034,volume_continuation,67.2690464386052,True,True,EQ,374.1,True,20.0,1000.0,500.0,1,1.0,4.908200000000045,5.0,0.05,2075946057.05,20.0,20,20,2,0,0,0,,,100000.0,5616.957558979659,105616.95755897966,-2499.01490968281,0.6597761396953219,-0.05216590743446292,-0.052165907434463,-97874.75745853136,-0.0064838725966098,1.0,True,False
7155,97,NYKAA,NYKAA,FSN E COMMERCE VENTURES,INE388Y01029,gap_fade_100,67.21265080152041,True,True,EQ,332.5,True,20.0,1000.0,500.0,1,1.0,4.3750000000000115,5.0,0.05,1197465305.875,20.0,39,39,25,0,0,0,,,100000.0,6254.863750833814,106254.86375083381,-9101.267765878103,0.596760274193041,-0.11160862848224395,-0.111608628482244,-42755.40825904155,-0.0041483817790231,1.0,True,False
7160,98,BANKBARODA,BANKBARODA,BANK OF BARODA,INE028A01039,reversal_1d,67.20645347876385,True,True,EQ,239.0,True,20.0,1000.0,500.0,2,1.0,3.1679999999999864,5.0,0.01,1806686690.8600001,20.0,51,51,23,0,0,0,,,100000.0,-1790.5877063442313,98209.41229365577,-19954.32525309361,-0.1157319051504406,-0.07488189838271275,-0.0748818983827128,658.3092780719016,-0.0044856117234656,1.0,True,False
7165,99,SAIL,SAIL,STEEL AUTHORITY OF INDIA,INE114A01011,reversal_1d,67.18910097504545,True,True,EQ,196.8,True,20.0,1000.0,500.0,2,1.0,2.603600000000008,5.0,0.01,3778441048.885,20.0,79,79,43,0,0,0,,,100000.0,12135.464423683125,112135.46442368312,-18267.494401382617,0.6464466575349235,-0.08641317288411976,-0.0864131728841197,-44800.6227449622,-0.0035850492146768,1.0,True,False
7166,100,PATANJALI,PATANJALI,PATANJALI FOODS LIMITED,INE619A01035,momentum_1d,67.18910097504545,True,True,EQ,342.5,True,20.0,1000.0,500.0,1,1.0,4.5149999999999775,5.0,0.05,720843981.5999999,20.0,27,27,18,0,0,0,,,100000.0,-5775.212850466429,94224.78714953357,-15460.766029932754,-0.7358957129791739,-0.10896568003576468,-0.1089656800357646,35680.15320121084,-0.0079863078780315,1.0,True,False
7190,101,SWIGGY,SWIGGY,SWIGGY LIMITED,INE00H001014,gap_fade_050,67.08829119153859,True,True,EQ,276.1,True,20.0,1000.0,500.0,1,1.0,3.6422,5.0,0.05,3023414109.25,20.0,116,116,71,0,0,0,,,100000.0,4908.699775530607,104908.69977553061,-34093.94734235661,0.3165212102551398,-0.2615004622792706,-0.2615004622792705,35418.8291384792,-0.0035576625906131,1.0,True,False
7232,102,JSWINFRA,JSWINFRA,JSW INFRASTRUCTURE LTD,INE880J01026,gap_continuation_050,66.95360271029583,True,True,EQ,333.0,True,20.0,1000.0,500.0,1,1.0,4.376000000000012,5.0,0.05,687390417.0250001,20.0,88,88,28,0,0,0,,,100000.0,5576.32415586467,105576.32415586467,-25791.647928719627,0.3812619528506941,-0.15835540673124737,-0.1583554067312473,-2515.791628558829,-0.0034454765840496,1.0,True,False
7236,103,MOREPENLAB,MOREPENLAB,MOREPEN LAB. LTD,INE083A01026,turn_of_month,66.94719881011403,True,True,EQ,113.74,True,20.0,1000.0,500.0,4,3.0,4.502440000000029,5.0,0.01,2521047229.6800003,20.0,75,75,0,0,0,0,,,100000.0,30039.950159395623,130039.95015939562,-3635.520014915979,1.0262587843908266,-0.20624840329453775,-0.2062484032945377,-67791.47373585847,-0.0038140550532912,1.0,True,False
7242,104,HAPPSTMNDS,HAPPSTMNDS,HAPPIEST MINDS TECHNO LTD,INE419U01012,gap_continuation_100,66.93521731945134,True,True,EQ,354.0,True,20.0,1000.0,500.0,1,1.0,4.638,5.0,0.05,753218049.925,20.0,44,44,14,0,0,0,,,100000.0,-3578.9507591859,96421.0492408141,-19187.90870719524,-0.0470856600083586,-0.18291018675252435,-0.1829101867525244,25077.360250066195,-0.01096976071406,1.0,True,False
7248,105,PNB,PNB,PUNJAB NATIONAL BANK,INE160A01022,gap_fade_100,66.92013716741035,True,True,EQ,117.0,True,20.0,1000.0,500.0,4,3.0,4.642000000000006,5.0,0.01,1291402376.8049998,20.0,26,26,11,0,0,0,,,100000.0,-668.3008954651887,99331.69910453481,-10502.490706255034,-0.0218999336418164,-0.11905438870274487,-0.1190543887027448,-7619.181340321506,-0.0078435146576812,1.0,True,False
7305,106,REDINGTON,REDINGTON,REDINGTON LIMITED,INE891D01026,turn_of_month,66.74764501735251,True,True,EQ,371.3,True,20.0,1000.0,500.0,1,1.0,4.902599999999989,5.0,0.05,1285574404.2,20.0,75,75,0,0,0,0,,,100000.0,13812.444261924453,113812.44426192445,-15703.462758272171,0.616804048103209,-0.15458016946852582,-0.1545801694685258,-33283.80035125048,-0.0048582370733888,1.0,True,False
7325,107,RVNL,RVNL,RAIL VIKAS NIGAM LIMITED,INE415G01027,gap_continuation_100,66.70818872913568,True,True,EQ,212.49,True,20.0,1000.0,500.0,2,1.0,2.824980000000005,5.0,0.01,790215108.33,20.0,43,43,17,0,0,0,,,100000.0,-4132.408144503279,95867.59185549672,-19326.420531835465,-0.2202018407396595,-0.17218530235254237,-0.1721853023525423,29963.701695313604,-0.0075714661908731,1.0,True,False
7336,108,EPL,EPL,EPL LIMITED,INE255A01020,gap_continuation_100,66.6441497273178,True,True,EQ,247.1,True,20.0,1000.0,500.0,2,1.0,3.254200000000017,5.0,0.05,640014168.835,20.0,34,34,15,0,0,0,,,100000.0,-903.5503333538944,99096.4496666461,-13534.814089929683,0.0097346167182303,-0.10654294768334382,-0.1065429476833438,-7963.220853829858,-0.0087265231299888,1.0,True,False
7354,109,MRPL,MRPL,MRPL,INE103A01014,volume_reversal,66.58630804825648,True,True,EQ,174.83,True,20.0,1000.0,500.0,2,2.0,4.609320000000018,5.0,0.01,1066722579.155,20.0,26,26,24,0,0,0,,,100000.0,4814.75519562226,104814.75519562226,-5545.997181953746,0.3540120398837628,-0.15298718167644865,-0.1529871816764487,-31661.473330146797,-0.0117859771861863,1.0,True,False
7392,110,NYKAA,NYKAA,FSN E COMMERCE VENTURES,INE388Y01029,momentum_5d,66.50078499421583,True,True,EQ,332.5,True,20.0,1000.0,500.0,1,1.0,4.3750000000000115,5.0,0.05,1197465305.875,20.0,47,47,14,0,0,0,,,100000.0,5154.591839043205,105154.5918390432,-12885.076016493083,0.4796591584923571,-0.08283114667639102,-0.0828311466763909,-43855.68017083216,-0.0039328161146926,1.0,True,False
7416,111,TIMETECHNO,TIMETECHNO,TIME TECHNOPLAST LTD.,INE508G01029,reversal_5d,66.4231118823335,True,True,EQ,188.49,True,20.0,1000.0,500.0,2,2.0,4.973959999999991,5.0,0.01,603376241.075,20.0,70,70,34,0,0,0,,,100000.0,-1818.983078820951,98181.01692117905,-25849.257751360128,0.0044932288107627,-0.14081382054241243,-0.1408138205424125,13515.8793141614,-0.0056200693328226,1.0,True,False
7426,112,ITC,ITC,ITC LTD,INE154A01025,reversal_1d,66.40390018178815,True,True,EQ,264.1,True,20.0,1000.0,500.0,1,1.0,3.458199999999966,5.0,0.05,3504678210.3999996,20.0,20,20,7,0,0,0,,,100000.0,-6151.944256406248,93848.05574359375,-13403.977181992535,-1.001008132866387,-0.07748760937921417,-0.0774876093792141,28093.96139013497,-0.0095177927798026,1.0,True,False
7450,113,BELRISE,BELRISE,BELRISE INDUSTRIES LTD,INE894V01022,volume_reversal,66.32168236655099,True,True,EQ,236.86,True,20.0,1000.0,500.0,2,1.0,3.1337200000000136,5.0,0.01,837487795.4749999,20.0,22,22,18,0,0,0,,,100000.0,3008.561889538847,103008.56188953885,-5676.943150557083,0.3072330939202221,-0.09536093185151873,-0.0953609318515187,-45382.711496879565,-0.0098740522217581,1.0,True,False
7521,114,MRPL,MRPL,MRPL,INE103A01014,turn_of_month,66.06676582383078,True,True,EQ,174.83,True,20.0,1000.0,500.0,2,2.0,4.609320000000018,5.0,0.01,1066722579.155,20.0,75,75,0,0,0,0,,,100000.0,13851.4764577647,113851.4764577647,-15672.724896057116,0.6661121882052344,-0.22034557394403997,-0.2203455739440399,-22624.752068004356,-0.0041866857595327,1.0,True,False
7524,115,RAIN,RAIN,RAIN INDUSTRIES LIMITED,INE855B01025,momentum_5d,66.06036192364898,True,True,EQ,215.72,True,20.0,1000.0,500.0,2,1.0,2.8614400000000058,5.0,0.01,785659370.01,20.0,112,112,48,0,0,0,,,100000.0,18084.26024113987,118084.26024113987,-24590.42417448196,0.646064058151513,-0.2656127484464327,-0.2656127484464327,-6271.187267017012,-0.0041696767540616,1.0,True,False
7535,116,EPL,EPL,EPL LIMITED,INE255A01020,reversal_5d,66.01098991902165,True,True,EQ,247.1,True,20.0,1000.0,500.0,2,1.0,3.254200000000017,5.0,0.05,640014168.835,20.0,58,58,37,0,0,0,,,100000.0,2944.543458022556,102944.54345802256,-18403.14622895728,0.2607057291926953,-0.18327021244709563,-0.1832702124470957,-4115.127062453408,-0.0048407950417738,1.0,True,False
7548,117,BANDHANBNK,BANDHANBNK,BANDHAN BANK LIMITED,INE545U01014,momentum_5d,65.97979672781359,True,True,EQ,164.95,True,20.0,1000.0,500.0,3,2.0,4.32980000000003,5.0,0.01,845147095.665,20.0,76,76,35,0,0,0,,,100000.0,-658.8545372786466,99341.14546272135,-26750.130945436453,0.0332214714131973,-0.1049049215958372,-0.1049049215958373,1818.0146081727144,-0.0039702914111392,1.0,True,False
7569,118,RECLTD,RECLTD,REC LIMITED,INE020B01018,momentum_1d,65.88105271855892,True,True,EQ,318.7,True,20.0,1000.0,500.0,1,1.0,4.157400000000035,5.0,0.05,1931316464.5,20.0,60,60,35,0,0,0,,,100000.0,-3186.948550369256,96813.05144963074,-23893.23444095609,-0.1877587500210208,-0.12409971964648858,-0.1240997196464887,12873.73677529134,-0.0047174274159978,1.0,True,False
7575,119,MOTHERSON,MOTHERSON,SAMVRDHNA MTHRSN INTL LTD,INE775A01035,gap_continuation_100,65.85481738555612,True,True,EQ,160.7,True,20.0,1000.0,500.0,3,2.0,4.222800000000046,5.0,0.01,1970325383.705,20.0,43,43,16,0,0,0,,,100000.0,8778.554147981762,108778.55414798176,-8413.915179879608,0.7734164521136234,-0.13763370083346782,-0.1376337008334678,-58223.45792445251,-0.0034297601581981,1.0,True,False
7643,120,BANKINDIA,BANKINDIA,BANK OF INDIA,INE084A01016,reversal_5d,65.66703850603206,True,True,EQ,145.0,True,20.0,1000.0,500.0,3,2.0,3.8299999999999774,5.0,0.01,754397260.855,20.0,51,51,30,0,0,0,,,100000.0,1789.6740899387078,101789.67408993871,-17024.9929175094,0.2048281105598893,-0.09500105433491035,-0.0950010543349102,-22341.152590462934,-0.0044370539141188,1.0,True,False
7659,121,TMPV,TMPV,TATA MOTORS PASS VEH LTD,INE155A01022,momentum_1d,65.61869938853081,True,True,EQ,311.5,True,20.0,1000.0,500.0,1,1.0,4.093000000000023,5.0,0.05,2618626895.5,20.0,58,58,32,0,0,0,,,100000.0,-4639.686424911226,95360.31357508877,-24436.69703521108,-0.2898807609704141,-0.12367522126528008,-0.1236752212652799,19958.887978347368,-0.0052985198162572,1.0,True,False
7683,122,PETRONET,PETRONET,PETRONET LNG LIMITED,INE347G01014,momentum_5d,65.53235002478928,True,True,EQ,288.1,True,20.0,1000.0,500.0,1,1.0,3.776200000000023,5.0,0.05,504148000.35,20.0,38,38,12,0,0,0,,,100000.0,-2263.828419169411,97736.17158083059,-16081.524312595197,-0.1298214926082191,-0.10190289574394118,-0.1019028957439411,-5109.356874453821,-0.0069172949343081,1.0,True,False
7740,123,SAIL,SAIL,STEEL AUTHORITY OF INDIA,INE114A01011,gap_continuation_100,65.39022475623864,True,True,EQ,196.8,True,20.0,1000.0,500.0,2,1.0,2.603600000000008,5.0,0.01,3778441048.885,20.0,36,36,18,0,0,0,,,100000.0,4041.2466112367542,104041.24661123675,-9926.360468086845,0.3818912583787794,-0.0863789628656394,-0.0863789628656394,-52894.84055740856,-0.005726216476002,1.0,True,False
7779,124,EPL,EPL,EPL LIMITED,INE255A01020,momentum_1d,65.22475623863824,True,True,EQ,247.1,True,20.0,1000.0,500.0,2,1.0,3.254200000000017,5.0,0.05,640014168.835,20.0,58,58,24,0,0,0,,,100000.0,891.1445602004242,100891.14456020042,-20037.59945884871,0.1360374442052644,-0.14601533676188327,-0.1460153367618833,-6168.52596027554,-0.0054365316424779,1.0,True,False
7791,125,JIOFIN,JIOFIN,JIO FIN SERVICES LTD,INE758E01017,momentum_5d,65.19335647000496,True,True,EQ,239.5,True,20.0,1000.0,500.0,2,1.0,3.1689999999999863,5.0,0.01,2367567909.325,20.0,41,41,22,0,0,0,,,100000.0,-6127.280897355973,93872.71910264403,-20374.09768233997,-0.6288673344715737,-0.10376207727890552,-0.1037620772789054,22004.32187958322,-0.0060794691037374,1.0,True,False
7881,126,CANBK,CANBK,CANARA BANK,INE476A01022,gap_fade_100,64.9041480746984,True,True,EQ,125.5,True,20.0,1000.0,500.0,3,3.0,4.963,5.0,0.01,1538352078.0549998,20.0,31,31,15,0,0,0,,,100000.0,822.3487332292862,100822.34873322929,-10957.201598626998,0.1283414672497432,-0.16800455749273713,-0.1680045574927371,-13926.464735025496,-0.0072856366648837,1.0,True,False
7966,127,ONGC,ONGC,OIL AND NATURAL GAS CORP.,INE213A01029,reversal_5d,64.6287803668815,True,True,EQ,234.65,True,20.0,1000.0,500.0,2,1.0,3.1093000000000033,5.0,0.01,2775082213.085,20.0,29,29,15,0,0,0,,,100000.0,-3885.347198670075,96114.65280132992,-14446.802997984982,-0.4876531217237505,-0.09015739727706484,-0.0901573972770648,-1388.919527828548,-0.0066574758573546,1.0,True,False
7983,128,UNIONBANK,UNIONBANK,UNION BANK OF INDIA,INE692A01016,gap_continuation_100,64.55544538092877,True,True,EQ,187.22,True,20.0,1000.0,500.0,2,2.0,4.948880000000009,5.0,0.01,1686478721.005,20.0,37,37,16,0,0,0,,,100000.0,1871.520688016768,101871.52068801677,-12164.871059619009,0.2147639751484148,-0.11645156538120183,-0.1164515653812018,-32281.027846848025,-0.0059223978152411,1.0,True,False
8012,129,ONGC,ONGC,OIL AND NATURAL GAS CORP.,INE213A01029,gap_fade_050,64.45215666831929,True,True,EQ,234.65,True,20.0,1000.0,500.0,2,1.0,3.1093000000000033,5.0,0.01,2775082213.085,20.0,68,68,45,0,0,0,,,100000.0,62.253368780511664,100062.25336878051,-23812.158702312925,0.080765813906731,-0.17908047892611456,-0.1790804789261146,2558.681039622039,-0.0043239428964236,1.0,True,False
8017,130,M&MFIN,M&MFIN,M&M FIN. SERVICES LTD,INE774D01024,gap_continuation_050,64.42922657411998,True,True,EQ,373.65,True,20.0,1000.0,500.0,1,1.0,4.9073000000000455,5.0,0.05,685055156.175,20.0,101,101,37,0,0,0,,,100000.0,12934.226043575747,112934.22604357575,-24630.690707051035,0.6977075563722893,-0.1613005718970849,-0.1613005718970849,-32826.2302301883,-0.0026055424222861,1.0,True,False
8025,131,CGCL,CGCL,CAPRI GLOBAL CAPITAL LTD,INE180C01042,reversal_5d,64.40608990249545,True,True,EQ,279.9,True,20.0,1000.0,500.0,1,1.0,3.6498,5.0,0.05,929393790.7750001,20.0,62,62,42,0,0,0,,,100000.0,3369.686305576237,103369.68630557624,-19367.822465754827,0.2896052933359053,-0.11896698991276489,-0.1189669899127647,-26787.69353279083,-0.0043554837521085,1.0,True,False
8227,132,LTF,LTF,L&T FINANCE LIMITED,INE498L01015,reversal_5d,63.83469674433979,True,True,EQ,314.0,True,20.0,1000.0,500.0,1,1.0,4.098000000000023,5.0,0.05,1074454374.875,20.0,65,65,44,0,0,0,,,100000.0,3503.7324755023583,103503.73247550236,-20226.48869009524,0.3303647016771634,-0.07186643131778614,-0.0718664313177861,-44816.7762099329,-0.0033358678054991,1.0,True,False
8228,133,JIOFIN,JIOFIN,JIO FIN SERVICES LTD,INE758E01017,gap_continuation_050,63.83469674433978,True,True,EQ,239.5,True,20.0,1000.0,500.0,2,1.0,3.1689999999999863,5.0,0.01,2367567909.325,20.0,74,74,30,0,0,0,,,100000.0,-5171.413528050354,94828.58647194965,-29527.196143433237,-0.3219667831239761,-0.13642051125973909,-0.1364205112597392,22960.18924888884,-0.0042778729303676,1.0,True,False
8244,134,MRPL,MRPL,MRPL,INE103A01014,reversal_1d,63.78181292348372,True,True,EQ,174.83,True,20.0,1000.0,500.0,2,2.0,4.609320000000018,5.0,0.01,1066722579.155,20.0,99,99,49,0,0,0,,,100000.0,13981.703149875975,113981.70314987598,-23328.81427375333,0.5411105567214594,-0.22108512003250846,-0.2210851200325084,-22494.52537589308,-0.0052016107441575,1.0,True,False
8275,135,NTPC,NTPC,NTPC LTD,INE733E01010,reversal_1d,63.690299124111725,True,True,EQ,332.5,True,20.0,1000.0,500.0,1,1.0,4.3750000000000115,5.0,0.05,2596856663.35,20.0,29,29,17,0,0,0,,,100000.0,-4923.096671404754,95076.90332859525,-15374.569866094214,-0.5281248607221276,-0.07268279256245802,-0.0726827925624579,-3684.4755700764654,-0.0079059962660641,1.0,True,False
8344,136,GAIL,GAIL,GAIL (INDIA) LTD,INE129A01019,gap_fade_100,63.45087588828294,True,True,EQ,173.4,True,20.0,1000.0,500.0,2,2.0,4.583600000000036,5.0,0.01,1109878265.1999998,20.0,27,27,13,0,0,0,,,100000.0,-4395.77116940319,95604.22883059681,-14219.41136647566,-0.3292059520778589,-0.1239575810850515,-0.1239575810850515,-2994.890615912329,-0.010389544292113,1.0,True,False
8387,137,TATAPOWER,TATAPOWER,TATA POWER CO LTD,INE245A01021,momentum_5d,63.29945463559742,True,True,EQ,368.0,True,20.0,1000.0,500.0,1,1.0,4.845999999999977,5.0,0.05,1580684879.8,20.0,23,23,12,0,0,0,,,100000.0,-6209.709267427068,93790.29073257293,-14492.563286898629,-0.6733121460098771,-0.09727578666545467,-0.0972757866654546,3336.738117900008,-0.0107576301804736,1.0,True,False
8414,138,MOREPENLAB,MOREPENLAB,MOREPEN LAB. LTD,INE083A01026,gap_continuation_050,63.21599735580896,True,True,EQ,113.74,True,20.0,1000.0,500.0,4,3.0,4.502440000000029,5.0,0.01,2521047229.6800003,20.0,109,109,31,0,0,0,,,100000.0,27788.08616550885,127788.08616550885,-17375.703368573886,0.9539519350719472,-0.19710387450518874,-0.1971038745051887,-70043.33772974524,-0.0028756991768403,1.0,True,False
8459,139,KTKBANK,KTKBANK,KARNATAKA BANK LIMITED,INE614B01018,momentum_5d,63.07862336803835,True,True,EQ,340.1,True,20.0,1000.0,500.0,1,1.0,4.510200000000034,5.0,0.05,875316394.0,20.0,61,61,13,0,0,0,,,100000.0,6279.486677673791,106279.48667767379,-16755.172648441556,0.4878484555484266,-0.07206719063522149,-0.0720671906352214,-83449.67878077333,-0.0036512803514751,1.0,True,False
8471,140,BANDHANBNK,BANDHANBNK,BANDHAN BANK LIMITED,INE545U01014,reversal_1d,63.04701702197985,True,True,EQ,164.95,True,20.0,1000.0,500.0,3,2.0,4.32980000000003,5.0,0.01,845147095.665,20.0,80,80,42,0,0,0,,,100000.0,-3243.9857264148595,96756.01427358514,-29799.01315277294,-0.1134356517728027,-0.09620981263606676,-0.0881703300113603,-767.1165809634986,-0.0044300438508347,1.0,True,False
8538,141,PETRONET,PETRONET,PETRONET LNG LIMITED,INE347G01014,reversal_1d,62.84477772269046,True,True,EQ,288.1,True,20.0,1000.0,500.0,1,1.0,3.776200000000023,5.0,0.05,504148000.35,20.0,44,44,25,0,0,0,,,100000.0,-2415.325372295003,97584.674627705,-18203.794543201424,-0.1100892324257408,-0.15354299260681548,-0.1535429926068154,-5260.853827579413,-0.0066617929818033,1.0,True,False
8596,142,IOLCP,IOLCP,IOL CHEM AND PHARMA LTD,INE485C01029,turn_of_month,62.66030408196993,True,True,EQ,199.95,True,20.0,1000.0,500.0,2,1.0,2.649900000000009,5.0,0.01,644714183.21,20.0,75,75,0,0,0,0,,,100000.0,19149.177168306225,119149.17716830623,-11733.434323175405,0.838713665353267,-0.20746977948634693,-0.207469779486347,-79421.22291397289,-0.003760916008242,1.0,True,False
8622,143,BANKBARODA,BANKBARODA,BANK OF BARODA,INE028A01039,reversal_5d,62.58531647661543,True,True,EQ,239.0,True,20.0,1000.0,500.0,2,1.0,3.1679999999999864,5.0,0.01,1806686690.8600001,20.0,38,38,19,0,0,0,,,100000.0,-4437.627955438584,95562.37204456142,-17954.009627105755,-0.5488506525298659,-0.09924523693643561,-0.0992452369364356,-1988.7309710224508,-0.0052683522939035,1.0,True,False
8696,144,GAIL,GAIL,GAIL (INDIA) LTD,INE129A01019,momentum_5d,62.3715088415138,True,True,EQ,173.4,True,20.0,1000.0,500.0,2,2.0,4.583600000000036,5.0,0.01,1109878265.1999998,20.0,30,30,14,0,0,0,,,100000.0,-4727.432678485333,95272.56732151467,-15538.8851785437,-0.5118900019120938,-0.11338478264372964,-0.1133847826437295,-3326.5521249944723,-0.0074945022120813,1.0,True,False
8697,145,JSWINFRA,JSWINFRA,JSW INFRASTRUCTURE LTD,INE880J01026,momentum_5d,62.370062799537266,True,True,EQ,333.0,True,20.0,1000.0,500.0,1,1.0,4.376000000000012,5.0,0.05,687390417.0250001,20.0,42,42,16,0,0,0,,,100000.0,-4248.667699570957,95751.33230042904,-19099.912902050404,-0.3044079619443995,-0.0736973356321785,-0.0736973356321785,-12340.783483994455,-0.0066595591545295,1.0,True,False
8770,146,JSWINFRA,JSWINFRA,JSW INFRASTRUCTURE LTD,INE880J01026,gap_continuation_100,62.15336308048258,True,True,EQ,333.0,True,20.0,1000.0,500.0,1,1.0,4.376000000000012,5.0,0.05,687390417.0250001,20.0,38,38,15,0,0,0,,,100000.0,-3413.613398638612,96586.38660136139,-17073.133398703343,-0.1992152599619438,-0.12120134839546737,-0.1212013483954672,-11505.72918306211,-0.0077699056055832,1.0,True,False
8884,147,HAPPSTMNDS,HAPPSTMNDS,HAPPIEST MINDS TECHNO LTD,INE419U01012,volume_reversal,61.793711783176335,True,True,EQ,354.0,True,20.0,1000.0,500.0,1,1.0,4.638,5.0,0.05,753218049.925,20.0,20,20,16,0,0,0,,,100000.0,-9408.155923727669,90591.84407627233,-16421.629057342812,-0.9064446168148076,-0.12567037446396456,-0.1256703744639645,19248.155085524428,-0.0155006966173217,1.0,True,False
8938,148,CUPID,CUPID,CUPID LIMITED,INE509F01029,volume_reversal,61.60345397454966,True,True,EQ,283.15,True,50.0,1000.0,500.0,1,1.0,3.7163000000000115,5.0,0.05,5126613244.780001,20.0,24,24,18,0,0,0,,,100000.0,8911.301920416183,108911.30192041618,-1055.522489646988,0.4547407920085556,-0.18637843937669496,-0.1863784393766949,-598104.0260200397,-0.0177122526357117,1.0,True,False
8967,149,EDELWEISS,EDELWEISS,EDELWEISS FIN SERV LTD,INE532F01054,gap_continuation_100,61.51689803338291,True,True,EQ,136.08,True,20.0,1000.0,500.0,3,2.0,3.604320000000027,5.0,0.01,529679119.34000003,20.0,46,46,14,0,0,0,,,100000.0,612.4655823210196,100612.46558232102,-16329.810592068709,0.1166763064628266,-0.16509459568157814,-0.165094595681578,-26178.336208480643,-0.0065279285165964,1.0,True,False
8976,150,TMPV,TMPV,TATA MOTORS PASS VEH LTD,INE155A01022,gap_fade_100,61.47186415468518,True,True,EQ,311.5,True,20.0,1000.0,500.0,1,1.0,4.093000000000023,5.0,0.05,2618626895.5,20.0,41,41,21,0,0,0,,,100000.0,-7008.202952380321,92991.79704761968,-21126.23616119684,-0.4317405502467903,-0.1917987759290971,-0.1917987759290971,17590.371450878272,-0.0086894762154893,1.0,True,False
8980,151,MOTHERSON,MOTHERSON,SAMVRDHNA MTHRSN INTL LTD,INE775A01035,reversal_1d,61.45616427036854,True,True,EQ,160.7,True,20.0,1000.0,500.0,3,2.0,4.222800000000046,5.0,0.01,1970325383.705,20.0,74,74,43,0,0,0,,,100000.0,4705.534291905278,104705.53429190528,-22156.21248392924,0.3992213216487414,-0.09490654352516192,-0.0949065435251619,-62296.47778052899,-0.0030177012093094,1.0,True,False
9017,152,TATASTEEL,TATASTEEL,TATA STEEL LIMITED,INE081A01020,gap_fade_100,61.34275326392331,True,True,EQ,188.79,True,20.0,1000.0,500.0,2,2.0,4.975159999999991,5.0,0.01,4678339405.950001,20.0,40,40,25,0,0,0,,,100000.0,-1964.6710490311236,98035.32895096888,-16495.25489801298,-0.1286257738008145,-0.1349504980274474,-0.1349504980274474,-19279.2474479511,-0.0058908167542684,1.0,True,False
9028,153,SHANTIGOLD,SHANTIGOLD,SHANTI GOLD INTERNATION L,INE06ZD01017,gap_fade_050,61.32168236655098,True,True,EQ,256.34,True,20.0,1000.0,500.0,1,1.0,3.392680000000002,5.0,0.01,581797494.775,20.0,120,120,89,0,0,0,,,100000.0,4748.800022492942,104748.80002249294,-35245.67637300894,0.304752169240154,-0.3213081733163946,-0.3213081733163947,7495.835595615383,-0.0042631678368212,1.0,True,False
9050,154,HINDPETRO,HINDPETRO,HINDUSTAN PETROLEUM CORP,INE094A01015,reversal_5d,61.25929598413486,True,True,EQ,356.5,True,20.0,1000.0,500.0,1,1.0,4.693000000000011,5.0,0.05,1550322480.175,20.0,62,62,35,0,0,0,,,100000.0,-3217.3517553082493,96782.64824469175,-24524.820336096192,-0.181238662396846,-0.18651213829203095,-0.1865121382920309,3001.050671385514,-0.0046793600183455,1.0,True,False
9064,155,BANKINDIA,BANKINDIA,BANK OF INDIA,INE084A01016,reversal_1d,61.20558585357792,True,True,EQ,145.0,True,20.0,1000.0,500.0,3,2.0,3.8299999999999774,5.0,0.01,754397260.855,20.0,74,74,38,0,0,0,,,100000.0,433.76750755592366,100433.76750755592,-25345.263471244485,0.105250364348919,-0.12306847110104069,-0.1230684711010405,-23697.05917284572,-0.0039603824379135,1.0,True,False
9066,156,SWIGGY,SWIGGY,SWIGGY LIMITED,INE00H001014,reversal_5d,61.196083292017846,True,True,EQ,276.1,True,20.0,1000.0,500.0,1,1.0,3.6422,5.0,0.05,3023414109.25,20.0,81,81,34,0,0,0,,,100000.0,-5830.049447984289,94169.95055201571,-31958.1570118635,-0.1863558356911454,-0.20656116426040072,-0.2065611642604008,24680.0799149643,-0.0055834581298097,1.0,True,False
9075,157,BPCL,BPCL,BHARAT PETROLEUM CORP  LT,INE029A01011,reversal_1d,61.1770781688977,True,True,EQ,315.7,True,20.0,1000.0,500.0,1,1.0,4.151400000000034,5.0,0.05,1504042323.325,20.0,49,49,26,0,0,0,,,100000.0,-3720.087896638899,96279.9121033611,-20902.00642679722,-0.2722575418341651,-0.15766161503950527,-0.1576616150395053,-2646.826114090931,-0.0053905859093504,1.0,True,False
9111,158,ENGINERSIN,ENGINERSIN,ENGINEERS INDIA LTD,INE510A01028,gap_continuation_050,61.06242769790117,True,True,EQ,279.45,True,20.0,1000.0,500.0,1,1.0,3.6489,5.0,0.05,643467907.135,20.0,93,93,28,0,0,0,,,100000.0,5310.2095120660815,105310.20951206608,-27450.510094774843,0.3405399518391893,-0.19917952630607239,-0.1991795263060723,-20702.64894287831,-0.0040362210563469,1.0,True,False
9135,159,RAIN,RAIN,RAIN INDUSTRIES LIMITED,INE855B01025,gap_continuation_050,60.97690464386053,True,True,EQ,215.72,True,20.0,1000.0,500.0,2,1.0,2.8614400000000058,5.0,0.01,785659370.01,20.0,96,96,32,0,0,0,,,100000.0,8854.197384015075,108854.19738401507,-25907.446564928003,0.4157968960184725,-0.28357691076626046,-0.2835769107662604,-15501.250124141809,-0.0059158517751904,1.0,True,False
9139,160,NYKAA,NYKAA,FSN E COMMERCE VENTURES,INE388Y01029,turn_of_month,60.96347711122129,True,True,EQ,332.5,True,20.0,1000.0,500.0,1,1.0,4.3750000000000115,5.0,0.05,1197465305.875,20.0,75,75,0,0,0,0,,,100000.0,3269.702766945047,103269.70276694505,-23535.17832766169,0.2948602826380131,-0.11710176653315651,-0.1171017665331566,-45740.56924293032,-0.0032702360770686,1.0,True,False
9281,161,IOLCP,IOLCP,IOL CHEM AND PHARMA LTD,INE485C01029,volume_reversal,60.53813419269543,True,True,EQ,199.95,True,20.0,1000.0,500.0,2,1.0,2.649900000000009,5.0,0.01,644714183.21,20.0,21,21,19,0,0,0,,,100000.0,2409.333466074837,102409.33346607484,-5852.467952640902,0.2358983641983285,-0.13690075096857335,-0.1369007509685733,-96161.06661620428,-0.0131030141229377,1.0,True,False
9296,162,IFCI,IFCI,IFCI LTD,INE039A01010,momentum_1d,60.48297802016196,True,True,EQ,101.38,True,20.0,1000.0,500.0,4,3.0,4.008280000000015,5.0,0.01,3490384221.1400003,20.0,99,99,45,0,0,0,,,100000.0,10585.018539373748,110585.01853937375,-25616.30380126141,0.4970667177819305,-0.19373342294702367,-0.1937334229470236,-43136.25107025793,-0.0042413093335474,1.0,True,False
9306,163,GAIL,GAIL,GAIL (INDIA) LTD,INE129A01019,reversal_1d,60.45984134853743,True,True,EQ,173.4,True,20.0,1000.0,500.0,2,2.0,4.583600000000036,5.0,0.01,1109878265.1999998,20.0,39,39,19,0,0,0,,,100000.0,-5512.806061297437,94487.19393870256,-19205.873309321803,-0.5282601521841855,-0.12070779454041958,-0.1207077945404194,-4111.925507806576,-0.006469729412401,1.0,True,False
9424,164,JIOFIN,JIOFIN,JIO FIN SERVICES LTD,INE758E01017,reversal_1d,60.10101636093208,True,True,EQ,239.5,True,20.0,1000.0,500.0,2,1.0,3.1689999999999863,5.0,0.01,2367567909.325,20.0,50,50,22,0,0,0,,,100000.0,-8009.055963925144,91990.94403607486,-24740.85158964612,-0.8863992632183298,-0.13781107575351792,-0.1378110757535179,20122.54681301405,-0.0051976464184361,1.0,True,False
9432,165,LTF,LTF,L&T FINANCE LIMITED,INE498L01015,reversal_1d,60.068377127747475,True,True,EQ,314.0,True,20.0,1000.0,500.0,1,1.0,4.098000000000023,5.0,0.05,1074454374.875,20.0,73,73,43,0,0,0,,,100000.0,3265.264870435887,103265.26487043589,-22923.670683259857,0.2845722358426431,-0.143769733902968,-0.143769733902968,-45055.24381499937,-0.0036471015832706,1.0,True,False
9457,166,PFC,PFC,POWER FIN CORP LTD.,INE134E01011,gap_fade_100,60.006610477607005,True,True,EQ,355.6,True,20.0,1000.0,500.0,1,1.0,4.691200000000012,5.0,0.05,3151134941.3,20.0,26,26,12,0,0,0,,,100000.0,-7706.47619321481,92293.52380678519,-16869.09896574363,-0.6502169171332377,-0.15932606665074078,-0.1593260666507407,5500.84087995594,-0.0119004520730752,1.0,True,False
9489,167,BELRISE,BELRISE,BELRISE INDUSTRIES LTD,INE894V01022,gap_continuation_050,59.88782845810611,True,True,EQ,236.86,True,20.0,1000.0,500.0,2,1.0,3.1337200000000136,5.0,0.01,837487795.4749999,20.0,112,112,36,0,0,0,,,100000.0,10160.974577334797,110160.9745773348,-29661.59143880325,0.5219693378040431,-0.20012981744733516,-0.2001298174473351,-38230.298809083615,-0.0031387025192458,1.0,True,False
9591,168,BELRISE,BELRISE,BELRISE INDUSTRIES LTD,INE894V01022,turn_of_month,59.53396132870599,True,True,EQ,236.86,True,20.0,1000.0,500.0,2,1.0,3.1337200000000136,5.0,0.01,837487795.4749999,20.0,75,75,0,0,0,0,,,100000.0,2122.962248124386,102122.96224812439,-24388.150363662386,0.2118783510018897,-0.12469868879504731,-0.1246986887950472,-46268.311138294026,-0.003701674202969,1.0,True,False
9613,169,VIYASH,VIYASH,VIYASH SCIENTIFIC LIMITED,INE807F01027,gap_continuation_100,59.450297471492306,True,True,EQ,265.85,True,20.0,1000.0,500.0,1,1.0,3.511699999999977,5.0,0.05,932019464.075,20.0,46,46,14,0,0,0,,,100000.0,1351.458190861507,101351.45819086151,-15715.641038047876,0.1670559480991847,-0.16866478408724006,-0.16866478408724,-45924.36473762849,-0.0082512614012803,1.0,True,False
9630,170,JIOFIN,JIOFIN,JIO FIN SERVICES LTD,INE758E01017,gap_fade_100,59.390183440753596,True,True,EQ,239.5,True,20.0,1000.0,500.0,2,1.0,3.1689999999999863,5.0,0.01,2367567909.325,20.0,29,29,16,0,0,0,,,100000.0,-9343.836867941209,90656.16313205879,-19324.747293011547,-1.0889990423038876,-0.137698706886213,-0.1376987068862131,18787.765908997982,-0.0093504788640208,1.0,True,False
9649,171,VEDL,VEDL,VEDANTA LIMITED,INE205A01025,turn_of_month,59.32635101636094,True,True,EQ,272.1,True,20.0,1000.0,500.0,1,1.0,3.5842000000000453,5.0,0.05,2725791271.35,20.0,74,74,0,0,0,0,,,100000.0,4673.665207903308,104673.66520790331,-22183.87076359632,0.3245378760478619,-0.11997679052849808,-0.119976790528498,-73140.96183115634,-0.0047066030568753,1.0,True,False
9673,172,BPCL,BPCL,BHARAT PETROLEUM CORP  LT,INE029A01011,gap_fade_050,59.24929763675426,True,True,EQ,315.7,True,20.0,1000.0,500.0,1,1.0,4.151400000000034,5.0,0.05,1504042323.325,20.0,101,101,59,0,0,0,,,100000.0,-2307.2695407120773,97692.73045928792,-34839.564461392794,-0.0312506253388343,-0.17875960306715422,-0.1787596030671543,-1234.007758164109,-0.0037452933258658,1.0,True,False
9717,173,PFC,PFC,POWER FIN CORP LTD.,INE134E01011,momentum_1d,59.110271029581895,True,True,EQ,355.6,True,20.0,1000.0,500.0,1,1.0,4.691200000000012,5.0,0.05,3151134941.3,20.0,46,46,24,0,0,0,,,100000.0,-7001.275577482476,92998.72442251752,-22684.336833558395,-0.5511104969812584,-0.17184245197137638,-0.1718424519713763,6206.041495688274,-0.0066607977180249,1.0,True,False
9722,174,FEDERALBNK,FEDERALBNK,FEDERAL BANK LTD,INE171A01029,momentum_1d,59.09705007436788,True,True,EQ,343.0,True,20.0,1000.0,500.0,1,1.0,4.515999999999978,5.0,0.05,1485111743.85,20.0,41,41,15,0,0,0,,,100000.0,-213.66451837732168,99786.33548162268,-15336.840153402329,0.0141478524141421,-0.0865493125081912,-0.0865493125081912,-72570.57529068405,-0.0040272469366932,1.0,True,False
9772,175,RATNAVEER,RATNAVEER,RATNAVEER PRECISION ENG L,INE05CZ01011,volume_reversal,58.94810775078499,True,True,EQ,304.75,True,20.0,1000.0,500.0,1,1.0,3.9795000000000003,5.0,0.05,2083492621.38,20.0,30,30,26,0,0,0,,,100000.0,-100.024191698496,99899.9758083015,-11423.799545082584,0.0814341805699966,-0.09634385386396394,-0.096343853863964,-96850.75811216825,-0.0116510264497787,1.0,True,False
9778,176,MANAPPURAM,MANAPPURAM,MANAPPURAM FINANCE LTD,INE522D01027,gap_fade_100,58.93571310527186,True,True,EQ,339.7,True,20.0,1000.0,500.0,1,1.0,4.459400000000023,5.0,0.05,1569912665.4250002,20.0,51,51,27,0,0,0,,,100000.0,-2888.5479133022745,97111.45208669773,-20853.63221798648,-0.1612600593289818,-0.10610226094801645,-0.1061022609480164,-31992.610239401285,-0.0055653573332405,1.0,True,False
9818,177,ETERNAL,ETERNAL,ETERNAL LIMITED,INE758T01015,turn_of_month,58.80722194678565,True,True,EQ,322.75,True,20.0,1000.0,500.0,1,1.0,4.225499999999989,5.0,0.05,7755765299.75,20.0,75,75,0,0,0,0,,,100000.0,-5414.7283862784825,94585.27161372152,-29991.138631897964,-0.2550548189936586,-0.11560807579968979,-0.1156080757996897,-7607.915507137048,-0.0049654846193716,1.0,True,False
9886,178,NTPC,NTPC,NTPC LTD,INE733E01010,momentum_1d,58.560155346223766,True,True,EQ,332.5,True,20.0,1000.0,500.0,1,1.0,4.3750000000000115,5.0,0.05,2596856663.35,20.0,29,29,12,0,0,0,,,100000.0,-7072.60891719308,92927.39108280692,-17295.3870340844,-0.7831243270135485,-0.11539380512491526,-0.1153938051249151,-5833.987815864792,-0.0086938667263182,1.0,True,False
9908,179,PNB,PNB,PUNJAB NATIONAL BANK,INE160A01022,reversal_1d,58.50148735746158,True,True,EQ,117.0,True,20.0,1000.0,500.0,4,3.0,4.642000000000006,5.0,0.01,1291402376.8049998,20.0,53,53,25,0,0,0,,,100000.0,-4627.697570281423,95372.30242971858,-22896.667076465223,-0.3577067479161539,-0.1408451332969597,-0.1408451332969595,-11578.57801513774,-0.0051258316399797,1.0,True,False
9928,180,MRPL,MRPL,MRPL,INE103A01014,reversal_5d,58.45294166253511,True,True,EQ,174.83,True,20.0,1000.0,500.0,2,2.0,4.609320000000018,5.0,0.01,1066722579.155,20.0,82,82,52,0,0,0,,,100000.0,4970.267240027068,104970.26724002707,-24433.05117621018,0.3073880115618225,-0.24407492450353163,-0.2440749245035316,-31505.961285741985,-0.0065601034625905,1.0,True,False
9941,181,WELSPUNLIV,WELSPUNLIV,WELSPUN LIVING LIMITED,INE192B01031,volume_reversal,58.41121302264089,True,True,EQ,208.51,True,20.0,1000.0,500.0,2,1.0,2.7770200000000127,5.0,0.01,718406604.175,20.0,23,23,22,0,0,0,,,100000.0,-2385.166585788073,97614.83341421193,-10992.336413178216,-0.1619131653072513,-0.10546180696144425,-0.1054618069614441,-60051.61460153069,-0.0109601835949992,1.0,True,False
9943,182,GAIL,GAIL,GAIL (INDIA) LTD,INE129A01019,gap_continuation_100,58.40687489671129,True,True,EQ,173.4,True,20.0,1000.0,500.0,2,2.0,4.583600000000036,5.0,0.01,1109878265.1999998,20.0,27,27,14,0,0,0,,,100000.0,-7374.587860191677,92625.41213980832,-16902.756501458454,-0.5984415755202004,-0.1438735942587086,-0.1438735942587086,-5973.707306700817,-0.0115581318116112,1.0,True,False
9971,183,SHANTIGOLD,SHANTIGOLD,SHANTI GOLD INTERNATION L,INE06ZD01017,gap_fade_100,58.277557428524204,True,True,EQ,256.34,True,20.0,1000.0,500.0,1,1.0,3.392680000000002,5.0,0.01,581797494.775,20.0,65,65,47,0,0,0,,,100000.0,-4237.002744126803,95762.9972558732,-26222.54658644301,-0.0474800336863049,-0.23387079752270878,-0.2338707975227089,-1489.9671710043622,-0.0079149084449872,1.0,True,False
9983,184,TATASTEEL,TATASTEEL,TATA STEEL LIMITED,INE081A01020,reversal_5d,58.23025119814907,True,True,EQ,188.79,True,20.0,1000.0,500.0,2,2.0,4.975159999999991,5.0,0.01,4678339405.950001,20.0,42,42,29,0,0,0,,,100000.0,-5428.19821276197,94571.80178723803,-20099.482241051475,-0.5848430733513034,-0.0729372715983535,-0.0729372715983535,-22742.774611681947,-0.0055278903162223,1.0,True,False
9994,185,MARKSANS,MARKSANS,MARKSANS PHARMA LIMITED,INE750C01026,reversal_1d,58.180672616096516,True,True,EQ,326.75,True,20.0,1000.0,500.0,1,1.0,4.2935,5.0,0.05,723088181.3,20.0,79,79,47,0,0,0,,,100000.0,7645.3776305965,107645.3776305965,-21560.02862841671,0.4085755863353931,-0.18751849777693141,-0.1875184977769314,-69340.73046577848,-0.0056226773355025,1.0,True,False
9995,186,IOC,IOC,INDIAN OIL CORP LTD,INE242A01010,momentum_1d,58.17819368699388,True,True,EQ,137.6,True,20.0,1000.0,500.0,3,2.0,3.6304000000000087,5.0,0.01,1088369458.555,20.0,40,40,17,0,0,0,,,100000.0,-7442.470088943301,92557.5299110567,-21178.67046099389,-0.8443519808070871,-0.09826485565835419,-0.0982648556583541,-4315.9297044635605,-0.0062570540327142,1.0,True,False
9999,187,TIMETECHNO,TIMETECHNO,TIME TECHNOPLAST LTD.,INE508G01029,gap_continuation_050,58.173235828788634,True,True,EQ,188.49,True,20.0,1000.0,500.0,2,2.0,4.973959999999991,5.0,0.01,603376241.075,20.0,110,110,40,0,0,0,,,100000.0,-3600.3086950021534,96399.69130499785,-37985.0662802832,-0.0565292893088578,-0.2486459935772929,-0.2486459935772929,11734.553697980198,-0.0040889110284068,1.0,True,False
10010,188,PATANJALI,PATANJALI,PATANJALI FOODS LIMITED,INE619A01035,reversal_5d,58.126549330689144,True,True,EQ,342.5,True,20.0,1000.0,500.0,1,1.0,4.5149999999999775,5.0,0.05,720843981.5999999,20.0,33,33,7,0,0,0,,,100000.0,-10949.98632097317,89050.01367902683,-22020.571665687152,-1.0551697024657385,-0.17670768905404255,-0.1767076890540426,30505.37973070409,-0.0097959673450069,1.0,True,False
10019,189,HINDPETRO,HINDPETRO,HINDUSTAN PETROLEUM CORP,INE094A01015,gap_continuation_100,58.110229714096846,True,True,EQ,356.5,True,20.0,1000.0,500.0,1,1.0,4.693000000000011,5.0,0.05,1550322480.175,20.0,64,64,33,0,0,0,,,100000.0,-6778.0211581845215,93221.97884181548,-27894.052195012,-0.3582465788552021,-0.1547971587128102,-0.1547971587128102,-559.6187314907584,-0.0059237206759715,1.0,True,False
10050,190,JSWINFRA,JSWINFRA,JSW INFRASTRUCTURE LTD,INE880J01026,reversal_1d,57.994339778549,True,True,EQ,333.0,True,20.0,1000.0,500.0,1,1.0,4.376000000000012,5.0,0.05,687390417.0250001,20.0,61,61,30,0,0,0,,,100000.0,-3976.8186656079342,96023.18133439207,-24818.964411665307,-0.2276231540512724,-0.16337948680914927,-0.1633794868091492,-12068.934450031433,-0.005026972155357,1.0,True,False
10158,191,TMPV,TMPV,TATA MOTORS PASS VEH LTD,INE155A01022,gap_continuation_100,57.66154354652124,True,True,EQ,311.5,True,20.0,1000.0,500.0,1,1.0,4.093000000000023,5.0,0.05,2618626895.5,20.0,41,41,20,0,0,0,,,100000.0,-10618.268885468397,89381.7311145316,-24200.33988724812,-0.7030079574792263,-0.17553537123695218,-0.1755353712369521,13980.3055177902,-0.0096516868009903,1.0,True,False
10179,192,ONGC,ONGC,OIL AND NATURAL GAS CORP.,INE213A01029,momentum_5d,57.606800528838214,True,True,EQ,234.65,True,20.0,1000.0,500.0,2,1.0,3.1093000000000033,5.0,0.01,2775082213.085,20.0,29,29,14,0,0,0,,,100000.0,-7886.51793426217,92113.48206573783,-18022.319670942947,-1.0371443163588627,-0.09089430308260149,-0.0908943030826014,-5390.090263420643,-0.0081216969264575,1.0,True,False
10188,193,PFC,PFC,POWER FIN CORP LTD.,INE134E01011,momentum_5d,57.56610477607007,True,True,EQ,355.6,True,20.0,1000.0,500.0,1,1.0,4.691200000000012,5.0,0.05,3151134941.3,20.0,48,48,21,0,0,0,,,100000.0,-7890.213645360593,92109.78635463941,-24037.744722507632,-0.6200870013159755,-0.17909589378711066,-0.1790958937871106,5317.103427810158,-0.0066490196751399,1.0,True,False
10190,194,NYKAA,NYKAA,FSN E COMMERCE VENTURES,INE388Y01029,momentum_1d,57.55804825648653,True,True,EQ,332.5,True,20.0,1000.0,500.0,1,1.0,4.3750000000000115,5.0,0.05,1197465305.875,20.0,52,52,20,0,0,0,,,100000.0,-1684.5183197763108,98315.48168022369,-20188.764989645395,-0.0708472161526162,-0.11130912400487769,-0.1113091240048775,-50694.79032965168,-0.0051209369884217,1.0,True,False
10253,195,KTKBANK,KTKBANK,KARNATAKA BANK LIMITED,INE614B01018,momentum_1d,57.35539580234671,True,True,EQ,340.1,True,20.0,1000.0,500.0,1,1.0,4.510200000000034,5.0,0.05,875316394.0,20.0,62,62,24,0,0,0,,,100000.0,5889.015110334061,105889.01511033406,-17395.9511274228,0.4056446339189825,-0.20339002987851806,-0.2033900298785179,-83840.15034811306,-0.004687552129299,1.0,True,False
10320,196,VEDL,VEDL,VEDANTA LIMITED,INE205A01025,reversal_1d,57.09944637250041,True,True,EQ,272.1,True,20.0,1000.0,500.0,1,1.0,3.5842000000000453,5.0,0.05,2725791271.35,20.0,85,85,49,0,0,0,,,100000.0,4210.963514763731,104210.96351476373,-25870.328532199823,0.2997382022291959,-0.14578231379634732,-0.1457823137963473,-73603.66352429592,-0.0041747939613801,1.0,True,False
10425,197,LTF,LTF,L&T FINANCE LIMITED,INE498L01015,turn_of_month,56.664807469839694,True,True,EQ,314.0,True,20.0,1000.0,500.0,1,1.0,4.098000000000023,5.0,0.05,1074454374.875,20.0,75,75,0,0,0,0,,,100000.0,397.6856263464724,100397.68562634647,-25670.72266109832,0.1029485692121799,-0.15291640789045668,-0.1529164078904566,-47922.82305908878,-0.003938909476266,1.0,True,False
10449,198,JIOFIN,JIOFIN,JIO FIN SERVICES LTD,INE758E01017,reversal_5d,56.609651297306236,True,True,EQ,239.5,True,20.0,1000.0,500.0,2,1.0,3.1689999999999863,5.0,0.01,2367567909.325,20.0,41,41,19,0,0,0,,,100000.0,-10384.591925280069,89615.40807471993,-23999.51960896318,-1.1132183469496686,-0.16067495703403134,-0.1606749570340313,17747.010851659128,-0.0072078022259522,1.0,True,False
10572,199,ENGINERSIN,ENGINERSIN,ENGINEERS INDIA LTD,INE510A01028,gap_continuation_100,56.19835564369526,True,True,EQ,279.45,True,20.0,1000.0,500.0,1,1.0,3.6489,5.0,0.05,643467907.135,20.0,44,44,19,0,0,0,,,100000.0,-4012.323781670712,95987.67621832929,-19549.09234994909,-0.1658300368190247,-0.1733141073195924,-0.1733141073195924,-30025.182236615103,-0.0082473496909051,1.0,True,False
10679,200,CROMPTON,CROMPTON,CROMPT GREA CON ELEC LTD,INE299U01018,gap_fade_050,55.89117501239464,True,True,EQ,232.4,True,20.0,1000.0,500.0,2,1.0,3.074799999999993,5.0,0.01,847721314.9200001,20.0,81,81,58,0,0,0,,,100000.0,-6682.099938067331,93317.90006193267,-32573.31916405246,-0.3985057899627808,-0.3128087584402156,-0.3128087584402156,21117.596571795977,-0.0043339197425503,1.0,True,False
10684,201,RAIN,RAIN,RAIN INDUSTRIES LIMITED,INE855B01025,turn_of_month,55.86845149562056,True,True,EQ,215.72,True,20.0,1000.0,500.0,2,1.0,2.8614400000000058,5.0,0.01,785659370.01,20.0,75,75,0,0,0,0,,,100000.0,-3474.2800922284805,96525.71990777152,-28554.07713619643,-0.014151440669554,-0.16099762531046102,-0.160997625310461,-27829.72760038536,-0.0068753392749355,1.0,True,False
10737,202,WIPRO,WIPRO,WIPRO LTD,INE075A01022,momentum_1d,55.67137663196166,True,True,EQ,176.4,True,20.0,1000.0,500.0,2,2.0,4.655600000000039,5.0,0.01,1251249582.315,20.0,35,35,23,0,0,0,,,100000.0,-12103.089805797135,87896.91019420286,-23649.089216666034,-1.0924277330757377,-0.16564631145337305,-0.1656463114533729,16468.338765631503,-0.0100073895779927,1.0,True,False
10829,203,SHANTIGOLD,SHANTIGOLD,SHANTI GOLD INTERNATION L,INE06ZD01017,volume_reversal,55.37576433647331,True,True,EQ,256.34,True,20.0,1000.0,500.0,1,1.0,3.392680000000002,5.0,0.01,581797494.775,20.0,26,26,17,0,0,0,,,100000.0,-9907.63184770134,90092.36815229866,-18860.84750856725,-0.6583954364019919,-0.16454276121513112,-0.1645427612151312,-7160.5962745789,-0.0150412909202422,1.0,True,False
10860,204,IOC,IOC,INDIAN OIL CORP LTD,INE242A01010,gap_fade_050,55.25016526194017,True,True,EQ,137.6,True,20.0,1000.0,500.0,3,2.0,3.6304000000000087,5.0,0.01,1088369458.555,20.0,81,81,45,0,0,0,,,100000.0,-8359.999616245826,91640.00038375417,-33790.251370482714,-0.5509702722666637,-0.11998864747467808,-0.1199886474746779,-5233.459231766086,-0.0044195651148924,1.0,True,False
10902,205,GAIL,GAIL,GAIL (INDIA) LTD,INE129A01019,reversal_5d,55.1251859196827,True,True,EQ,173.4,True,20.0,1000.0,500.0,2,2.0,4.583600000000036,5.0,0.01,1109878265.1999998,20.0,30,30,16,0,0,0,,,100000.0,-7618.158142652406,92381.8418573476,-18111.70774133339,-0.8589395211775139,-0.177271634916912,-0.177271634916912,-6217.277589161546,-0.008520483846289,1.0,True,False
10945,206,TATAPOWER,TATAPOWER,TATA POWER CO LTD,INE245A01021,momentum_1d,54.97004627334324,True,True,EQ,368.0,True,20.0,1000.0,500.0,1,1.0,4.845999999999977,5.0,0.05,1580684879.8,20.0,30,30,13,0,0,0,,,100000.0,-9897.890841468225,90102.10915853178,-20140.128655774417,-1.3959876824856332,-0.10584059060513662,-0.1058405906051367,-351.4434561411472,-0.0082724933686395,1.0,True,False
10955,207,RECLTD,RECLTD,REC LIMITED,INE020B01018,gap_fade_100,54.94195174351347,True,True,EQ,318.7,True,20.0,1000.0,500.0,1,1.0,4.157400000000035,5.0,0.05,1931316464.5,20.0,26,26,14,0,0,0,,,100000.0,-10232.655407388664,89767.34459261133,-19152.498342453066,-1.2415251444302398,-0.1624911598334472,-0.1624911598334472,5828.029918271932,-0.0106095307193922,1.0,True,False
10998,208,SHANTIGOLD,SHANTIGOLD,SHANTI GOLD INTERNATION L,INE06ZD01017,reversal_1d,54.75913072219468,True,True,EQ,256.34,True,20.0,1000.0,500.0,1,1.0,3.392680000000002,5.0,0.01,581797494.775,20.0,95,95,45,0,0,0,,,100000.0,-7541.898093139272,92458.10190686073,-36847.96662597392,-0.1758459758723927,-0.17637056627857628,-0.1763705662785762,-4794.862520016832,-0.0058812456613906,1.0,True,False
11013,209,WIPRO,WIPRO,WIPRO LTD,INE075A01022,gap_fade_050,54.70913898529169,True,True,EQ,176.4,True,20.0,1000.0,500.0,2,2.0,4.655600000000039,5.0,0.01,1251249582.315,20.0,97,97,58,0,0,0,,,100000.0,-11247.75823515332,88752.24176484668,-39867.807684696185,-0.7155700289616476,-0.16190365236106175,-0.1619036523610618,17323.670336275318,-0.0042043404089155,1.0,True,False
11027,210,BELRISE,BELRISE,BELRISE INDUSTRIES LTD,INE894V01022,reversal_1d,54.66079986779045,True,True,EQ,236.86,True,20.0,1000.0,500.0,2,1.0,3.1337200000000136,5.0,0.01,837487795.4749999,20.0,86,86,48,0,0,0,,,100000.0,540.4214624309388,100540.42146243094,-28778.2057720717,0.1321804065060598,-0.19013150324305472,-0.1901315032430547,-47850.85192398747,-0.0046409789741701,1.0,True,False
11054,211,EDELWEISS,EDELWEISS,EDELWEISS FIN SERV LTD,INE532F01054,gap_continuation_050,54.5818872913568,True,True,EQ,136.08,True,20.0,1000.0,500.0,3,2.0,3.604320000000027,5.0,0.01,529679119.34000003,20.0,103,103,38,0,0,0,,,100000.0,-2453.238958666261,97546.76104133374,-35458.4623493309,-0.0035756571356182,-0.1606702139199051,-0.1606702139199052,-29244.040749467924,-0.0042552684304373,1.0,True,False
11082,212,PATANJALI,PATANJALI,PATANJALI FOODS LIMITED,INE619A01035,gap_continuation_100,54.47921831102297,True,True,EQ,342.5,True,20.0,1000.0,500.0,1,1.0,4.5149999999999775,5.0,0.05,720843981.5999999,20.0,22,22,5,0,0,0,,,100000.0,-13033.316434867578,86966.68356513242,-20418.77060684616,-2.017479133122554,-0.1448789920967829,-0.1448789920967829,28422.049616809687,-0.0122285073611793,1.0,True,False
11100,213,CUPID,CUPID,CUPID LIMITED,INE509F01029,gap_fade_100,54.43397785490002,True,True,EQ,283.15,True,50.0,1000.0,500.0,1,1.0,3.7163000000000115,5.0,0.05,5126613244.780001,20.0,57,57,46,0,0,0,,,100000.0,1666.3613446844538,101666.36134468445,-19103.28326688538,0.1910975424730361,-0.16769265199652916,-0.1676926519965292,-605348.9665957714,-0.0083452382801483,1.0,True,False
11134,214,CANBK,CANBK,CANARA BANK,INE476A01022,momentum_5d,54.289993389522394,True,True,EQ,125.5,True,20.0,1000.0,500.0,3,3.0,4.963,5.0,0.01,1538352078.0549998,20.0,51,51,19,0,0,0,,,100000.0,-8083.431865533814,91916.56813446619,-25103.380811839237,-0.7028384412421502,-0.09505935903517371,-0.0950593590351737,-22832.2453337886,-0.0059264619759409,1.0,True,False
11136,215,FEDERALBNK,FEDERALBNK,FEDERAL BANK LTD,INE171A01029,gap_fade_050,54.28627499586845,True,True,EQ,343.0,True,20.0,1000.0,500.0,1,1.0,4.515999999999978,5.0,0.05,1485111743.85,20.0,64,64,40,0,0,0,,,100000.0,-1592.123994175112,98407.87600582489,-23865.401970665087,-0.0445420099495089,-0.12772430947764424,-0.1277243094776442,-73949.03476648184,-0.0044806191593517,1.0,True,False
11146,216,INDUSTOWER,INDUSTOWER,INDUS TOWERS LIMITED,INE121J01017,reversal_5d,54.24785159477772,True,True,EQ,376.8,True,20.0,1000.0,500.0,1,1.0,4.9636,5.0,0.05,1780856495.225,20.0,40,40,25,0,0,0,,,100000.0,-7586.815742930863,92413.18425706914,-21302.11066360319,-0.852976343879571,-0.11644308862208508,-0.116443088622085,-19353.25198355449,-0.0063372387420695,1.0,True,False
11191,217,RATNAVEER,RATNAVEER,RATNAVEER PRECISION ENG L,INE05CZ01011,reversal_5d,54.06978185423897,True,True,EQ,304.75,True,20.0,1000.0,500.0,1,1.0,3.9795000000000003,5.0,0.05,2083492621.38,20.0,90,90,59,0,0,0,,,100000.0,4771.53644114612,104771.53644114612,-26952.87844299154,0.3071694230194882,-0.2005131952993371,-0.2005131952993371,-91979.1974793236,-0.0050052318694462,1.0,True,False
11232,218,POWERGRID,POWERGRID,POWER GRID CORP. LTD.,INE752E01010,momentum_1d,53.9470748636589,True,True,EQ,266.0,True,20.0,1000.0,500.0,1,1.0,3.5119999999999774,5.0,0.05,2045111029.025,20.0,22,22,9,0,0,0,,,100000.0,-10908.885962761022,89091.11403723898,-18467.275272778046,-1.328931760464165,-0.12317356971668869,-0.1231735697166888,-2888.0526294276788,-0.0129126735129054,1.0,True,False
11242,219,ETERNAL,ETERNAL,ETERNAL LIMITED,INE758T01015,momentum_5d,53.92125268550653,True,True,EQ,322.75,True,20.0,1000.0,500.0,1,1.0,4.225499999999989,5.0,0.05,7755765299.75,20.0,64,64,32,0,0,0,,,100000.0,-9619.158532092348,90380.84146790765,-30101.335419814623,-0.4681785308743355,-0.13773210849105844,-0.1377321084910585,-11812.345652950911,-0.0070036114444782,1.0,True,False
11289,220,INDUSTOWER,INDUSTOWER,INDUS TOWERS LIMITED,INE121J01017,momentum_5d,53.7749958684515,True,True,EQ,376.8,True,20.0,1000.0,500.0,1,1.0,4.9636,5.0,0.05,1780856495.225,20.0,40,40,15,0,0,0,,,100000.0,-8504.662036881098,91495.3379631189,-22086.886368434338,-0.9637742219879994,-0.09421216428753654,-0.0942121642875364,-20271.09827750473,-0.0065854957829154,1.0,True,False
11313,221,VEDL,VEDL,VEDANTA LIMITED,INE205A01025,reversal_5d,53.68658073045778,True,True,EQ,272.1,True,20.0,1000.0,500.0,1,1.0,3.5842000000000453,5.0,0.05,2725791271.35,20.0,75,75,48,0,0,0,,,100000.0,113.26077549245385,100113.26077549245,-25885.399739724875,0.1120615351094533,-0.16247900853678843,-0.1624790085367884,-77701.3662635672,-0.005475862672104,1.0,True,False
11319,222,CANBK,CANBK,CANARA BANK,INE476A01022,reversal_1d,53.668608494463726,True,True,EQ,125.5,True,20.0,1000.0,500.0,3,3.0,4.963,5.0,0.01,1538352078.0549998,20.0,71,71,38,0,0,0,,,100000.0,-7243.601083577436,92756.39891642256,-30239.978181207058,-0.4345665417561336,-0.12778321246335345,-0.1277832124633534,-21992.41455183222,-0.0050774082720132,1.0,True,False
11320,223,IFCI,IFCI,IFCI LTD,INE039A01010,volume_continuation,53.66261774913237,True,True,EQ,101.38,True,20.0,1000.0,500.0,4,3.0,4.008280000000015,5.0,0.01,3490384221.1400003,20.0,26,26,1,0,0,0,,,100000.0,-5416.99571588698,94583.00428411302,-14800.30404563158,-0.2774948157071741,-0.14921726647607847,-0.1492172664760784,-59138.26532551866,-0.0143391559649897,1.0,True,False
11321,224,JIOFIN,JIOFIN,JIO FIN SERVICES LTD,INE758E01017,momentum_1d,53.65704015865147,True,True,EQ,239.5,True,20.0,1000.0,500.0,2,1.0,3.1689999999999863,5.0,0.01,2367567909.325,20.0,50,50,28,0,0,0,,,100000.0,-11720.569803834484,88279.43019616551,-27789.26226309719,-1.3340491688981726,-0.16367882090207087,-0.1636788209020707,16411.03297310471,-0.0060197193883991,1.0,True,False
11323,225,GAIL,GAIL,GAIL (INDIA) LTD,INE129A01019,momentum_1d,53.65580069410015,True,True,EQ,173.4,True,20.0,1000.0,500.0,2,2.0,4.583600000000036,5.0,0.01,1109878265.1999998,20.0,39,39,20,0,0,0,,,100000.0,-10332.521186688144,89667.47881331186,-23343.285358095512,-1.0503436308257432,-0.10995391674705135,-0.1099539167470513,-8931.640633197283,-0.0078088201386021,1.0,True,False
11340,226,IOC,IOC,INDIAN OIL CORP LTD,INE242A01010,reversal_1d,53.54156337795406,True,True,EQ,137.6,True,20.0,1000.0,500.0,3,2.0,3.6304000000000087,5.0,0.01,1088369458.555,20.0,40,40,23,0,0,0,,,100000.0,-8633.990742645852,91366.00925735415,-22197.43517477138,-0.9896453496471148,-0.16608167540066265,-0.1660816754006625,-5507.450358166112,-0.0065796353539255,1.0,True,False
11356,227,LTF,LTF,L&T FINANCE LIMITED,INE498L01015,gap_continuation_100,53.49074533135018,True,True,EQ,314.0,True,20.0,1000.0,500.0,1,1.0,4.098000000000023,5.0,0.05,1074454374.875,20.0,42,42,20,0,0,0,,,100000.0,-2396.3481820207817,97603.65181797922,-17532.610370132374,-0.029409176306301,-0.23200215502542243,-0.2320021550254224,-50716.85686745604,-0.0093945166927588,1.0,True,False
11367,228,CANBK,CANBK,CANARA BANK,INE476A01022,gap_fade_050,53.46512973062303,True,True,EQ,125.5,True,20.0,1000.0,500.0,3,3.0,4.963,5.0,0.01,1538352078.0549998,20.0,84,84,48,0,0,0,,,100000.0,-4369.663463432909,95630.33653656709,-31722.618912968028,-0.177226047148587,-0.2081259687464746,-0.2081259687464746,-19118.47693168769,-0.0044119764203341,1.0,True,False
11581,229,PFC,PFC,POWER FIN CORP LTD.,INE134E01011,reversal_5d,52.793753098661384,True,True,EQ,355.6,True,20.0,1000.0,500.0,1,1.0,4.691200000000012,5.0,0.05,3151134941.3,20.0,48,48,27,0,0,0,,,100000.0,-11707.463225116311,88292.53677488369,-27198.21930828805,-0.965069698407316,-0.166437413242834,-0.1664374132428341,1499.8538480544375,-0.0075284681595138,1.0,True,False
11630,230,FEDERALBNK,FEDERALBNK,FEDERAL BANK LTD,INE171A01029,gap_fade_100,52.61382416129565,True,True,EQ,343.0,True,20.0,1000.0,500.0,1,1.0,4.515999999999978,5.0,0.05,1485111743.85,20.0,27,27,15,0,0,0,,,100000.0,-4412.221640748394,95587.7783592516,-14233.680117825628,-0.3968506772913759,-0.14350119373973114,-0.1435011937397311,-76769.13241305512,-0.0092690587859498,1.0,True,False
11643,231,HAPPSTMNDS,HAPPSTMNDS,HAPPIEST MINDS TECHNO LTD,INE419U01012,gap_fade_050,52.5815980829615,True,True,EQ,354.0,True,20.0,1000.0,500.0,1,1.0,4.638,5.0,0.05,753218049.925,20.0,107,107,78,0,0,0,,,100000.0,-9752.019743926869,90247.98025607313,-41260.2973906351,-0.2173719903890144,-0.3405799140464987,-0.3405799140464987,18904.291265325228,-0.005807754301793,1.0,True,False
11644,232,PNB,PNB,PUNJAB NATIONAL BANK,INE160A01022,gap_continuation_100,52.57911915385886,True,True,EQ,117.0,True,20.0,1000.0,500.0,4,3.0,4.642000000000006,5.0,0.01,1291402376.8049998,20.0,26,26,15,0,0,0,,,100000.0,-10126.833259047227,89873.16674095277,-19057.249475991997,-1.0383125441058716,-0.12516760223088086,-0.1251676022308808,-17077.713703903544,-0.0116813149519644,1.0,True,False
11650,233,TATASTEEL,TATASTEEL,TATA STEEL LIMITED,INE081A01020,turn_of_month,52.56982316972402,True,True,EQ,188.79,True,20.0,1000.0,500.0,2,2.0,4.975159999999991,5.0,0.01,4678339405.950001,20.0,75,75,0,0,0,0,,,100000.0,-8091.598160056761,91908.40183994324,-31979.44924529224,-0.5117410845206137,-0.11326293400141263,-0.1132629340014125,-25406.174558976734,-0.0048388796368463,1.0,True,False
11657,234,MRPL,MRPL,MRPL,INE103A01014,gap_fade_050,52.54503387869774,True,True,EQ,174.83,True,20.0,1000.0,500.0,2,2.0,4.609320000000018,5.0,0.01,1066722579.155,20.0,100,100,73,0,0,0,,,100000.0,-3922.4453007967822,96077.55469920322,-35670.36464621455,0.0089828644599625,-0.15616506560207533,-0.1561650656020753,-40398.67382656584,-0.0057930373543233,1.0,True,False
11664,235,INDUSTOWER,INDUSTOWER,INDUS TOWERS LIMITED,INE121J01017,reversal_1d,52.495868451495625,True,True,EQ,376.8,True,20.0,1000.0,500.0,1,1.0,4.9636,5.0,0.05,1780856495.225,20.0,50,50,28,0,0,0,,,100000.0,-8443.024961886156,91556.97503811384,-25097.28735363079,-0.9460098796698262,-0.11092479353130424,-0.1109247935313043,-20209.46120250979,-0.0052668414419393,1.0,True,False
11671,236,WIPRO,WIPRO,WIPRO LTD,INE075A01022,reversal_5d,52.459923979507515,True,True,EQ,176.4,True,20.0,1000.0,500.0,2,2.0,4.655600000000039,5.0,0.01,1251249582.315,20.0,34,34,10,0,0,0,,,100000.0,-13090.069760713435,86909.93023928656,-24205.599810563115,-1.82542844133505,-0.14528776835172974,-0.1452877683517297,15481.358810715205,-0.0084063691527264,1.0,True,False
11689,237,MANAPPURAM,MANAPPURAM,MANAPPURAM FINANCE LTD,INE522D01027,reversal_5d,52.39134027433483,True,True,EQ,339.7,True,20.0,1000.0,500.0,1,1.0,4.459400000000023,5.0,0.05,1569912665.4250002,20.0,64,64,45,0,0,0,,,100000.0,-5262.086525247694,94737.9134747523,-26715.751255063165,-0.3233524578511426,-0.1740872646663918,-0.1740872646663916,-34366.148851346705,-0.005025736176607,1.0,True,False
11727,238,ASHOKLEY,ASHOKLEY,ASHOK LEYLAND LTD,INE208A01029,gap_continuation_050,52.28701867459924,True,True,EQ,169.0,True,20.0,1000.0,500.0,2,2.0,4.485999999999995,5.0,0.01,2510244023.355,20.0,93,93,33,0,0,0,,,100000.0,-1854.5192186728527,98145.48078132715,-32405.26001969917,0.0267065664874955,-0.23493223797147877,-0.234929572934182,-34957.76051519136,-0.0047042559830039,1.0,True,False
11758,239,RVNL,RVNL,RAIL VIKAS NIGAM LIMITED,INE415G01027,gap_fade_100,52.1798049909106,True,True,EQ,212.49,True,20.0,1000.0,500.0,2,1.0,2.824980000000005,5.0,0.01,790215108.33,20.0,43,43,26,0,0,0,,,100000.0,-14001.885842885124,85998.11415711488,-27663.29112265016,-0.9639176828680084,-0.25444385792606883,-0.2544438579260688,20094.22399693176,-0.010094162964807,1.0,True,False
11788,240,PFC,PFC,POWER FIN CORP LTD.,INE134E01011,reversal_1d,52.08932407866469,True,True,EQ,355.6,True,20.0,1000.0,500.0,1,1.0,4.691200000000012,5.0,0.05,3151134941.3,20.0,46,46,22,0,0,0,,,100000.0,-11809.490488776675,88190.50951122332,-26697.35875458202,-0.9909159482702068,-0.1824612085549232,-0.1824612085549233,1397.826584394075,-0.0078128833695164,1.0,True,False
11870,241,PNB,PNB,PUNJAB NATIONAL BANK,INE160A01022,gap_continuation_050,51.78152371508842,True,True,EQ,117.0,True,20.0,1000.0,500.0,4,3.0,4.642000000000006,5.0,0.01,1291402376.8049998,20.0,73,73,33,0,0,0,,,100000.0,-7783.834904901465,92216.16509509853,-31201.69104196588,-0.4664438432653291,-0.1915794213753046,-0.1915794213753046,-14734.715349757782,-0.0050609895053858,1.0,True,False
11938,242,SCI,SCI,SHIPPING CORP OF INDIA LT,INE109A01011,gap_continuation_050,51.54333994381094,True,True,EQ,295.35,True,20.0,1000.0,500.0,1,1.0,3.8907000000000456,5.0,0.05,569615929.125,20.0,99,99,30,0,0,0,,,100000.0,-3114.288869892218,96885.71113010778,-34865.57773134325,0.0265886743898373,-0.2017042367190237,-0.2017042367190237,-39979.785945915646,-0.0055659665257062,1.0,True,False
11944,243,UNIONBANK,UNIONBANK,UNION BANK OF INDIA,INE692A01016,reversal_1d,51.5309452982978,True,True,EQ,187.22,True,20.0,1000.0,500.0,2,2.0,4.948880000000009,5.0,0.01,1686478721.005,20.0,64,64,37,0,0,0,,,100000.0,-6417.01143884506,93582.98856115494,-27613.070492383544,-0.3824806204527855,-0.14804479861572217,-0.1480447986157221,-40569.55997370985,-0.0054395236936414,1.0,True,False
11968,244,BANKBARODA,BANKBARODA,BANK OF BARODA,INE028A01039,momentum_5d,51.46401421252685,True,True,EQ,239.0,True,20.0,1000.0,500.0,2,1.0,3.1679999999999864,5.0,0.01,1806686690.8600001,20.0,38,38,19,0,0,0,,,100000.0,-10660.010252721724,89339.98974727828,-23317.07738532253,-1.3920708494724252,-0.12112325275797864,-0.1211232527579786,-8211.113268305591,-0.0070365605664364,1.0,True,False
11973,245,WELSPUNLIV,WELSPUNLIV,WELSPUN LIVING LIMITED,INE192B01031,reversal_1d,51.459056354321596,True,True,EQ,208.51,True,20.0,1000.0,500.0,2,1.0,2.7770200000000127,5.0,0.01,718406604.175,20.0,90,90,49,0,0,0,,,100000.0,-2558.47616112206,97441.52383887794,-32079.71923338728,-0.0152565086110208,-0.16521860375330766,-0.1652186037533076,-60224.92417686468,-0.0047560929452689,1.0,True,False
11991,246,IOLCP,IOLCP,IOL CHEM AND PHARMA LTD,INE485C01029,reversal_1d,51.412369856222114,True,True,EQ,199.95,True,20.0,1000.0,500.0,2,1.0,2.649900000000009,5.0,0.01,644714183.21,20.0,115,115,63,0,0,0,,,100000.0,6241.171538667652,106241.17153866765,-32989.382176497005,0.3517364132963792,-0.25829943948111467,-0.252277925526697,-92329.22854361146,-0.0042535173175592,1.0,True,False
12002,247,REDINGTON,REDINGTON,REDINGTON LIMITED,INE891D01026,gap_continuation_050,51.37270699058006,True,True,EQ,371.3,True,20.0,1000.0,500.0,1,1.0,4.902599999999989,5.0,0.05,1285574404.2,20.0,100,100,31,0,0,0,,,100000.0,-489.2186241723976,99510.7813758276,-33359.289166203525,0.1069186407135907,-0.23854922168611592,-0.2385492216861159,-47585.46323734733,-0.0048652732032405,1.0,True,False
12004,248,TMPV,TMPV,TATA MOTORS PASS VEH LTD,INE155A01022,gap_continuation_050,51.369401751776564,True,True,EQ,311.5,True,20.0,1000.0,500.0,1,1.0,4.093000000000023,5.0,0.05,2618626895.5,20.0,94,94,37,0,0,0,,,100000.0,-12051.991598118851,87948.00840188115,-39694.745088380536,-0.6852988955013732,-0.22740881200710072,-0.2274088120071008,12546.58280513974,-0.0047510791377691,1.0,True,False
12026,249,UNIONBANK,UNIONBANK,UNION BANK OF INDIA,INE692A01016,reversal_5d,51.28904313336639,True,True,EQ,187.22,True,20.0,1000.0,500.0,2,2.0,4.948880000000009,5.0,0.01,1686478721.005,20.0,60,60,37,0,0,0,,,100000.0,-6817.121684488302,93182.8783155117,-26758.04087584214,-0.5106536107090198,-0.13665833550360074,-0.1366583355036007,-40969.670219353095,-0.0051846609184934,1.0,True,False
12076,250,CGCL,CGCL,CAPRI GLOBAL CAPITAL LTD,INE180C01042,gap_continuation_100,51.11407205420592,True,True,EQ,279.9,True,20.0,1000.0,500.0,1,1.0,3.6498,5.0,0.05,929393790.7750001,20.0,37,37,15,0,0,0,,,100000.0,-8252.49782341611,91747.50217658389,-20929.173541646203,-0.4596261359132548,-0.1743363846773177,-0.1743363846773177,-38409.877661783175,-0.0107866715873579,1.0,True,False
12085,251,SAMMAANCAP,SAMMAANCAP,SAMMAAN CAPITAL LIMITED,INE148I01020,gap_continuation_050,51.087216988927445,True,True,EQ,158.39,True,20.0,1000.0,500.0,3,2.0,4.163560000000025,5.0,0.01,963280553.225,20.0,103,103,28,0,0,0,,,100000.0,-3305.349369108939,96694.65063089106,-36025.56785301233,-0.022510458297292,-0.275225528508254,-0.275225528508254,-22628.3166512598,-0.0046637721010502,1.0,True,False
12093,252,PPLPHARMA,PPLPHARMA,PIRAMAL PHARMA LIMITED,INE0DK501011,gap_fade_050,51.05994876879855,True,True,EQ,214.22,True,20.0,1000.0,500.0,2,1.0,2.848440000000015,5.0,0.01,639401063.4000001,20.0,88,88,59,0,0,0,,,100000.0,-5882.491723835541,94117.50827616446,-33877.0191739162,-0.2159424023293646,-0.25159033404324416,-0.2515903340432441,-16561.653455981126,-0.0048462937577725,1.0,True,False
12136,253,SCI,SCI,SHIPPING CORP OF INDIA LT,INE109A01011,momentum_1d,50.91658403569657,True,True,EQ,295.35,True,20.0,1000.0,500.0,1,1.0,3.8907000000000456,5.0,0.05,569615929.125,20.0,96,96,48,0,0,0,,,100000.0,-2111.077721924056,97888.92227807594,-33391.83162172433,0.0601684500336063,-0.2554434008233414,-0.2554434008233412,-38976.57479794748,-0.0056483530993478,1.0,True,False
12206,254,CUPID,CUPID,CUPID LIMITED,INE509F01029,turn_of_month,50.70112378119319,True,True,EQ,283.15,True,50.0,1000.0,500.0,1,1.0,3.7163000000000115,5.0,0.05,5126613244.780001,20.0,75,75,0,0,0,0,,,100000.0,1589.074944766122,101589.07494476612,-24798.65448588114,0.2161847126390735,-0.23564899864780497,-0.235648998647805,-605426.2529956897,-0.0076478044580685,1.0,True,False
12267,255,IFCI,IFCI,IFCI LTD,INE039A01010,volume_reversal,50.49826474962816,True,True,EQ,101.38,True,20.0,1000.0,500.0,4,3.0,4.008280000000015,5.0,0.01,3490384221.1400003,20.0,26,26,25,0,0,0,,,100000.0,-7056.035362431707,92943.9646375683,-16283.121256665008,-0.3834028823693796,-0.18074590066443086,-0.1807459006644308,-60777.304972063386,-0.0149825218617493,1.0,True,False
12325,256,MOTHERSON,MOTHERSON,SAMVRDHNA MTHRSN INTL LTD,INE775A01035,turn_of_month,50.278053214344745,True,True,EQ,160.7,True,20.0,1000.0,500.0,3,2.0,4.222800000000046,5.0,0.01,1970325383.705,20.0,75,75,0,0,0,0,,,100000.0,-5370.089856992781,94629.91014300722,-29957.21621826598,-0.2968413685273854,-0.11549747738882243,-0.1154974773888223,-72372.10192942705,-0.0045632353555622,1.0,True,False
12459,257,M&MFIN,M&MFIN,M&M FIN. SERVICES LTD,INE774D01024,momentum_1d,49.762229383572965,True,True,EQ,373.65,True,20.0,1000.0,500.0,1,1.0,4.9073000000000455,5.0,0.05,685055156.175,20.0,93,93,46,0,0,0,,,100000.0,-5666.359112495309,94333.64088750469,-35040.77050522453,-0.1554539300408727,-0.15559799601034519,-0.1555979960103451,-51426.81538625936,-0.005078653700431,1.0,True,False
12472,258,BANKBARODA,BANKBARODA,BANK OF BARODA,INE028A01039,gap_continuation_050,49.72897041811271,True,True,EQ,239.0,True,20.0,1000.0,500.0,2,1.0,3.1679999999999864,5.0,0.01,1806686690.8600001,20.0,85,85,38,0,0,0,,,100000.0,-10932.582357609426,89067.41764239057,-36679.88409132601,-0.7140922069692286,-0.17218774869579645,-0.1721877486957965,-8483.685373193293,-0.0046804197679841,1.0,True,False
12473,259,TATAPOWER,TATAPOWER,TATA POWER CO LTD,INE245A01021,turn_of_month,49.72649148901008,True,True,EQ,368.0,True,20.0,1000.0,500.0,1,1.0,4.845999999999977,5.0,0.05,1580684879.8,20.0,75,75,0,0,0,0,,,100000.0,-10939.665171857863,89060.33482814213,-34094.83030522977,-0.8847984938318253,-0.20797530308289636,-0.2079753030828964,-1393.2177865307897,-0.0047016258693665,1.0,True,False
12514,260,EDELWEISS,EDELWEISS,EDELWEISS FIN SERV LTD,INE532F01054,reversal_5d,49.57589654602545,True,True,EQ,136.08,True,20.0,1000.0,500.0,3,2.0,3.604320000000027,5.0,0.01,529679119.34000003,20.0,80,80,46,0,0,0,,,100000.0,-6077.201776287198,93922.7982237128,-31863.88861128304,-0.2425139682431073,-0.2262057469228841,-0.2262057469228841,-32868.00356708886,-0.0052122694965313,1.0,True,False
12531,261,SAMMAANCAP,SAMMAANCAP,SAMMAAN CAPITAL LIMITED,INE148I01020,momentum_5d,49.48727483060651,True,True,EQ,158.39,True,20.0,1000.0,500.0,3,2.0,4.163560000000025,5.0,0.01,963280553.225,20.0,84,84,34,0,0,0,,,100000.0,-8933.409709311018,91066.59029068898,-34995.00772259454,-0.3754897623599284,-0.16925965367216733,-0.1692596536721674,-28256.376991461875,-0.0055827703585229,1.0,True,False
12532,262,WELSPUNLIV,WELSPUNLIV,WELSPUN LIVING LIMITED,INE192B01031,volume_continuation,49.48582878862997,True,True,EQ,208.51,True,20.0,1000.0,500.0,2,1.0,2.7770200000000127,5.0,0.01,718406604.175,20.0,23,23,1,0,0,0,,,100000.0,-7710.613025367507,92289.38697463249,-15867.096860011006,-0.6636005817987897,-0.15456029689970685,-0.140997362965485,-65377.06104111012,-0.0134015250839434,1.0,True,False
12535,263,SAIL,SAIL,STEEL AUTHORITY OF INDIA,INE114A01011,reversal_5d,49.47963146587341,True,True,EQ,196.8,True,20.0,1000.0,500.0,2,1.0,2.603600000000008,5.0,0.01,3778441048.885,20.0,56,56,41,0,0,0,,,100000.0,-6977.135081173983,93022.86491882602,-25706.102945883205,-0.2602901517478634,-0.15950031932347464,-0.1595003193234745,-63913.2222498193,-0.0082259127106031,1.0,True,False
12595,264,VMM,VMM,VISHAL MEGA MART LIMITED,INE01EA01019,momentum_5d,49.30280118988597,True,True,EQ,106.14,True,20.0,1000.0,500.0,4,3.0,4.186840000000007,5.0,0.01,1043042671.1299999,20.0,31,31,15,0,0,0,,,100000.0,-17376.0763131962,82623.9236868038,-27088.138645698946,-1.4563736201940476,-0.17376076313196198,-0.1737607631319619,9259.34247628812,-0.0140335985569484,1.0,True,False
12650,265,M&MFIN,M&MFIN,M&M FIN. SERVICES LTD,INE774D01024,momentum_5d,49.07969757064948,True,True,EQ,373.65,True,20.0,1000.0,500.0,1,1.0,4.9073000000000455,5.0,0.05,685055156.175,20.0,87,87,29,0,0,0,,,100000.0,-5095.515015637153,94904.48498436285,-33054.239668620095,-0.1607859308010047,-0.19287863751343404,-0.192878637513434,-50855.971289401205,-0.004978028954515,1.0,True,False
12656,266,CGCL,CGCL,CAPRI GLOBAL CAPITAL LTD,INE180C01042,gap_fade_100,49.061931912080645,True,True,EQ,279.9,True,20.0,1000.0,500.0,1,1.0,3.6498,5.0,0.05,929393790.7750001,20.0,37,37,22,0,0,0,,,100000.0,-8359.384580807935,91640.61541919207,-21021.359128330037,-0.4698349072075261,-0.22827578456675268,-0.2282757845667526,-38516.764419175,-0.0108308264876373,1.0,True,False
12698,267,HAPPSTMNDS,HAPPSTMNDS,HAPPIEST MINDS TECHNO LTD,INE419U01012,gap_fade_100,48.94253016030408,True,True,EQ,354.0,True,20.0,1000.0,500.0,1,1.0,4.638,5.0,0.05,753218049.925,20.0,44,44,30,0,0,0,,,100000.0,-17626.963058314606,82373.0369416854,-31007.20329234586,-0.7090898416199427,-0.2923272181338479,-0.2923272181338479,11029.347950937488,-0.0144738233993202,1.0,True,False
12706,268,FEDERALBNK,FEDERALBNK,FEDERAL BANK LTD,INE171A01029,gap_continuation_100,48.906585688315985,True,True,EQ,343.0,True,20.0,1000.0,500.0,1,1.0,4.515999999999978,5.0,0.05,1485111743.85,20.0,27,27,12,0,0,0,,,100000.0,-7050.236053236062,92949.76394676394,-16610.01059429266,-0.6708980030233395,-0.14868763867335844,-0.1486876386733584,-79407.14682554279,-0.0103048565706589,1.0,True,False
12722,269,NATIONALUM,NATIONALUM,NATIONAL ALUMINIUM CO LTD,INE139A01034,momentum_5d,48.86816228722525,True,True,EQ,374.1,True,20.0,1000.0,500.0,1,1.0,4.908200000000045,5.0,0.05,2075946057.05,20.0,93,93,29,0,0,0,,,100000.0,-4283.804913768123,95716.19508623188,-34084.58299951418,-0.0953694581372862,-0.13137807537713786,-0.1313780753771378,-107775.51993127914,-0.0048503637766139,1.0,True,False
12730,270,AWL,AWL,AWL AGRI BUSINESS LIMITED,INE699H01024,reversal_1d,48.83097835068583,True,True,EQ,187.29,True,20.0,1000.0,500.0,2,2.0,4.949160000000009,5.0,0.01,561855120.3199999,20.0,51,51,27,0,0,0,,,100000.0,-17243.462263560592,82756.53773643941,-32597.25901844236,-1.150821692869695,-0.17331209070287112,-0.1686115483028913,5800.267268321622,-0.0095315440096646,1.0,True,False
12756,271,CGCL,CGCL,CAPRI GLOBAL CAPITAL LTD,INE180C01042,turn_of_month,48.71550156998843,True,True,EQ,279.9,True,20.0,1000.0,500.0,1,1.0,3.6498,5.0,0.05,929393790.7750001,20.0,75,75,0,0,0,0,,,100000.0,-7724.1795616163,92275.8204383837,-31708.522325069425,-0.3271463108456314,-0.1969566976595214,-0.1969566976595214,-37881.559399983365,-0.0059146687353687,1.0,True,False
12789,272,PFC,PFC,POWER FIN CORP LTD.,INE134E01011,gap_fade_050,48.61531151875723,True,True,EQ,355.6,True,20.0,1000.0,500.0,1,1.0,4.691200000000012,5.0,0.05,3151134941.3,20.0,77,77,45,0,0,0,,,100000.0,-13987.70598165183,86012.29401834817,-36868.41984936082,-0.9315223473985096,-0.18127052263222077,-0.1812705226322207,-780.3889084810799,-0.0056813755414987,1.0,True,False
12803,273,RECLTD,RECLTD,REC LIMITED,INE020B01018,gap_fade_050,48.55065278466368,True,True,EQ,318.7,True,20.0,1000.0,500.0,1,1.0,4.157400000000035,5.0,0.05,1931316464.5,20.0,75,75,42,0,0,0,,,100000.0,-12823.675427749098,87176.3245722509,-35495.30412313851,-0.8851084705134606,-0.2431629698462371,-0.2431629698462371,3237.009897911499,-0.0055047840312912,1.0,True,False
12826,274,TIMETECHNO,TIMETECHNO,TIME TECHNOPLAST LTD.,INE508G01029,gap_fade_100,48.47463229218312,True,True,EQ,188.49,True,20.0,1000.0,500.0,2,2.0,4.973959999999991,5.0,0.01,603376241.075,20.0,37,37,20,0,0,0,,,100000.0,-14054.903788007432,85945.09621199257,-25948.778874071664,-0.9177250759985494,-0.2840350215564579,-0.2840350215564579,1279.9586049749196,-0.0121512716340136,1.0,True,False
12836,275,AWL,AWL,AWL AGRI BUSINESS LIMITED,INE699H01024,momentum_5d,48.45996529499257,True,True,EQ,187.29,True,20.0,1000.0,500.0,2,2.0,4.949160000000009,5.0,0.01,561855120.3199999,20.0,38,38,22,0,0,0,,,100000.0,-15675.081476561989,84324.91852343801,-27639.681799127327,-1.385952614275976,-0.20977272395460522,-0.2097727239546052,7368.648055320227,-0.010514163384767,1.0,True,False
12863,276,MARKSANS,MARKSANS,MARKSANS PHARMA LIMITED,INE750C01026,gap_continuation_100,48.36659229879359,True,True,EQ,326.75,True,20.0,1000.0,500.0,1,1.0,4.2935,5.0,0.05,723088181.3,20.0,45,45,15,0,0,0,,,100000.0,-7817.240006609703,92182.7599933903,-23059.903543948614,-0.3937231148429278,-0.14519686234186413,-0.145196862341864,-84803.34810298469,-0.0091677652562884,1.0,True,False
12874,277,CUB,CUB,CITY UNION BANK LTD,INE491A01021,momentum_5d,48.33374648818378,True,True,EQ,236.01,True,20.0,1000.0,500.0,2,1.0,3.1320200000000136,5.0,0.01,520786236.12,20.0,68,68,27,0,0,0,,,100000.0,-11965.17681623112,88034.82318376888,-33005.9840682738,-0.5818635755606035,-0.1820060232706675,-0.1820060232706675,-19904.151247648027,-0.0071652234925362,1.0,True,False
12881,278,MOREPENLAB,MOREPENLAB,MOREPEN LAB. LTD,INE083A01026,reversal_5d,48.29635597421913,True,True,EQ,113.74,True,20.0,1000.0,500.0,4,3.0,4.502440000000029,5.0,0.01,2521047229.6800003,20.0,105,105,65,0,0,0,,,100000.0,-1428.1480647908174,98571.85193520918,-35304.89158252023,0.1116549213739076,-0.20547100906915905,-0.205471009069159,-99259.57196004492,-0.0056643481795149,1.0,True,False
12884,279,KTKBANK,KTKBANK,KARNATAKA BANK LIMITED,INE614B01018,turn_of_month,48.28582052553296,True,True,EQ,340.1,True,20.0,1000.0,500.0,1,1.0,4.510200000000034,5.0,0.05,875316394.0,20.0,75,75,0,0,0,0,,,100000.0,-3469.893186098576,96530.10681390142,-28545.40385553369,-0.1459153672046396,-0.193259320899985,-0.193259320899985,-93199.0586445457,-0.0045163333127335,1.0,True,False
12894,280,WIPRO,WIPRO,WIPRO LTD,INE075A01022,gap_continuation_100,48.242232688811775,True,True,EQ,176.4,True,20.0,1000.0,500.0,2,2.0,4.655600000000039,5.0,0.01,1251249582.315,20.0,46,46,20,0,0,0,,,100000.0,-16672.868452195893,83327.1315478041,-30756.145167984505,-1.265685418325713,-0.2277485508542948,-0.2277485508542949,11898.560119232743,-0.009711151534917,1.0,True,False
12920,281,MRPL,MRPL,MRPL,INE103A01014,gap_fade_100,48.1674516608825,True,True,EQ,174.83,True,20.0,1000.0,500.0,2,2.0,4.609320000000018,5.0,0.01,1066722579.155,20.0,42,42,28,0,0,0,,,100000.0,-7628.350591123453,92371.64940887655,-21970.76004234304,-0.2961586357222913,-0.268516544019305,-0.2685165440193049,-44104.579116892506,-0.0111353577174169,1.0,True,False
12932,282,JSWINFRA,JSWINFRA,JSW INFRASTRUCTURE LTD,INE880J01026,gap_fade_100,48.14059659560403,True,True,EQ,333.0,True,20.0,1000.0,500.0,1,1.0,4.376000000000012,5.0,0.05,687390417.0250001,20.0,38,38,23,0,0,0,,,100000.0,-12605.414092559367,87394.58590744063,-24995.281828613995,-0.9485765016829898,-0.17246653840825432,-0.1724665384082544,-20697.529876982862,-0.0103925491260903,1.0,True,False
12970,283,GAIL,GAIL,GAIL (INDIA) LTD,INE129A01019,turn_of_month,47.97967278135845,True,True,EQ,173.4,True,20.0,1000.0,500.0,2,2.0,4.583600000000036,5.0,0.01,1109878265.1999998,20.0,75,75,0,0,0,0,,,100000.0,-12447.87813570758,87552.12186429242,-35215.73572064497,-0.9289874960461556,-0.1653891049737921,-0.165389104973792,-11046.997582216718,-0.005202317495926,1.0,True,False
13074,284,CUPID,CUPID,CUPID LIMITED,INE509F01029,open_to_close,47.65390018178813,True,True,EQ,283.15,True,50.0,1000.0,500.0,1,1.0,3.7163000000000115,5.0,0.05,5126613244.780001,20.0,251,251,0,0,0,0,,,100000.0,37006.57948452473,137006.57948452473,-49869.60496289996,0.8468595359915236,-0.4675969885860227,-0.4675969885860227,-570008.7484559312,-0.002499563578326,1.0,True,False
13077,285,EPL,EPL,EPL LIMITED,INE255A01020,gap_fade_100,47.63840687489672,True,True,EQ,247.1,True,20.0,1000.0,500.0,2,1.0,3.254200000000017,5.0,0.05,640014168.835,20.0,34,34,19,0,0,0,,,100000.0,-13769.057711222806,86230.9422887772,-24802.503307379942,-0.9392187119140968,-0.17494421620394973,-0.1749442162039498,-20828.72823169877,-0.012809349135529,1.0,True,False
13085,286,ETERNAL,ETERNAL,ETERNAL LIMITED,INE758T01015,momentum_1d,47.60432159973558,True,True,EQ,322.75,True,20.0,1000.0,500.0,1,1.0,4.225499999999989,5.0,0.05,7755765299.75,20.0,80,80,36,0,0,0,,,100000.0,-13456.828295130968,86543.17170486903,-37239.5622312272,-0.5558394295445384,-0.18165176728848897,-0.1816517672884889,-15650.015415989532,-0.0069343959907198,1.0,True,False
13092,287,NYKAA,NYKAA,FSN E COMMERCE VENTURES,INE388Y01029,gap_fade_050,47.58531647661543,True,True,EQ,332.5,True,20.0,1000.0,500.0,1,1.0,4.3750000000000115,5.0,0.05,1197465305.875,20.0,92,92,59,0,0,0,,,100000.0,-6434.642155011432,93565.35784498857,-35310.454022659855,-0.3199728744037992,-0.16759501915189357,-0.1675950191518934,-55444.9141648868,-0.0041508087708821,1.0,True,False
13120,288,VMM,VMM,VISHAL MEGA MART LIMITED,INE01EA01019,gap_continuation_100,47.500206577425224,True,True,EQ,106.14,True,20.0,1000.0,500.0,4,3.0,4.186840000000007,5.0,0.01,1043042671.1299999,20.0,40,40,16,0,0,0,,,100000.0,-17194.032037606303,82805.9679623937,-29515.769137596333,-1.435240426817345,-0.21272632029517802,-0.212726320295178,9441.386751878015,-0.0108082793655456,1.0,True,False
13123,289,IOLCP,IOLCP,IOL CHEM AND PHARMA LTD,INE485C01029,gap_fade_100,47.486572467360766,True,True,EQ,199.95,True,20.0,1000.0,500.0,2,1.0,2.649900000000009,5.0,0.01,644714183.21,20.0,42,42,26,0,0,0,,,100000.0,-4943.49002937894,95056.50997062106,-19693.24216490933,-0.1586505453317745,-0.24809948162437057,-0.2480994816243705,-103513.89011165804,-0.0103537283011099,1.0,True,False
13134,290,CGCL,CGCL,CAPRI GLOBAL CAPITAL LTD,INE180C01042,gap_continuation_050,47.448149066270034,True,True,EQ,279.9,True,20.0,1000.0,500.0,1,1.0,3.6498,5.0,0.05,929393790.7750001,20.0,101,101,31,0,0,0,,,100000.0,-6631.581343491882,93368.41865650812,-37737.386907614826,-0.1856939011670139,-0.2338223396323753,-0.2338223396323752,-36788.96118185895,-0.0049231674087544,1.0,True,False
13186,291,PETRONET,PETRONET,PETRONET LNG LIMITED,INE347G01014,reversal_5d,47.245496612130225,True,True,EQ,288.1,True,20.0,1000.0,500.0,1,1.0,3.776200000000023,5.0,0.05,504148000.35,20.0,38,38,26,0,0,0,,,100000.0,-13403.659459315124,86596.34054068488,-25682.69225082903,-1.114417279652648,-0.17578391854427877,-0.1757839185442786,-16249.187914599534,-0.0100929553510948,1.0,True,False
13200,292,ASHOKLEY,ASHOKLEY,ASHOK LEYLAND LTD,INE208A01029,turn_of_month,47.178152371508844,True,True,EQ,169.0,True,20.0,1000.0,500.0,2,2.0,4.485999999999995,5.0,0.01,2510244023.355,20.0,75,75,0,0,0,0,,,100000.0,-7180.191844079425,92819.80815592057,-31303.81272607125,-0.3239618129698751,-0.24440073032495735,-0.2444007303249573,-40283.43314059793,-0.0055804824729556,1.0,True,False
13243,293,CANBK,CANBK,CANARA BANK,INE476A01022,gap_continuation_100,47.02755742852421,True,True,EQ,125.5,True,20.0,1000.0,500.0,3,3.0,4.963,5.0,0.01,1538352078.0549998,20.0,31,31,16,0,0,0,,,100000.0,-13585.699842850549,86414.30015714945,-23729.27342944003,-1.1718769307608916,-0.13703601726644898,-0.1370360172664491,-28334.51331110533,-0.0122480760602035,1.0,True,False
13245,294,ASHOKLEY,ASHOKLEY,ASHOK LEYLAND LTD,INE208A01029,reversal_1d,47.023012725169394,True,True,EQ,169.0,True,20.0,1000.0,500.0,2,2.0,4.485999999999995,5.0,0.01,2510244023.355,20.0,70,70,38,0,0,0,,,100000.0,-9018.240179724424,90981.75982027558,-31307.528830443905,-0.3823226927978303,-0.20731014134922487,-0.2073101413492247,-42121.48147624293,-0.0067021729939325,1.0,True,False
13246,295,TATASTEEL,TATASTEEL,TATA STEEL LIMITED,INE081A01020,momentum_5d,47.01578251528673,True,True,EQ,188.79,True,20.0,1000.0,500.0,2,2.0,4.975159999999991,5.0,0.01,4678339405.950001,20.0,42,42,13,0,0,0,,,100000.0,-11325.433338792354,88674.56666120765,-25101.262284661367,-1.2918943360930206,-0.1367853737815249,-0.1367853737815247,-28640.00973771233,-0.0070579573510817,1.0,True,False
13260,296,RVNL,RVNL,RAIL VIKAS NIGAM LIMITED,INE415G01027,gap_continuation_050,46.98087093042473,True,True,EQ,212.49,True,20.0,1000.0,500.0,2,1.0,2.824980000000005,5.0,0.01,790215108.33,20.0,104,104,43,0,0,0,,,100000.0,-16466.55488389441,83533.44511610559,-44984.23437027851,-0.8729205565108515,-0.2661624790276125,-0.2661624790276125,17629.554955922475,-0.0051158375893872,1.0,True,False
13374,297,JSWINFRA,JSWINFRA,JSW INFRASTRUCTURE LTD,INE880J01026,reversal_5d,46.56151875723022,True,True,EQ,333.0,True,20.0,1000.0,500.0,1,1.0,4.376000000000012,5.0,0.05,687390417.0250001,20.0,42,42,26,0,0,0,,,100000.0,-12981.639152730582,87018.36084726942,-26506.753566363503,-1.090453737642913,-0.1747457394090186,-0.1747457394090186,-21073.75493715408,-0.0089287287652521,1.0,True,False
13378,298,CROMPTON,CROMPTON,CROMPT GREA CON ELEC LTD,INE299U01018,gap_continuation_100,46.5352834242274,True,True,EQ,232.4,True,20.0,1000.0,500.0,2,1.0,3.074799999999993,5.0,0.01,847721314.9200001,20.0,34,34,12,0,0,0,,,100000.0,-17639.558894345842,82360.44110565416,-28189.361150780707,-1.8959778700564052,-0.19534357286877002,-0.19534357286877,10160.137615517466,-0.0113182350955261,1.0,True,False
13379,299,INDUSTOWER,INDUSTOWER,INDUS TOWERS LIMITED,INE121J01017,momentum_1d,46.53342422740043,True,True,EQ,376.8,True,20.0,1000.0,500.0,1,1.0,4.9636,5.0,0.05,1780856495.225,20.0,50,50,22,0,0,0,,,100000.0,-11291.431083271076,88708.56891672892,-27436.80921281966,-1.2917365778319423,-0.15567058023936808,-0.1556705802393679,-23057.86732389471,-0.0058972374787747,1.0,True,False
13494,300,ENGINERSIN,ENGINERSIN,ENGINEERS INDIA LTD,INE510A01028,momentum_1d,46.09609981821187,True,True,EQ,279.45,True,20.0,1000.0,500.0,1,1.0,3.6489,5.0,0.05,643467907.135,20.0,73,73,32,0,0,0,,,100000.0,-12588.276696971065,87411.72330302894,-34803.91015466458,-0.470276908934675,-0.16919133602095549,-0.1691913360209556,-38601.135151915456,-0.0078053850074401,1.0,True,False
13541,301,MRPL,MRPL,MRPL,INE103A01014,gap_continuation_100,45.964303420922164,True,True,EQ,174.83,True,20.0,1000.0,500.0,2,2.0,4.609320000000018,5.0,0.01,1066722579.155,20.0,42,42,14,0,0,0,,,100000.0,-12100.07184647402,87899.92815352598,-25763.10579740806,-0.5412610522518254,-0.19047948311146323,-0.1904794831114632,-48576.30037224307,-0.0123098599522432,1.0,True,False
13543,302,BELRISE,BELRISE,BELRISE INDUSTRIES LTD,INE894V01022,volume_continuation,45.963683688646505,True,True,EQ,236.86,True,20.0,1000.0,500.0,2,1.0,3.1337200000000136,5.0,0.01,837487795.4749999,20.0,22,22,4,0,0,0,,,100000.0,-12395.815692577557,87604.18430742245,-19834.74320219376,-1.0208005829060158,-0.1239581569257755,-0.1236901799523608,-60787.08907899597,-0.0172207516037513,1.0,True,False
13595,303,UNIONBANK,UNIONBANK,UNION BANK OF INDIA,INE692A01016,gap_continuation_050,45.803586184101796,True,True,EQ,187.22,True,20.0,1000.0,500.0,2,2.0,4.948880000000009,5.0,0.01,1686478721.005,20.0,95,95,31,0,0,0,,,100000.0,-9678.170930816605,90321.8290691834,-38309.18552424263,-0.4383370426973919,-0.1738009058521024,-0.1738009058521024,-43830.7194656814,-0.0048788053977471,1.0,True,False
13635,304,MANAPPURAM,MANAPPURAM,MANAPPURAM FINANCE LTD,INE522D01027,gap_fade_050,45.69286068418443,True,True,EQ,339.7,True,20.0,1000.0,500.0,1,1.0,4.459400000000023,5.0,0.05,1569912665.4250002,20.0,110,110,62,0,0,0,,,100000.0,-7425.936183219121,92574.06381678088,-40454.515513061095,-0.3013259637677872,-0.23846276308183267,-0.2384627630818326,-36529.99850931813,-0.0040284683954517,1.0,True,False
13669,305,IOC,IOC,INDIAN OIL CORP LTD,INE242A01010,turn_of_month,45.56994711617915,True,True,EQ,137.6,True,20.0,1000.0,500.0,3,2.0,3.6304000000000087,5.0,0.01,1088369458.555,20.0,75,75,0,0,0,0,,,100000.0,-12156.240712911633,87843.75928708837,-34999.21733983971,-0.8709981688945572,-0.26180709961153137,-0.2618070996115315,-9029.700328431893,-0.0052692573822355,1.0,True,False
13712,306,PPLPHARMA,PPLPHARMA,PIRAMAL PHARMA LIMITED,INE0DK501011,turn_of_month,45.40984961163444,True,True,EQ,214.22,True,20.0,1000.0,500.0,2,1.0,2.848440000000015,5.0,0.01,639401063.4000001,20.0,75,75,0,0,0,0,,,100000.0,-12629.907258688429,87370.09274131157,-35352.56008651445,-0.6857116002050416,-0.2093697167781149,-0.2093697167781147,-23309.068990834014,-0.0062543743836695,1.0,True,False
13719,307,TMPV,TMPV,TATA MOTORS PASS VEH LTD,INE155A01022,reversal_1d,45.383407701206416,True,True,EQ,311.5,True,20.0,1000.0,500.0,1,1.0,4.093000000000023,5.0,0.05,2618626895.5,20.0,58,58,26,0,0,0,,,100000.0,-18339.23758392401,81660.76241607599,-35332.607803449435,-1.4308809600090475,-0.20413522024898545,-0.2041352202489855,6259.336819334581,-0.0079656412246704,1.0,True,False
13721,308,BPCL,BPCL,BHARAT PETROLEUM CORP  LT,INE029A01011,turn_of_month,45.37473144934722,True,True,EQ,315.7,True,20.0,1000.0,500.0,1,1.0,4.151400000000034,5.0,0.05,1504042323.325,20.0,75,75,0,0,0,0,,,100000.0,-13893.787451738955,86106.21254826104,-36290.44168362881,-0.9345796788490808,-0.20113666945487896,-0.2011366694548788,-12820.525669190987,-0.0057889925392869,1.0,True,False
13734,309,BANDHANBNK,BANDHANBNK,BANDHAN BANK LIMITED,INE545U01014,turn_of_month,45.32081474136506,True,True,EQ,164.95,True,20.0,1000.0,500.0,3,2.0,4.32980000000003,5.0,0.01,845147095.665,20.0,75,75,0,0,0,0,,,100000.0,-14545.204709245709,85454.7952907543,-36775.12717123157,-0.8526835919485064,-0.20904038378278533,-0.2090403837827853,-12068.335563794346,-0.0063724023815025,1.0,True,False
13779,310,PNB,PNB,PUNJAB NATIONAL BANK,INE160A01022,momentum_5d,45.19356304743018,True,True,EQ,117.0,True,20.0,1000.0,500.0,4,3.0,4.642000000000006,5.0,0.01,1291402376.8049998,20.0,32,32,16,0,0,0,,,100000.0,-13400.156640777306,86599.8433592227,-23869.2654848135,-1.9013055007391548,-0.13400156640777305,-0.134001566407773,-20351.037085633623,-0.0089592501456235,1.0,True,False
13781,311,VEDL,VEDL,VEDANTA LIMITED,INE205A01025,gap_continuation_100,45.19129069575276,True,True,EQ,272.1,True,20.0,1000.0,500.0,1,1.0,3.5842000000000453,5.0,0.05,2725791271.35,20.0,64,64,23,0,0,0,,,100000.0,-7603.921459611694,92396.0785403883,-28538.167174793387,-0.265301103645877,-0.21428946192718734,-0.2142894619271873,-85418.54849867134,-0.0075821279767562,1.0,True,False
13787,312,BELRISE,BELRISE,BELRISE INDUSTRIES LTD,INE894V01022,momentum_5d,45.177243430837876,True,True,EQ,236.86,True,20.0,1000.0,500.0,2,1.0,3.1337200000000136,5.0,0.01,837487795.4749999,20.0,82,82,27,0,0,0,,,100000.0,-10278.836312027664,89721.16368797234,-35443.15967359424,-0.5054599657902592,-0.15225070430681564,-0.1522507043068157,-58670.10969844608,-0.0055455010140438,1.0,True,False
13792,313,ENGINERSIN,ENGINERSIN,ENGINEERS INDIA LTD,INE510A01028,turn_of_month,45.16381589819864,True,True,EQ,279.45,True,20.0,1000.0,500.0,1,1.0,3.6489,5.0,0.05,643467907.135,20.0,75,75,0,0,0,0,,,100000.0,-12287.649587568434,87712.35041243157,-35098.35229009672,-0.6584754112385489,-0.16858614750307477,-0.1685861475030746,-38300.508042512825,-0.0062269477541819,1.0,True,False
13836,314,JIOFIN,JIOFIN,JIO FIN SERVICES LTD,INE758E01017,turn_of_month,45.019005123120145,True,True,EQ,239.5,True,20.0,1000.0,500.0,2,1.0,3.1689999999999863,5.0,0.01,2367567909.325,20.0,75,75,0,0,0,0,,,100000.0,-17575.06086947788,82424.93913052212,-39023.83821136277,-1.6064316629609334,-0.20047875851951802,-0.200478758519518,10556.541907461316,-0.0055482996572079,1.0,True,False
13849,315,ITC,ITC,ITC LTD,INE154A01025,gap_continuation_050,44.96653445711453,True,True,EQ,264.1,True,20.0,1000.0,500.0,1,1.0,3.458199999999966,5.0,0.05,3504678210.3999996,20.0,40,40,17,0,0,0,,,100000.0,-18779.26530156778,81220.73469843222,-30869.188893847637,-2.5140773173827915,-0.19437667033574857,-0.1943766703357484,15466.640344973435,-0.008986557649302,1.0,True,False
13850,316,SWIGGY,SWIGGY,SWIGGY LIMITED,INE00H001014,momentum_1d,44.960956866633616,True,True,EQ,276.1,True,20.0,1000.0,500.0,1,1.0,3.6422,5.0,0.05,3023414109.25,20.0,102,102,55,0,0,0,,,100000.0,-18350.03037578761,81649.96962421239,-45799.93700242292,-0.6884549696143841,-0.3151527550443296,-0.3151527550443296,12160.098987160978,-0.0065340620541829,1.0,True,False
13852,317,INDUSTOWER,INDUSTOWER,INDUS TOWERS LIMITED,INE121J01017,gap_continuation_100,44.95703189555446,True,True,EQ,376.8,True,20.0,1000.0,500.0,1,1.0,4.9636,5.0,0.05,1780856495.225,20.0,28,28,12,0,0,0,,,100000.0,-14304.240712497078,85695.75928750292,-23450.64287647176,-1.406564744501182,-0.1624330186556463,-0.1624330186556463,-26070.67695312071,-0.0129321449402903,1.0,True,False
13873,318,PFC,PFC,POWER FIN CORP LTD.,INE134E01011,turn_of_month,44.89134027433482,True,True,EQ,355.6,True,20.0,1000.0,500.0,1,1.0,4.691200000000012,5.0,0.05,3151134941.3,20.0,75,75,0,0,0,0,,,100000.0,-17120.951730149143,82879.04826985086,-38687.943180609975,-1.1091657877213412,-0.186313135390206,-0.1863131353902061,-3913.6346569783927,-0.0065329735549379,1.0,True,False
13879,319,PETRONET,PETRONET,PETRONET LNG LIMITED,INE347G01014,gap_fade_100,44.87357461576599,True,True,EQ,288.1,True,20.0,1000.0,500.0,1,1.0,3.776200000000023,5.0,0.05,504148000.35,20.0,33,33,19,0,0,0,,,100000.0,-14796.463696631996,85203.536303368,-25402.73988345191,-1.249802187265055,-0.20216073013851754,-0.2021607301385174,-17641.992151916405,-0.0120959863464549,1.0,True,False
13898,320,CANBK,CANBK,CANARA BANK,INE476A01022,reversal_5d,44.8093290365229,True,True,EQ,125.5,True,20.0,1000.0,500.0,3,3.0,4.963,5.0,0.01,1538352078.0549998,20.0,51,51,32,0,0,0,,,100000.0,-12382.412045097151,87617.58795490285,-28620.10977597388,-1.1256991127961495,-0.18481925260255583,-0.1848192526025558,-27131.225513351936,-0.0068631314523613,1.0,True,False
13919,321,HAPPSTMNDS,HAPPSTMNDS,HAPPIEST MINDS TECHNO LTD,INE419U01012,reversal_1d,44.73682036027103,True,True,EQ,354.0,True,20.0,1000.0,500.0,1,1.0,4.638,5.0,0.05,753218049.925,20.0,55,55,25,0,0,0,,,100000.0,-21226.51414358405,78773.48585641595,-36876.08959786259,-1.125942910045701,-0.2368047589286434,-0.2368047589286432,7429.796865668046,-0.0110829614539372,1.0,True,False
13936,322,CUB,CUB,CITY UNION BANK LTD,INE491A01021,gap_fade_050,44.697983804329866,True,True,EQ,236.01,True,20.0,1000.0,500.0,2,1.0,3.1320200000000136,5.0,0.01,520786236.12,20.0,100,100,53,0,0,0,,,100000.0,-14615.923268533166,85384.07673146683,-42855.09375168919,-0.4869191918430738,-0.19146662216569366,-0.1914666221656936,-22554.897699950077,-0.0063617085499557,1.0,True,False
13939,323,RECLTD,RECLTD,REC LIMITED,INE020B01018,gap_continuation_050,44.68269707486366,True,True,EQ,318.7,True,20.0,1000.0,500.0,1,1.0,4.157400000000035,5.0,0.05,1931316464.5,20.0,75,75,33,0,0,0,,,100000.0,-16763.224603535695,83236.7753964643,-38421.74172101775,-1.203588057476537,-0.206624484325046,-0.206624484325046,-702.5392778750975,-0.0061208671607564,1.0,True,False
13943,324,TATASTEEL,TATASTEEL,TATA STEEL LIMITED,INE081A01020,gap_continuation_100,44.67340109072881,True,True,EQ,188.79,True,20.0,1000.0,500.0,2,2.0,4.975159999999991,5.0,0.01,4678339405.950001,20.0,40,40,15,0,0,0,,,100000.0,-14117.69199878238,85882.30800121762,-26885.92324853281,-1.321815882618892,-0.14117691998782378,-0.1411769199878237,-31432.268397702355,-0.0091933203767771,1.0,True,False
13982,325,VIYASH,VIYASH,VIYASH SCIENTIFIC LIMITED,INE807F01027,gap_continuation_050,44.54429019996695,True,True,EQ,265.85,True,20.0,1000.0,500.0,1,1.0,3.511699999999977,5.0,0.05,932019464.075,20.0,110,110,33,0,0,0,,,100000.0,-7443.454124780066,92556.54587521993,-40470.55563831263,-0.1399839861684661,-0.23323741762393024,-0.2332374176239302,-54719.27705327007,-0.0053689226907771,1.0,True,False
14015,326,ENGINERSIN,ENGINERSIN,ENGINEERS INDIA LTD,INE510A01028,momentum_5d,44.44410014873575,True,True,EQ,279.45,True,20.0,1000.0,500.0,1,1.0,3.6489,5.0,0.05,643467907.135,20.0,72,72,32,0,0,0,,,100000.0,-11743.976007784033,88256.02399221597,-33907.61148157573,-0.4137576132722734,-0.2421964628772909,-0.2421964628772909,-37756.83446272842,-0.0079132625794372,1.0,True,False
14049,327,PPLPHARMA,PPLPHARMA,PIRAMAL PHARMA LIMITED,INE0DK501011,reversal_1d,44.36394810775079,True,True,EQ,214.22,True,20.0,1000.0,500.0,2,1.0,2.848440000000015,5.0,0.01,639401063.4000001,20.0,67,67,38,0,0,0,,,100000.0,-12384.966537234228,87615.03346276577,-33058.828405069056,-0.6329177513966303,-0.27550551123813716,-0.2755055112381371,-23064.128269379813,-0.0071667593365344,1.0,True,False
14060,328,PETRONET,PETRONET,PETRONET LNG LIMITED,INE347G01014,gap_continuation_050,44.31168401917038,True,True,EQ,288.1,True,20.0,1000.0,500.0,1,1.0,3.776200000000023,5.0,0.05,504148000.35,20.0,78,78,33,0,0,0,,,100000.0,-15590.33613350727,84409.66386649273,-38297.70376425796,-0.950227477068048,-0.16762760420152567,-0.1676276042015255,-18435.86458879168,-0.0061933635855165,1.0,True,False
14080,329,PETRONET,PETRONET,PETRONET LNG LIMITED,INE347G01014,momentum_1d,44.22678069740539,True,True,EQ,288.1,True,20.0,1000.0,500.0,1,1.0,3.776200000000023,5.0,0.05,504148000.35,20.0,44,44,19,0,0,0,,,100000.0,-15677.6430327564,84322.3569672436,-29361.82152711756,-1.1633582988593394,-0.18960365180882488,-0.1881248274137749,-18523.17148804081,-0.0099782368331549,1.0,True,False
14165,330,INDUSTOWER,INDUSTOWER,INDUS TOWERS LIMITED,INE121J01017,gap_continuation_050,43.91794744670302,True,True,EQ,376.8,True,20.0,1000.0,500.0,1,1.0,4.9636,5.0,0.05,1780856495.225,20.0,103,103,36,0,0,0,,,100000.0,-10728.87000957076,89271.12999042924,-40952.88721252299,-0.5691159388662501,-0.26557132545630446,-0.2655713254563043,-22495.306250194397,-0.0042967047983933,1.0,True,False
14191,331,PFC,PFC,POWER FIN CORP LTD.,INE134E01011,gap_continuation_050,43.82250867625186,True,True,EQ,355.6,True,20.0,1000.0,500.0,1,1.0,4.691200000000012,5.0,0.05,3151134941.3,20.0,77,77,32,0,0,0,,,100000.0,-16460.295339417964,83539.70466058204,-38690.35896961302,-1.1253612905519716,-0.22589264187292202,-0.2258926418729219,-3252.978266247213,-0.0060619447804772,1.0,True,False
14222,332,VIYASH,VIYASH,VIYASH SCIENTIFIC LIMITED,INE807F01027,turn_of_month,43.73202776400595,True,True,EQ,265.85,True,20.0,1000.0,500.0,1,1.0,3.511699999999977,5.0,0.05,932019464.075,20.0,75,75,0,0,0,0,,,100000.0,-10063.44881100036,89936.55118899964,-33447.19152221613,-0.4287219334036903,-0.21934193360854504,-0.219341933608545,-57339.27173949036,-0.0064960722983471,1.0,True,False
14335,333,RECLTD,RECLTD,REC LIMITED,INE020B01018,momentum_5d,43.342009585192535,True,True,EQ,318.7,True,20.0,1000.0,500.0,1,1.0,4.157400000000035,5.0,0.05,1931316464.5,20.0,46,46,23,0,0,0,,,100000.0,-17992.971706602242,82007.02829339776,-31856.53974519894,-1.786597014591394,-0.19287495806255928,-0.1928749580625592,-1932.286380941645,-0.008805217562043,1.0,True,False
14388,334,ONGC,ONGC,OIL AND NATURAL GAS CORP.,INE213A01029,reversal_1d,43.12758221781524,True,True,EQ,234.65,True,20.0,1000.0,500.0,2,1.0,3.1093000000000033,5.0,0.01,2775082213.085,20.0,30,30,13,0,0,0,,,100000.0,-15656.251284857395,84343.7487151426,-25263.84556624663,-2.190725865048094,-0.16345407687721414,-0.1634540768772142,-13159.82361401587,-0.010471389766406,1.0,True,False
14423,335,MARKSANS,MARKSANS,MARKSANS PHARMA LIMITED,INE750C01026,gap_fade_100,42.997645017352504,True,True,EQ,326.75,True,20.0,1000.0,500.0,1,1.0,4.2935,5.0,0.05,723088181.3,20.0,45,45,30,0,0,0,,,100000.0,-11986.377982992228,88013.62201700777,-26553.43704090132,-0.6625631824182584,-0.17305375090197106,-0.1730537509019711,-88972.48607936721,-0.0101907150012011,1.0,True,False
14430,336,PETRONET,PETRONET,PETRONET LNG LIMITED,INE347G01014,gap_fade_050,42.98421748471327,True,True,EQ,288.1,True,20.0,1000.0,500.0,1,1.0,3.776200000000023,5.0,0.05,504148000.35,20.0,78,78,45,0,0,0,,,100000.0,-15598.542500620722,84401.45749937928,-38303.78612354308,-0.9500968946729283,-0.20303125153441937,-0.2030312515344193,-18444.07095590513,-0.0061930864988672,1.0,True,False
14458,337,MOTHERSON,MOTHERSON,SAMVRDHNA MTHRSN INTL LTD,INE775A01035,reversal_5d,42.880928772103786,True,True,EQ,160.7,True,20.0,1000.0,500.0,3,2.0,4.222800000000046,5.0,0.01,1970325383.705,20.0,69,69,50,0,0,0,,,100000.0,-10918.337271523576,89081.66272847643,-32476.388682264864,-0.6063449814183581,-0.17258239133159303,-0.172582391331593,-77920.34934395785,-0.0063230549234688,1.0,True,False
14501,338,TATASTEEL,TATASTEEL,TATA STEEL LIMITED,INE081A01020,gap_fade_050,42.75305734589324,True,True,EQ,188.79,True,20.0,1000.0,500.0,2,2.0,4.975159999999991,5.0,0.01,4678339405.950001,20.0,93,93,60,0,0,0,,,100000.0,-11991.9898517923,88008.0101482077,-39410.34381529617,-0.789934907870969,-0.22286563000146842,-0.2228656300014684,-29306.56625071228,-0.0044160290283548,1.0,True,False
14588,339,PPLPHARMA,PPLPHARMA,PIRAMAL PHARMA LIMITED,INE0DK501011,momentum_1d,42.41468352338456,True,True,EQ,214.22,True,20.0,1000.0,500.0,2,1.0,2.848440000000015,5.0,0.01,639401063.4000001,20.0,67,67,29,0,0,0,,,100000.0,-15562.162545461731,84437.83745453827,-35495.61649549072,-0.8369993027119662,-0.22153596830078726,-0.2215359683007873,-26241.32427760732,-0.0077253704028457,1.0,True,False
14609,340,BPCL,BPCL,BHARAT PETROLEUM CORP  LT,INE029A01011,momentum_1d,42.35477607007107,True,True,EQ,315.7,True,20.0,1000.0,500.0,1,1.0,4.151400000000034,5.0,0.05,1504042323.325,20.0,49,49,23,0,0,0,,,100000.0,-15766.144837424625,84233.85516257538,-30835.544290144084,-1.4104106355934636,-0.2184627225452217,-0.2184627225452216,-14692.883054876656,-0.008113529051316,1.0,True,False
14620,341,ASHOKLEY,ASHOKLEY,ASHOK LEYLAND LTD,INE208A01029,reversal_5d,42.320277640059494,True,True,EQ,169.0,True,20.0,1000.0,500.0,2,2.0,4.485999999999995,5.0,0.01,2510244023.355,20.0,80,80,47,0,0,0,,,100000.0,-11403.02857649156,88596.97142350844,-35741.192805975654,-0.6842731456038158,-0.22804170727181416,-0.228041707271814,-44506.26987301007,-0.0053099292956202,1.0,True,False
14633,342,SAIL,SAIL,STEEL AUTHORITY OF INDIA,INE114A01011,gap_continuation_050,42.26883986117997,True,True,EQ,196.8,True,20.0,1000.0,500.0,2,1.0,2.603600000000008,5.0,0.01,3778441048.885,20.0,94,94,40,0,0,0,,,100000.0,-8451.462411702843,91548.53758829716,-37217.0955406067,-0.3487011026476946,-0.2504944108643763,-0.2504944108643764,-65387.54958034816,-0.0049210687665793,1.0,True,False
14645,343,CUPID,CUPID,CUPID LIMITED,INE509F01029,reversal_1d,42.2333085440423,True,True,EQ,283.15,True,50.0,1000.0,500.0,1,1.0,3.7163000000000115,5.0,0.05,5126613244.780001,20.0,116,116,81,0,0,0,,,100000.0,-656.4398816778557,99343.56011832214,-37615.16593786136,0.1771999380891432,-0.4359834296186643,-0.4359834296186643,-607671.7678221337,-0.0061665369140824,1.0,True,False
14670,344,VEDL,VEDL,VEDANTA LIMITED,INE205A01025,gap_continuation_050,42.14530656089902,True,True,EQ,272.1,True,20.0,1000.0,500.0,1,1.0,3.5842000000000453,5.0,0.05,2725791271.35,20.0,126,126,33,0,0,0,,,100000.0,-6496.354843177644,93503.64515682236,-43592.96040307884,-0.1423800340212482,-0.23652775540462967,-0.2365277554046296,-84310.98188223729,-0.0042425514320903,1.0,True,False
14704,345,ETERNAL,ETERNAL,ETERNAL LIMITED,INE758T01015,reversal_5d,41.992026111386544,True,True,EQ,322.75,True,20.0,1000.0,500.0,1,1.0,4.225499999999989,5.0,0.05,7755765299.75,20.0,64,64,32,0,0,0,,,100000.0,-17127.881143970895,82872.1188560291,-35930.83689138656,-0.9420828007668446,-0.22895671963187758,-0.2289567196318775,-19321.06826482946,-0.0083547505716312,1.0,True,False
14739,346,MANAPPURAM,MANAPPURAM,MANAPPURAM FINANCE LTD,INE522D01027,momentum_1d,41.85940340439596,True,True,EQ,339.7,True,20.0,1000.0,500.0,1,1.0,4.459400000000023,5.0,0.05,1569912665.4250002,20.0,70,70,29,0,0,0,,,100000.0,-13336.751996919236,86663.24800308076,-34580.449511112776,-0.6558080060147373,-0.23888261169303315,-0.2388826116930331,-42440.81432301825,-0.0072395826035827,1.0,True,False
14761,347,PETRONET,PETRONET,PETRONET LNG LIMITED,INE347G01014,turn_of_month,41.75095025615601,True,True,EQ,288.1,True,20.0,1000.0,500.0,1,1.0,3.776200000000023,5.0,0.05,504148000.35,20.0,75,75,0,0,0,0,,,100000.0,-16184.9883415683,83815.0116584317,-37992.48375593738,-1.0999674291894332,-0.20383021217337494,-0.2038302121733748,-19030.51679685271,-0.0061899029829425,1.0,True,False
14767,348,CROMPTON,CROMPTON,CROMPT GREA CON ELEC LTD,INE299U01018,turn_of_month,41.72863989423236,True,True,EQ,232.4,True,20.0,1000.0,500.0,2,1.0,3.074799999999993,5.0,0.01,847721314.9200001,20.0,75,75,0,0,0,0,,,100000.0,-21291.56337987601,78708.43662012399,-41785.35186911459,-1.4339523901858129,-0.23974688635791686,-0.2397468863579168,6508.133129987298,-0.007208409777283,1.0,True,False
14786,349,EDELWEISS,EDELWEISS,EDELWEISS FIN SERV LTD,INE532F01054,momentum_1d,41.67079821517104,True,True,EQ,136.08,True,20.0,1000.0,500.0,3,2.0,3.604320000000027,5.0,0.01,529679119.34000003,20.0,95,95,45,0,0,0,,,100000.0,-13408.04956129768,86591.95043870232,-40868.61683668877,-0.5143155508948043,-0.23082816325910172,-0.2200617293353465,-40198.851352099344,-0.0060428266882351,1.0,True,False
14792,350,PNB,PNB,PUNJAB NATIONAL BANK,INE160A01022,momentum_1d,41.63939844653777,True,True,EQ,117.0,True,20.0,1000.0,500.0,4,3.0,4.642000000000006,5.0,0.01,1291402376.8049998,20.0,53,53,28,0,0,0,,,100000.0,-16301.23727307016,83698.76272692984,-32369.65966472261,-1.4745324201672232,-0.17297519193322608,-0.172975191933226,-23252.11771792648,-0.0075834805846597,1.0,True,False
14797,351,IOLCP,IOLCP,IOL CHEM AND PHARMA LTD,INE485C01029,volume_continuation,41.629689307552475,True,True,EQ,199.95,True,20.0,1000.0,500.0,2,1.0,2.649900000000009,5.0,0.01,644714183.21,20.0,21,21,2,0,0,0,,,100000.0,-12123.808693315936,87876.19130668406,-19263.048082661568,-0.8036815310976303,-0.218439842144731,-0.2184398421447309,-110694.20877559503,-0.0203657264815941,1.0,True,False
14881,352,CROMPTON,CROMPTON,CROMPT GREA CON ELEC LTD,INE299U01018,reversal_1d,41.358039993389525,True,True,EQ,232.4,True,20.0,1000.0,500.0,2,1.0,3.074799999999993,5.0,0.01,847721314.9200001,20.0,50,50,24,0,0,0,,,100000.0,-21569.62206082384,78430.37793917616,-35877.18705674803,-1.834870370468832,-0.2383911718213615,-0.2383911718213615,6230.074449039472,-0.0097295111522764,1.0,True,False
14921,353,CUB,CUB,CITY UNION BANK LTD,INE491A01021,reversal_5d,41.22004627334325,True,True,EQ,236.01,True,20.0,1000.0,500.0,2,1.0,3.1320200000000136,5.0,0.01,520786236.12,20.0,68,68,41,0,0,0,,,100000.0,-16495.330665277725,83504.66933472228,-36466.94832101436,-0.8593816252099368,-0.24458610860550245,-0.2445861086055024,-24434.305096694632,-0.007939616303771,1.0,True,False
15008,354,IFCI,IFCI,IFCI LTD,INE039A01010,turn_of_month,40.88311849281111,True,True,EQ,101.38,True,20.0,1000.0,500.0,4,3.0,4.008280000000015,5.0,0.01,3490384221.1400003,20.0,75,75,0,0,0,0,,,100000.0,-10904.66350485987,89095.33649514013,-34074.02135219105,-0.3715063179499273,-0.2876139065232429,-0.2876139065232429,-64625.93311449155,-0.0074907102281625,1.0,True,False
15043,355,HINDPETRO,HINDPETRO,HINDUSTAN PETROLEUM CORP,INE094A01015,gap_fade_100,40.74760370186746,True,True,EQ,356.5,True,20.0,1000.0,500.0,1,1.0,4.693000000000011,5.0,0.05,1550322480.175,20.0,64,64,31,0,0,0,,,100000.0,-19085.91844726076,80914.08155273924,-37449.736383101765,-1.2298877047652346,-0.2210429229895282,-0.2210429229895282,-12867.516020566996,-0.00813050937624,1.0,True,False
15058,356,MANAPPURAM,MANAPPURAM,MANAPPURAM FINANCE LTD,INE522D01027,reversal_1d,40.71186580730458,True,True,EQ,339.7,True,20.0,1000.0,500.0,1,1.0,4.459400000000023,5.0,0.05,1569912665.4250002,20.0,70,70,41,0,0,0,,,100000.0,-15920.53557970356,84079.46442029644,-36538.80927161649,-0.8111008354080038,-0.19027847294854983,-0.1902784729485498,-45024.59790580257,-0.0076653848970127,1.0,True,False
15128,357,SCI,SCI,SHIPPING CORP OF INDIA LT,INE109A01011,momentum_5d,40.46872417782185,True,True,EQ,295.35,True,20.0,1000.0,500.0,1,1.0,3.8907000000000456,5.0,0.05,569615929.125,20.0,96,96,44,0,0,0,,,100000.0,-13385.937103597797,86614.0628964022,-41091.5840427292,-0.4234786935051432,-0.2433343206851909,-0.2433343206851907,-50251.434179621225,-0.0065632798501976,1.0,True,False
15134,358,SWIGGY,SWIGGY,SWIGGY LIMITED,INE00H001014,reversal_1d,40.43174681870765,True,True,EQ,276.1,True,20.0,1000.0,500.0,1,1.0,3.6422,5.0,0.05,3023414109.25,20.0,102,102,47,0,0,0,,,100000.0,-23482.091200030336,76517.90879996966,-49219.8386547559,-0.9480900963683796,-0.30351930035070973,-0.3035193003507097,7028.038162918252,-0.0071710917187945,1.0,True,False
15149,359,NATIONALUM,NATIONALUM,NATIONAL ALUMINIUM CO LTD,INE139A01034,open_to_close,40.3865063625847,True,True,EQ,374.1,True,20.0,1000.0,500.0,1,1.0,4.908200000000045,5.0,0.05,2075946057.05,20.0,252,252,0,0,0,0,,,100000.0,1199.2183742480993,101199.2183742481,-63149.032780267655,0.2052959570431605,-0.36505640975080145,-0.3650564097508014,-102292.49664326292,-0.0024005215608373,1.0,True,False
15165,360,ONGC,ONGC,OIL AND NATURAL GAS CORP.,INE213A01029,turn_of_month,40.33217649975211,True,True,EQ,234.65,True,20.0,1000.0,500.0,2,1.0,3.1093000000000033,5.0,0.01,2775082213.085,20.0,75,75,0,0,0,0,,,100000.0,-18255.98175336029,81744.01824663971,-39531.20265891691,-1.142978254527951,-0.22288355679664795,-0.2228835567966479,-15759.554082518764,-0.0068741265778052,1.0,True,False
15178,361,RATNAVEER,RATNAVEER,RATNAVEER PRECISION ENG L,INE05CZ01011,volume_continuation,40.297471492315324,True,True,EQ,304.75,True,20.0,1000.0,500.0,1,1.0,3.9795000000000003,5.0,0.05,2083492621.38,20.0,30,30,4,0,0,0,,,100000.0,-13934.492716891313,86065.50728310869,-23736.01174826981,-0.7596832578322162,-0.21287701583746232,-0.2128770158374623,-110685.22663736103,-0.0166024705071145,1.0,True,False
15189,362,MRPL,MRPL,MRPL,INE103A01014,volume_continuation,40.259461246075034,True,True,EQ,174.83,True,20.0,1000.0,500.0,2,2.0,4.609320000000018,5.0,0.01,1066722579.155,20.0,26,26,2,0,0,0,,,100000.0,-16694.834068539407,83305.1659314606,-24998.97581385472,-0.9314633982726354,-0.2307766122656736,-0.2307766122656736,-53171.06259430846,-0.0205884702490069,1.0,True,False
15201,363,MANAPPURAM,MANAPPURAM,MANAPPURAM FINANCE LTD,INE522D01027,turn_of_month,40.22227730953561,True,True,EQ,339.7,True,20.0,1000.0,500.0,1,1.0,4.459400000000023,5.0,0.05,1569912665.4250002,20.0,75,75,0,0,0,0,,,100000.0,-14171.272622738235,85828.72737726176,-36496.76977091173,-0.9196280239444972,-0.21487234226702367,-0.2148723422670235,-43275.33494883725,-0.0059577180433046,1.0,True,False
15214,364,EPL,EPL,EPL LIMITED,INE255A01020,gap_fade_050,40.18612626012229,True,True,EQ,247.1,True,20.0,1000.0,500.0,2,1.0,3.254200000000017,5.0,0.05,640014168.835,20.0,103,103,56,0,0,0,,,100000.0,-15314.325181294626,84685.67481870537,-43999.02234269242,-0.7159750818249302,-0.27570637017549704,-0.2757063701754971,-22373.99570177059,-0.0053337527047206,1.0,True,False
15272,365,RECLTD,RECLTD,REC LIMITED,INE020B01018,reversal_1d,39.94897537597092,True,True,EQ,318.7,True,20.0,1000.0,500.0,1,1.0,4.157400000000035,5.0,0.05,1931316464.5,20.0,60,60,25,0,0,0,,,100000.0,-20111.567864224417,79888.43213577558,-37246.60148406927,-1.6496586327004412,-0.23439750113101043,-0.2343975011310105,-4050.8825385638193,-0.0079126425099885,1.0,True,False
15321,366,IOC,IOC,INDIAN OIL CORP LTD,INE242A01010,gap_continuation_100,39.782267393819204,True,True,EQ,137.6,True,20.0,1000.0,500.0,3,2.0,3.6304000000000087,5.0,0.01,1088369458.555,20.0,43,43,22,0,0,0,,,100000.0,-19141.52238969598,80858.47761030402,-32002.321490383067,-1.7503764488025026,-0.1996765864478398,-0.1996765864478398,-16014.98200521624,-0.0101729078650383,1.0,True,False
15352,367,REDINGTON,REDINGTON,REDINGTON LIMITED,INE891D01026,momentum_1d,39.632085605685006,True,True,EQ,371.3,True,20.0,1000.0,500.0,1,1.0,4.902599999999989,5.0,0.05,1285574404.2,20.0,89,89,42,0,0,0,,,100000.0,-11767.600694203182,88232.39930579682,-38278.18216546357,-0.3956523276786389,-0.29681534169214685,-0.2968153416921468,-58863.84530737811,-0.0064960989518438,1.0,True,False
15392,368,NATIONALUM,NATIONALUM,NATIONAL ALUMINIUM CO LTD,INE139A01034,volume_reversal,39.524252189720706,True,True,EQ,374.1,True,20.0,1000.0,500.0,1,1.0,4.908200000000045,5.0,0.05,2075946057.05,20.0,20,20,18,0,0,0,,,100000.0,-13318.872799576624,86681.12720042338,-20043.427555580434,-1.493899625102738,-0.1546894505219768,-0.1546894505219768,-116810.58781708764,-0.0163372427635717,1.0,True,False
15396,369,ENGINERSIN,ENGINERSIN,ENGINEERS INDIA LTD,INE510A01028,gap_fade_100,39.51474962816064,True,True,EQ,279.45,True,20.0,1000.0,500.0,1,1.0,3.6489,5.0,0.05,643467907.135,20.0,44,44,25,0,0,0,,,100000.0,-14998.158464304826,85001.84153569517,-28791.562285331485,-0.8951904829988215,-0.30423046486065297,-0.3042304648606529,-41011.01691924922,-0.0110047347446756,1.0,True,False
15465,370,NATIONALUM,NATIONALUM,NATIONAL ALUMINIUM CO LTD,INE139A01034,reversal_1d,39.23297802016195,True,True,EQ,374.1,True,20.0,1000.0,500.0,1,1.0,4.908200000000045,5.0,0.05,2075946057.05,20.0,94,94,56,0,0,0,,,100000.0,-12537.417867702448,87462.58213229755,-40031.656521125566,-0.4806991137914889,-0.19112934942830118,-0.1911293494283013,-116029.13288521346,-0.0059390697515151,1.0,True,False
15495,371,HINDPETRO,HINDPETRO,HINDUSTAN PETROLEUM CORP,INE094A01015,turn_of_month,39.12844984300116,True,True,EQ,356.5,True,20.0,1000.0,500.0,1,1.0,4.693000000000011,5.0,0.05,1550322480.175,20.0,75,75,0,0,0,0,,,100000.0,-19090.603948807096,80909.3960511929,-40151.50716599637,-1.125308406636672,-0.2688061882584626,-0.2688061882584626,-12872.201522113332,-0.0072569746964922,1.0,True,False
15513,372,BANKBARODA,BANKBARODA,BANK OF BARODA,INE028A01039,momentum_1d,39.07721864154685,True,True,EQ,239.0,True,20.0,1000.0,500.0,2,1.0,3.1679999999999864,5.0,0.01,1806686690.8600001,20.0,51,51,28,0,0,0,,,100000.0,-17940.31118366553,82059.68881633447,-33165.529865600256,-1.7492151020779825,-0.2274978627046439,-0.2274978627046439,-15491.414199249395,-0.0080004530246966,1.0,True,False
15580,373,NTPC,NTPC,NTPC LTD,INE733E01010,turn_of_month,38.79586018839861,True,True,EQ,332.5,True,20.0,1000.0,500.0,1,1.0,4.3750000000000115,5.0,0.05,2596856663.35,20.0,75,75,0,0,0,0,,,100000.0,-18550.615356229435,81449.38464377057,-39748.94639555532,-1.4757783270901552,-0.20764329577588936,-0.2076432957758893,-17311.994254901147,-0.0061305831389202,1.0,True,False
15581,374,CUB,CUB,CITY UNION BANK LTD,INE491A01021,reversal_1d,38.78966286564204,True,True,EQ,236.01,True,20.0,1000.0,500.0,2,1.0,3.1320200000000136,5.0,0.01,520786236.12,20.0,94,94,51,0,0,0,,,100000.0,-18836.92507019237,81163.07492980763,-44368.504963623454,-0.7472120091834853,-0.2465436532675055,-0.2465436532675055,-26775.89950160928,-0.0069955480633999,1.0,True,False
15633,375,MOTHERSON,MOTHERSON,SAMVRDHNA MTHRSN INTL LTD,INE775A01035,gap_continuation_050,38.63844819038176,True,True,EQ,160.7,True,20.0,1000.0,500.0,3,2.0,4.222800000000046,5.0,0.01,1970325383.705,20.0,98,98,36,0,0,0,,,100000.0,-11373.020611114349,88626.97938888565,-40193.922034593896,-0.6256589838216188,-0.23203322356315548,-0.2320332235631554,-78375.03268354862,-0.0045336319487578,1.0,True,False
15645,376,REDINGTON,REDINGTON,REDINGTON LIMITED,INE891D01026,momentum_5d,38.6041563377954,True,True,EQ,371.3,True,20.0,1000.0,500.0,1,1.0,4.902599999999989,5.0,0.05,1285574404.2,20.0,83,83,34,0,0,0,,,100000.0,-14064.640715949225,85935.35928405078,-38429.31382117919,-0.4618204667276724,-0.27862884938981314,-0.2786288493898131,-61160.88532912416,-0.0075955253961947,1.0,True,False
15652,377,SWIGGY,SWIGGY,SWIGGY LIMITED,INE00H001014,turn_of_month,38.561394810775084,True,True,EQ,276.1,True,20.0,1000.0,500.0,1,1.0,3.6422,5.0,0.05,3023414109.25,20.0,75,75,0,0,0,0,,,100000.0,-24917.574708856788,75082.42529114321,-44479.56799709667,-1.3117039316807149,-0.3081774589126032,-0.3081774589126032,5592.5546540918,-0.0089159430119177,1.0,True,False
15658,378,RVNL,RVNL,RAIL VIKAS NIGAM LIMITED,INE415G01027,gap_fade_050,38.53495290034705,True,True,EQ,212.49,True,20.0,1000.0,500.0,2,1.0,2.824980000000005,5.0,0.01,790215108.33,20.0,104,104,61,0,0,0,,,100000.0,-23742.687671682277,76257.31232831773,-49794.77114606493,-1.3571492611508045,-0.30676856091192317,-0.3067685609119233,10353.42216813461,-0.0059902572593285,1.0,True,False
15756,379,WELSPUNLIV,WELSPUNLIV,WELSPUN LIVING LIMITED,INE192B01031,turn_of_month,38.104238968765486,True,True,EQ,208.51,True,20.0,1000.0,500.0,2,1.0,2.7770200000000127,5.0,0.01,718406604.175,20.0,75,75,0,0,0,0,,,100000.0,-15752.4017629617,84247.5982370383,-37674.01657292087,-0.6836425561270729,-0.20924757227459356,-0.2092475722745935,-73418.84977870432,-0.0077565072512915,1.0,True,False
15822,380,CUPID,CUPID,CUPID LIMITED,INE509F01029,gap_continuation_050,37.83796066765824,True,True,EQ,283.15,True,50.0,1000.0,500.0,1,1.0,3.7163000000000115,5.0,0.05,5126613244.780001,20.0,134,134,19,0,0,0,,,100000.0,-6571.736360760246,93428.26363923975,-45426.39051896294,0.0104959727232159,-0.3659142352637972,-0.3659142352637972,-613587.0643012162,-0.0055472810293913,1.0,True,False
15830,381,RATNAVEER,RATNAVEER,RATNAVEER PRECISION ENG L,INE05CZ01011,gap_fade_100,37.82515286729466,True,True,EQ,304.75,True,20.0,1000.0,500.0,1,1.0,3.9795000000000003,5.0,0.05,2083492621.38,20.0,68,68,54,0,0,0,,,100000.0,-12223.943940662968,87776.05605933703,-33212.071843575424,-0.2681959222201238,-0.34784482349122303,-0.347844823491223,-108974.6778611327,-0.0102819851588653,1.0,True,False
15855,382,ETERNAL,ETERNAL,ETERNAL LIMITED,INE758T01015,reversal_1d,37.71793918360602,True,True,EQ,322.75,True,20.0,1000.0,500.0,1,1.0,4.225499999999989,5.0,0.05,7755765299.75,20.0,80,80,44,0,0,0,,,100000.0,-19988.009973548335,80011.99002645166,-41994.21716268007,-0.914295043260718,-0.2820599716194052,-0.2820599716194052,-22181.197094406903,-0.0079139615408496,1.0,True,False
15874,383,SWIGGY,SWIGGY,SWIGGY LIMITED,INE00H001014,momentum_5d,37.67538423401091,True,True,EQ,276.1,True,20.0,1000.0,500.0,1,1.0,3.6422,5.0,0.05,3023414109.25,20.0,81,81,47,0,0,0,,,100000.0,-26459.61226437615,73540.38773562385,-46916.72112887423,-1.367966728735692,-0.28260489103632114,-0.282604891036321,4050.51709857244,-0.008630849835964,1.0,True,False
15904,384,MANAPPURAM,MANAPPURAM,MANAPPURAM FINANCE LTD,INE522D01027,gap_continuation_100,37.54689307552471,True,True,EQ,339.7,True,20.0,1000.0,500.0,1,1.0,4.459400000000023,5.0,0.05,1569912665.4250002,20.0,51,51,24,0,0,0,,,100000.0,-17460.53680394111,82539.46319605889,-32773.96077272009,-1.3882249637611987,-0.1967674718528406,-0.1967674718528406,-46564.59913004012,-0.0087440111053172,1.0,True,False
15914,385,IOLCP,IOLCP,IOL CHEM AND PHARMA LTD,INE485C01029,gap_continuation_100,37.522723516774086,True,True,EQ,199.95,True,20.0,1000.0,500.0,2,1.0,2.649900000000009,5.0,0.01,644714183.21,20.0,42,42,16,0,0,0,,,100000.0,-14506.56904094234,85493.43095905766,-27803.596202374218,-0.6874651084267572,-0.27538246827418633,-0.2753824682741863,-113076.96912322144,-0.012859142794122,1.0,True,False
15922,386,TATAPOWER,TATAPOWER,TATA POWER CO LTD,INE245A01021,gap_continuation_100,37.49297636754255,True,True,EQ,368.0,True,20.0,1000.0,500.0,1,1.0,4.845999999999977,5.0,0.05,1580684879.8,20.0,21,21,11,0,0,0,,,100000.0,-21517.69694450241,78482.30305549758,-27924.53891282392,-2.595132002424111,-0.22908772939259903,-0.229087729392599,-11971.24955917534,-0.0191481885367945,1.0,True,False
15961,387,JIOFIN,JIOFIN,JIO FIN SERVICES LTD,INE758E01017,gap_fade_050,37.306436952569825,True,True,EQ,239.5,True,20.0,1000.0,500.0,2,1.0,3.1689999999999863,5.0,0.01,2367567909.325,20.0,74,74,44,0,0,0,,,100000.0,-23040.81596656388,76959.18403343612,-42855.10395247035,-1.8219217919196908,-0.30180655459377503,-0.3018065545937751,5090.7868103753135,-0.0070923503074879,1.0,True,False
15980,388,HINDPETRO,HINDPETRO,HINDUSTAN PETROLEUM CORP,INE094A01015,momentum_5d,37.23124276979012,True,True,EQ,356.5,True,20.0,1000.0,500.0,1,1.0,4.693000000000011,5.0,0.05,1550322480.175,20.0,62,62,27,0,0,0,,,100000.0,-20801.613459044427,79198.38654095557,-38287.61694348036,-1.6646330230126407,-0.23325938446139982,-0.2332593844613998,-14583.211032350664,-0.0079058382956434,1.0,True,False
15986,389,JSWINFRA,JSWINFRA,JSW INFRASTRUCTURE LTD,INE880J01026,momentum_1d,37.21657577259957,True,True,EQ,333.0,True,20.0,1000.0,500.0,1,1.0,4.376000000000012,5.0,0.05,687390417.0250001,20.0,61,61,31,0,0,0,,,100000.0,-19952.154713468302,80047.8452865317,-37372.639578104194,-1.532215160178199,-0.19952154713468306,-0.199521547134683,-28044.270497891805,-0.0080052540389719,1.0,True,False
16048,390,IOLCP,IOLCP,IOL CHEM AND PHARMA LTD,INE485C01029,gap_continuation_050,37.03953891918691,True,True,EQ,199.95,True,20.0,1000.0,500.0,2,1.0,2.649900000000009,5.0,0.01,644714183.21,20.0,120,120,34,0,0,0,,,100000.0,-9990.33805873277,90009.66194126723,-44393.78976325636,-0.1340484449062985,-0.34045799433643864,-0.3404579943364386,-108560.73814101188,-0.0060947745043413,1.0,True,False
16100,391,CUPID,CUPID,CUPID LIMITED,INE509F01029,momentum_5d,36.80466038671294,True,True,EQ,283.15,True,50.0,1000.0,500.0,1,1.0,3.7163000000000115,5.0,0.05,5126613244.780001,20.0,149,149,27,0,0,0,,,100000.0,-5969.354417819195,94030.6455821808,-48286.346133406456,0.1008445805764847,-0.44051548880983293,-0.4405154888098329,-612984.682358275,-0.0057094126069423,1.0,True,False
16121,392,NTPC,NTPC,NTPC LTD,INE733E01010,gap_continuation_100,36.7366964138159,True,True,EQ,332.5,True,20.0,1000.0,500.0,1,1.0,4.3750000000000115,5.0,0.05,2596856663.35,20.0,20,20,9,0,0,0,,,100000.0,-21084.933985206764,78915.06601479324,-27234.26511372585,-2.741842680186539,-0.21084933985206766,-0.2108493398520676,-19846.31288387848,-0.019007423067294,1.0,True,False
16122,393,GENUSPOWER,GENUSPOWER,GENUS POWER INFRASTRU LTD,INE955D01029,turn_of_month,36.73525037183936,True,True,EQ,337.8,True,20.0,1000.0,500.0,1,1.0,4.455600000000023,5.0,0.05,826636208.7750001,20.0,75,75,0,0,0,0,,,100000.0,-22886.69759163712,77113.30240836288,-42972.37295719695,-1.0928822529310835,-0.26460727956820906,-0.2646072795682089,-17369.06391700676,-0.0088959098230171,1.0,True,False
16174,394,UNIONBANK,UNIONBANK,UNION BANK OF INDIA,INE692A01016,momentum_5d,36.54148074698397,True,True,EQ,187.22,True,20.0,1000.0,500.0,2,2.0,4.948880000000009,5.0,0.01,1686478721.005,20.0,60,60,23,0,0,0,,,100000.0,-16878.632194773003,83121.367805227,-34696.47169653075,-1.4182976876666396,-0.19908799569353752,-0.1990879956935376,-51031.1807296378,-0.0070843993624374,1.0,True,False
16187,395,EDELWEISS,EDELWEISS,EDELWEISS FIN SERV LTD,INE532F01054,gap_fade_100,36.51028755577591,True,True,EQ,136.08,True,20.0,1000.0,500.0,3,2.0,3.604320000000027,5.0,0.01,529679119.34000003,20.0,46,46,32,0,0,0,,,100000.0,-19357.69975730672,80642.30024269328,-32996.97785371434,-1.271737544604991,-0.22343138315110356,-0.2234313831511036,-46148.50154810838,-0.0113232275098449,1.0,True,False
16230,396,ENGINERSIN,ENGINERSIN,ENGINEERS INDIA LTD,INE510A01028,reversal_1d,36.35204924805817,True,True,EQ,279.45,True,20.0,1000.0,500.0,1,1.0,3.6489,5.0,0.05,643467907.135,20.0,73,73,41,0,0,0,,,100000.0,-19020.107846878847,80979.89215312115,-39620.22649240936,-0.7946246287256226,-0.27270609557315584,-0.2727060955731557,-45032.96630182324,-0.0088348294081076,1.0,True,False
16254,397,UNIONBANK,UNIONBANK,UNION BANK OF INDIA,INE692A01016,gap_fade_100,36.263427532639234,True,True,EQ,187.22,True,20.0,1000.0,500.0,2,2.0,4.948880000000009,5.0,0.01,1686478721.005,20.0,37,37,21,0,0,0,,,100000.0,-16572.72757155029,83427.27242844971,-28125.612675103606,-1.4212226160113994,-0.2585735758889085,-0.2585735758889085,-50725.27610641508,-0.0113078342511495,1.0,True,False
16290,398,LTF,LTF,L&T FINANCE LIMITED,INE498L01015,gap_fade_100,36.09713270533796,True,True,EQ,314.0,True,20.0,1000.0,500.0,1,1.0,4.098000000000023,5.0,0.05,1074454374.875,20.0,42,42,22,0,0,0,,,100000.0,-16517.036709128413,83482.96329087159,-29507.345767337876,-0.8456005205857055,-0.3233935483902861,-0.3233935483902861,-64837.54539456367,-0.0131274912202099,1.0,True,False
16297,399,SAIL,SAIL,STEEL AUTHORITY OF INDIA,INE114A01011,momentum_5d,36.068418443232524,True,True,EQ,196.8,True,20.0,1000.0,500.0,2,1.0,2.603600000000008,5.0,0.01,3778441048.885,20.0,56,56,15,0,0,0,,,100000.0,-17556.334485334373,82443.66551466563,-34188.26152570154,-0.843373260206007,-0.2456448886953697,-0.2456448886953697,-74492.42165397969,-0.0103456734096735,1.0,True,False
16298,400,MARKSANS,MARKSANS,MARKSANS PHARMA LIMITED,INE750C01026,turn_of_month,36.06676582383077,True,True,EQ,326.75,True,20.0,1000.0,500.0,1,1.0,4.2935,5.0,0.05,723088181.3,20.0,75,75,0,0,0,0,,,100000.0,-16406.692887347934,83593.30711265207,-38160.5139211175,-0.665416788312118,-0.2363011019432213,-0.2363011019432213,-93392.80098372292,-0.0081949871750424,1.0,True,False
16348,401,SAMMAANCAP,SAMMAANCAP,SAMMAAN CAPITAL LIMITED,INE148I01020,volume_reversal,35.89840522227731,True,True,EQ,158.39,True,20.0,1000.0,500.0,3,2.0,4.163560000000025,5.0,0.01,963280553.225,20.0,21,21,17,0,0,0,,,100000.0,-20037.531788987864,79962.46821101214,-26560.624420647146,-1.809293644920111,-0.23543854989507318,-0.2354385498950731,-39360.49907113872,-0.0215309242234047,1.0,True,False
16365,402,CROMPTON,CROMPTON,CROMPT GREA CON ELEC LTD,INE299U01018,reversal_5d,35.80957692943315,True,True,EQ,232.4,True,20.0,1000.0,500.0,2,1.0,3.074799999999993,5.0,0.01,847721314.9200001,20.0,54,54,28,0,0,0,,,100000.0,-25947.71947118039,74052.28052881961,-40433.47760725607,-2.1850584019556067,-0.27661596313736614,-0.2766159631373662,1851.9770386829184,-0.0102014864872968,1.0,True,False
16373,403,CUB,CUB,CITY UNION BANK LTD,INE491A01021,momentum_1d,35.774871921996365,True,True,EQ,236.01,True,20.0,1000.0,500.0,2,1.0,3.1320200000000136,5.0,0.01,520786236.12,20.0,94,94,43,0,0,0,,,100000.0,-20170.271524473952,79829.72847552605,-45285.937429436686,-0.8168939164922554,-0.3112690299773557,-0.3112690299773558,-28109.24595589086,-0.0071744820015554,1.0,True,False
16393,404,RVNL,RVNL,RAIL VIKAS NIGAM LIMITED,INE415G01027,reversal_1d,35.70752768137498,True,True,EQ,212.49,True,20.0,1000.0,500.0,2,1.0,2.824980000000005,5.0,0.01,790215108.33,20.0,64,64,32,0,0,0,,,100000.0,-27664.61834115008,72335.38165884992,-44106.79919228743,-1.8674479738889125,-0.3064211142270886,-0.3064211142270887,6431.491498666801,-0.0099464572515523,1.0,True,False
16437,405,WIPRO,WIPRO,WIPRO LTD,INE075A01022,gap_continuation_050,35.518509337299626,True,True,EQ,176.4,True,20.0,1000.0,500.0,2,2.0,4.655600000000039,5.0,0.01,1251249582.315,20.0,97,97,39,0,0,0,,,100000.0,-25311.367626223717,74688.63237377629,-49431.44672253127,-1.8395730782988,-0.27323178603707077,-0.2732317860370707,3260.060945204925,-0.005978834443542,1.0,True,False
16445,406,CROMPTON,CROMPTON,CROMPT GREA CON ELEC LTD,INE299U01018,gap_continuation_050,35.47306230375145,True,True,EQ,232.4,True,20.0,1000.0,500.0,2,1.0,3.074799999999993,5.0,0.01,847721314.9200001,20.0,81,81,23,0,0,0,,,100000.0,-24175.671447452027,75824.32855254797,-45259.00221939218,-1.7891971985425072,-0.3360387100510811,-0.3360387100510811,3624.0250624112814,-0.0068920667210192,1.0,True,False
16448,407,FEDERALBNK,FEDERALBNK,FEDERAL BANK LTD,INE171A01029,reversal_1d,35.45116509667824,True,True,EQ,343.0,True,20.0,1000.0,500.0,1,1.0,4.515999999999978,5.0,0.05,1485111743.85,20.0,41,41,26,0,0,0,,,100000.0,-15534.381115724083,84465.61888427591,-28383.699764452234,-1.9479002786770487,-0.15697939726429422,-0.1569793972642943,-87891.29188803081,-0.0080834380854652,1.0,True,False
16487,408,KTKBANK,KTKBANK,KARNATAKA BANK LIMITED,INE614B01018,gap_fade_050,35.260700710626345,True,True,EQ,340.1,True,20.0,1000.0,500.0,1,1.0,4.510200000000034,5.0,0.05,875316394.0,20.0,90,90,62,0,0,0,,,100000.0,-13301.30352700496,86698.69647299504,-39594.40455856508,-0.7342485315286139,-0.27166963866469096,-0.2716696386646909,-103030.46898545208,-0.0052577816551771,1.0,True,False
16490,409,CUB,CUB,CITY UNION BANK LTD,INE491A01021,turn_of_month,35.244794248884475,True,True,EQ,236.01,True,20.0,1000.0,500.0,2,1.0,3.1320200000000136,5.0,0.01,520786236.12,20.0,75,75,0,0,0,0,,,100000.0,-21827.865871558024,78172.13412844198,-42186.22304583035,-1.0333001172718486,-0.27908503313701283,-0.2790850331370128,-29766.84030297493,-0.0086971533365809,1.0,True,False
16503,410,SAIL,SAIL,STEEL AUTHORITY OF INDIA,INE114A01011,gap_fade_100,35.20761031234507,True,True,EQ,196.8,True,20.0,1000.0,500.0,2,1.0,2.603600000000008,5.0,0.01,3778441048.885,20.0,36,36,18,0,0,0,,,100000.0,-18075.183347201164,81924.81665279884,-29141.931954850268,-1.5079648954458806,-0.19422056552148537,-0.1942205655214853,-75011.27051584648,-0.0123461647185137,1.0,True,False
16525,411,TMPV,TMPV,TATA MOTORS PASS VEH LTD,INE155A01022,gap_fade_050,35.14067922657412,True,True,EQ,311.5,True,20.0,1000.0,500.0,1,1.0,4.093000000000023,5.0,0.05,2618626895.5,20.0,94,94,57,0,0,0,,,100000.0,-24104.86997119672,75895.13002880328,-47990.14749733618,-1.556218668681367,-0.33267044776305155,-0.3326704477630515,493.7044320618734,-0.006316433845483,1.0,True,False
16542,412,ASHOKLEY,ASHOKLEY,ASHOK LEYLAND LTD,INE208A01029,momentum_1d,35.07581391505536,True,True,EQ,169.0,True,20.0,1000.0,500.0,2,2.0,4.485999999999995,5.0,0.01,2510244023.355,20.0,70,70,32,0,0,0,,,100000.0,-20105.701615458413,79894.29838454159,-39710.26755450579,-1.0367594302335434,-0.2246709651851132,-0.2246709651851132,-53208.94291197692,-0.0085544629400983,1.0,True,False
16572,413,TIMETECHNO,TIMETECHNO,TIME TECHNOPLAST LTD.,INE508G01029,momentum_5d,34.99504214179475,True,True,EQ,188.49,True,20.0,1000.0,500.0,2,2.0,4.973959999999991,5.0,0.01,603376241.075,20.0,70,70,36,0,0,0,,,100000.0,-25984.328364248475,74015.67163575153,-44163.631744586906,-1.413714326319089,-0.2747283683700559,-0.2747283683700559,-10649.465971266123,-0.009645310669174,1.0,True,False
16585,414,CANBK,CANBK,CANARA BANK,INE476A01022,momentum_1d,34.95620558585358,True,True,EQ,125.5,True,20.0,1000.0,500.0,3,3.0,4.963,5.0,0.01,1538352078.0549998,20.0,71,71,33,0,0,0,,,100000.0,-20627.768796778168,79372.23120322183,-40343.36692283717,-1.4705427606550203,-0.2156084997145431,-0.2156084997145431,-35376.58226503295,-0.0072668112079309,1.0,True,False
16651,415,MOTHERSON,MOTHERSON,SAMVRDHNA MTHRSN INTL LTD,INE775A01035,momentum_5d,34.68496942654107,True,True,EQ,160.7,True,20.0,1000.0,500.0,3,2.0,4.222800000000046,5.0,0.01,1970325383.705,20.0,69,69,19,0,0,0,,,100000.0,-17186.871448361635,82813.12855163837,-37246.16670736576,-1.0398735533177008,-0.21774204382404683,-0.2177420438240469,-84188.8835207959,-0.0073835161590314,1.0,True,False
16703,416,MANAPPURAM,MANAPPURAM,MANAPPURAM FINANCE LTD,INE522D01027,momentum_5d,34.49223268881177,True,True,EQ,339.7,True,20.0,1000.0,500.0,1,1.0,4.459400000000023,5.0,0.05,1569912665.4250002,20.0,64,64,19,0,0,0,,,100000.0,-19853.787814830222,80146.21218516977,-38044.89442323842,-1.5131497849009976,-0.19853787814830226,-0.1866499906272662,-48957.85014092924,-0.0076321658070901,1.0,True,False
16738,417,RVNL,RVNL,RAIL VIKAS NIGAM LIMITED,INE415G01027,reversal_5d,34.375309866137826,True,True,EQ,212.49,True,20.0,1000.0,500.0,2,1.0,2.824980000000005,5.0,0.01,790215108.33,20.0,69,69,28,0,0,0,,,100000.0,-29110.726258180875,70889.27374181912,-46316.75007561265,-1.6580221141614535,-0.3525755520537157,-0.3525755520537157,4985.383581636008,-0.0102998863864721,1.0,True,False
16746,418,RAIN,RAIN,RAIN INDUSTRIES LIMITED,INE855B01025,reversal_1d,34.35692447529334,True,True,EQ,215.72,True,20.0,1000.0,500.0,2,1.0,2.8614400000000058,5.0,0.01,785659370.01,20.0,109,109,57,0,0,0,,,100000.0,-19899.63696209789,80100.3630379021,-48307.26367631354,-0.558335439155165,-0.31781037571231596,-0.3178103757123159,-44255.08447025478,-0.0072477312075425,1.0,True,False
16757,419,SHANTIGOLD,SHANTIGOLD,SHANTI GOLD INTERNATION L,INE06ZD01017,gap_continuation_100,34.31519583539911,True,True,EQ,256.34,True,20.0,1000.0,500.0,1,1.0,3.392680000000002,5.0,0.01,581797494.775,20.0,65,65,18,0,0,0,,,100000.0,-24410.244928923057,75589.75507107694,-41819.69043524921,-0.9864076654047688,-0.3593307371821728,-0.3593307371821727,-21663.209355800616,-0.0115494742199805,1.0,True,False
16763,420,IOC,IOC,INDIAN OIL CORP LTD,INE242A01010,gap_continuation_050,34.301768302759875,True,True,EQ,137.6,True,20.0,1000.0,500.0,3,2.0,3.6304000000000087,5.0,0.01,1088369458.555,20.0,81,81,36,0,0,0,,,100000.0,-22649.531395160127,77350.46860483987,-44152.555972107744,-1.7340376759220262,-0.2277361781779389,-0.2277361781779388,-19522.991010680387,-0.0065074003658563,1.0,True,False
16774,421,ONGC,ONGC,OIL AND NATURAL GAS CORP.,INE213A01029,gap_continuation_100,34.27305404065444,True,True,EQ,234.65,True,20.0,1000.0,500.0,2,1.0,3.1093000000000033,5.0,0.01,2775082213.085,20.0,25,25,7,0,0,0,,,100000.0,-24032.80241222259,75967.19758777741,-31353.49574390348,-2.3915119393465107,-0.24032802412222587,-0.2403280241222258,-21536.374741381063,-0.0191348818567196,1.0,True,False
16789,422,BANKINDIA,BANKINDIA,BANK OF INDIA,INE084A01016,turn_of_month,34.22058337464882,True,True,EQ,145.0,True,20.0,1000.0,500.0,3,2.0,3.8299999999999774,5.0,0.01,754397260.855,20.0,75,75,0,0,0,0,,,100000.0,-18778.960518883498,81221.0394811165,-39918.305482710384,-1.6020017885080011,-0.21397226339438946,-0.2139722633943894,-42909.78719928514,-0.0059611498096332,1.0,True,False
16826,423,NYKAA,NYKAA,FSN E COMMERCE VENTURES,INE388Y01029,reversal_1d,34.08196992232689,True,True,EQ,332.5,True,20.0,1000.0,500.0,1,1.0,4.3750000000000115,5.0,0.05,1197465305.875,20.0,52,52,32,0,0,0,,,100000.0,-18744.92436877197,81255.07563122803,-34088.87347320949,-1.5362294859418235,-0.19578765588720504,-0.195787655887205,-67755.19637864734,-0.0087744049079704,1.0,True,False
16831,424,IOLCP,IOLCP,IOL CHEM AND PHARMA LTD,INE485C01029,reversal_5d,34.07040158651463,True,True,EQ,199.95,True,20.0,1000.0,500.0,2,1.0,2.649900000000009,5.0,0.01,644714183.21,20.0,116,116,75,0,0,0,,,100000.0,-16884.188571225153,83115.81142877485,-47841.32643048917,-0.3324645208169201,-0.2664726396516721,-0.2664726396516722,-115454.58865350428,-0.0071704702426759,1.0,True,False
16842,425,ENGINERSIN,ENGINERSIN,ENGINEERS INDIA LTD,INE510A01028,reversal_5d,34.02454139811602,True,True,EQ,279.45,True,20.0,1000.0,500.0,1,1.0,3.6489,5.0,0.05,643467907.135,20.0,72,72,40,0,0,0,,,100000.0,-19673.652644750968,80326.34735524903,-39869.24769234726,-0.8055548939011298,-0.3554886236652668,-0.3554886236652668,-45686.51109969536,-0.0092028508952086,1.0,True,False
16863,426,RATNAVEER,RATNAVEER,RATNAVEER PRECISION ENG L,INE05CZ01011,momentum_1d,33.94914063791109,True,True,EQ,304.75,True,20.0,1000.0,500.0,1,1.0,3.9795000000000003,5.0,0.05,2083492621.38,20.0,109,109,53,0,0,0,,,100000.0,-15356.136048457702,84643.8639515423,-45361.27627926956,-0.4394904798190863,-0.29394688881281306,-0.293946888812813,-112106.86996892744,-0.0063689053174806,1.0,True,False
16934,427,EPL,EPL,EPL LIMITED,INE255A01020,turn_of_month,33.678730788299454,True,True,EQ,247.1,True,20.0,1000.0,500.0,2,1.0,3.254200000000017,5.0,0.05,640014168.835,20.0,75,75,0,0,0,0,,,100000.0,-23141.47079775593,76858.52920224407,-43159.44615888836,-1.4861130981830817,-0.23141470797755936,-0.2314147079775592,-30201.14131823189,-0.0077456336756333,1.0,True,False
16950,428,PATANJALI,PATANJALI,PATANJALI FOODS LIMITED,INE619A01035,turn_of_month,33.616344405883325,True,True,EQ,342.5,True,20.0,1000.0,500.0,1,1.0,4.5149999999999775,5.0,0.05,720843981.5999999,20.0,75,75,0,0,0,0,,,100000.0,-29484.67489519196,70515.32510480804,-47867.14072476603,-2.8753433667600325,-0.29484674895191965,-0.2948467489519195,11970.691156485307,-0.0076085558043955,1.0,True,False
16977,429,UNIONBANK,UNIONBANK,UNION BANK OF INDIA,INE692A01016,momentum_1d,33.51429515782515,True,True,EQ,187.22,True,20.0,1000.0,500.0,2,2.0,4.948880000000009,5.0,0.01,1686478721.005,20.0,64,64,27,0,0,0,,,100000.0,-19038.15412100675,80961.84587899325,-37412.06999363852,-1.3618405328615637,-0.24950318585777798,-0.2495031858577779,-53190.70265587154,-0.0076991621698408,1.0,True,False
16994,430,EPL,EPL,EPL LIMITED,INE255A01020,reversal_1d,33.46327053379607,True,True,EQ,247.1,True,20.0,1000.0,500.0,2,1.0,3.254200000000017,5.0,0.05,640014168.835,20.0,58,58,34,0,0,0,,,100000.0,-23631.311291077214,76368.68870892278,-39541.06677974063,-1.4963699166300304,-0.25748303160606745,-0.2574830316060673,-30690.98181155318,-0.0102234539231773,1.0,True,False
17032,431,PNB,PNB,PUNJAB NATIONAL BANK,INE160A01022,gap_fade_050,33.32630970087589,True,True,EQ,117.0,True,20.0,1000.0,500.0,4,3.0,4.642000000000006,5.0,0.01,1291402376.8049998,20.0,73,73,40,0,0,0,,,100000.0,-20841.549513385413,79158.45048661459,-40979.76079739081,-1.4696604824487147,-0.30112265756421464,-0.3011226575642146,-27792.42995824173,-0.0071476483341375,1.0,True,False
17042,432,BANKINDIA,BANKINDIA,BANK OF INDIA,INE084A01016,momentum_5d,33.30110725499918,True,True,EQ,145.0,True,20.0,1000.0,500.0,3,2.0,3.8299999999999774,5.0,0.01,754397260.855,20.0,51,51,21,0,0,0,,,100000.0,-21158.835884366883,78841.16411563312,-35797.769085441774,-1.797846028920515,-0.21412778861233261,-0.2141277886123325,-45289.66256476853,-0.0094363092424383,1.0,True,False
17055,433,RECLTD,RECLTD,REC LIMITED,INE020B01018,turn_of_month,33.26640224756239,True,True,EQ,318.7,True,20.0,1000.0,500.0,1,1.0,4.157400000000035,5.0,0.05,1931316464.5,20.0,75,75,0,0,0,0,,,100000.0,-25638.88681767008,74361.11318232992,-45012.78614117582,-2.0215896719871966,-0.2563888681767008,-0.2563888681767008,-9578.20149200948,-0.0075182488126711,1.0,True,False
17070,434,IFCI,IFCI,IFCI LTD,INE039A01010,reversal_5d,33.22426045281772,True,True,EQ,101.38,True,20.0,1000.0,500.0,4,3.0,4.008280000000015,5.0,0.01,3490384221.1400003,20.0,109,109,60,0,0,0,,,100000.0,-17222.307086825254,82777.69291317475,-46574.74033194417,-0.3636210871754853,-0.3709834789783919,-0.3709834789783918,-70943.57669645693,-0.007603386578134,1.0,True,False
17079,435,SCI,SCI,SHIPPING CORP OF INDIA LT,INE109A01011,turn_of_month,33.199058006941,True,True,EQ,295.35,True,20.0,1000.0,500.0,1,1.0,3.8907000000000456,5.0,0.05,569615929.125,20.0,75,75,0,0,0,0,,,100000.0,-20494.191680167656,79505.80831983234,-41194.21572234201,-1.1662019702264614,-0.23340129822167288,-0.2334012982216728,-57359.688756191084,-0.0076726657511581,1.0,True,False
17112,436,BANKBARODA,BANKBARODA,BANK OF BARODA,INE028A01039,gap_fade_050,33.07263262270699,True,True,EQ,239.0,True,20.0,1000.0,500.0,2,1.0,3.1679999999999864,5.0,0.01,1806686690.8600001,20.0,85,85,47,0,0,0,,,100000.0,-21818.934460914825,78181.06553908518,-44448.41341487243,-1.5863272681877776,-0.2990864377344912,-0.299086437734491,-19370.03747649869,-0.0062106626262577,1.0,True,False
17131,437,VMM,VMM,VISHAL MEGA MART LIMITED,INE01EA01019,turn_of_month,33.0116922822674,True,True,EQ,106.14,True,20.0,1000.0,500.0,4,3.0,4.186840000000007,5.0,0.01,1043042671.1299999,20.0,75,75,0,0,0,0,,,100000.0,-28323.12136493207,71676.87863506793,-47006.26977387692,-1.936676094142915,-0.2984294086522602,-0.2984294086522602,-1687.7025754477509,-0.0085782749974928,1.0,True,False
17209,438,VIYASH,VIYASH,VIYASH SCIENTIFIC LIMITED,INE807F01027,gap_fade_100,32.74686002313667,True,True,EQ,265.85,True,20.0,1000.0,500.0,1,1.0,3.511699999999977,5.0,0.05,932019464.075,20.0,46,46,32,0,0,0,,,100000.0,-21292.549202773167,78707.45079722683,-34613.256945081914,-1.0605042420952069,-0.2819308688619251,-0.281930868861925,-68568.37213126317,-0.0137296580834151,1.0,True,False
17226,439,BANKBARODA,BANKBARODA,BANK OF BARODA,INE028A01039,gap_fade_100,32.70637084779375,True,True,EQ,239.0,True,20.0,1000.0,500.0,2,1.0,3.1679999999999864,5.0,0.01,1806686690.8600001,20.0,34,34,16,0,0,0,,,100000.0,-24223.04934479427,75776.95065520573,-33951.82060013522,-2.6175443103856275,-0.2532747330936963,-0.2532747330936963,-21774.15236037814,-0.0137095574602891,1.0,True,False
17366,440,FEDERALBNK,FEDERALBNK,FEDERAL BANK LTD,INE171A01029,turn_of_month,32.22835068583705,True,True,EQ,343.0,True,20.0,1000.0,500.0,1,1.0,4.515999999999978,5.0,0.05,1485111743.85,20.0,75,75,0,0,0,0,,,100000.0,-17658.14659652578,82341.85340347422,-39085.44988465506,-1.6879444025587491,-0.1765814659652578,-0.1765814659652578,-90015.05736883251,-0.0054395039589409,1.0,True,False
17394,441,CANBK,CANBK,CANARA BANK,INE476A01022,turn_of_month,32.123202776400596,True,True,EQ,125.5,True,20.0,1000.0,500.0,3,3.0,4.963,5.0,0.01,1538352078.0549998,20.0,75,75,0,0,0,0,,,100000.0,-22038.155203877846,77961.84479612215,-42339.812720702284,-1.502116683485117,-0.26755612679467755,-0.2675561267946775,-36786.96867213263,-0.0073076208331655,1.0,True,False
17412,442,NYKAA,NYKAA,FSN E COMMERCE VENTURES,INE388Y01029,gap_continuation_100,32.035613948107745,True,True,EQ,332.5,True,20.0,1000.0,500.0,1,1.0,4.3750000000000115,5.0,0.05,1197465305.875,20.0,39,39,14,0,0,0,,,100000.0,-20535.905786296356,79464.09421370365,-32099.652104446548,-1.913851356543541,-0.2053590578629635,-0.2053590578629635,-69546.17779617172,-0.0115817438551849,1.0,True,False
17417,443,ASHOKLEY,ASHOKLEY,ASHOK LEYLAND LTD,INE208A01029,momentum_5d,32.026731118823335,True,True,EQ,169.0,True,20.0,1000.0,500.0,2,2.0,4.485999999999995,5.0,0.01,2510244023.355,20.0,80,80,33,0,0,0,,,100000.0,-20095.31991683469,79904.68008316531,-42069.74996034253,-1.3266210918172352,-0.2562014965814374,-0.2562014965814374,-53198.5612133532,-0.006597687400085,1.0,True,False
17430,444,EPL,EPL,EPL LIMITED,INE255A01020,momentum_5d,31.98376301437779,True,True,EQ,247.1,True,20.0,1000.0,500.0,2,1.0,3.254200000000017,5.0,0.05,640014168.835,20.0,58,58,21,0,0,0,,,100000.0,-24970.762544595447,75029.23745540455,-40605.39651816131,-1.6786626037361712,-0.2529517869294927,-0.2529517869294927,-32030.43306507141,-0.0102795522020033,1.0,True,False
17431,445,VEDL,VEDL,VEDANTA LIMITED,INE205A01025,gap_fade_100,31.981490662700384,True,True,EQ,272.1,True,20.0,1000.0,500.0,1,1.0,3.5842000000000453,5.0,0.05,2725791271.35,20.0,64,64,41,0,0,0,,,100000.0,-19972.493235240938,80027.50676475906,-38140.48298989496,-0.9303217316616804,-0.2775188888696477,-0.2775188888696478,-97787.1202743006,-0.0098134324203577,1.0,True,False
17474,446,RATNAVEER,RATNAVEER,RATNAVEER PRECISION ENG L,INE05CZ01011,turn_of_month,31.837093042472315,True,True,EQ,304.75,True,20.0,1000.0,500.0,1,1.0,3.9795000000000003,5.0,0.05,2083492621.38,20.0,75,75,0,0,0,0,,,100000.0,-19328.81043551778,80671.18956448222,-40331.87703493878,-0.746409849937569,-0.29514903648283963,-0.2951490364828396,-116079.54435598751,-0.0090520308991605,1.0,True,False
17524,447,EPL,EPL,EPL LIMITED,INE255A01020,gap_continuation_050,31.627210378449842,True,True,EQ,247.1,True,20.0,1000.0,500.0,2,1.0,3.254200000000017,5.0,0.05,640014168.835,20.0,103,103,47,0,0,0,,,100000.0,-24983.716804256444,75016.28319574356,-50417.44558829581,-1.3060411110164745,-0.2498371680425644,-0.2498371680425644,-32043.387324732408,-0.006507363304593,1.0,True,False
17536,448,BANKINDIA,BANKINDIA,BANK OF INDIA,INE084A01016,gap_fade_100,31.58217649975211,True,True,EQ,145.0,True,20.0,1000.0,500.0,3,2.0,3.8299999999999774,5.0,0.01,754397260.855,20.0,34,34,21,0,0,0,,,100000.0,-21734.319498921614,78265.68050107839,-31774.20132735728,-1.997922034910456,-0.27194677422194,-0.27194677422194,-45865.14617932326,-0.0138324435453052,1.0,True,False
17539,449,CUPID,CUPID,CUPID LIMITED,INE509F01029,volume_continuation,31.5755660221451,True,True,EQ,283.15,True,50.0,1000.0,500.0,1,1.0,3.7163000000000115,5.0,0.05,5126613244.780001,20.0,24,24,6,0,0,0,,,100000.0,-22054.861875098635,77945.13812490136,-29284.85882344232,-0.8190990259114367,-0.338043959497885,-0.338043959497885,-629070.1898155545,-0.0314993277618007,1.0,True,False
17541,450,PNB,PNB,PUNJAB NATIONAL BANK,INE160A01022,turn_of_month,31.572467360766822,True,True,EQ,117.0,True,20.0,1000.0,500.0,4,3.0,4.642000000000006,5.0,0.01,1291402376.8049998,20.0,75,75,0,0,0,0,,,100000.0,-23190.737064605342,76809.26293539465,-43194.63215039941,-2.0291142614891253,-0.23216909946625464,-0.2321690994662545,-30141.617509461663,-0.0067076170457962,1.0,True,False
17559,451,AWL,AWL,AWL AGRI BUSINESS LIMITED,INE699H01024,turn_of_month,31.51627830110726,True,True,EQ,187.29,True,20.0,1000.0,500.0,2,2.0,4.949160000000009,5.0,0.01,561855120.3199999,20.0,75,75,0,0,0,0,,,100000.0,-27747.188990273677,72252.81100972633,-46578.307109574926,-2.075384776917923,-0.32148179596487414,-0.3214817959648741,-4703.459458391459,-0.0081254558183057,1.0,True,False
17590,452,PATANJALI,PATANJALI,PATANJALI FOODS LIMITED,INE619A01035,gap_continuation_050,31.408031730292514,True,True,EQ,342.5,True,20.0,1000.0,500.0,1,1.0,4.5149999999999775,5.0,0.05,720843981.5999999,20.0,76,76,21,0,0,0,,,100000.0,-32117.57333928269,67882.4266607173,-50022.62368333367,-2.6989469090577343,-0.333640701027638,-0.333640701027638,9337.79271239457,-0.0085191089593742,1.0,True,False
17592,453,VIYASH,VIYASH,VIYASH SCIENTIFIC LIMITED,INE807F01027,volume_continuation,31.397909436456786,True,True,EQ,265.85,True,20.0,1000.0,500.0,1,1.0,3.511699999999977,5.0,0.05,932019464.075,20.0,21,21,4,0,0,0,,,100000.0,-20802.72869781312,79197.27130218688,-27265.974892959508,-1.9891465998336255,-0.2529442966313783,-0.2529442966313783,-68078.55162630312,-0.021306589586588,1.0,True,False
17619,454,VMM,VMM,VISHAL MEGA MART LIMITED,INE01EA01019,momentum_1d,31.298545694926457,True,True,EQ,106.14,True,20.0,1000.0,500.0,4,3.0,4.186840000000007,5.0,0.01,1043042671.1299999,20.0,61,61,28,0,0,0,,,100000.0,-30218.208700880263,69781.79129911974,-45435.33152016914,-2.183439775948764,-0.31407821786254264,-0.3140782178625427,-3582.789911395943,-0.0107718039070931,1.0,True,False
17625,455,M&MFIN,M&MFIN,M&M FIN. SERVICES LTD,INE774D01024,turn_of_month,31.27045116509668,True,True,EQ,373.65,True,20.0,1000.0,500.0,1,1.0,4.9073000000000455,5.0,0.05,685055156.175,20.0,75,75,0,0,0,0,,,100000.0,-20837.8822633651,79162.1177366349,-41450.05203538184,-1.0942269367749984,-0.2794405380729137,-0.2794405380729136,-66598.33853712915,-0.0080609634549757,1.0,True,False
17700,456,POWERGRID,POWERGRID,POWER GRID CORP. LTD.,INE752E01010,turn_of_month,31.000041315485042,True,True,EQ,266.0,True,20.0,1000.0,500.0,1,1.0,3.5119999999999774,5.0,0.05,2045111029.025,20.0,75,75,0,0,0,0,,,100000.0,-26726.022005747203,73273.9779942528,-45820.30225589231,-1.926892206172794,-0.26726022005747196,-0.2672602200574721,-18705.18867241386,-0.0080513776474409,1.0,True,False
17741,457,SWIGGY,SWIGGY,SWIGGY LIMITED,INE00H001014,gap_continuation_100,30.862047595438767,True,True,EQ,276.1,True,20.0,1000.0,500.0,1,1.0,3.6422,5.0,0.05,3023414109.25,20.0,43,43,17,0,0,0,,,100000.0,-32641.70393968032,67358.29606031968,-43399.8877842549,-1.8955640618943117,-0.39979436590697404,-0.399794365906974,-2131.574576731728,-0.0177624031380748,1.0,True,False
17767,458,ONGC,ONGC,OIL AND NATURAL GAS CORP.,INE213A01029,gap_continuation_050,30.75462733432491,True,True,EQ,234.65,True,20.0,1000.0,500.0,2,1.0,3.1093000000000033,5.0,0.01,2775082213.085,20.0,68,68,23,0,0,0,,,100000.0,-25662.54939573213,74337.45060426787,-43466.74945193206,-1.8286747642288657,-0.2925526485889841,-0.2925526485889842,-23166.121724890603,-0.0086865840038394,1.0,True,False
17783,459,EDELWEISS,EDELWEISS,EDELWEISS FIN SERV LTD,INE532F01054,turn_of_month,30.67550818046604,True,True,EQ,136.08,True,20.0,1000.0,500.0,3,2.0,3.604320000000027,5.0,0.01,529679119.34000003,20.0,75,75,0,0,0,0,,,100000.0,-23831.525583703187,76168.47441629681,-43672.97927368886,-1.3028706839743218,-0.264564640959701,-0.264564640959701,-50622.32737450485,-0.0085169694712042,1.0,True,False
17880,460,RATNAVEER,RATNAVEER,RATNAVEER PRECISION ENG L,INE05CZ01011,gap_continuation_100,30.288588663030907,True,True,EQ,304.75,True,20.0,1000.0,500.0,1,1.0,3.9795000000000003,5.0,0.05,2083492621.38,20.0,68,68,14,0,0,0,,,100000.0,-21073.64481285974,78926.35518714026,-39970.88943615261,-0.6155424366708371,-0.3823114317974615,-0.3823114317974615,-117824.37873332947,-0.0118569580490672,1.0,True,False
17897,461,ITC,ITC,ITC LTD,INE154A01025,turn_of_month,30.210502396298132,True,True,EQ,264.1,True,20.0,1000.0,500.0,1,1.0,3.458199999999966,5.0,0.05,3504678210.3999996,20.0,75,75,0,0,0,0,,,100000.0,-31811.459749169542,68188.54025083045,-49594.85311490292,-2.649315625267945,-0.3307940515520035,-0.3307940515520035,2434.4458973716683,-0.0085916872721677,1.0,True,False
17899,462,HAPPSTMNDS,HAPPSTMNDS,HAPPIEST MINDS TECHNO LTD,INE419U01012,gap_continuation_050,30.190464386051893,True,True,EQ,354.0,True,20.0,1000.0,500.0,1,1.0,4.638,5.0,0.05,753218049.925,20.0,107,107,29,0,0,0,,,100000.0,-33356.85601621379,66643.14398378621,-56675.843496596266,-1.2956038979298818,-0.3991569040669046,-0.3991569040669046,-4700.545006961693,-0.0086627276196551,1.0,True,False
17925,463,MOREPENLAB,MOREPENLAB,MOREPEN LAB. LTD,INE083A01026,momentum_1d,30.081804660386712,True,True,EQ,113.74,True,20.0,1000.0,500.0,4,3.0,4.502440000000029,5.0,0.01,2521047229.6800003,20.0,100,100,47,0,0,0,,,100000.0,-19797.45095644798,80202.54904355202,-46341.68210374242,-0.4962713889929812,-0.37267882333391555,-0.3726788233339155,-117628.87485170209,-0.0082451413151394,1.0,True,False
17936,464,LTF,LTF,L&T FINANCE LIMITED,INE498L01015,gap_continuation_050,30.04854569492646,True,True,EQ,314.0,True,20.0,1000.0,500.0,1,1.0,4.098000000000023,5.0,0.05,1074454374.875,20.0,94,94,31,0,0,0,,,100000.0,-19644.42759251829,80355.57240748171,-44923.84562719541,-0.8306306293249437,-0.3903113777702375,-0.3903113777702375,-67964.93627795354,-0.0069146180080642,1.0,True,False
17963,465,WIPRO,WIPRO,WIPRO LTD,INE075A01022,turn_of_month,29.92790447859858,True,True,EQ,176.4,True,20.0,1000.0,500.0,2,2.0,4.655600000000039,5.0,0.01,1251249582.315,20.0,75,75,0,0,0,0,,,100000.0,-30394.155275569952,69605.84472443005,-48542.27352821877,-2.9466815520367216,-0.30394155275569945,-0.3039415527556995,-1822.7267041413145,-0.0078089925800268,1.0,True,False
17964,466,REDINGTON,REDINGTON,REDINGTON LIMITED,INE891D01026,reversal_5d,29.92666501404726,True,True,EQ,371.3,True,20.0,1000.0,500.0,1,1.0,4.902599999999989,5.0,0.05,1285574404.2,20.0,83,83,49,0,0,0,,,100000.0,-21855.264487696146,78144.73551230386,-44032.42313042442,-0.830763187770879,-0.3621872820697768,-0.3621872820697768,-68951.50910087107,-0.0087408126523909,1.0,True,False
17980,467,BANKBARODA,BANKBARODA,BANK OF BARODA,INE028A01039,turn_of_month,29.859320773425882,True,True,EQ,239.0,True,20.0,1000.0,500.0,2,1.0,3.1679999999999864,5.0,0.01,1806686690.8600001,20.0,75,75,0,0,0,0,,,100000.0,-25556.67302379843,74443.32697620157,-44951.57164495604,-2.122301142701007,-0.2795303442921492,-0.2795303442921492,-23107.776039382297,-0.0073291796684229,1.0,True,False
18035,468,TATASTEEL,TATASTEEL,TATA STEEL LIMITED,INE081A01020,gap_continuation_050,29.657081474136508,True,True,EQ,188.79,True,20.0,1000.0,500.0,2,2.0,4.975159999999991,5.0,0.01,4678339405.950001,20.0,93,93,33,0,0,0,,,100000.0,-23390.31426242477,76609.68573757523,-47286.99595980299,-1.7131746923154942,-0.2524460035199998,-0.2328731150340546,-40704.89066134475,-0.0059051241286134,1.0,True,False
18038,469,LTF,LTF,L&T FINANCE LIMITED,INE498L01015,gap_fade_050,29.645926293174682,True,True,EQ,314.0,True,20.0,1000.0,500.0,1,1.0,4.098000000000023,5.0,0.05,1074454374.875,20.0,94,94,63,0,0,0,,,100000.0,-19000.26735841426,80999.73264158574,-44480.15684254827,-0.7999666659757766,-0.46216420670945557,-0.4621642067094557,-67320.77604384952,-0.0068390603693747,1.0,True,False
18073,470,IOC,IOC,INDIAN OIL CORP LTD,INE242A01010,reversal_5d,29.47116179143943,True,True,EQ,137.6,True,20.0,1000.0,500.0,3,2.0,3.6304000000000087,5.0,0.01,1088369458.555,20.0,46,46,25,0,0,0,,,100000.0,-26767.96390823369,73232.0360917663,-39175.77701029824,-2.839915220505818,-0.27767940596304397,-0.2776794059630441,-23641.423523753954,-0.0110387161150725,1.0,True,False
18120,471,CUB,CUB,CITY UNION BANK LTD,INE491A01021,gap_continuation_050,29.270988266402252,True,True,EQ,236.01,True,20.0,1000.0,500.0,2,1.0,3.1320200000000136,5.0,0.01,520786236.12,20.0,100,100,47,0,0,0,,,100000.0,-26541.33052324792,73458.66947675208,-50866.30146755934,-1.0668067190617068,-0.36384309781911384,-0.3583513879848812,-34480.304954664825,-0.0078593172332248,1.0,True,False
18176,472,SAMMAANCAP,SAMMAANCAP,SAMMAAN CAPITAL LIMITED,INE148I01020,reversal_5d,29.062551644356304,True,True,EQ,158.39,True,20.0,1000.0,500.0,3,2.0,4.163560000000025,5.0,0.01,963280553.225,20.0,84,84,50,0,0,0,,,100000.0,-24570.59736408638,75429.40263591362,-46198.15450582559,-1.3151104182764772,-0.3256728896507678,-0.3256728896507678,-43893.56464623724,-0.0078147328116966,1.0,True,False
18222,473,BANDHANBNK,BANDHANBNK,BANDHAN BANK LIMITED,INE545U01014,momentum_1d,28.86774913237481,True,True,EQ,164.95,True,20.0,1000.0,500.0,3,2.0,4.32980000000003,5.0,0.01,845147095.665,20.0,80,80,38,0,0,0,,,100000.0,-27076.49305444288,72923.50694555712,-47150.89953819232,-1.7697357951920158,-0.31999487936361226,-0.3199948793636122,-24599.62390899152,-0.0079542481177274,1.0,True,False
18237,474,KTKBANK,KTKBANK,KARNATAKA BANK LIMITED,INE614B01018,gap_continuation_050,28.827259957031895,True,True,EQ,340.1,True,20.0,1000.0,500.0,1,1.0,4.510200000000034,5.0,0.05,875316394.0,20.0,90,90,28,0,0,0,,,100000.0,-21942.64977597403,78057.35022402597,-45637.99194098603,-1.332541830227779,-0.21942649775974032,-0.2095688697373018,-111671.81523442116,-0.0064238866927742,1.0,True,False
18265,475,BELRISE,BELRISE,BELRISE INDUSTRIES LTD,INE894V01022,reversal_5d,28.72624359609982,True,True,EQ,236.86,True,20.0,1000.0,500.0,2,1.0,3.1337200000000136,5.0,0.01,837487795.4749999,20.0,82,82,55,0,0,0,,,100000.0,-22347.60304413961,77652.39695586039,-44159.42170662632,-1.2911359629508694,-0.2873037634867751,-0.287303763486775,-70738.87643055803,-0.0073042482911991,1.0,True,False
18276,476,EDELWEISS,EDELWEISS,EDELWEISS FIN SERV LTD,INE532F01054,momentum_5d,28.667988762188074,True,True,EQ,136.08,True,20.0,1000.0,500.0,3,2.0,3.604320000000027,5.0,0.01,529679119.34000003,20.0,80,80,34,0,0,0,,,100000.0,-25355.986099823236,74644.01390017677,-45899.4779580977,-1.46404967169468,-0.26919570435267237,-0.2691957043526722,-52146.787890624895,-0.0080841791165437,1.0,True,False
18285,477,KTKBANK,KTKBANK,KARNATAKA BANK LIMITED,INE614B01018,gap_fade_100,28.626673277144278,True,True,EQ,340.1,True,20.0,1000.0,500.0,1,1.0,4.510200000000034,5.0,0.05,875316394.0,20.0,33,33,23,0,0,0,,,100000.0,-22437.401639744072,77562.59836025593,-32118.58475837142,-1.8315329536230305,-0.25144137110712206,-0.251441371107122,-112166.5670981912,-0.0154049993474091,1.0,True,False
18287,478,NYKAA,NYKAA,FSN E COMMERCE VENTURES,INE388Y01029,reversal_5d,28.605395802346717,True,True,EQ,332.5,True,20.0,1000.0,500.0,1,1.0,4.3750000000000115,5.0,0.05,1197465305.875,20.0,47,47,33,0,0,0,,,100000.0,-22366.42520238244,77633.57479761756,-35763.343766799095,-1.9853920603652504,-0.2557146264614235,-0.2557146264614236,-71376.6972122578,-0.0103717829206483,1.0,True,False
18320,479,MARKSANS,MARKSANS,MARKSANS PHARMA LIMITED,INE750C01026,gap_fade_050,28.461411336969093,True,True,EQ,326.75,True,20.0,1000.0,500.0,1,1.0,4.2935,5.0,0.05,723088181.3,20.0,117,117,82,0,0,0,,,100000.0,-20753.04703861625,79246.95296138375,-50474.41499179706,-0.5833165236104794,-0.39475110057679874,-0.3947511005767987,-97739.15513499123,-0.006868898430454,1.0,True,False
18326,480,FEDERALBNK,FEDERALBNK,FEDERAL BANK LTD,INE171A01029,open_to_close,28.4331102297141,True,True,EQ,343.0,True,20.0,1000.0,500.0,1,1.0,4.515999999999978,5.0,0.05,1485111743.85,20.0,252,252,0,0,0,0,,,100000.0,-18758.89384965644,81241.10615034356,-70438.95127431375,-0.7730553492386915,-0.25902069443862996,-0.2590206944386298,-91115.80462196317,-0.0025441671740639,1.0,True,False
18332,481,MOREPENLAB,MOREPENLAB,MOREPEN LAB. LTD,INE083A01026,reversal_1d,28.392207899520745,True,True,EQ,113.74,True,20.0,1000.0,500.0,4,3.0,4.502440000000029,5.0,0.01,2521047229.6800003,20.0,100,100,53,0,0,0,,,100000.0,-25173.67739373344,74826.32260626656,-49951.95230728557,-0.7087550667750235,-0.28276019837362765,-0.2827601983736277,-123005.10128898751,-0.0089519715101211,1.0,True,False
18358,482,TIMETECHNO,TIMETECHNO,TIME TECHNOPLAST LTD.,INE508G01029,turn_of_month,28.28953891918691,True,True,EQ,188.49,True,20.0,1000.0,500.0,2,2.0,4.973959999999991,5.0,0.01,603376241.075,20.0,75,75,0,0,0,0,,,100000.0,-31638.880922816068,68361.11907718393,-49468.40188645362,-1.8902047712346088,-0.3163888092281607,-0.3163888092281607,-16304.018529833716,-0.0098433783709629,1.0,True,False
18407,483,SHANTIGOLD,SHANTIGOLD,SHANTI GOLD INTERNATION L,INE06ZD01017,turn_of_month,28.10258634936374,True,True,EQ,256.34,True,20.0,1000.0,500.0,1,1.0,3.392680000000002,5.0,0.01,581797494.775,20.0,75,75,0,0,0,0,,,100000.0,-29787.38360217365,70212.61639782635,-48094.898722826096,-1.5964176802660974,-0.3286499148272306,-0.3286499148272307,-27040.34802905121,-0.009903400673292,1.0,True,False
18470,484,PPLPHARMA,PPLPHARMA,PIRAMAL PHARMA LIMITED,INE0DK501011,gap_continuation_050,27.866261774913234,True,True,EQ,214.22,True,20.0,1000.0,500.0,2,1.0,2.848440000000015,5.0,0.01,639401063.4000001,20.0,88,88,29,0,0,0,,,100000.0,-28050.48860957248,71949.51139042752,-49505.65647188308,-1.5936840785927888,-0.28050488609572477,-0.2805048860957247,-38729.65034171807,-0.0078994845144058,1.0,True,False
18473,485,INDUSTOWER,INDUSTOWER,INDUS TOWERS LIMITED,INE121J01017,turn_of_month,27.851181622872254,True,True,EQ,376.8,True,20.0,1000.0,500.0,1,1.0,4.9636,5.0,0.05,1780856495.225,20.0,75,75,0,0,0,0,,,100000.0,-26358.028385387806,73641.9716146122,-45546.65371142959,-2.110828373223474,-0.263580283853878,-0.2635802838538781,-38124.46462601144,-0.0076094065816516,1.0,True,False
18488,486,TMPV,TMPV,TATA MOTORS PASS VEH LTD,INE155A01022,reversal_5d,27.767724343083792,True,True,EQ,311.5,True,20.0,1000.0,500.0,1,1.0,4.093000000000023,5.0,0.05,2618626895.5,20.0,66,66,29,0,0,0,,,100000.0,-31936.41263922212,68063.58736077788,-47839.402020039146,-2.7160954184807937,-0.3502675156560565,-0.3502675156560565,-7337.838235963529,-0.0097010733767302,1.0,True,False
18492,487,BANDHANBNK,BANDHANBNK,BANDHAN BANK LIMITED,INE545U01014,reversal_5d,27.760700710626345,True,True,EQ,164.95,True,20.0,1000.0,500.0,3,2.0,4.32980000000003,5.0,0.01,845147095.665,20.0,76,76,41,0,0,0,,,100000.0,-27496.730505318978,72503.26949468102,-46606.97852848006,-1.9793116023220771,-0.3359409571214359,-0.3359409571214358,-25019.861359867617,-0.0081043265594329,1.0,True,False
18496,488,AWL,AWL,AWL AGRI BUSINESS LIMITED,INE699H01024,gap_continuation_100,27.735085109899188,True,True,EQ,187.29,True,20.0,1000.0,500.0,2,2.0,4.949160000000009,5.0,0.01,561855120.3199999,20.0,43,43,17,0,0,0,,,100000.0,-34721.20289691346,65278.79710308654,-45153.34780465352,-2.254798286557809,-0.3472120289691346,-0.3472120289691346,-11677.473365031248,-0.0177024705247998,1.0,True,False
18497,489,FEDERALBNK,FEDERALBNK,FEDERAL BANK LTD,INE171A01029,gap_continuation_050,27.730333829119154,True,True,EQ,343.0,True,20.0,1000.0,500.0,1,1.0,4.515999999999978,5.0,0.05,1485111743.85,20.0,64,64,24,0,0,0,,,100000.0,-22889.65132149578,77110.34867850422,-40400.9623862365,-1.7571082510396403,-0.23513851796750496,-0.2351385179675049,-95246.56209380252,-0.0082863523332176,1.0,True,False
18545,490,SHANTIGOLD,SHANTIGOLD,SHANTI GOLD INTERNATION L,INE06ZD01017,momentum_1d,27.54689307552471,True,True,EQ,256.34,True,20.0,1000.0,500.0,1,1.0,3.392680000000002,5.0,0.01,581797494.775,20.0,95,95,50,0,0,0,,,100000.0,-30835.33909896508,69164.66090103492,-52813.45698944721,-1.2914736670412243,-0.3700227686126758,-0.3700227686126758,-28088.30352584264,-0.0089270763612115,1.0,True,False
18597,491,PPLPHARMA,PPLPHARMA,PIRAMAL PHARMA LIMITED,INE0DK501011,gap_continuation_100,27.35291687324409,True,True,EQ,214.22,True,20.0,1000.0,500.0,2,1.0,2.848440000000015,5.0,0.01,639401063.4000001,20.0,31,31,17,0,0,0,,,100000.0,-28333.807742233825,71666.19225776618,-36793.711495894255,-2.8097721259284194,-0.2833380774223383,-0.2833380774223383,-39012.96947437941,-0.0173532624999179,1.0,True,False
18602,492,RAIN,RAIN,RAIN INDUSTRIES LIMITED,INE855B01025,momentum_1d,27.343827466534457,True,True,EQ,215.72,True,20.0,1000.0,500.0,2,1.0,2.8614400000000058,5.0,0.01,785659370.01,20.0,109,109,52,0,0,0,,,100000.0,-26726.58616239793,73273.41383760207,-52729.84921097891,-0.8448491663947192,-0.4198682509865136,-0.4198682509865137,-51082.03367055481,-0.0080665028972019,1.0,True,False
18605,493,EDELWEISS,EDELWEISS,EDELWEISS FIN SERV LTD,INE532F01054,reversal_1d,27.340315650305737,True,True,EQ,136.08,True,20.0,1000.0,500.0,3,2.0,3.604320000000027,5.0,0.01,529679119.34000003,20.0,95,95,50,0,0,0,,,100000.0,-25097.291064702997,74902.708935297,-48880.93847350115,-1.1397239000490589,-0.3758900652770455,-0.3758900652770455,-51888.092855504656,-0.0075611291492206,1.0,True,False
18616,494,CANBK,CANBK,CANARA BANK,INE476A01022,gap_continuation_050,27.28784498430012,True,True,EQ,125.5,True,20.0,1000.0,500.0,3,3.0,4.963,5.0,0.01,1538352078.0549998,20.0,84,84,36,0,0,0,,,100000.0,-27454.22927181468,72545.77072818532,-48261.966090717215,-1.7713464840387976,-0.27507195426867803,-0.2750719542686781,-42203.04274006946,-0.0076926108951724,1.0,True,False
18652,495,TATASTEEL,TATASTEEL,TATA STEEL LIMITED,INE081A01020,momentum_1d,27.11101470831268,True,True,EQ,188.79,True,20.0,1000.0,500.0,2,2.0,4.975159999999991,5.0,0.01,4678339405.950001,20.0,47,47,19,0,0,0,,,100000.0,-26102.505460933786,73897.49453906622,-38866.19244221173,-2.9153717587467587,-0.2696443576464953,-0.2696443576464953,-43417.08185985376,-0.0103854448420634,1.0,True,False
18684,496,CUB,CUB,CITY UNION BANK LTD,INE491A01021,gap_continuation_100,26.98211039497604,True,True,EQ,236.01,True,20.0,1000.0,500.0,2,1.0,3.1320200000000136,5.0,0.01,520786236.12,20.0,34,34,15,0,0,0,,,100000.0,-30563.04309647967,69436.95690352033,-39501.64468838245,-1.9871176436905025,-0.321730844766972,-0.321730844766972,-38502.017527896576,-0.0203511030098961,1.0,True,False
18689,497,CGCL,CGCL,CAPRI GLOBAL CAPITAL LTD,INE180C01042,momentum_5d,26.972401255990746,True,True,EQ,279.9,True,20.0,1000.0,500.0,1,1.0,3.6498,5.0,0.05,929393790.7750001,20.0,62,62,20,0,0,0,,,100000.0,-26395.23802091465,73604.76197908535,-42663.999388664895,-1.832613593637292,-0.27472612675774744,-0.2747261267577474,-56552.61785928172,-0.0098210800548722,1.0,True,False
18691,498,SAIL,SAIL,STEEL AUTHORITY OF INDIA,INE114A01011,open_to_close,26.96764997521071,True,True,EQ,196.8,True,20.0,1000.0,500.0,2,1.0,2.603600000000008,5.0,0.01,3778441048.885,20.0,252,252,0,0,0,0,,,100000.0,-22203.088209857942,77796.91179014205,-71699.9017639716,-0.6125489059659703,-0.3216543990641162,-0.3216543990641162,-79139.17537850326,-0.0033307831520645,1.0,True,False
18798,499,REDINGTON,REDINGTON,REDINGTON LIMITED,INE891D01026,reversal_1d,26.464427367377294,True,True,EQ,371.3,True,20.0,1000.0,500.0,1,1.0,4.902599999999989,5.0,0.05,1285574404.2,20.0,89,89,47,0,0,0,,,100000.0,-25161.901219269886,74838.09878073011,-47682.583949128544,-1.0715392547540317,-0.3652441126560104,-0.3652441126560104,-72258.14583244482,-0.0083444901766055,1.0,True,False
18825,500,UNIONBANK,UNIONBANK,UNION BANK OF INDIA,INE692A01016,turn_of_month,26.351429515782513,True,True,EQ,187.22,True,20.0,1000.0,500.0,2,2.0,4.948880000000009,5.0,0.01,1686478721.005,20.0,75,75,0,0,0,0,,,100000.0,-25821.138178891124,74178.86182110888,-45148.51770246607,-1.8700502114624296,-0.2669621774301385,-0.2669621774301385,-59973.68671375592,-0.0078472227782872,1.0,True,False
18870,501,CUPID,CUPID,CUPID LIMITED,INE509F01029,gap_continuation_100,26.176665014047266,True,True,EQ,283.15,True,50.0,1000.0,500.0,1,1.0,3.7163000000000115,5.0,0.05,5126613244.780001,20.0,57,57,11,0,0,0,,,100000.0,-26902.945572218698,73097.0544277813,-41914.06198725156,-1.0581534887703437,-0.31627753687894344,-0.3162775368789435,-633918.2735126746,-0.0140924988889516,1.0,True,False
18910,502,MOTHERSON,MOTHERSON,SAMVRDHNA MTHRSN INTL LTD,INE775A01035,gap_fade_100,25.981449347215335,True,True,EQ,160.7,True,20.0,1000.0,500.0,3,2.0,4.222800000000046,5.0,0.01,1970325383.705,20.0,43,43,27,0,0,0,,,100000.0,-23719.76581938863,76280.23418061137,-35867.56734979393,-2.1449485555629844,-0.28420052755422676,-0.2842005275542268,-90721.7778918229,-0.0116649740030267,1.0,True,False
19011,503,BPCL,BPCL,BHARAT PETROLEUM CORP  LT,INE029A01011,gap_continuation_100,25.601966617088085,True,True,EQ,315.7,True,20.0,1000.0,500.0,1,1.0,4.151400000000034,5.0,0.05,1504042323.325,20.0,58,58,25,0,0,0,,,100000.0,-31735.191546063117,68264.80845393689,-45980.80868274862,-2.2355208949998384,-0.32374659224196967,-0.3237465922419696,-30661.929763515145,-0.0118691628610324,1.0,True,False
19012,504,MARKSANS,MARKSANS,MARKSANS PHARMA LIMITED,INE750C01026,gap_continuation_050,25.599694265410676,True,True,EQ,326.75,True,20.0,1000.0,500.0,1,1.0,4.2935,5.0,0.05,723088181.3,20.0,117,117,35,0,0,0,,,100000.0,-28405.797681721266,71594.20231827874,-55274.78509224527,-0.910486595477767,-0.28975337168393356,-0.2725735590819829,-105391.90577809625,-0.0077471156432136,1.0,True,False
19016,505,BELRISE,BELRISE,BELRISE INDUSTRIES LTD,INE894V01022,gap_fade_100,25.58296149396794,True,True,EQ,236.86,True,20.0,1000.0,500.0,2,1.0,3.1337200000000136,5.0,0.01,837487795.4749999,20.0,43,43,28,0,0,0,,,100000.0,-26689.51827234804,73310.48172765196,-38375.25088462861,-1.9754752239163649,-0.2921623911887934,-0.2921623911887935,-75080.79165876645,-0.0138367715025321,1.0,True,False
19056,506,BPCL,BPCL,BHARAT PETROLEUM CORP  LT,INE029A01011,reversal_5d,25.42988762188068,True,True,EQ,315.7,True,20.0,1000.0,500.0,1,1.0,4.151400000000034,5.0,0.05,1504042323.325,20.0,44,44,24,0,0,0,,,100000.0,-30831.953114385677,69168.04688561433,-42102.62244541326,-2.875422872090831,-0.3334594080221175,-0.3334594080221175,-29758.691331837705,-0.013521159615015,1.0,True,False
19058,507,SCI,SCI,SHIPPING CORP OF INDIA LT,INE109A01011,reversal_5d,25.422863989423238,True,True,EQ,295.35,True,20.0,1000.0,500.0,1,1.0,3.8907000000000456,5.0,0.05,569615929.125,20.0,96,96,52,0,0,0,,,100000.0,-26583.85424871437,73416.14575128563,-50101.86594762705,-1.044654516553685,-0.42268747268203033,-0.4226874726820303,-63449.3513247378,-0.0082605676523965,1.0,True,False
19123,508,VMM,VMM,VISHAL MEGA MART LIMITED,INE01EA01019,gap_continuation_050,25.13138324243927,True,True,EQ,106.14,True,20.0,1000.0,500.0,4,3.0,4.186840000000007,5.0,0.01,1043042671.1299999,20.0,85,85,37,0,0,0,,,100000.0,-35676.420124989825,64323.579875010175,-54332.11339109977,-2.207066360250512,-0.4284808660657846,-0.4284808660657846,-9041.001335505503,-0.0093780362231121,1.0,True,False
19124,509,NATIONALUM,NATIONALUM,NATIONAL ALUMINIUM CO LTD,INE139A01034,momentum_1d,25.13117666501405,True,True,EQ,374.1,True,20.0,1000.0,500.0,1,1.0,4.908200000000045,5.0,0.05,2075946057.05,20.0,94,94,38,0,0,0,,,100000.0,-25433.387054459163,74566.61294554084,-48906.67711850776,-1.1793526748919765,-0.3050884595530575,-0.3050884595530576,-128925.10207197018,-0.007628940492965,1.0,True,False
19143,510,FEDERALBNK,FEDERALBNK,FEDERAL BANK LTD,INE171A01029,reversal_5d,25.067963972897047,True,True,EQ,343.0,True,20.0,1000.0,500.0,1,1.0,4.515999999999978,5.0,0.05,1485111743.85,20.0,37,37,30,0,0,0,,,100000.0,-25031.82146539894,74968.17853460106,-35440.35078093957,-2.897564348013153,-0.2503182146539894,-0.2503182146539894,-97388.73223770568,-0.0125162859857039,1.0,True,False
19163,511,NTPC,NTPC,NTPC LTD,INE733E01010,gap_continuation_050,24.991117170715583,True,True,EQ,332.5,True,20.0,1000.0,500.0,1,1.0,4.3750000000000115,5.0,0.05,2596856663.35,20.0,57,57,28,0,0,0,,,100000.0,-30482.04890756549,69517.95109243451,-44762.57165101416,-3.197491616295004,-0.31662909169598485,-0.3166290916959848,-29243.427806237203,-0.0099292533751229,1.0,True,False
19194,512,TIMETECHNO,TIMETECHNO,TIME TECHNOPLAST LTD.,INE508G01029,momentum_1d,24.85849446372501,True,True,EQ,188.49,True,20.0,1000.0,500.0,2,2.0,4.973959999999991,5.0,0.01,603376241.075,20.0,93,93,50,0,0,0,,,100000.0,-34243.476646421215,65756.52335357878,-54784.58549962204,-1.907131055666887,-0.39266930480060014,-0.3926693048006001,-18908.614253438864,-0.0086731573678917,1.0,True,False
19199,513,BANKINDIA,BANKINDIA,BANK OF INDIA,INE084A01016,momentum_1d,24.84548008593621,True,True,EQ,145.0,True,20.0,1000.0,500.0,3,2.0,3.8299999999999774,5.0,0.01,754397260.855,20.0,74,74,36,0,0,0,,,100000.0,-27737.04204146155,72262.95795853845,-46356.39014461771,-1.983134020404545,-0.30912027934098973,-0.3091202793409898,-51867.8687218632,-0.0083997864520036,1.0,True,False
19200,514,RATNAVEER,RATNAVEER,RATNAVEER PRECISION ENG L,INE05CZ01011,gap_fade_050,24.84341431168402,True,True,EQ,304.75,True,20.0,1000.0,500.0,1,1.0,3.9795000000000003,5.0,0.05,2083492621.38,20.0,137,137,110,0,0,0,,,100000.0,-25933.43397344406,74066.56602655594,-57293.3363982525,-0.5904315050112736,-0.42699357951881955,-0.4269935795188196,-122684.1678939138,-0.0071806444801216,1.0,True,False
19231,515,ETERNAL,ETERNAL,ETERNAL LIMITED,INE758T01015,gap_continuation_100,24.720294166253513,True,True,EQ,322.75,True,20.0,1000.0,500.0,1,1.0,4.225499999999989,5.0,0.05,7755765299.75,20.0,58,58,32,0,0,0,,,100000.0,-32481.90505596889,67518.09494403111,-46574.315996226,-2.236355182993686,-0.32481905055968885,-0.3248190505596889,-34675.09217682746,-0.0121904556413552,1.0,True,False
19252,516,INDUSTOWER,INDUSTOWER,INDUS TOWERS LIMITED,INE121J01017,gap_fade_050,24.618451495620562,True,True,EQ,376.8,True,20.0,1000.0,500.0,1,1.0,4.9636,5.0,0.05,1780856495.225,20.0,103,103,67,0,0,0,,,100000.0,-28032.66196849299,71967.33803150701,-52439.518661442766,-1.7956150410102758,-0.359318435528334,-0.3440961318311234,-39799.09820911662,-0.0063836763211618,1.0,True,False
19307,517,GAIL,GAIL,GAIL (INDIA) LTD,INE129A01019,gap_continuation_050,24.430466038671295,True,True,EQ,173.4,True,20.0,1000.0,500.0,2,2.0,4.583600000000036,5.0,0.01,1109878265.1999998,20.0,78,78,35,0,0,0,,,100000.0,-31131.50918173106,68868.49081826894,-49699.153545677065,-2.2472794036584736,-0.3539093738721355,-0.3539093738721355,-29730.6286282402,-0.0086264566042189,1.0,True,False
19340,518,UNIONBANK,UNIONBANK,UNION BANK OF INDIA,INE692A01016,gap_fade_050,24.30589985126425,True,True,EQ,187.22,True,20.0,1000.0,500.0,2,2.0,4.948880000000009,5.0,0.01,1686478721.005,20.0,95,95,64,0,0,0,,,100000.0,-27027.424491521877,72972.57550847813,-50201.73671080117,-1.5420409719704045,-0.3420735658944163,-0.3420735658944163,-61179.973026386666,-0.0071180706479675,1.0,True,False
19396,519,IFCI,IFCI,IFCI LTD,INE039A01010,momentum_5d,24.07783837382251,True,True,EQ,101.38,True,20.0,1000.0,500.0,4,3.0,4.008280000000015,5.0,0.01,3490384221.1400003,20.0,109,109,49,0,0,0,,,100000.0,-31094.418542928324,68905.58145707168,-55561.98645288241,-0.8713996753521815,-0.3657316528834884,-0.3657316528834884,-84815.68815256,-0.0092507150965836,1.0,True,False
19418,520,TATAPOWER,TATAPOWER,TATA POWER CO LTD,INE245A01021,gap_continuation_050,23.990042968104444,True,True,EQ,368.0,True,20.0,1000.0,500.0,1,1.0,4.845999999999977,5.0,0.05,1580684879.8,20.0,51,51,26,0,0,0,,,100000.0,-33513.59421553851,66486.40578446149,-45895.30134485183,-3.530141798959367,-0.3469204642022303,-0.3469204642022303,-23967.14683021144,-0.0119159766666439,1.0,True,False
19487,521,LTF,LTF,L&T FINANCE LIMITED,INE498L01015,momentum_5d,23.670880846141134,True,True,EQ,314.0,True,20.0,1000.0,500.0,1,1.0,4.098000000000023,5.0,0.05,1074454374.875,20.0,65,65,21,0,0,0,,,100000.0,-26791.018718352687,73208.98128164731,-43654.25083214098,-2.2730390110807592,-0.2849546309056721,-0.2849546309056721,-75111.52740378794,-0.008649668692623,1.0,True,False
19488,522,SAIL,SAIL,STEEL AUTHORITY OF INDIA,INE114A01011,gap_fade_050,23.664270368534126,True,True,EQ,196.8,True,20.0,1000.0,500.0,2,1.0,2.603600000000008,5.0,0.01,3778441048.885,20.0,94,94,54,0,0,0,,,100000.0,-27912.7545424165,72087.2454575835,-50611.08528354578,-1.5418405210085395,-0.29288729928359447,-0.2928872992835944,-84848.84171106182,-0.0074546519044763,1.0,True,False
19508,523,HINDPETRO,HINDPETRO,HINDUSTAN PETROLEUM CORP,INE094A01015,momentum_1d,23.54321599735581,True,True,EQ,356.5,True,20.0,1000.0,500.0,1,1.0,4.693000000000011,5.0,0.05,1550322480.175,20.0,71,71,37,0,0,0,,,100000.0,-33576.379313683414,66423.62068631659,-50111.29644212174,-2.712493190749877,-0.3408911611442821,-0.3332201936650398,-27357.97688698965,-0.0095895033519531,1.0,True,False
19513,524,SAMMAANCAP,SAMMAANCAP,SAMMAAN CAPITAL LIMITED,INE148I01020,gap_fade_100,23.531441084118327,True,True,EQ,158.39,True,20.0,1000.0,500.0,3,2.0,4.163560000000025,5.0,0.01,963280553.225,20.0,34,34,25,0,0,0,,,100000.0,-33650.555318326704,66349.4446816733,-42203.09519977589,-2.025830954603036,-0.336505553183267,-0.336505553183267,-52973.52260047756,-0.0225652687935882,1.0,True,False
19536,525,VEDL,VEDL,VEDANTA LIMITED,INE205A01025,momentum_5d,23.433316807139317,True,True,EQ,272.1,True,20.0,1000.0,500.0,1,1.0,3.5842000000000453,5.0,0.05,2725791271.35,20.0,75,75,27,0,0,0,,,100000.0,-29470.431808557056,70529.56819144294,-47860.34207092934,-1.477214579392717,-0.2947043180855706,-0.2947043180855705,-107285.0588476167,-0.0101252798909614,1.0,True,False
19550,526,CUB,CUB,CITY UNION BANK LTD,INE491A01021,open_to_close,23.36576598909271,True,True,EQ,236.01,True,20.0,1000.0,500.0,2,1.0,3.1320200000000136,5.0,0.01,520786236.12,20.0,252,252,0,0,0,0,,,100000.0,-33317.6756097359,66682.3243902641,-75759.60668590773,-0.9238894928211348,-0.4306516722177951,-0.430651672217795,-41256.65004115281,-0.0042030784185515,1.0,True,False
19584,527,M&MFIN,M&MFIN,M&M FIN. SERVICES LTD,INE774D01024,reversal_5d,23.236448520905636,True,True,EQ,373.65,True,20.0,1000.0,500.0,1,1.0,4.9073000000000455,5.0,0.05,685055156.175,20.0,87,87,58,0,0,0,,,100000.0,-28584.01857324537,71415.98142675463,-49680.82839462633,-1.5573735307946146,-0.33005315977617733,-0.3300531597761773,-74344.47484700942,-0.00823557265345,1.0,True,False
19603,528,TIMETECHNO,TIMETECHNO,TIME TECHNOPLAST LTD.,INE508G01029,gap_fade_050,23.16869112543381,True,True,EQ,188.49,True,20.0,1000.0,500.0,2,2.0,4.973959999999991,5.0,0.01,603376241.075,20.0,110,110,70,0,0,0,,,100000.0,-36405.52339741546,63594.47660258454,-59157.44020135568,-1.924064096539772,-0.4066852136089897,-0.4066852136089897,-21070.66100443311,-0.0078626988669585,1.0,True,False
19649,529,JSWINFRA,JSWINFRA,JSW INFRASTRUCTURE LTD,INE880J01026,turn_of_month,23.025119814906628,True,True,EQ,333.0,True,20.0,1000.0,500.0,1,1.0,4.376000000000012,5.0,0.05,687390417.0250001,20.0,75,75,0,0,0,0,,,100000.0,-31237.04245756811,68762.95754243189,-49168.3541962916,-2.62320674263571,-0.3266417513064359,-0.3266417513064359,-39329.15824199161,-0.0084482557344268,1.0,True,False
19655,530,RVNL,RVNL,RAIL VIKAS NIGAM LIMITED,INE415G01027,turn_of_month,22.995992397950754,True,True,EQ,212.49,True,20.0,1000.0,500.0,2,1.0,2.824980000000005,5.0,0.01,790215108.33,20.0,75,75,0,0,0,0,,,100000.0,-41363.840570141285,58636.159429858715,-56683.09260496266,-3.019105149389185,-0.41885822346278334,-0.4188582234627833,-7267.7307303244015,-0.0112944798415592,1.0,True,False
19727,531,RATNAVEER,RATNAVEER,RATNAVEER PRECISION ENG L,INE05CZ01011,reversal_1d,22.67414476945959,True,True,EQ,304.75,True,20.0,1000.0,500.0,1,1.0,3.9795000000000003,5.0,0.05,2083492621.38,20.0,109,109,56,0,0,0,,,100000.0,-29652.706205165785,70347.29379483422,-54623.76046241598,-1.0813033845186537,-0.3456845959113638,-0.3456845959113638,-126403.44012563552,-0.0080612107623599,1.0,True,False
19756,532,BPCL,BPCL,BHARAT PETROLEUM CORP  LT,INE029A01011,gap_continuation_050,22.531399768633282,True,True,EQ,315.7,True,20.0,1000.0,500.0,1,1.0,4.151400000000034,5.0,0.05,1504042323.325,20.0,101,101,42,0,0,0,,,100000.0,-34064.20234230012,65935.79765769988,-56090.78150378993,-2.099253678511388,-0.3581179107905159,-0.3581179107905159,-32990.940559752155,-0.0076294754296349,1.0,True,False
19808,533,KTKBANK,KTKBANK,KARNATAKA BANK LIMITED,INE614B01018,reversal_5d,22.262022806147744,True,True,EQ,340.1,True,20.0,1000.0,500.0,1,1.0,4.510200000000034,5.0,0.05,875316394.0,20.0,61,61,48,0,0,0,,,100000.0,-27902.166648466504,72097.8333515335,-43616.75147004803,-2.098357239948148,-0.2937565227500787,-0.2937565227500787,-117631.33210691364,-0.009991896341492,1.0,True,False
19843,534,NYKAA,NYKAA,FSN E COMMERCE VENTURES,INE388Y01029,gap_continuation_050,22.10605685010742,True,True,EQ,332.5,True,20.0,1000.0,500.0,1,1.0,4.3750000000000115,5.0,0.05,1197465305.875,20.0,92,92,33,0,0,0,,,100000.0,-28058.10473045704,71941.89526954296,-50313.11371400199,-1.8855805409642383,-0.31568390847823125,-0.3156839084782312,-77068.3767403324,-0.0070021718125481,1.0,True,False
19859,535,LTF,LTF,L&T FINANCE LIMITED,INE498L01015,momentum_1d,22.031482399603373,True,True,EQ,314.0,True,20.0,1000.0,500.0,1,1.0,4.098000000000023,5.0,0.05,1074454374.875,20.0,73,73,30,0,0,0,,,100000.0,-29455.92186241418,70544.07813758582,-47427.21147483283,-2.121340397451694,-0.2982464955930475,-0.2920243243436966,-77776.43054784944,-0.0088553896980048,1.0,True,False
19905,536,MOTHERSON,MOTHERSON,SAMVRDHNA MTHRSN INTL LTD,INE775A01035,gap_fade_050,21.850313997686335,True,True,EQ,160.7,True,20.0,1000.0,500.0,3,2.0,4.222800000000046,5.0,0.01,1970325383.705,20.0,98,98,62,0,0,0,,,100000.0,-25960.33146712079,74039.66853287921,-50073.73942559829,-1.6681607476672369,-0.36837118730040674,-0.3683711873004067,-92962.34353955506,-0.0063635410580609,1.0,True,False
19917,537,M&MFIN,M&MFIN,M&M FIN. SERVICES LTD,INE774D01024,reversal_1d,21.787721037844985,True,True,EQ,373.65,True,20.0,1000.0,500.0,1,1.0,4.9073000000000455,5.0,0.05,685055156.175,20.0,93,93,47,0,0,0,,,100000.0,-30417.99083595333,69582.00916404667,-52143.704705266944,-1.524388061360403,-0.36127695094285994,-0.3612769509428599,-76178.44710971738,-0.0083436142752833,1.0,True,False
19939,538,HAPPSTMNDS,HAPPSTMNDS,HAPPIEST MINDS TECHNO LTD,INE419U01012,momentum_5d,21.651379937200463,True,True,EQ,354.0,True,20.0,1000.0,500.0,1,1.0,4.638,5.0,0.05,753218049.925,20.0,61,61,41,0,0,0,,,100000.0,-44027.151646546045,55972.848353453955,-56275.29583138326,-2.29874490009116,-0.46619320845910384,-0.4661932084591038,-15370.84063729395,-0.0166268880133313,1.0,True,False
19963,539,CGCL,CGCL,CAPRI GLOBAL CAPITAL LTD,INE180C01042,gap_fade_050,21.519170385060324,True,True,EQ,279.9,True,20.0,1000.0,500.0,1,1.0,3.6498,5.0,0.05,929393790.7750001,20.0,101,101,70,0,0,0,,,100000.0,-32182.426339871585,67817.57366012842,-54834.07858545274,-1.5702853601647333,-0.3732188750526173,-0.3732188750526173,-62339.80617823865,-0.0080826748552066,1.0,True,False
20010,540,KTKBANK,KTKBANK,KARNATAKA BANK LIMITED,INE614B01018,reversal_1d,21.27416955875062,True,True,EQ,340.1,True,20.0,1000.0,500.0,1,1.0,4.510200000000034,5.0,0.05,875316394.0,20.0,62,62,38,0,0,0,,,100000.0,-28744.61015747077,71255.38984252923,-44502.34971662944,-1.74313575398842,-0.37712208728461305,-0.377122087284613,-118473.7756159179,-0.0110580662099959,1.0,True,False
20033,541,PPLPHARMA,PPLPHARMA,PIRAMAL PHARMA LIMITED,INE0DK501011,momentum_5d,21.14815732936705,True,True,EQ,214.22,True,20.0,1000.0,500.0,2,1.0,2.848440000000015,5.0,0.01,639401063.4000001,20.0,66,66,27,0,0,0,,,100000.0,-34017.69779161597,65982.30220838403,-49441.25637372233,-2.5932376323981243,-0.3555727050986546,-0.3555727050986546,-44696.85952376155,-0.0106591847162743,1.0,True,False
20057,542,HINDPETRO,HINDPETRO,HINDUSTAN PETROLEUM CORP,INE094A01015,gap_fade_050,21.037844984300115,True,True,EQ,356.5,True,20.0,1000.0,500.0,1,1.0,4.693000000000011,5.0,0.05,1550322480.175,20.0,102,102,57,0,0,0,,,100000.0,-37400.68561402176,62599.31438597824,-58488.259401599375,-2.3180273634521527,-0.37400685614021767,-0.3740068561402176,-31182.283187328,-0.0081224095659117,1.0,True,False
20061,543,SWIGGY,SWIGGY,SWIGGY LIMITED,INE00H001014,gap_continuation_050,21.01945959345563,True,True,EQ,276.1,True,20.0,1000.0,500.0,1,1.0,3.6422,5.0,0.05,3023414109.25,20.0,116,116,45,0,0,0,,,100000.0,-43697.70894244277,56302.29105755723,-64718.23307705015,-2.1687224121134747,-0.48966703471468187,-0.4896670347146818,-13187.57957949418,-0.0089074976227405,1.0,True,False
20106,544,BELRISE,BELRISE,BELRISE INDUSTRIES LTD,INE894V01022,momentum_1d,20.82135184267063,True,True,EQ,236.86,True,20.0,1000.0,500.0,2,1.0,3.1337200000000136,5.0,0.01,837487795.4749999,20.0,86,86,38,0,0,0,,,100000.0,-32705.887519231863,67294.11248076813,-52406.52941751944,-1.7186872245463831,-0.3270588751923187,-0.3093435955604054,-81097.16090565028,-0.0092993095003532,1.0,True,False
20152,545,POWERGRID,POWERGRID,POWER GRID CORP. LTD.,INE752E01010,gap_continuation_100,20.585853577921007,True,True,EQ,266.0,True,20.0,1000.0,500.0,1,1.0,3.5119999999999774,5.0,0.05,2045111029.025,20.0,36,36,16,0,0,0,,,100000.0,-39151.9761022166,60848.0238977834,-47434.82595152773,-3.564031942490403,-0.40178301965507834,-0.4017830196550783,-31131.142768883252,-0.0200262124500513,1.0,True,False
20156,546,SHANTIGOLD,SHANTIGOLD,SHANTI GOLD INTERNATION L,INE06ZD01017,momentum_5d,20.568087919352173,True,True,EQ,256.34,True,20.0,1000.0,500.0,1,1.0,3.392680000000002,5.0,0.01,581797494.775,20.0,79,79,33,0,0,0,,,100000.0,-40685.027944581365,59314.972055418635,-56880.30122605348,-1.7979616428302878,-0.4241070088653841,-0.4241070088653841,-37937.99237145893,-0.0128778620257572,1.0,True,False
20166,547,RATNAVEER,RATNAVEER,RATNAVEER PRECISION ENG L,INE05CZ01011,gap_continuation_050,20.51685671789787,True,True,EQ,304.75,True,20.0,1000.0,500.0,1,1.0,3.9795000000000003,5.0,0.05,2083492621.38,20.0,137,137,27,0,0,0,,,100000.0,-32635.39764490921,67364.60235509078,-61172.06883977563,-0.840774954476636,-0.4894155180627424,-0.4894155180627425,-129386.13156537896,-0.0078814791466486,1.0,True,False
20197,548,SAMMAANCAP,SAMMAANCAP,SAMMAAN CAPITAL LIMITED,INE148I01020,gap_fade_050,20.396835233845646,True,True,EQ,158.39,True,20.0,1000.0,500.0,3,2.0,4.163560000000025,5.0,0.01,963280553.225,20.0,103,103,75,0,0,0,,,100000.0,-35357.86642244738,64642.13357755262,-57301.398996403965,-1.6888590861021515,-0.38713489652569344,-0.3871348965256933,-54680.83370459824,-0.008559401289373,1.0,True,False
20205,549,REDINGTON,REDINGTON,REDINGTON LIMITED,INE891D01026,gap_fade_100,20.379895884977692,True,True,EQ,371.3,True,20.0,1000.0,500.0,1,1.0,4.902599999999989,5.0,0.05,1285574404.2,20.0,49,49,31,0,0,0,,,100000.0,-35096.26078155485,64903.73921844515,-46767.621946074265,-1.823935239646624,-0.3574105966139949,-0.3574105966139949,-82192.50539472979,-0.0172491648275607,1.0,True,False
20230,550,MRPL,MRPL,MRPL,INE103A01014,gap_continuation_050,20.2623533300281,True,True,EQ,174.83,True,20.0,1000.0,500.0,2,2.0,4.609320000000018,5.0,0.01,1066722579.155,20.0,100,100,27,0,0,0,,,100000.0,-36009.11533583522,63990.88466416478,-57224.43567307718,-1.3691792998186565,-0.39117138662683104,-0.3911713866268311,-72485.34386160427,-0.0098455673934,1.0,True,False
20231,551,HAPPSTMNDS,HAPPSTMNDS,HAPPIEST MINDS TECHNO LTD,INE419U01012,turn_of_month,20.254916542720213,True,True,EQ,354.0,True,20.0,1000.0,500.0,1,1.0,4.638,5.0,0.05,753218049.925,20.0,75,75,0,0,0,0,,,100000.0,-44009.91332828437,55990.08667171563,-58645.71616695823,-3.1767484210903096,-0.44009913328284367,-0.4400991332828436,-15353.602319032274,-0.0120170469501792,1.0,True,False
20235,552,KTKBANK,KTKBANK,KARNATAKA BANK LIMITED,INE614B01018,open_to_close,20.245620558585358,True,True,EQ,340.1,True,20.0,1000.0,500.0,1,1.0,4.510200000000034,5.0,0.05,875316394.0,20.0,252,252,0,0,0,0,,,100000.0,-28977.41364426461,71022.58635573539,-74173.02182953682,-0.975989344749246,-0.3979868921612272,-0.3903842496622506,-118706.57910271174,-0.0035504267705263,1.0,True,False
20249,553,NATIONALUM,NATIONALUM,NATIONAL ALUMINIUM CO LTD,INE139A01034,reversal_5d,20.206370847793753,True,True,EQ,374.1,True,20.0,1000.0,500.0,1,1.0,4.908200000000045,5.0,0.05,2075946057.05,20.0,93,93,64,0,0,0,,,100000.0,-31311.936303006645,68688.06369699335,-52760.88897520251,-1.6123060531913729,-0.33076315661607936,-0.3307631566160793,-134803.65132051765,-0.0084073236998184,1.0,True,False
20260,554,MANAPPURAM,MANAPPURAM,MANAPPURAM FINANCE LTD,INE522D01027,gap_continuation_050,20.121054371178317,True,True,EQ,339.7,True,20.0,1000.0,500.0,1,1.0,4.459400000000023,5.0,0.05,1569912665.4250002,20.0,110,110,48,0,0,0,,,100000.0,-33037.554037480935,66962.44596251906,-56984.50181657752,-1.951514221617985,-0.3426161976648151,-0.3426161976648152,-62141.616363579946,-0.0069673575232542,1.0,True,False
20261,555,JSWINFRA,JSWINFRA,JSW INFRASTRUCTURE LTD,INE880J01026,gap_fade_050,20.114443893571313,True,True,EQ,333.0,True,20.0,1000.0,500.0,1,1.0,4.376000000000012,5.0,0.05,687390417.0250001,20.0,88,88,60,0,0,0,,,100000.0,-35767.19683038531,64232.80316961469,-54941.91965570179,-2.213333405052349,-0.3925867401247869,-0.3925867401247869,-43859.312614808805,-0.0090745924502237,1.0,True,False
20280,556,IOLCP,IOLCP,IOL CHEM AND PHARMA LTD,INE485C01029,momentum_5d,20.026855065278465,True,True,EQ,199.95,True,20.0,1000.0,500.0,2,1.0,2.649900000000009,5.0,0.01,644714183.21,20.0,116,116,41,0,0,0,,,100000.0,-33555.86106149273,66444.13893850727,-58340.39349729542,-0.958467919189108,-0.4876399512264271,-0.4876399512264271,-132126.26114377184,-0.0091130567403091,1.0,True,False
20301,557,ASHOKLEY,ASHOKLEY,ASHOK LEYLAND LTD,INE208A01029,gap_fade_050,19.91385721368369,True,True,EQ,169.0,True,20.0,1000.0,500.0,2,2.0,4.485999999999995,5.0,0.01,2510244023.355,20.0,93,93,60,0,0,0,,,100000.0,-33209.102674062495,66790.8973259375,-54071.06063027248,-1.6820889978055302,-0.42003566502094347,-0.4200356650209434,-66312.343970581,-0.0088320519378274,1.0,True,False
20320,558,SCI,SCI,SHIPPING CORP OF INDIA LT,INE109A01011,reversal_1d,19.83701041150223,True,True,EQ,295.35,True,20.0,1000.0,500.0,1,1.0,3.8907000000000456,5.0,0.05,569615929.125,20.0,96,96,48,0,0,0,,,100000.0,-35762.01323488837,64237.98676511163,-56364.45597387725,-1.418695112907036,-0.4156285487533766,-0.4156285487533766,-72627.5103109118,-0.0100002554235128,1.0,True,False
20328,559,SCI,SCI,SHIPPING CORP OF INDIA LT,INE109A01011,gap_fade_100,19.79342257478103,True,True,EQ,295.35,True,20.0,1000.0,500.0,1,1.0,3.8907000000000456,5.0,0.05,569615929.125,20.0,44,44,24,0,0,0,,,100000.0,-33795.30524597841,66204.69475402159,-44594.339764904646,-2.3596734027374398,-0.38359165930423533,-0.3835916593042353,-70660.80232200184,-0.0164174038795711,1.0,True,False
20330,560,WELSPUNLIV,WELSPUNLIV,WELSPUN LIVING LIMITED,INE192B01031,momentum_1d,19.788051561725336,True,True,EQ,208.51,True,20.0,1000.0,500.0,2,1.0,2.7770200000000127,5.0,0.01,718406604.175,20.0,90,90,41,0,0,0,,,100000.0,-31628.119756431654,68371.88024356835,-52410.24623451215,-1.6581090704906136,-0.3936368353080455,-0.3839092775499885,-89294.56777217427,-0.0086838708974307,1.0,True,False
20345,561,SCI,SCI,SHIPPING CORP OF INDIA LT,INE109A01011,gap_fade_050,19.71512973062304,True,True,EQ,295.35,True,20.0,1000.0,500.0,1,1.0,3.8907000000000456,5.0,0.05,569615929.125,20.0,99,99,69,0,0,0,,,100000.0,-35863.248599377395,64136.751400622605,-56953.87042316291,-1.428967006608049,-0.412543695473477,-0.412543695473477,-72728.74567540083,-0.0097166699412773,1.0,True,False
20346,562,MRPL,MRPL,MRPL,INE103A01014,momentum_5d,19.713477111221287,True,True,EQ,174.83,True,20.0,1000.0,500.0,2,2.0,4.609320000000018,5.0,0.01,1066722579.155,20.0,82,82,30,0,0,0,,,100000.0,-38087.61444855557,61912.38555144443,-55525.71196541076,-1.328462425783655,-0.42666887279890275,-0.4266688727989027,-74563.84297432462,-0.0129467916781744,1.0,True,False
20352,563,ETERNAL,ETERNAL,ETERNAL LIMITED,INE758T01015,open_to_close,19.65088415137994,True,True,EQ,322.75,True,20.0,1000.0,500.0,1,1.0,4.225499999999989,5.0,0.05,7755765299.75,20.0,252,252,0,0,0,0,,,100000.0,-38123.72480770411,61876.27519229589,-77511.96042062563,-1.3636421148485045,-0.4636912359021875,-0.4636912359021875,-40316.91192856267,-0.0041691788684022,1.0,True,False
20408,564,MOTHERSON,MOTHERSON,SAMVRDHNA MTHRSN INTL LTD,INE775A01035,momentum_1d,19.40753594447199,True,True,EQ,160.7,True,20.0,1000.0,500.0,3,2.0,4.222800000000046,5.0,0.01,1970325383.705,20.0,74,74,31,0,0,0,,,100000.0,-30389.38102489966,69610.61897510034,-48332.67587180359,-2.450714803949869,-0.3278675330076548,-0.3278675330076549,-97391.39309733392,-0.0085218614567693,1.0,True,False
20438,565,EDELWEISS,EDELWEISS,EDELWEISS FIN SERV LTD,INE532F01054,gap_fade_050,19.2410345397455,True,True,EQ,136.08,True,20.0,1000.0,500.0,3,2.0,3.604320000000027,5.0,0.01,529679119.34000003,20.0,103,103,65,0,0,0,,,100000.0,-35363.72439907991,64636.27560092009,-57304.46726304705,-1.8511349260992396,-0.37989799186760476,-0.3798979918676048,-62154.52618988157,-0.0082399981640591,1.0,True,False
20463,566,M&MFIN,M&MFIN,M&M FIN. SERVICES LTD,INE774D01024,gap_fade_100,19.162328540737068,True,True,EQ,373.65,True,20.0,1000.0,500.0,1,1.0,4.9073000000000455,5.0,0.05,685055156.175,20.0,39,39,26,0,0,0,,,100000.0,-33750.755301927566,66249.24469807243,-43433.66285680408,-2.818459922103288,-0.36004502678090167,-0.3600450267809015,-79511.21157569162,-0.0170791421490549,1.0,True,False
20524,567,CGCL,CGCL,CAPRI GLOBAL CAPITAL LTD,INE180C01042,momentum_1d,18.864443893571313,True,True,EQ,279.9,True,20.0,1000.0,500.0,1,1.0,3.6498,5.0,0.05,929393790.7750001,20.0,68,68,29,0,0,0,,,100000.0,-36040.97125455648,63959.02874544352,-51390.61142616991,-2.123306166047364,-0.3795439064110804,-0.3795439064110804,-66198.35109292355,-0.0120433947646117,1.0,True,False
20558,568,MANAPPURAM,MANAPPURAM,MANAPPURAM FINANCE LTD,INE522D01027,open_to_close,18.726037018674596,True,True,EQ,339.7,True,20.0,1000.0,500.0,1,1.0,4.459400000000023,5.0,0.05,1569912665.4250002,20.0,252,252,0,0,0,0,,,100000.0,-35272.03236279107,64727.96763720893,-76470.82184452107,-1.2969999157749108,-0.4109655281513478,-0.4109655281513478,-64376.09468889008,-0.0038934967745464,1.0,True,False
20602,569,VIYASH,VIYASH,VIYASH SCIENTIFIC LIMITED,INE807F01027,gap_fade_050,18.45645347876384,True,True,EQ,265.85,True,20.0,1000.0,500.0,1,1.0,3.511699999999977,5.0,0.05,932019464.075,20.0,110,110,77,0,0,0,,,100000.0,-35634.00008587157,64365.99991412843,-58662.37378811985,-1.437047513379753,-0.44894096438355124,-0.4489409643835512,-82909.82301436158,-0.0086622235045686,1.0,True,False
20612,570,ASHOKLEY,ASHOKLEY,ASHOK LEYLAND LTD,INE208A01029,gap_fade_100,18.414105106593954,True,True,EQ,169.0,True,20.0,1000.0,500.0,2,2.0,4.485999999999995,5.0,0.01,2510244023.355,20.0,51,51,31,0,0,0,,,100000.0,-36789.35182336264,63210.64817663736,-48574.028167838456,-2.278281449314977,-0.3936773969069819,-0.3936773969069819,-69892.59311988114,-0.0159585931263724,1.0,True,False
20625,571,WELSPUNLIV,WELSPUNLIV,WELSPUN LIVING LIMITED,INE192B01031,gap_fade_100,18.362667327714426,True,True,EQ,208.51,True,20.0,1000.0,500.0,2,1.0,2.7770200000000127,5.0,0.01,718406604.175,20.0,48,48,26,0,0,0,,,100000.0,-35005.86680688767,64994.13319311233,-46477.364062499226,-2.2015188941471893,-0.39026011234634816,-0.3902601123463481,-92672.31482263027,-0.0161801305928418,1.0,True,False
20651,572,VEDL,VEDL,VEDANTA LIMITED,INE205A01025,momentum_1d,18.2240538753925,True,True,EQ,272.1,True,20.0,1000.0,500.0,1,1.0,3.5842000000000453,5.0,0.05,2725791271.35,20.0,85,85,36,0,0,0,,,100000.0,-34691.42202974745,65308.57797025255,-53630.87204509795,-1.8980620025115096,-0.34691422029747454,-0.3418805494647992,-112506.0490688071,-0.0096504384328978,1.0,True,False
20669,573,REDINGTON,REDINGTON,REDINGTON LIMITED,INE891D01026,gap_fade_050,18.175301603040822,True,True,EQ,371.3,True,20.0,1000.0,500.0,1,1.0,4.902599999999989,5.0,0.05,1285574404.2,20.0,100,100,69,0,0,0,,,100000.0,-37054.046577926034,62945.953422073966,-57924.39102915808,-1.6417434037681824,-0.38586062068487537,-0.3858606206848752,-84150.29119110096,-0.0094177057538267,1.0,True,False
20709,574,MARKSANS,MARKSANS,MARKSANS PHARMA LIMITED,INE750C01026,momentum_1d,18.006114691786482,True,True,EQ,326.75,True,20.0,1000.0,500.0,1,1.0,4.2935,5.0,0.05,723088181.3,20.0,79,79,32,0,0,0,,,100000.0,-37458.78065850555,62541.21934149445,-54525.49093544016,-1.524811383685655,-0.4055395900794001,-0.4055395900794001,-114444.88875488054,-0.0125131544657623,1.0,True,False
20784,575,RAIN,RAIN,RAIN INDUSTRIES LIMITED,INE855B01025,gap_fade_100,17.66133696909602,True,True,EQ,215.72,True,20.0,1000.0,500.0,2,1.0,2.8614400000000058,5.0,0.01,785659370.01,20.0,42,42,26,0,0,0,,,100000.0,-38638.19844705366,61361.80155294634,-48250.88328526213,-2.4361049360710085,-0.44265401222534007,-0.44265401222534,-62993.645955210544,-0.019939656452458,1.0,True,False
20804,576,GAIL,GAIL,GAIL (INDIA) LTD,INE129A01019,open_to_close,17.57973888613452,True,True,EQ,173.4,True,20.0,1000.0,500.0,2,2.0,4.583600000000036,5.0,0.01,1109878265.1999998,20.0,252,252,0,0,0,0,,,100000.0,-39028.764116258266,60971.235883741734,-77839.97779591833,-2.0830704203964165,-0.4151700979600077,-0.4151700979600077,-37627.883562767405,-0.0036210427222766,1.0,True,False
20830,577,IOLCP,IOLCP,IOL CHEM AND PHARMA LTD,INE485C01029,gap_fade_050,17.4477359114196,True,True,EQ,199.95,True,20.0,1000.0,500.0,2,1.0,2.649900000000009,5.0,0.01,644714183.21,20.0,120,120,86,0,0,0,,,100000.0,-39047.989150606765,60952.010849393235,-62404.5595749707,-1.2519994885233323,-0.4232775005128908,-0.4232775005128907,-137618.38923288588,-0.0093234508309533,1.0,True,False
20833,578,MOTHERSON,MOTHERSON,SAMVRDHNA MTHRSN INTL LTD,INE775A01035,open_to_close,17.433895223929927,True,True,EQ,160.7,True,20.0,1000.0,500.0,3,2.0,4.222800000000046,5.0,0.01,1970325383.705,20.0,252,252,0,0,0,0,,,100000.0,-34345.36822873274,65654.63177126726,-76132.09776522545,-1.3382629158272057,-0.3806195322249487,-0.3684601894465344,-101347.380301167,-0.0037308084884152,1.0,True,False
20834,579,LTF,LTF,L&T FINANCE LIMITED,INE498L01015,open_to_close,17.428937365724675,True,True,EQ,314.0,True,20.0,1000.0,500.0,1,1.0,4.098000000000023,5.0,0.05,1074454374.875,20.0,252,252,0,0,0,0,,,100000.0,-34632.82345654479,65367.17654345521,-76237.58076253744,-1.2390036585229218,-0.4629099116790587,-0.4629099116790587,-82953.33214198005,-0.0038914768790418,1.0,True,False
20836,580,ENGINERSIN,ENGINERSIN,ENGINEERS INDIA LTD,INE510A01028,gap_fade_050,17.40993224260453,True,True,EQ,279.45,True,20.0,1000.0,500.0,1,1.0,3.6489,5.0,0.05,643467907.135,20.0,93,93,65,0,0,0,,,100000.0,-37906.22299292247,62093.77700707753,-57313.82063517488,-1.9522147221304584,-0.4404533711238011,-0.4404533711238011,-63919.08144786686,-0.0097007034093407,1.0,True,False
20909,581,AWL,AWL,AWL AGRI BUSINESS LIMITED,INE699H01024,gap_continuation_050,17.09985952735085,True,True,EQ,187.29,True,20.0,1000.0,500.0,2,2.0,4.949160000000009,5.0,0.01,561855120.3199999,20.0,84,84,29,0,0,0,,,100000.0,-48213.72790013696,51786.27209986304,-63118.1574633634,-3.094392991193515,-0.48554923872360833,-0.4855492387236083,-25169.998368254743,-0.0122689429516393,1.0,True,False
20938,582,MOREPENLAB,MOREPENLAB,MOREPEN LAB. LTD,INE083A01026,gap_fade_100,16.942447529333997,True,True,EQ,113.74,True,20.0,1000.0,500.0,4,3.0,4.502440000000029,5.0,0.01,2521047229.6800003,20.0,50,50,34,0,0,0,,,100000.0,-36834.24680779847,63165.75319220153,-48405.40604974315,-2.020562835412876,-0.4171176815495552,-0.4171176815495552,-134665.67070305254,-0.0171461145140741,1.0,True,False
20974,583,TATAPOWER,TATAPOWER,TATA POWER CO LTD,INE245A01021,open_to_close,16.79701702197984,True,True,EQ,368.0,True,20.0,1000.0,500.0,1,1.0,4.845999999999977,5.0,0.05,1580684879.8,20.0,252,252,0,0,0,0,,,100000.0,-41677.35116715621,58322.64883284379,-78806.02456621699,-2.5263872661684785,-0.41800364203762674,-0.4180036420376268,-32130.903781829133,-0.0036558696053585,1.0,True,False
20995,584,SHANTIGOLD,SHANTIGOLD,SHANTI GOLD INTERNATION L,INE06ZD01017,gap_continuation_050,16.713766319616592,True,True,EQ,256.34,True,20.0,1000.0,500.0,1,1.0,3.392680000000002,5.0,0.01,581797494.775,20.0,120,120,31,0,0,0,,,100000.0,-46243.34517067752,53756.65482932248,-66857.45998692687,-1.8663574102691631,-0.5001591177638085,-0.5001591177638085,-43496.30959755508,-0.0098104934775593,1.0,True,False
21030,585,WELSPUNLIV,WELSPUNLIV,WELSPUN LIVING LIMITED,INE192B01031,open_to_close,16.5516030408197,True,True,EQ,208.51,True,20.0,1000.0,500.0,2,1.0,2.7770200000000127,5.0,0.01,718406604.175,20.0,252,252,0,0,0,0,,,100000.0,-38351.74079982215,61648.25920017785,-77596.58865720706,-1.132048242049022,-0.4739831218483954,-0.4655445163032646,-96018.18881556476,-0.0045300698362587,1.0,True,False
21066,586,MOREPENLAB,MOREPENLAB,MOREPEN LAB. LTD,INE083A01026,open_to_close,16.40906461741861,True,True,EQ,113.74,True,20.0,1000.0,500.0,4,3.0,4.502440000000029,5.0,0.01,2521047229.6800003,20.0,252,252,0,0,0,0,,,100000.0,-38653.69277865729,61346.30722134271,-77709.82206998921,-0.8343492584880376,-0.6529650145478048,-0.6529650145478048,-136485.1166739114,-0.0051387615476059,1.0,True,False
21068,587,MOREPENLAB,MOREPENLAB,MOREPEN LAB. LTD,INE083A01026,momentum_5d,16.391298958849777,True,True,EQ,113.74,True,20.0,1000.0,500.0,4,3.0,4.502440000000029,5.0,0.01,2521047229.6800003,20.0,105,105,40,0,0,0,,,100000.0,-39786.67416156742,60213.32583843258,-60559.20435806979,-1.4288882118863742,-0.44582864605469896,-0.4458286460546989,-137618.0980568215,-0.0103382929181792,1.0,True,False
21079,588,IOLCP,IOLCP,IOL CHEM AND PHARMA LTD,INE485C01029,open_to_close,16.343992728474632,True,True,EQ,199.95,True,20.0,1000.0,500.0,2,1.0,2.649900000000009,5.0,0.01,644714183.21,20.0,252,252,0,0,0,0,,,100000.0,-40017.7277845665,59982.2722154335,-78209.01360978984,-0.7886380947596769,-0.6622460449192982,-0.6622460449192982,-138588.1278668456,-0.0054220106332796,1.0,True,False
21098,589,IFCI,IFCI,IFCI LTD,INE039A01010,gap_fade_100,16.28553131713766,True,True,EQ,101.38,True,20.0,1000.0,500.0,4,3.0,4.008280000000015,5.0,0.01,3490384221.1400003,20.0,49,49,31,0,0,0,,,100000.0,-41525.55669974462,58474.44330025538,-52063.517502334114,-1.8858714103002725,-0.4400873792685168,-0.4400873792685168,-95246.82630937632,-0.0207910070245757,1.0,True,False
21132,590,RAIN,RAIN,RAIN INDUSTRIES LIMITED,INE855B01025,gap_fade_050,16.072136836886465,True,True,EQ,215.72,True,20.0,1000.0,500.0,2,1.0,2.8614400000000058,5.0,0.01,785659370.01,20.0,96,96,64,0,0,0,,,100000.0,-45170.856045423,54829.143954577,-62783.07285644986,-1.4710109252506307,-0.5675479971212742,-0.5675479971212742,-69526.30355357988,-0.0130398010748311,1.0,True,False
21151,591,SAIL,SAIL,STEEL AUTHORITY OF INDIA,INE114A01011,momentum_1d,15.965956040323913,True,True,EQ,196.8,True,20.0,1000.0,500.0,2,1.0,2.603600000000008,5.0,0.01,3778441048.885,20.0,79,79,36,0,0,0,,,100000.0,-37877.22734918944,62122.77265081056,-54828.64647189754,-2.113635460931837,-0.421909289464386,-0.421909289464386,-94813.31451783476,-0.0110197342689022,1.0,True,False
21154,592,RATNAVEER,RATNAVEER,RATNAVEER PRECISION ENG L,INE05CZ01011,momentum_5d,15.961617914394315,True,True,EQ,304.75,True,20.0,1000.0,500.0,1,1.0,3.9795000000000003,5.0,0.05,2083492621.38,20.0,90,90,31,0,0,0,,,100000.0,-38069.3821374989,61930.6178625011,-56913.20331558052,-1.6393287982678266,-0.4763630184932591,-0.4730518790932767,-134820.11605796864,-0.0108286989835116,1.0,True,False
21339,593,BANKBARODA,BANKBARODA,BANK OF BARODA,INE028A01039,open_to_close,15.180342092216165,True,True,EQ,239.0,True,20.0,1000.0,500.0,2,1.0,3.1679999999999864,5.0,0.01,1806686690.8600001,20.0,252,252,0,0,0,0,,,100000.0,-43691.28184863688,56308.71815136312,-79541.14762907804,-2.4276796021005524,-0.43691281848636876,-0.4306590540366164,-41242.384864220745,-0.0039402637174959,1.0,True,False
21356,594,BANKINDIA,BANKINDIA,BANK OF INDIA,INE084A01016,open_to_close,15.10659395141299,True,True,EQ,145.0,True,20.0,1000.0,500.0,3,2.0,3.8299999999999774,5.0,0.01,754397260.855,20.0,252,252,0,0,0,0,,,100000.0,-40390.561192090834,59609.438807909166,-78337.6601871477,-1.8503507736512044,-0.42286048090387274,-0.4228604809038727,-64521.38787249248,-0.0039556625411293,1.0,True,False
21364,595,BANDHANBNK,BANDHANBNK,BANDHAN BANK LIMITED,INE545U01014,gap_fade_100,15.074367873078831,True,True,EQ,164.95,True,20.0,1000.0,500.0,3,2.0,4.32980000000003,5.0,0.01,845147095.665,20.0,37,37,18,0,0,0,,,100000.0,-47831.72461677143,52168.27538322857,-55142.14247955076,-3.7381819877141695,-0.4783172461677143,-0.4783172461677143,-45354.85547132007,-0.0249095346495753,1.0,True,False
21380,596,NYKAA,NYKAA,FSN E COMMERCE VENTURES,INE388Y01029,open_to_close,15.01652619401752,True,True,EQ,332.5,True,20.0,1000.0,500.0,1,1.0,4.3750000000000115,5.0,0.05,1197465305.875,20.0,252,252,0,0,0,0,,,100000.0,-37274.55528794463,62725.44471205537,-77200.3204365856,-1.7447358095254812,-0.41128324648048953,-0.4112832464804896,-86284.82729782,-0.0036754636762952,1.0,True,False
21488,597,MARKSANS,MARKSANS,MARKSANS PHARMA LIMITED,INE750C01026,open_to_close,14.488720872583045,True,True,EQ,326.75,True,20.0,1000.0,500.0,1,1.0,4.2935,5.0,0.05,723088181.3,20.0,252,252,0,0,0,0,,,100000.0,-41900.55037517012,58099.44962482988,-78891.87278831052,-1.1937541540285146,-0.5524231381904976,-0.541596917685816,-118886.6584715451,-0.0049204515511396,1.0,True,False
21509,598,SAMMAANCAP,SAMMAANCAP,SAMMAAN CAPITAL LIMITED,INE148I01020,reversal_1d,14.417451660882499,True,True,EQ,158.39,True,20.0,1000.0,500.0,3,2.0,4.163560000000025,5.0,0.01,963280553.225,20.0,87,87,47,0,0,0,,,100000.0,-42045.647587977255,57954.352412022745,-59199.51728357536,-2.859130615401853,-0.47919405748115285,-0.4791940574811529,-61368.61487012811,-0.0101660612817814,1.0,True,False
21530,599,UNIONBANK,UNIONBANK,UNION BANK OF INDIA,INE692A01016,open_to_close,14.292265741199802,True,True,EQ,187.22,True,20.0,1000.0,500.0,2,2.0,4.948880000000009,5.0,0.01,1686478721.005,20.0,252,252,0,0,0,0,,,100000.0,-41505.59976985057,58494.40023014943,-78745.02328960829,-1.747645066289101,-0.44468736224476646,-0.4431265559577281,-75658.14830471536,-0.0041823890120695,1.0,True,False
21537,600,VEDL,VEDL,VEDANTA LIMITED,INE205A01025,gap_fade_050,14.273467195504875,True,True,EQ,272.1,True,20.0,1000.0,500.0,1,1.0,3.5842000000000453,5.0,0.05,2725791271.35,20.0,126,126,93,0,0,0,,,100000.0,-39410.35501645709,60589.64498354291,-63512.62069381112,-1.8488440013304188,-0.47500156745580935,-0.4750015674558094,-117224.98205551674,-0.0076741306471242,1.0,True,False
21540,601,VEDL,VEDL,VEDANTA LIMITED,INE205A01025,open_to_close,14.263138324243927,True,True,EQ,272.1,True,20.0,1000.0,500.0,1,1.0,3.5842000000000453,5.0,0.05,2725791271.35,20.0,251,251,0,0,0,0,,,100000.0,-40868.53876392334,59131.46123607666,-78427.10771472487,-1.5187272594684922,-0.42428902522819445,-0.4164687401607763,-118683.165802983,-0.0043530464409483,1.0,True,False
21550,602,EPL,EPL,EPL LIMITED,INE255A01020,open_to_close,14.195174351346886,True,True,EQ,247.1,True,20.0,1000.0,500.0,2,1.0,3.254200000000017,5.0,0.05,640014168.835,20.0,252,252,0,0,0,0,,,100000.0,-46502.19389451695,53497.80610548305,-80567.85268385216,-1.9705774287859117,-0.4650219389451695,-0.4637225803759048,-53561.86441499292,-0.0046131428970767,1.0,True,False
21559,603,IFCI,IFCI,IFCI LTD,INE039A01010,reversal_1d,14.163568005288383,True,True,EQ,101.38,True,20.0,1000.0,500.0,4,3.0,4.008280000000015,5.0,0.01,3490384221.1400003,20.0,99,99,54,0,0,0,,,100000.0,-43864.96644501231,56135.03355498769,-62344.5965561034,-1.884697508405045,-0.464013628899543,-0.4640136288995431,-97586.236054644,-0.0110672880960933,1.0,True,False
21567,604,MRPL,MRPL,MRPL,INE103A01014,momentum_1d,14.111303916707982,True,True,EQ,174.83,True,20.0,1000.0,500.0,2,2.0,4.609320000000018,5.0,0.01,1066722579.155,20.0,99,99,50,0,0,0,,,100000.0,-48092.65136428794,51907.34863571206,-65195.391406668175,-1.6420708540183566,-0.5223374827951829,-0.522337482795183,-84568.879890057,-0.0130900510862041,1.0,True,False
21568,605,BANDHANBNK,BANDHANBNK,BANDHAN BANK LIMITED,INE545U01014,open_to_close,14.106346058502726,True,True,EQ,164.95,True,20.0,1000.0,500.0,3,2.0,4.32980000000003,5.0,0.01,845147095.665,20.0,252,252,0,0,0,0,,,100000.0,-49198.50558378644,50801.49441621356,-81551.5394136748,-2.0010509535366303,-0.5006987051075347,-0.5006987051075347,-46721.636438335074,-0.0049382674275577,1.0,True,False
21608,606,CUPID,CUPID,CUPID LIMITED,INE509F01029,momentum_1d,13.961535283424228,True,True,EQ,283.15,True,50.0,1000.0,500.0,1,1.0,3.7163000000000115,5.0,0.05,5126613244.780001,20.0,116,116,35,0,0,0,,,100000.0,-45973.47508693683,54026.52491306317,-66157.01149353209,-1.3444365028710803,-0.5548906878809892,-0.5548906878809892,-652988.8030273927,-0.0113752170663078,1.0,True,False
21678,607,M&MFIN,M&MFIN,M&M FIN. SERVICES LTD,INE774D01024,open_to_close,13.604156337795407,True,True,EQ,373.65,True,20.0,1000.0,500.0,1,1.0,4.9073000000000455,5.0,0.05,685055156.175,20.0,252,252,0,0,0,0,,,100000.0,-43411.15308749403,56588.84691250597,-79441.61612933596,-1.4961383973493134,-0.5341277059762186,-0.5341277059762186,-89171.60936125807,-0.0046964075278399,1.0,True,False
21743,608,NTPC,NTPC,NTPC LTD,INE733E01010,open_to_close,13.24760370186746,True,True,EQ,332.5,True,20.0,1000.0,500.0,1,1.0,4.3750000000000115,5.0,0.05,2596856663.35,20.0,252,252,0,0,0,0,,,100000.0,-45707.079989613805,54292.920010386195,-80275.90092380512,-3.0597458760257807,-0.4626769026911508,-0.4626769026911508,-44468.45888828552,-0.0038575063426725,1.0,True,False
21761,609,PNB,PNB,PUNJAB NATIONAL BANK,INE160A01022,open_to_close,13.184804164600893,True,True,EQ,117.0,True,20.0,1000.0,500.0,4,3.0,4.642000000000006,5.0,0.01,1291402376.8049998,20.0,252,252,0,0,0,0,,,100000.0,-45518.852011661525,54481.147988338475,-80207.99765386642,-2.450425133678026,-0.47356660443931264,-0.4705871179870536,-52469.73245651784,-0.0041419160269758,1.0,True,False
21791,610,CANBK,CANBK,CANARA BANK,INE476A01022,open_to_close,13.056313006114692,True,True,EQ,125.5,True,20.0,1000.0,500.0,3,3.0,4.963,5.0,0.01,1538352078.0549998,20.0,252,252,0,0,0,0,,,100000.0,-45226.67502143879,54773.32497856121,-80101.80642822337,-2.224678485889684,-0.4708183928431433,-0.4708183928431433,-59975.48848969357,-0.0042538085154826,1.0,True,False
21812,611,CUPID,CUPID,CUPID LIMITED,INE509F01029,gap_fade_050,12.958395306560899,True,True,EQ,283.15,True,50.0,1000.0,500.0,1,1.0,3.7163000000000115,5.0,0.05,5126613244.780001,20.0,134,134,115,0,0,0,,,100000.0,-45764.64614539567,54235.35385460433,-68388.83388691713,-1.4265722931877147,-0.6165487999121897,-0.6165487999121897,-652779.9740858516,-0.0096063634969492,1.0,True,False
21816,612,NATIONALUM,NATIONALUM,NATIONAL ALUMINIUM CO LTD,INE139A01034,gap_fade_100,12.949305899851264,True,True,EQ,374.1,True,20.0,1000.0,500.0,1,1.0,4.908200000000045,5.0,0.05,2075946057.05,20.0,74,74,45,0,0,0,,,100000.0,-42990.32724229872,57009.67275770128,-57721.88476181743,-2.459925802560784,-0.4399178033351253,-0.4399178033351253,-146482.04225980974,-0.0129974095822853,1.0,True,False
21842,613,RAIN,RAIN,RAIN INDUSTRIES LIMITED,INE855B01025,open_to_close,12.828871260948603,True,True,EQ,215.72,True,20.0,1000.0,500.0,2,1.0,2.8614400000000058,5.0,0.01,785659370.01,20.0,252,252,0,0,0,0,,,100000.0,-54515.64698295012,45484.35301704988,-83494.05722557829,-1.3943734090127076,-0.5594500192063125,-0.5484476544380802,-78871.094491107,-0.0064357874603101,1.0,True,False
21905,614,ETERNAL,ETERNAL,ETERNAL LIMITED,INE758T01015,gap_continuation_050,12.49607502892084,True,True,EQ,322.75,True,20.0,1000.0,500.0,1,1.0,4.225499999999989,5.0,0.05,7755765299.75,20.0,128,128,64,0,0,0,,,100000.0,-50070.62358827525,49929.37641172475,-70194.69946845052,-2.9828156288807626,-0.5039927803314987,-0.5039927803314987,-52263.81070913382,-0.0086319586788374,1.0,True,False
21912,615,PETRONET,PETRONET,PETRONET LNG LIMITED,INE347G01014,open_to_close,12.484919847959016,True,True,EQ,288.1,True,20.0,1000.0,500.0,1,1.0,3.776200000000023,5.0,0.05,504148000.35,20.0,252,252,0,0,0,0,,,100000.0,-47779.66410067328,52220.33589932672,-81032.55805470141,-2.621851158458528,-0.49428203901843604,-0.4933591966840847,-50625.19255595769,-0.0043140057334102,1.0,True,False
21940,616,M&MFIN,M&MFIN,M&M FIN. SERVICES LTD,INE774D01024,gap_fade_050,12.364278631631137,True,True,EQ,373.65,True,20.0,1000.0,500.0,1,1.0,4.9073000000000455,5.0,0.05,685055156.175,20.0,101,101,64,0,0,0,,,100000.0,-43378.988451531884,56621.011548468116,-62317.54897239274,-2.625327471302118,-0.4991902457948072,-0.4991902457948072,-89139.44472529594,-0.0094255060258459,1.0,True,False
21984,617,VIYASH,VIYASH,VIYASH SCIENTIFIC LIMITED,INE807F01027,momentum_5d,12.153569657907783,True,True,EQ,265.85,True,20.0,1000.0,500.0,1,1.0,3.511699999999977,5.0,0.05,932019464.075,20.0,96,96,34,0,0,0,,,100000.0,-47428.08504896713,52571.91495103287,-64316.51107736312,-2.33641895701371,-0.47832891406140243,-0.4783289140614024,-94703.90797745711,-0.0116399596888413,1.0,True,False
21992,618,RAIN,RAIN,RAIN INDUSTRIES LIMITED,INE855B01025,reversal_5d,12.097380598248224,True,True,EQ,215.72,True,20.0,1000.0,500.0,2,1.0,2.8614400000000058,5.0,0.01,785659370.01,20.0,112,112,64,0,0,0,,,100000.0,-52217.14912567548,47782.85087432452,-69597.38697944788,-1.9142894207697567,-0.5885209345923308,-0.5885209345923308,-76572.59663383236,-0.0121952283547571,1.0,True,False
21995,619,VIYASH,VIYASH,VIYASH SCIENTIFIC LIMITED,INE807F01027,open_to_close,12.09159643034209,True,True,EQ,265.85,True,20.0,1000.0,500.0,1,1.0,3.511699999999977,5.0,0.05,932019464.075,20.0,252,252,0,0,0,0,,,100000.0,-49750.068545631766,50249.931454368234,-81754.73666701722,-1.5406243034374156,-0.5492201170307853,-0.5492201170307853,-97025.89147412176,-0.0055094142533602,1.0,True,False
22020,620,BANKINDIA,BANKINDIA,BANK OF INDIA,INE084A01016,gap_fade_050,12.014956205585854,True,True,EQ,145.0,True,20.0,1000.0,500.0,3,2.0,3.8299999999999774,5.0,0.01,754397260.855,20.0,77,77,49,0,0,0,,,100000.0,-46138.7819362494,53861.2180637506,-60541.31174458392,-3.856312285544749,-0.49212008297716636,-0.4921200829771663,-70269.60861665104,-0.0116605119549918,1.0,True,False
22025,621,IOLCP,IOLCP,IOL CHEM AND PHARMA LTD,INE485C01029,momentum_1d,11.98541563377954,True,True,EQ,199.95,True,20.0,1000.0,500.0,2,1.0,2.649900000000009,5.0,0.01,644714183.21,20.0,115,115,52,0,0,0,,,100000.0,-45759.38862159364,54240.61137840636,-65880.7491786285,-1.872549516400387,-0.5682249711625,-0.5682249711625,-144329.78870387276,-0.0100854328580832,1.0,True,False
22029,622,EDELWEISS,EDELWEISS,EDELWEISS FIN SERV LTD,INE532F01054,open_to_close,11.981697240125602,True,True,EQ,136.08,True,20.0,1000.0,500.0,3,2.0,3.604320000000027,5.0,0.01,529679119.34000003,20.0,252,252,0,0,0,0,,,100000.0,-50400.16370711658,49599.83629288342,-81990.6719529677,-1.7799857126308702,-0.5263845731595975,-0.5263845731595975,-77190.96549791825,-0.005321927761873,1.0,True,False
22033,623,HINDPETRO,HINDPETRO,HINDUSTAN PETROLEUM CORP,INE094A01015,open_to_close,11.964551313832423,True,True,EQ,356.5,True,20.0,1000.0,500.0,1,1.0,4.693000000000011,5.0,0.05,1550322480.175,20.0,252,252,0,0,0,0,,,100000.0,-52549.87627834346,47450.12372165654,-82772.41282974681,-2.616303937557769,-0.5524258249467535,-0.5524258249467535,-46331.473851649695,-0.0049240839432247,1.0,True,False
22034,624,BELRISE,BELRISE,BELRISE INDUSTRIES LTD,INE894V01022,gap_fade_050,11.963105271855893,True,True,EQ,236.86,True,20.0,1000.0,500.0,2,1.0,3.1337200000000136,5.0,0.01,837487795.4749999,20.0,112,112,76,0,0,0,,,100000.0,-45338.44458412038,54661.55541587962,-65196.73434479237,-2.355096376478361,-0.5167888042236377,-0.5167888042236377,-93729.7179705388,-0.0093780468055007,1.0,True,False
22046,625,IOC,IOC,INDIAN OIL CORP LTD,INE242A01010,open_to_close,11.919310857709469,True,True,EQ,137.6,True,20.0,1000.0,500.0,3,2.0,3.6304000000000087,5.0,0.01,1088369458.555,20.0,252,252,0,0,0,0,,,100000.0,-49704.76292682331,50295.23707317669,-81734.15140861974,-3.1111489299466224,-0.5128742636316982,-0.5128742636316982,-46578.22254234357,-0.0043004490217517,1.0,True,False
22083,626,PFC,PFC,POWER FIN CORP LTD.,INE134E01011,open_to_close,11.79288547347546,True,True,EQ,355.6,True,20.0,1000.0,500.0,1,1.0,4.691200000000012,5.0,0.05,3151134941.3,20.0,252,252,0,0,0,0,,,100000.0,-54585.16332517293,45414.83667482707,-83513.92072484396,-3.0296107527415472,-0.5458516332517294,-0.5375376901430211,-41377.84625200218,-0.0049565596320419,1.0,True,False
22089,627,CUPID,CUPID,CUPID LIMITED,INE509F01029,reversal_5d,11.765823830771774,True,True,EQ,283.15,True,50.0,1000.0,500.0,1,1.0,3.7163000000000115,5.0,0.05,5126613244.780001,20.0,149,149,122,0,0,0,,,100000.0,-52404.14226397499,47595.85773602501,-73893.82132593024,-1.4126721532641762,-0.6068534624893435,-0.6068534624893436,-659419.4702044309,-0.0103225865785102,1.0,True,False
22090,628,IFCI,IFCI,IFCI LTD,INE039A01010,open_to_close,11.761485704842174,True,True,EQ,101.38,True,20.0,1000.0,500.0,4,3.0,4.008280000000015,5.0,0.01,3490384221.1400003,20.0,252,252,0,0,0,0,,,100000.0,-52204.292307974894,47795.707692025106,-82650.35563064621,-1.465778858837226,-0.5726601166918721,-0.5699963369326627,-105925.56191760657,-0.005981765911089,1.0,True,False
22123,629,POWERGRID,POWERGRID,POWER GRID CORP. LTD.,INE752E01010,open_to_close,11.578251528672947,True,True,EQ,266.0,True,20.0,1000.0,500.0,1,1.0,3.5119999999999774,5.0,0.05,2045111029.025,20.0,252,252,0,0,0,0,,,100000.0,-52409.37206715387,47590.62793284613,-82720.30397812178,-3.2826438390805928,-0.5240937206715387,-0.5234713564055812,-44388.538733820526,-0.004556717128914,1.0,True,False
22130,630,BELRISE,BELRISE,BELRISE INDUSTRIES LTD,INE894V01022,open_to_close,11.537968930755248,True,True,EQ,236.86,True,20.0,1000.0,500.0,2,1.0,3.1337200000000136,5.0,0.01,837487795.4749999,20.0,252,252,0,0,0,0,,,100000.0,-48268.96049704121,51731.03950295879,-81212.84979270532,-1.8565545811326427,-0.48268960497041213,-0.4545720973207551,-96660.23388345962,-0.0049512725472715,1.0,True,False
22152,631,ASHOKLEY,ASHOKLEY,ASHOK LEYLAND LTD,INE208A01029,open_to_close,11.453272186415468,True,True,EQ,169.0,True,20.0,1000.0,500.0,2,2.0,4.485999999999995,5.0,0.01,2510244023.355,20.0,252,252,0,0,0,0,,,100000.0,-47788.70391638498,52211.29608361502,-81037.09921886475,-2.027653775871518,-0.499258045452023,-0.4962150188367972,-80891.94521290349,-0.0047301701299007,1.0,True,False
22154,632,BPCL,BPCL,BHARAT PETROLEUM CORP  LT,INE029A01011,open_to_close,11.429928937365725,True,True,EQ,315.7,True,20.0,1000.0,500.0,1,1.0,4.151400000000034,5.0,0.05,1504042323.325,20.0,252,252,0,0,0,0,,,100000.0,-51563.42033557292,48436.57966442708,-82412.27527955835,-2.88696455062422,-0.5243720086816799,-0.5233442196553115,-50490.15855302495,-0.0046390900341119,1.0,True,False
22158,633,POWERGRID,POWERGRID,POWER GRID CORP. LTD.,INE752E01010,gap_continuation_050,11.417534291852586,True,True,EQ,266.0,True,20.0,1000.0,500.0,1,1.0,3.5119999999999774,5.0,0.05,2045111029.025,20.0,79,79,32,0,0,0,,,100000.0,-55348.764728325325,44651.235271674675,-67574.3694209092,-4.859238794264245,-0.555760838048174,-0.555760838048174,-47327.93139499198,-0.0136927742925272,1.0,True,False
22178,634,WELSPUNLIV,WELSPUNLIV,WELSPUN LIVING LIMITED,INE192B01031,gap_fade_050,11.340067757395472,True,True,EQ,208.51,True,20.0,1000.0,500.0,2,1.0,2.7770200000000127,5.0,0.01,718406604.175,20.0,90,90,54,0,0,0,,,100000.0,-46795.43424327075,53204.56575672925,-63005.50034940952,-2.5695998644477944,-0.5206872431356862,-0.5206872431356862,-104461.88225901336,-0.0117608875635997,1.0,True,False
22224,635,ENGINERSIN,ENGINERSIN,ENGINEERS INDIA LTD,INE510A01028,open_to_close,11.13142455792431,True,True,EQ,279.45,True,20.0,1000.0,500.0,1,1.0,3.6489,5.0,0.05,643467907.135,20.0,252,252,0,0,0,0,,,100000.0,-52265.15821837232,47734.84178162768,-82670.44666735144,-1.8920041736311344,-0.548134806884297,-0.548134806884297,-78278.01667331671,-0.0054708583249827,1.0,True,False
22230,636,WELSPUNLIV,WELSPUNLIV,WELSPUN LIVING LIMITED,INE192B01031,momentum_5d,11.105189224921501,True,True,EQ,208.51,True,20.0,1000.0,500.0,2,1.0,2.7770200000000127,5.0,0.01,718406604.175,20.0,87,87,34,0,0,0,,,100000.0,-47493.763014049415,52506.236985950585,-63051.38091806718,-2.6583469367968773,-0.5162992464627213,-0.5162992464627212,-105160.21102979204,-0.0122485111267839,1.0,True,False
22247,637,MRPL,MRPL,MRPL,INE103A01014,open_to_close,11.03309370352008,True,True,EQ,174.83,True,20.0,1000.0,500.0,2,2.0,4.609320000000018,5.0,0.01,1066722579.155,20.0,252,252,0,0,0,0,,,100000.0,-56932.56051749421,43067.43948250579,-84374.292649638,-1.531806620363675,-0.6000713651211739,-0.600071365121174,-93408.78904326328,-0.0066233352126303,1.0,True,False
22260,638,BANDHANBNK,BANDHANBNK,BANDHAN BANK LIMITED,INE545U01014,gap_fade_050,11.003346554288548,True,True,EQ,164.95,True,20.0,1000.0,500.0,3,2.0,4.32980000000003,5.0,0.01,845147095.665,20.0,85,85,49,0,0,0,,,100000.0,-55595.08675688304,44404.91324311696,-68521.15668241677,-3.9033884859486494,-0.5609206526731493,-0.5609206526731494,-53118.21761143168,-0.0137480003862994,1.0,True,False
22278,639,CGCL,CGCL,CAPRI GLOBAL CAPITAL LTD,INE180C01042,open_to_close,10.905222277309536,True,True,EQ,279.9,True,20.0,1000.0,500.0,1,1.0,3.6498,5.0,0.05,929393790.7750001,20.0,252,252,0,0,0,0,,,100000.0,-49580.1430304813,50419.8569695187,-81690.52849889726,-2.073433469786065,-0.5318384584835498,-0.5318384584835498,-79737.52286884836,-0.0049267729210638,1.0,True,False
22305,640,WIPRO,WIPRO,WIPRO LTD,INE075A01022,open_to_close,10.751528672946622,True,True,EQ,176.4,True,20.0,1000.0,500.0,2,2.0,4.655600000000039,5.0,0.01,1251249582.315,20.0,252,252,0,0,0,0,,,100000.0,-61541.67597645795,38458.32402354205,-86048.09164322277,-4.389280893354481,-0.6231735772893857,-0.6231735772893857,-32970.24740502931,-0.0053530997253883,1.0,True,False
22324,641,PPLPHARMA,PPLPHARMA,PIRAMAL PHARMA LIMITED,INE0DK501011,open_to_close,10.643901834407536,True,True,EQ,214.22,True,20.0,1000.0,500.0,2,1.0,2.848440000000015,5.0,0.01,639401063.4000001,20.0,252,252,0,0,0,0,,,100000.0,-53333.27370248708,46666.72629751292,-83059.03820732851,-2.173664171903899,-0.620399947342674,-0.6203999473426739,-64012.435434632665,-0.0053594874995592,1.0,True,False
22340,642,REDINGTON,REDINGTON,REDINGTON LIMITED,INE891D01026,open_to_close,10.58275491654272,True,True,EQ,371.3,True,20.0,1000.0,500.0,1,1.0,4.902599999999989,5.0,0.05,1285574404.2,20.0,252,252,0,0,0,0,,,100000.0,-54750.58417913133,45249.41582086867,-83578.19601442065,-1.5688398023132877,-0.6691005341453324,-0.6691005341453324,-101846.82879230626,-0.0062397504535897,1.0,True,False
22363,643,MARKSANS,MARKSANS,MARKSANS PHARMA LIMITED,INE750C01026,momentum_5d,10.4866964138159,True,True,EQ,326.75,True,20.0,1000.0,500.0,1,1.0,4.2935,5.0,0.05,723088181.3,20.0,71,71,22,0,0,0,,,100000.0,-47387.76841840501,52612.23158159499,-60523.20874264738,-3.0359332769887284,-0.5350214043375765,-0.5350214043375764,-124373.87651478,-0.0142372012094535,1.0,True,False
22410,644,INDUSTOWER,INDUSTOWER,INDUS TOWERS LIMITED,INE121J01017,open_to_close,10.33940670963477,True,True,EQ,376.8,True,20.0,1000.0,500.0,1,1.0,4.9636,5.0,0.05,1780856495.225,20.0,252,252,0,0,0,0,,,100000.0,-51140.30754559343,48859.69245440657,-82257.97506135423,-2.885173691993164,-0.5212665836724566,-0.5212665836724566,-62906.74378621706,-0.0045864496427111,1.0,True,False
22460,645,TMPV,TMPV,TATA MOTORS PASS VEH LTD,INE155A01022,open_to_close,10.176417121137003,True,True,EQ,311.5,True,20.0,1000.0,500.0,1,1.0,4.093000000000023,5.0,0.05,2618626895.5,20.0,251,251,0,0,0,0,,,100000.0,-62964.27795001199,37035.72204998801,-86512.86159927933,-3.705774912015555,-0.6300772918874267,-0.6235998771347124,-38365.70354675339,-0.0058444468203088,1.0,True,False
22474,646,ITC,ITC,ITC LTD,INE154A01025,open_to_close,10.110105767641711,True,True,EQ,264.1,True,20.0,1000.0,500.0,1,1.0,3.458199999999966,5.0,0.05,3504678210.3999996,20.0,252,252,0,0,0,0,,,100000.0,-65603.46780207477,34396.53219792523,-87527.02773834114,-5.524373120986964,-0.6560346780207478,-0.6527513062358086,-31357.562155533557,-0.0056346280592353,1.0,True,False
22498,647,JSWINFRA,JSWINFRA,JSW INFRASTRUCTURE LTD,INE880J01026,open_to_close,10.026235333002811,True,True,EQ,333.0,True,20.0,1000.0,500.0,1,1.0,4.376000000000012,5.0,0.05,687390417.0250001,20.0,252,252,0,0,0,0,,,100000.0,-53713.15124085335,46286.84875914665,-83196.36123145698,-2.747096540968538,-0.5610037848672578,-0.5537619585543647,-61805.26702527685,-0.004999147185979,1.0,True,False
22524,648,TATASTEEL,TATASTEEL,TATA STEEL LIMITED,INE081A01020,open_to_close,9.931209717402083,True,True,EQ,188.79,True,20.0,1000.0,500.0,2,2.0,4.975159999999991,5.0,0.01,4678339405.950001,20.0,252,252,0,0,0,0,,,100000.0,-50531.631422435945,49468.368577564055,-82035.89814582383,-2.9525582319772083,-0.523631123661167,-0.523631123661167,-67846.20782135593,-0.0044763399830546,1.0,True,False
22603,649,RECLTD,RECLTD,REC LIMITED,INE020B01018,open_to_close,9.607089737233515,True,True,EQ,318.7,True,20.0,1000.0,500.0,1,1.0,4.157400000000035,5.0,0.05,1931316464.5,20.0,252,252,0,0,0,0,,,100000.0,-60997.56173615403,39002.43826384597,-85850.26802192001,-3.7718152626975674,-0.6099756173615403,-0.6074460532940331,-44936.87641049343,-0.0055004067137142,1.0,True,False
22606,650,VMM,VMM,VISHAL MEGA MART LIMITED,INE01EA01019,open_to_close,9.602338456453479,True,True,EQ,106.14,True,20.0,1000.0,500.0,4,3.0,4.186840000000007,5.0,0.01,1043042671.1299999,20.0,252,252,0,0,0,0,,,100000.0,-65756.49714982341,34243.50285017659,-87583.60886055647,-3.84679850871272,-0.6607020495185106,-0.6607020495185105,-39121.07836033909,-0.0062011427230322,1.0,True,False
22663,651,SCI,SCI,SHIPPING CORP OF INDIA LT,INE109A01011,open_to_close,9.38873739877706,True,True,EQ,295.35,True,20.0,1000.0,500.0,1,1.0,3.8907000000000456,5.0,0.05,569615929.125,20.0,252,252,0,0,0,0,,,100000.0,-57127.10948393832,42872.89051606168,-84442.8913571597,-1.99343614223148,-0.5764376303252734,-0.5764376303252734,-93992.60655996174,-0.0060897210367802,1.0,True,False
22696,652,RVNL,RVNL,RAIL VIKAS NIGAM LIMITED,INE415G01027,open_to_close,9.236076681540242,True,True,EQ,212.49,True,20.0,1000.0,500.0,2,1.0,2.824980000000005,5.0,0.01,790215108.33,20.0,252,252,0,0,0,0,,,100000.0,-70256.03084958023,29743.96915041977,-89221.39890640594,-4.11159450076404,-0.7037245982985052,-0.7037245982985052,-36159.92100976335,-0.0068648384661062,1.0,True,False
22700,653,SWIGGY,SWIGGY,SWIGGY LIMITED,INE00H001014,open_to_close,9.211700545364403,True,True,EQ,276.1,True,20.0,1000.0,500.0,1,1.0,3.6422,5.0,0.05,3023414109.25,20.0,252,252,0,0,0,0,,,100000.0,-70424.36908835445,29575.630911645552,-89283.6417079426,-3.2402923232052867,-0.7268553867477774,-0.7268553867477774,-39914.23972540586,-0.0073531777137418,1.0,True,False
22707,654,ONGC,ONGC,OIL AND NATURAL GAS CORP.,INE213A01029,open_to_close,9.200958519253017,True,True,EQ,234.65,True,20.0,1000.0,500.0,2,1.0,3.1093000000000033,5.0,0.01,2775082213.085,20.0,252,252,0,0,0,0,,,100000.0,-57180.41783921332,42819.58216078668,-84459.29078866834,-3.710486563572944,-0.5726264667093506,-0.5726264667093506,-54683.99016837179,-0.0049950057088911,1.0,True,False
22712,655,MOREPENLAB,MOREPENLAB,MOREPEN LAB. LTD,INE083A01026,gap_fade_050,9.186704676912909,True,True,EQ,113.74,True,20.0,1000.0,500.0,4,3.0,4.502440000000029,5.0,0.01,2521047229.6800003,20.0,109,109,78,0,0,0,,,100000.0,-54005.629619993975,45994.370380006025,-70383.92362955735,-2.355596206842275,-0.5748841038309997,-0.5748841038309996,-151837.05351524806,-0.0122092373684473,1.0,True,False
22718,656,TIMETECHNO,TIMETECHNO,TIME TECHNOPLAST LTD.,INE508G01029,open_to_close,9.160262766484879,True,True,EQ,188.49,True,20.0,1000.0,500.0,2,2.0,4.973959999999991,5.0,0.01,603376241.075,20.0,251,251,0,0,0,0,,,100000.0,-64364.76258018064,35635.23741981936,-87025.82045262703,-3.0551595733961348,-0.6566221397887145,-0.6566221397887146,-49029.90018719829,-0.0064114502431245,1.0,True,False
22787,657,JIOFIN,JIOFIN,JIO FIN SERVICES LTD,INE758E01017,open_to_close,8.902867294662041,True,True,EQ,239.5,True,20.0,1000.0,500.0,2,1.0,3.1689999999999863,5.0,0.01,2367567909.325,20.0,252,252,0,0,0,0,,,100000.0,-67529.10470455268,32470.89529544732,-88228.32587493115,-4.974712385046035,-0.6752910470455267,-0.6722581096244512,-39397.501927613484,-0.0060818886492577,1.0,True,False
22825,658,VIYASH,VIYASH,VIYASH SCIENTIFIC LIMITED,INE807F01027,momentum_1d,8.795447033548173,True,True,EQ,265.85,True,20.0,1000.0,500.0,1,1.0,3.511699999999977,5.0,0.05,932019464.075,20.0,100,100,45,0,0,0,,,100000.0,-53978.61115973152,46021.38884026848,-69275.62170269256,-3.025831489348808,-0.5899203455727464,-0.5899203455727464,-101254.43408822152,-0.0121998213807776,1.0,True,False
22939,659,AWL,AWL,AWL AGRI BUSINESS LIMITED,INE699H01024,open_to_close,8.357709469509173,True,True,EQ,187.29,True,20.0,1000.0,500.0,2,2.0,4.949160000000009,5.0,0.01,561855120.3199999,20.0,252,252,0,0,0,0,,,100000.0,-68329.07349628395,31670.92650371605,-88520.13056176694,-4.011430063293756,-0.6966119045813798,-0.6966119045813798,-45285.34396440173,-0.0065617546530433,1.0,True,False
22956,660,PATANJALI,PATANJALI,PATANJALI FOODS LIMITED,INE619A01035,open_to_close,8.24388530821352,True,True,EQ,342.5,True,20.0,1000.0,500.0,1,1.0,4.5149999999999775,5.0,0.05,720843981.5999999,20.0,251,251,0,0,0,0,,,100000.0,-76220.89645320702,23779.103546792976,-91355.89576611192,-5.748942397559229,-0.7637199639995185,-0.7637199639995185,-34765.53040152976,-0.0074954026252076,1.0,True,False
22960,661,RATNAVEER,RATNAVEER,RATNAVEER PRECISION ENG L,INE05CZ01011,open_to_close,8.225086762518591,True,True,EQ,304.75,True,20.0,1000.0,500.0,1,1.0,3.9795000000000003,5.0,0.05,2083492621.38,20.0,252,252,0,0,0,0,,,100000.0,-60323.6550980801,39676.3449019199,-85608.98987255563,-1.793415769294523,-0.7117969635125556,-0.7099745551208445,-157074.38901854985,-0.0068274511556746,1.0,True,False
23088,662,SAMMAANCAP,SAMMAANCAP,SAMMAAN CAPITAL LIMITED,INE148I01020,open_to_close,7.654313336638571,True,True,EQ,158.39,True,20.0,1000.0,500.0,3,2.0,4.163560000000025,5.0,0.01,963280553.225,20.0,252,252,0,0,0,0,,,100000.0,-61864.17861444916,38135.82138555084,-86167.99826975966,-2.4587963569088056,-0.691436461557998,-0.691436461557998,-81187.14589660002,-0.0064034439358152,1.0,True,False
23097,663,CROMPTON,CROMPTON,CROMPT GREA CON ELEC LTD,INE299U01018,open_to_close,7.6227069905800695,True,True,EQ,232.4,True,20.0,1000.0,500.0,2,1.0,3.074799999999993,5.0,0.01,847721314.9200001,20.0,252,252,0,0,0,0,,,100000.0,-72718.80586891972,27281.19413108028,-90117.14686491282,-4.704581318071477,-0.7271880586891972,-0.7253483337663627,-44919.10935905641,-0.0070927721810452,1.0,True,False
23145,664,IFCI,IFCI,IFCI LTD,INE039A01010,gap_fade_050,7.404148074698398,True,True,EQ,101.38,True,20.0,1000.0,500.0,4,3.0,4.008280000000015,5.0,0.01,3490384221.1400003,20.0,108,108,75,0,0,0,,,100000.0,-61565.75077080891,38434.24922919109,-75171.56454721792,-2.72594795047469,-0.6440120871131251,-0.6440120871131251,-115287.0203804406,-0.0142457697802821,1.0,True,False
23185,665,HAPPSTMNDS,HAPPSTMNDS,HAPPIEST MINDS TECHNO LTD,INE419U01012,open_to_close,7.258097835068584,True,True,EQ,354.0,True,20.0,1000.0,500.0,1,1.0,4.638,5.0,0.05,753218049.925,20.0,252,252,0,0,0,0,,,100000.0,-75973.08362629163,24026.916373708373,-91301.29850603388,-3.901134975789895,-0.7699712370416831,-0.7699712370416831,-47316.77261703953,-0.0081364693872773,1.0,True,False
23493,666,SHANTIGOLD,SHANTIGOLD,SHANTI GOLD INTERNATION L,INE06ZD01017,open_to_close,5.710419765328045,True,True,EQ,256.34,True,20.0,1000.0,500.0,1,1.0,3.392680000000002,5.0,0.01,581797494.775,20.0,252,252,0,0,0,0,,,100000.0,-75279.46186008072,24720.538139919285,-91050.18886407308,-3.098632516530725,-0.771166990577668,-0.7644619008857501,-72532.42628695827,-0.0084769477512553,1.0,True,False
23615,667,NATIONALUM,NATIONALUM,NATIONAL ALUMINIUM CO LTD,INE139A01034,gap_fade_050,5.0126012229383585,True,True,EQ,374.1,True,20.0,1000.0,500.0,1,1.0,4.908200000000045,5.0,0.05,2075946057.05,20.0,138,138,86,0,0,0,,,100000.0,-67553.07389174541,32446.926108254585,-81425.45712096474,-3.696849170072918,-0.6755307389174541,-0.6755307389174541,-171044.78890925643,-0.0119244608325161,1.0,True,False
